Time (s),PRESSURE_FORCE_X,PRESSURE_FORCE_Y,PRESSURE_FORCE_Z,TOTAL_FORCE_X,TOTAL_FORCE_Y,TOTAL_FORCE_Z,VISCOUS_FORCE_X,VISCOUS_FORCE_Y,VISCOUS_FORCE_Z
"                   1",4.108548522039e+01,1.298277592067e+00,-6.522358307593e-05,4.260668958673e+01,1.298489323517e+00,-6.477003573364e-05,1.521204366339e+00,2.117314494972e-04,4.535473422908e-07
"                   2",2.620075651588e+01,5.371904069918e+00,-4.469276858147e-05,2.742144588536e+01,5.379188669475e+00,-4.109010472519e-05,1.220689369482e+00,7.284599556905e-03,3.602663856275e-06
"                   3",-7.762113756281e+00,8.779913112726e+00,-9.643288753133e-06,-6.737787885503e+00,8.801531194235e+00,-4.840532414324e-06,1.024325870778e+00,2.161808150909e-02,4.802756338809e-06
"                   4",-2.343022925524e+01,7.613173477742e+00,1.372843519727e-05,-2.253211740083e+01,7.625099126611e+00,1.733388148561e-05,8.981118544192e-01,1.192564886899e-02,3.605446288337e-06
"                   5",-1.237595509102e+01,2.576814780343e+00,1.265385966559e-05,-1.154119228268e+01,2.566631735269e+00,1.337432793441e-05,8.347628083339e-01,-1.018304507492e-02,7.204682688282e-07
"                   6",6.176754780066e+00,-7.772333972904e-01,5.172861727313e-07,6.965546595732e+00,-7.904793201659e-01,-1.415781497933e-06,7.887918156663e-01,-1.324592287549e-02,-1.933067670664e-06
"                   7",1.306295057566e+01,1.175323005857e+00,-7.583758119159e-06,1.378869601030e+01,1.168179324160e+00,-8.921776882204e-06,7.257454346394e-01,-7.143681696379e-03,-1.338018763045e-06
"                   8",6.058484939784e+00,5.586758050040e+00,-8.578050971872e-06,6.713983145431e+00,5.583015019489e+00,-8.012911862364e-06,6.554982056465e-01,-3.743030550898e-03,5.651391095087e-07
"                   9",-3.696463441882e+00,7.874287444647e+00,-6.504489097939e-06,-3.118517327730e+00,7.874905592848e+00,-5.829020062879e-06,5.779461141523e-01,6.181482006858e-04,6.754690350602e-07
"                  10",-6.520619402064e+00,6.118062978766e+00,-5.413888525912e-06,-6.016301406751e+00,6.118101975167e+00,-6.302711962572e-06,5.043179953133e-01,3.899640064230e-05,-8.888234366599e-07
"                  11",-2.302005592894e+00,2.833149014993e+00,-6.231288741487e-06,-1.854748519419e+00,2.831564279076e+00,-8.529388305856e-06,4.472570734747e-01,-1.584735916272e-03,-2.298099564369e-06
"                  12",2.823194406760e+00,1.534061597502e+00,-7.277479006088e-06,3.236757193150e+00,1.531848058315e+00,-9.665920118081e-06,4.135627863892e-01,-2.213539187367e-03,-2.388441111992e-06
"                  13",3.982364776579e+00,3.024989318278e+00,-7.292618420871e-06,4.376202713222e+00,3.022367150540e+00,-9.106610316877e-06,3.938379366427e-01,-2.622167737660e-03,-1.813991896006e-06
"                  14",1.438743924128e+00,5.336116294897e+00,-6.430499913058e-06,1.812906975311e+00,5.334094175661e+00,-7.941381582707e-06,3.741630511825e-01,-2.022119235982e-03,-1.510881669649e-06
"                  15",-1.404832535634e+00,6.147217245393e+00,-5.735073159147e-06,-1.052760694078e+00,6.146192968818e+00,-7.559869947254e-06,3.520718415559e-01,-1.024276574764e-03,-1.824796788108e-06
"                  16",-1.975383351775e+00,5.096252613865e+00,-5.819821772381e-06,-1.643261342893e+00,5.095276913791e+00,-7.997529976619e-06,3.321220088818e-01,-9.757000742750e-04,-2.177708204237e-06
"                  17",-5.092177260852e-01,3.608665222310e+00,-6.465611157604e-06,-1.909751303504e-01,3.606478342608e+00,-8.651139128105e-06,3.182425957348e-01,-2.186879701660e-03,-2.185527970500e-06
"                  18",1.095272590203e+00,3.276752027113e+00,-6.972126011690e-06,1.404350754027e+00,3.273578108309e+00,-9.081645431994e-06,3.090781638242e-01,-3.173918804019e-03,-2.109519420304e-06
"                  19",1.421548174843e+00,4.244036599813e+00,-6.993523920719e-06,1.723926684003e+00,4.240487099760e+00,-9.138132808103e-06,3.023785091606e-01,-3.549500052385e-03,-2.144608887384e-06
"                  20",5.666769348367e-01,5.249066934887e+00,-6.703891978546e-06,8.610325700136e-01,5.245449687166e+00,-9.265425069895e-06,2.943556351768e-01,-3.617247720848e-03,-2.561533091349e-06
"                  21",-3.914106908153e-01,5.378297584318e+00,-6.450810445060e-06,-1.065092579614e-01,5.374611695900e+00,-9.365403738204e-06,2.849014328539e-01,-3.685888418109e-03,-2.914593293144e-06
"                  22",-6.157983377920e-01,4.765000404422e+00,-6.407976743139e-06,-3.385544686085e-01,4.761537022984e+00,-9.090603197627e-06,2.772438691835e-01,-3.463381438368e-03,-2.682626454488e-06
"                  23",-1.324813031346e-01,4.275487258467e+00,-6.525876896699e-06,1.397454035125e-01,4.272119023911e+00,-8.399150243700e-06,2.722267066471e-01,-3.368234555817e-03,-1.873273347001e-06
"                  24",4.444613892961e-01,4.327637064243e+00,-6.632130754830e-06,7.131595251707e-01,4.324430324534e+00,-7.772553987277e-06,2.686981358746e-01,-3.206739709106e-03,-1.140423232447e-06
"                  25",6.071881723669e-01,4.791421932321e+00,-6.623258356341e-06,8.716781031772e-01,4.788452969174e+00,-7.602009515610e-06,2.644899308102e-01,-2.968963147260e-03,-9.787511592687e-07
"                  26",3.262889324128e-01,5.123342657818e+00,-6.537044129398e-06,5.854893474361e-01,5.120537680006e+00,-7.867579722821e-06,2.592004150233e-01,-2.804977812879e-03,-1.330535593423e-06
"                  27",-3.444463987493e-02,5.019556992356e+00,-6.485421010003e-06,2.186852121195e-01,5.016871561457e+00,-8.368839141649e-06,2.531298519944e-01,-2.685430898810e-03,-1.883418131647e-06
"                  28",-1.449567932839e-01,4.782543121812e+00,-6.493358242863e-06,1.031457740091e-01,4.780014532401e+00,-8.522879677356e-06,2.481025672930e-01,-2.528589411168e-03,-2.029521434494e-06
"                  29",2.089988813890e-02,4.667329266486e+00,-6.535065292254e-06,2.655909451906e-01,4.664931576687e+00,-8.376513828287e-06,2.446910570517e-01,-2.397689799031e-03,-1.841448536034e-06
"                  30",2.461455363212e-01,4.835273920921e+00,-6.556812511730e-06,4.882317621177e-01,4.832884937482e+00,-8.280016479666e-06,2.420862257964e-01,-2.388983438563e-03,-1.723203967936e-06
"                  31",3.175762052789e-01,5.056574307122e+00,-6.553452999545e-06,5.565684042257e-01,5.054181495385e+00,-8.677613798026e-06,2.389921989468e-01,-2.392811736602e-03,-2.124160798482e-06
"                  32",2.199372840282e-01,5.166761636807e+00,-6.539760146218e-06,4.553032695130e-01,5.164479500584e+00,-9.181948875852e-06,2.353659854849e-01,-2.282136222376e-03,-2.642188729634e-06
"                  33",9.076697600308e-02,5.138649010360e+00,-6.544881856941e-06,3.224308742768e-01,5.136462344311e+00,-9.430347085088e-06,2.316638982737e-01,-2.186666048933e-03,-2.885465228147e-06
"                  34",4.379112685709e-02,5.063765497550e+00,-6.566060131507e-06,2.721784034627e-01,5.061631639384e+00,-9.193243150923e-06,2.283872766056e-01,-2.133858165660e-03,-2.627183019415e-06
"                  35",8.781107712996e-02,5.038940149196e+00,-6.584198976306e-06,3.135959410249e-01,5.036864309908e+00,-8.740010937421e-06,2.257848638949e-01,-2.075839288747e-03,-2.155811961115e-06
"                  36",1.566713903413e-01,5.107957880120e+00,-6.584019393660e-06,3.799920376563e-01,5.105981248359e+00,-8.507248370779e-06,2.233206473150e-01,-1.976631760850e-03,-1.923228977119e-06
"                  37",1.869852438361e-01,5.176664938951e+00,-6.573038314272e-06,4.076406910805e-01,5.174847259982e+00,-8.620404526228e-06,2.206554472445e-01,-1.817678969074e-03,-2.047366211956e-06
"                  38",1.636414851617e-01,5.243582664211e+00,-6.559944603380e-06,3.817336580229e-01,5.241922811557e+00,-8.896368356897e-06,2.180921728611e-01,-1.659852653665e-03,-2.336423753517e-06
"                  39",1.242966172479e-01,5.280823585531e+00,-6.556174319797e-06,3.399674173808e-01,5.279261111443e+00,-9.360692786610e-06,2.156708001329e-01,-1.562474088751e-03,-2.804518466813e-06
"                  40",1.066690401606e-01,5.314529616296e+00,-6.561583507478e-06,3.201176122501e-01,5.313031696572e+00,-9.560231489124e-06,2.134485720895e-01,-1.497919723902e-03,-2.998647981647e-06
"                  41",1.203797224026e-01,5.348044892146e+00,-6.565524092138e-06,3.319963287650e-01,5.346637680118e+00,-9.399329758552e-06,2.116166063623e-01,-1.407212027366e-03,-2.833805666414e-06
"                  42",1.418461072031e-01,5.410120924662e+00,-6.556677697440e-06,3.518790924511e-01,5.408854875896e+00,-9.096529878891e-06,2.100329852480e-01,-1.266048766368e-03,-2.539852181451e-06
"                  43",1.522936400474e-01,5.472229804907e+00,-6.544158551418e-06,3.606286978324e-01,5.471061870147e+00,-8.924462078070e-06,2.083350577850e-01,-1.167934759417e-03,-2.380303526652e-06
"                  44",1.460611049162e-01,5.506876606601e+00,-6.537084390534e-06,3.527720849711e-01,5.505767079304e+00,-8.682669047655e-06,2.067109800548e-01,-1.109527296610e-03,-2.145584657122e-06
"                  45",1.324957918751e-01,5.501626150301e+00,-6.534311738453e-06,3.377078338972e-01,5.500557211359e+00,-8.297771826419e-06,2.052120420221e-01,-1.068938942269e-03,-1.763460087966e-06
"                  46",1.222405105717e-01,5.489626567420e+00,-6.532562999809e-06,3.259804811058e-01,5.488569106228e+00,-7.884489794384e-06,2.037399705341e-01,-1.057461192561e-03,-1.351926794575e-06
"                  47",1.198784588196e-01,5.513691616905e+00,-6.528027726789e-06,3.225686140225e-01,5.512679260653e+00,-7.692891783490e-06,2.026901552029e-01,-1.012356251907e-03,-1.164864056701e-06
"                  48",1.257065958788e-01,5.557906813488e+00,-6.520737219623e-06,3.277393127054e-01,5.556940733307e+00,-7.777511703120e-06,2.020327168266e-01,-9.660801802832e-04,-1.256774483497e-06
"                  49",1.321925048006e-01,5.600158380795e+00,-6.511949727338e-06,3.336809314049e-01,5.599255276401e+00,-7.963250893984e-06,2.014884266043e-01,-9.031043943481e-04,-1.451301166646e-06
"                  50",1.340630314300e-01,5.643139507303e+00,-6.505415850151e-06,3.349691863553e-01,5.642347166146e+00,-7.996133102083e-06,2.009061549252e-01,-7.923411570181e-04,-1.490717251932e-06
"                  51",1.306283870134e-01,5.683384569428e+00,-6.503497255168e-06,3.310678985686e-01,5.682718449115e+00,-7.973871896217e-06,2.004395115553e-01,-6.661203127138e-04,-1.470374641049e-06
"                  52",1.248190829811e-01,5.695506284501e+00,-6.505129148433e-06,3.250226227421e-01,5.694921396240e+00,-7.903631805172e-06,2.002035397610e-01,-5.848882611013e-04,-1.398502656738e-06
"                  53",1.202857490602e-01,5.703430419798e+00,-6.511511450448e-06,3.206712820036e-01,5.702899644734e+00,-7.869555062998e-06,2.003855329435e-01,-5.307750638922e-04,-1.358043612550e-06
"                  54",1.191694486664e-01,5.717598752006e+00,-6.515095461412e-06,3.200085226641e-01,5.717105274166e+00,-7.777657673501e-06,2.008390739978e-01,-4.934778399021e-04,-1.262562212089e-06
"                  55",1.212737510463e-01,5.748900756988e+00,-6.512524200536e-06,3.226882405679e-01,5.748437938239e+00,-7.722589067645e-06,2.014144895216e-01,-4.628187483901e-04,-1.210064867109e-06
"                  56",1.227144667178e-01,5.793885292068e+00,-6.503465809214e-06,3.248278736682e-01,5.793462320596e+00,-7.651946209292e-06,2.021134069504e-01,-4.229714713479e-04,-1.148480400077e-06
"                  57",1.207354140251e-01,5.838755538627e+00,-6.490519290454e-06,3.237769945734e-01,5.838420079507e+00,-7.532689493190e-06,2.030415805483e-01,-3.354591196603e-04,-1.042170202736e-06
"                  58",1.183140544257e-01,5.864737286978e+00,-6.479478045913e-06,3.225896584899e-01,5.864503515053e+00,-7.385295942705e-06,2.042756040643e-01,-2.337719248324e-04,-9.058178967923e-07
"                  59",1.176829091964e-01,5.875945080741e+00,-6.473533147687e-06,3.235770484407e-01,5.875793270342e+00,-7.545765312117e-06,2.058941392443e-01,-1.518103984856e-04,-1.072232164430e-06
"                  60",1.204557670791e-01,5.887260671437e+00,-6.469357858506e-06,3.283150978874e-01,5.887182306525e+00,-7.967620979205e-06,2.078593308083e-01,-7.836491234226e-05,-1.498263120699e-06
"                  61",1.236530654975e-01,5.906638919808e+00,-6.462219709676e-06,3.335608632924e-01,5.906644576983e+00,-8.278656834707e-06,2.099077977949e-01,5.657175062727e-06,-1.816437125031e-06
"                  62",1.254118897375e-01,5.928609683761e+00,-6.453083748834e-06,3.373813586678e-01,5.928697029370e+00,-8.444807442636e-06,2.119694689303e-01,8.734560931717e-05,-1.991723693803e-06
"                  63",1.237085192620e-01,5.948917941625e+00,-6.443315754060e-06,3.377547664633e-01,5.949087712948e+00,-8.700856996319e-06,2.140462472014e-01,1.697713231344e-04,-2.257541242259e-06
"                  64",1.198691888401e-01,5.969395106937e+00,-6.435199473252e-06,3.360088054788e-01,5.969633124585e+00,-8.933372408834e-06,2.161396166387e-01,2.380176478046e-04,-2.498172935582e-06
"                  65",1.166174383469e-01,5.995157471010e+00,-6.428651594885e-06,3.348440604122e-01,5.995453107235e+00,-8.964040888343e-06,2.182266220654e-01,2.956362252688e-04,-2.535389293459e-06
"                  66",1.159863842112e-01,6.027359055141e+00,-6.424497270215e-06,3.361914874219e-01,6.027713974756e+00,-8.743109658014e-06,2.202051032107e-01,3.549196154349e-04,-2.318612387799e-06
"                  67",1.178864911195e-01,6.054391995848e+00,-6.421382165151e-06,3.400389566699e-01,6.054798956423e+00,-8.603238522221e-06,2.221524655504e-01,4.069605753555e-04,-2.181856357070e-06
"                  68",1.207434430825e-01,6.068035106084e+00,-6.418192539474e-06,3.447975634160e-01,6.068487220529e+00,-8.633741149663e-06,2.240541203336e-01,4.521144451843e-04,-2.215548610189e-06
"                  69",1.232095072052e-01,6.069239651176e+00,-6.415897284819e-06,3.491263413014e-01,6.069755449578e+00,-8.777421321251e-06,2.259168340962e-01,5.157984018408e-04,-2.361524036432e-06
"                  70",1.240069996646e-01,6.076716255736e+00,-6.418360128995e-06,3.517120400722e-01,6.077300454473e+00,-8.845776361710e-06,2.277050404076e-01,5.841987373254e-04,-2.427416232716e-06
"                  71",1.231985071636e-01,6.100346656130e+00,-6.426288679622e-06,3.526761359977e-01,6.101000995094e+00,-8.913731101550e-06,2.294776288342e-01,6.543389632799e-04,-2.487442421928e-06
"                  72",1.216627742822e-01,6.127599559976e+00,-6.434853906414e-06,3.529962494412e-01,6.128312415203e+00,-9.056706419984e-06,2.313334751590e-01,7.128552275420e-04,-2.621852513570e-06
"                  73",1.205813657683e-01,6.151521960695e+00,-6.445737347839e-06,3.538339306734e-01,6.152280950526e+00,-9.288203610430e-06,2.332525649050e-01,7.589898309905e-04,-2.842466262591e-06
"                  74",1.205807024019e-01,6.173636392848e+00,-6.452644629658e-06,3.558115893631e-01,6.174445936070e+00,-9.461082953594e-06,2.352308869613e-01,8.095432218812e-04,-3.008438323936e-06
"                  75",1.214374331539e-01,6.193264088441e+00,-6.455961656708e-06,3.587359460754e-01,6.194124258823e+00,-9.737162405503e-06,2.372985129215e-01,8.601703825493e-04,-3.281200748795e-06
"                  76",1.223212907546e-01,6.208362383963e+00,-6.455947007871e-06,3.617398945277e-01,6.209250316633e+00,-1.007123460498e-05,2.394186037731e-01,8.879326703127e-04,-3.615287597112e-06
"                  77",1.229741753566e-01,6.217737354116e+00,-6.452628776405e-06,3.645061331621e-01,6.218637500351e+00,-1.034400836126e-05,2.415319578055e-01,9.001462351096e-04,-3.891379584852e-06
"                  78",1.232995997355e-01,6.226368401551e+00,-6.446527213057e-06,3.669413868154e-01,6.227292845194e+00,-1.042238813993e-05,2.436417870799e-01,9.244436435469e-04,-3.975860926875e-06
"                  79",1.235163276497e-01,6.241039110131e+00,-6.441531473155e-06,3.692764131553e-01,6.241998508381e+00,-1.047626376778e-05,2.457600855055e-01,9.593982491501e-04,-4.034732294622e-06
"                  80",1.240033034071e-01,6.258247104427e+00,-6.435763445750e-06,3.719033069361e-01,6.259245616479e+00,-1.050079463845e-05,2.479000035289e-01,9.985120514717e-04,-4.065031192697e-06
"                  81",1.245921530060e-01,6.272923672385e+00,-6.425156878636e-06,3.746967807427e-01,6.273956829423e+00,-1.049308532273e-05,2.501046277368e-01,1.033157038755e-03,-4.067928444095e-06
"                  82",1.250112122387e-01,6.285680329296e+00,-6.416673152894e-06,3.773888334349e-01,6.286736687232e+00,-1.040988103031e-05,2.523776211963e-01,1.056357936501e-03,-3.993207877413e-06
"                  83",1.252752941146e-01,6.297089651484e+00,-6.415302609668e-06,3.799757799597e-01,6.298159608004e+00,-1.044918267604e-05,2.547004858451e-01,1.069956520383e-03,-4.033880066376e-06
"                  84",1.255951280746e-01,6.306182616662e+00,-6.419695419204e-06,3.826336478362e-01,6.307263784366e+00,-1.052892227914e-05,2.570385197616e-01,1.081167704814e-03,-4.109226859934e-06
"                  85",1.259405483248e-01,6.311772616158e+00,-6.422054885588e-06,3.853086886562e-01,6.312868825770e+00,-1.053146431718e-05,2.593681403314e-01,1.096209612044e-03,-4.109409431588e-06
"                  86",1.261538856136e-01,6.313771665647e+00,-6.420748527208e-06,3.878155898137e-01,6.314901668809e+00,-1.043581851860e-05,2.616617042001e-01,1.130003162244e-03,-4.015069991394e-06
"                  87",1.262068343069e-01,6.314969318649e+00,-6.422208378699e-06,3.901138276164e-01,6.316150780554e+00,-1.053731178285e-05,2.639069933096e-01,1.181461904558e-03,-4.115103404155e-06
"                  88",1.262433716939e-01,6.317562369808e+00,-6.430527623822e-06,3.923631986390e-01,6.318812426406e+00,-1.065977794049e-05,2.661198269451e-01,1.250056598475e-03,-4.229250316669e-06
"                  89",1.263868270588e-01,6.320870917644e+00,-6.441562317797e-06,3.947205547089e-01,6.322196016655e+00,-1.055557923747e-05,2.683337276501e-01,1.325099011196e-03,-4.114016919675e-06
"                  90",1.267328388709e-01,6.323445762235e+00,-6.448184971622e-06,3.972992413169e-01,6.324825585381e+00,-1.016905158245e-05,2.705664024460e-01,1.379823146038e-03,-3.720866610824e-06
"                  91",1.272591362721e-01,6.324098967435e+00,-6.449521434687e-06,4.000748739811e-01,6.325510165554e+00,-9.885019384847e-06,2.728157377090e-01,1.411198118491e-03,-3.435497950160e-06
"                  92",1.278460481653e-01,6.322367879564e+00,-6.451441569903e-06,4.029081631325e-01,6.323799009457e+00,-9.614323540572e-06,2.750621149671e-01,1.431129892959e-03,-3.162881970669e-06
"                  93",1.283185759001e-01,6.317954150424e+00,-6.456601070636e-06,4.056021325015e-01,6.319422297531e+00,-9.336737191372e-06,2.772835566014e-01,1.468147107361e-03,-2.880136120736e-06
"                  94",1.286360250202e-01,6.311055566352e+00,-6.464043027587e-06,4.081053847546e-01,6.312571759575e+00,-9.007402140673e-06,2.794693597344e-01,1.516193223653e-03,-2.543359113085e-06
"                  95",1.288277716668e-01,6.301956029098e+00,-6.470661431398e-06,4.104289271899e-01,6.303521631057e+00,-8.704093689451e-06,2.816011555231e-01,1.565601959050e-03,-2.233432258052e-06
"                  96",1.290325989546e-01,6.292150467897e+00,-6.476416700577e-06,4.126940722999e-01,6.293767757640e+00,-8.302787182193e-06,2.836614733453e-01,1.617289743312e-03,-1.826370481616e-06
"                  97",1.293236453705e-01,6.282954198589e+00,-6.480157371709e-06,4.149998587102e-01,6.284628611096e+00,-7.728225726223e-06,2.856762133397e-01,1.674412507353e-03,-1.248068354514e-06
"                  98",1.296714072255e-01,6.274889373360e+00,-6.478472203156e-06,4.173495079526e-01,6.276619154830e+00,-7.061712419364e-06,2.876781007270e-01,1.729781469866e-03,-5.832402162083e-07
"                  99",1.300786395327e-01,6.266823406153e+00,-6.472777027595e-06,4.197484863533e-01,6.268591783116e+00,-6.669099360954e-06,2.896698468207e-01,1.768376962826e-03,-1.963223333593e-07
"                 100",1.304912124947e-01,6.256453137774e+00,-6.470593106643e-06,4.221337645263e-01,6.258244116624e+00,-6.482245250065e-06,2.916425520316e-01,1.790978850288e-03,-1.165214342208e-08
"                 101",1.309089311403e-01,6.242481182746e+00,-6.473835381595e-06,4.244902439041e-01,6.244295282299e+00,-6.279452682299e-06,2.935813127638e-01,1.814099553022e-03,1.943826992964e-07
"                 102",1.312878591712e-01,6.226324504970e+00,-6.479083461235e-06,4.267711783460e-01,6.228173344306e+00,-5.868584288412e-06,2.954833191748e-01,1.848839336360e-03,6.104991728223e-07
"                 103",1.315686800557e-01,6.209219618440e+00,-6.480979185837e-06,4.289168663781e-01,6.211107439696e+00,-5.517992888136e-06,2.973481863224e-01,1.887821255444e-03,9.629862977008e-07
"                 104",1.317452519430e-01,6.192602316801e+00,-6.479336411567e-06,4.309267354502e-01,6.194528502380e+00,-5.299456552183e-06,2.991814835073e-01,1.926185578220e-03,1.179879859384e-06
"                 105",1.319148280456e-01,6.177164391341e+00,-6.475302094022e-06,4.329005408480e-01,6.179125180086e+00,-5.325161158067e-06,3.009857128024e-01,1.960788745460e-03,1.150140935956e-06
"                 106",1.321446119623e-01,6.162723448504e+00,-6.468311631694e-06,4.349193655169e-01,6.164719782922e+00,-5.457122146433e-06,3.027747535545e-01,1.996334417960e-03,1.011189485262e-06
"                 107",1.324429109884e-01,6.149432011898e+00,-6.461479126614e-06,4.370074266115e-01,6.151464398368e+00,-5.682775694836e-06,3.045645156231e-01,2.032386470161e-03,7.787034317781e-07
"                 108",1.327843853367e-01,6.136507566405e+00,-6.456532851567e-06,4.391341703987e-01,6.138570150274e+00,-5.804446456439e-06,3.063497850620e-01,2.062583869420e-03,6.520863951277e-07
"                 109",1.330814061395e-01,6.123072731263e+00,-6.451504044185e-06,4.411998952400e-01,6.125153665468e+00,-5.832143051742e-06,3.081184891005e-01,2.080934204810e-03,6.193609924425e-07
"                 110",1.332379052809e-01,6.108408054821e+00,-6.445249806841e-06,4.430935951281e-01,6.110504039021e+00,-5.648959411638e-06,3.098556898471e-01,2.095984199778e-03,7.962903952035e-07
"                 111",1.332337658329e-01,6.092568398477e+00,-6.439489966089e-06,4.447914286297e-01,6.094686924996e+00,-5.455444379728e-06,3.115576627969e-01,2.118526518997e-03,9.840455863609e-07
"                 112",1.331241820228e-01,6.076379140233e+00,-6.436737257030e-06,4.463526793546e-01,6.078525967337e+00,-5.256617847897e-06,3.132284973319e-01,2.146827104311e-03,1.180119409133e-06
"                 113",1.330000688440e-01,6.060966881537e+00,-6.437012307065e-06,4.478826147127e-01,6.063141804288e+00,-5.128850864377e-06,3.148825458687e-01,2.174922750876e-03,1.308161442687e-06
"                 114",1.329242786236e-01,6.046940549543e+00,-6.441248251157e-06,4.494442159516e-01,6.049140252976e+00,-4.963518786767e-06,3.165199373280e-01,2.199703433343e-03,1.477729464390e-06
"                 115",1.328841973571e-01,6.034039747798e+00,-6.446823142090e-06,4.510219411724e-01,6.036259983886e+00,-4.882082583650e-06,3.181377438153e-01,2.220236088011e-03,1.564740558440e-06
"                 116",1.328472352768e-01,6.021714191257e+00,-6.451645245335e-06,4.525797987762e-01,6.023948006260e+00,-4.723061937732e-06,3.197325634995e-01,2.233815002510e-03,1.728583307603e-06
"                 117",1.327826781281e-01,6.009882567648e+00,-6.455407439100e-06,4.540867348061e-01,6.012123059013e+00,-4.575399747067e-06,3.213040566780e-01,2.240491365376e-03,1.880007692033e-06
"                 118",1.326805517402e-01,5.998528604684e+00,-6.459470247340e-06,4.555306183038e-01,6.000772096950e+00,-4.374684694287e-06,3.228500665637e-01,2.243492265963e-03,2.084785553053e-06
"                 119",1.325686027791e-01,5.987991596279e+00,-6.466063260635e-06,4.569395776429e-01,5.990238275457e+00,-4.243790630351e-06,3.243709748638e-01,2.246679177974e-03,2.222272630284e-06
"                 120",1.324739473415e-01,5.978864834993e+00,-6.476046149175e-06,4.583438768719e-01,5.981117289881e+00,-4.120550807271e-06,3.258699295304e-01,2.252454887667e-03,2.355495341904e-06
"                 121",1.324243089902e-01,5.971602470178e+00,-6.487775064822e-06,4.597724845587e-01,5.973860404453e+00,-4.040665610228e-06,3.273481755685e-01,2.257934275397e-03,2.447109454594e-06
"                 122",1.324432714890e-01,5.966421145585e+00,-6.498378909397e-06,4.612525401262e-01,5.968681568818e+00,-3.809545491814e-06,3.288092686372e-01,2.260423232545e-03,2.688833417582e-06
"                 123",1.325369645521e-01,5.962955701863e+00,-6.507350359098e-06,4.627897679982e-01,5.965215912128e+00,-3.508262808636e-06,3.302528034462e-01,2.260210264455e-03,2.999087550462e-06
"                 124",1.326921503624e-01,5.960303688923e+00,-6.514856806557e-06,4.643703526122e-01,5.962562445319e+00,-3.117804168589e-06,3.316782022498e-01,2.258756396838e-03,3.397052637968e-06
"                 125",1.328854433113e-01,5.957608880143e+00,-6.521221405185e-06,4.659738310700e-01,5.959865722748e+00,-2.707182902058e-06,3.330883877587e-01,2.256842604948e-03,3.814038503127e-06
"                 126",1.330979303953e-01,5.954488819422e+00,-6.525308993528e-06,4.675844447165e-01,5.956743069182e+00,-2.181133927912e-06,3.344865143212e-01,2.254249760357e-03,4.344175065616e-06
"                 127",1.333072275405e-01,5.951008847232e+00,-6.527125384310e-06,4.691809592404e-01,5.953260176179e+00,-1.788700503750e-06,3.358737316999e-01,2.251328946191e-03,4.738424880560e-06
"                 128",1.335533945787e-01,5.948520163981e+00,-6.527446197361e-06,4.708019572055e-01,5.950767360112e+00,-1.394921032884e-06,3.372485626268e-01,2.247196130999e-03,5.132525164477e-06
"                 129",1.338010354284e-01,5.947168716230e+00,-6.527865386329e-06,4.724086820159e-01,5.949408477756e+00,-1.067123147082e-06,3.386076465875e-01,2.239761526191e-03,5.460742239247e-06
"                 130",1.339829625253e-01,5.946385654112e+00,-6.528149425301e-06,4.739301441383e-01,5.948613950799e+00,-6.469064299148e-07,3.399471816131e-01,2.228296687400e-03,5.881242995387e-06
"                 131",1.340863651042e-01,5.944981046141e+00,-6.527573953131e-06,4.753506228126e-01,5.947197486754e+00,-2.894880327968e-07,3.412642577084e-01,2.216440612324e-03,6.238085920334e-06
"                 132",1.341160137618e-01,5.942138644664e+00,-6.528063265324e-06,4.766699711264e-01,5.944344040656e+00,1.544575747759e-07,3.425539573647e-01,2.205395991477e-03,6.682520840100e-06
"                 133",1.340932311122e-01,5.937498778289e+00,-6.529497697311e-06,4.779062831583e-01,5.939694744372e+00,5.324532474718e-07,3.438130520461e-01,2.195966083418e-03,7.061950944783e-06
"                 134",1.340307457058e-01,5.931211808378e+00,-6.532157530316e-06,4.790728007913e-01,5.933399496176e+00,9.574306958182e-07,3.450420550855e-01,2.187687798792e-03,7.489588226135e-06
"                 135",1.339427569115e-01,5.923996111621e+00,-6.534810485364e-06,4.801879242364e-01,5.926176574500e+00,1.352037586971e-06,3.462451673249e-01,2.180462878622e-03,7.886848072334e-06
"                 136",1.338459776686e-01,5.916542223781e+00,-6.536488099837e-06,4.812688861609e-01,5.918715626068e+00,1.789148811179e-06,3.474229084923e-01,2.173402286351e-03,8.325636911017e-06
"                 137",1.337583577610e-01,5.909399684177e+00,-6.536900586416e-06,4.823349432982e-01,5.911564937804e+00,2.088672295136e-06,3.485765855372e-01,2.165253627326e-03,8.625572881552e-06
"                 138",1.336646088458e-01,5.903037072911e+00,-6.536577495028e-06,4.833723106500e-01,5.905192445559e+00,2.294396789856e-06,3.497077018041e-01,2.155372647817e-03,8.830974284884e-06
"                 139",1.335731235001e-01,5.897694374812e+00,-6.536451227774e-06,4.843924277888e-01,5.899838692278e+00,2.335166387853e-06,3.508193042887e-01,2.144317465634e-03,8.871617615627e-06
"                 140",1.335339809307e-01,5.893354215962e+00,-6.535907526713e-06,4.854474150139e-01,5.895487179055e+00,2.361751369862e-06,3.519134340832e-01,2.132963092506e-03,8.897658896576e-06
"                 141",1.335622186384e-01,5.889860979075e+00,-6.534363469345e-06,4.865532129857e-01,5.891983171545e+00,2.237790520489e-06,3.529909943474e-01,2.122192470062e-03,8.772153989834e-06
"                 142",1.336300034256e-01,5.887092206737e+00,-6.532169542591e-06,4.876840113384e-01,5.889204279747e+00,2.063931314226e-06,3.540540079128e-01,2.112073010386e-03,8.596100856817e-06
"                 143",1.337088471598e-01,5.885016422681e+00,-6.530161235248e-06,4.888127181726e-01,5.887118498380e+00,1.861122661445e-06,3.551038710128e-01,2.102075698306e-03,8.391283896693e-06
"                 144",1.337862821814e-01,5.883591596457e+00,-6.529306880998e-06,4.899279124703e-01,5.885683508236e+00,1.732268831143e-06,3.561416302889e-01,2.091911779639e-03,8.261575712140e-06
"                 145",1.338662379859e-01,5.882762486571e+00,-6.529731337691e-06,4.910339579381e-01,5.884843842440e+00,1.622769890793e-06,3.571677199523e-01,2.081355868842e-03,8.152501228484e-06
"                 146",1.339570746003e-01,5.882332705665e+00,-6.530994791656e-06,4.921380875399e-01,5.884401878714e+00,1.677029501683e-06,3.581810129396e-01,2.069173048569e-03,8.208024293338e-06
"                 147",1.340533458663e-01,5.882175891246e+00,-6.532804649950e-06,4.932364973835e-01,5.884231198374e+00,1.751253861807e-06,3.591831515172e-01,2.055307127714e-03,8.284058511757e-06
"                 148",1.341448620489e-01,5.882294601772e+00,-6.535374486072e-06,4.943198638569e-01,5.884334961925e+00,1.869058245290e-06,3.601750018080e-01,2.040360153445e-03,8.404432731362e-06
"                 149",1.342207796455e-01,5.882677308046e+00,-6.538869534791e-06,4.953777381907e-01,5.884702581089e+00,1.936091336148e-06,3.611569585452e-01,2.025273042586e-03,8.474960870938e-06
"                 150",1.342681830549e-01,5.883212319354e+00,-6.542717414103e-06,4.963979342038e-01,5.885223327625e+00,2.091083938862e-06,3.621297511489e-01,2.011008270849e-03,8.633801352965e-06
"                 151",1.342738733348e-01,5.883768664293e+00,-6.545788100915e-06,4.973688043130e-01,5.885766414338e+00,2.233779267706e-06,3.630949309782e-01,1.997750045605e-03,8.779567368621e-06
"                 152",1.342329444379e-01,5.884157148357e+00,-6.547267514877e-06,4.982858824806e-01,5.886142015500e+00,2.440104572115e-06,3.640529380427e-01,1.984867143769e-03,8.987372086993e-06
"                 153",1.341508659789e-01,5.884149640945e+00,-6.547302197682e-06,4.991531702700e-01,5.886121434539e+00,2.553548552613e-06,3.650023042911e-01,1.971793594059e-03,9.100850750295e-06
"                 154",1.340312089807e-01,5.883723388445e+00,-6.546498465944e-06,4.999755941287e-01,5.885681348515e+00,2.717606610105e-06,3.659443851480e-01,1.957960070827e-03,9.264105076049e-06
"                 155",1.338790703721e-01,5.882875385688e+00,-6.545754558178e-06,5.007571364295e-01,5.884818456427e+00,2.857647468362e-06,3.668780660574e-01,1.943070739420e-03,9.403402026540e-06
"                 156",1.337022656179e-01,5.881529241388e+00,-6.545819548000e-06,5.015038279270e-01,5.883456480406e+00,3.022284767489e-06,3.678015623091e-01,1.927239018224e-03,9.568104315488e-06
"                 157",1.335025892697e-01,5.879730049634e+00,-6.546789807918e-06,5.022180376955e-01,5.881641243261e+00,3.137112983593e-06,3.687154484258e-01,1.911193627550e-03,9.683902791512e-06
"                 158",1.332745149574e-01,5.877682075931e+00,-6.548159205020e-06,5.028947758680e-01,5.879577664808e+00,3.331719353306e-06,3.696202609106e-01,1.895588877354e-03,9.879878558326e-06
"                 159",1.330155540295e-01,5.875556174434e+00,-6.549694113014e-06,5.035325071247e-01,5.877436988664e+00,3.517850477248e-06,3.705169530953e-01,1.880814230058e-03,1.006754459026e-05
"                 160",1.327384552721e-01,5.873319897046e+00,-6.551150638074e-06,5.041433274685e-01,5.875186397513e+00,3.784231034041e-06,3.714048721964e-01,1.866500466957e-03,1.033538167211e-05
"                 161",1.324581141044e-01,5.870896941342e+00,-6.552619738467e-06,5.047437057133e-01,5.872748596702e+00,3.997799387620e-06,3.722855916089e-01,1.851655359928e-03,1.055041912609e-05
"                 162",1.321824201553e-01,5.868351617520e+00,-6.553239994396e-06,5.053415644272e-01,5.870186973195e+00,4.231921924105e-06,3.731591442719e-01,1.835355674855e-03,1.078516191850e-05
"                 163",1.319039753503e-01,5.865971585716e+00,-6.553040384705e-06,5.059301120911e-01,5.867789517256e+00,4.406335620967e-06,3.740261367408e-01,1.817931540371e-03,1.095937600567e-05
"                 164",1.316283241621e-01,5.863985907083e+00,-6.552879205060e-06,5.065123608897e-01,5.865785940159e+00,4.611659688776e-06,3.748840367276e-01,1.800033075727e-03,1.116453889384e-05
"                 165",1.313623649012e-01,5.862608142799e+00,-6.553347549463e-06,5.070954999988e-01,5.864389982165e+00,4.689024741244e-06,3.757331350976e-01,1.781839366432e-03,1.124237229071e-05
"                 166",1.311145272932e-01,5.861931937000e+00,-6.555127517986e-06,5.076865590161e-01,5.863695440680e+00,4.802550197393e-06,3.765720317229e-01,1.763503679640e-03,1.135767771538e-05
"                 167",1.308900515916e-01,5.862028503186e+00,-6.558652654925e-06,5.082902532518e-01,5.863773932595e+00,4.864887271911e-06,3.774002016602e-01,1.745429408022e-03,1.142353992684e-05
"                 168",1.306901598595e-01,5.862978518841e+00,-6.562645600942e-06,5.089090607822e-01,5.864706360795e+00,4.989017889416e-06,3.782189009227e-01,1.727841954062e-03,1.155166349036e-05
"                 169",1.305166776503e-01,5.864783447516e+00,-6.565462755359e-06,5.095438313564e-01,5.866494178148e+00,5.063394367407e-06,3.790271537061e-01,1.710730631550e-03,1.162885712277e-05
"                 170",1.303670041865e-01,5.867413432733e+00,-6.567026945519e-06,5.101917507676e-01,5.869107359320e+00,5.184873428070e-06,3.798247465811e-01,1.693926587091e-03,1.175190037359e-05
"                 171",1.302399969313e-01,5.870805430507e+00,-6.568506122587e-06,5.108517477019e-01,5.872482808769e+00,5.240782906462e-06,3.806117507706e-01,1.677378261552e-03,1.180928902905e-05
"                 172",1.301385830684e-01,5.874821673609e+00,-6.569796220780e-06,5.115265964591e-01,5.876482581690e+00,5.342851651298e-06,3.813880133906e-01,1.660908080585e-03,1.191264787208e-05
"                 173",1.300602701606e-01,5.879268871173e+00,-6.570511962009e-06,5.122138927116e-01,5.880913252053e+00,5.349239410319e-06,3.821536225510e-01,1.644380880304e-03,1.191975137233e-05
"                 174",1.299938700306e-01,5.883903937755e+00,-6.570507028207e-06,5.129024770027e-01,5.885531721404e+00,5.370999879972e-06,3.829086069721e-01,1.627783649157e-03,1.194150690818e-05
"                 175",1.299299958628e-01,5.888603810793e+00,-6.569915188975e-06,5.135831181116e-01,5.890215348432e+00,5.317105931278e-06,3.836531222488e-01,1.611537638627e-03,1.188702112025e-05
"                 176",1.298668704957e-01,5.893341758568e+00,-6.569131570491e-06,5.142540156337e-01,5.894937813323e+00,5.281642061401e-06,3.843871451380e-01,1.596054755382e-03,1.185077363189e-05
"                 177",1.298030537851e-01,5.898076390976e+00,-6.568442119269e-06,5.149138556558e-01,5.899658082132e+00,5.145041831251e-06,3.851108018707e-01,1.581691155522e-03,1.171348395052e-05
"                 178",1.297366899233e-01,5.902746367637e+00,-6.567550711876e-06,5.155611960214e-01,5.904314567311e+00,5.058910164198e-06,3.858245060981e-01,1.568199674538e-03,1.162646087607e-05
"                 179",1.296680897335e-01,5.907280377352e+00,-6.566069130379e-06,5.161970185915e-01,5.908835419147e+00,4.883811881409e-06,3.865289288580e-01,1.555041795140e-03,1.144988101179e-05
"                 180",1.295998376390e-01,5.911622764176e+00,-6.564140462045e-06,5.168244752041e-01,5.913164728351e+00,4.760160003412e-06,3.872246375650e-01,1.541964175117e-03,1.132430046546e-05
"                 181",1.295326686659e-01,5.915722857294e+00,-6.562401925781e-06,5.174449408119e-01,5.917251852621e+00,4.594302252359e-06,3.879122721460e-01,1.528995326462e-03,1.115670417814e-05
"                 182",1.294619828796e-01,5.919590360420e+00,-6.561255271346e-06,5.180544661123e-01,5.921106519317e+00,4.466896867152e-06,3.885924832327e-01,1.516158896372e-03,1.102815213850e-05
"                 183",1.293803567343e-01,5.923244998870e+00,-6.560973361785e-06,5.186461015150e-01,5.924748574384e+00,4.268310417855e-06,3.892657447807e-01,1.503575514134e-03,1.082928377964e-05
"                 184",1.292825347069e-01,5.926719731674e+00,-6.561393127577e-06,5.192146328157e-01,5.928211026230e+00,4.124758297156e-06,3.899320981089e-01,1.491294555641e-03,1.068615142473e-05
"                 185",1.291676738046e-01,5.930035037396e+00,-6.562089306326e-06,5.197593524078e-01,5.931514463937e+00,3.963861914107e-06,3.905916786032e-01,1.479426541687e-03,1.052595122043e-05
"                 186",1.290390107478e-01,5.933201444085e+00,-6.562405863922e-06,5.202835141111e-01,5.934669358812e+00,3.862619636096e-06,3.912445033632e-01,1.467914726351e-03,1.042502550002e-05
"                 187",1.288999287449e-01,5.936263914469e+00,-6.561915052979e-06,5.207906403589e-01,5.937720613795e+00,3.687183437396e-06,3.918907116140e-01,1.456699326515e-03,1.024909849037e-05
"                 188",1.287534253830e-01,5.939281751294e+00,-6.560851901151e-06,5.212838736112e-01,5.940727344827e+00,3.609026325075e-06,3.925304482282e-01,1.445593533591e-03,1.016987822623e-05
"                 189",1.286015665866e-01,5.942314846729e+00,-6.559706274361e-06,5.217655986468e-01,5.943749340377e+00,3.533648297303e-06,3.931640320601e-01,1.434493647689e-03,1.009335457166e-05
"                 190",1.284458356938e-01,5.945401991527e+00,-6.558753931225e-06,5.222375782482e-01,5.946825357937e+00,3.506953463912e-06,3.937917425543e-01,1.423366410602e-03,1.006570739514e-05
"                 191",1.282852116439e-01,5.948561365543e+00,-6.557722420650e-06,5.226989546782e-01,5.949973637171e+00,3.431798581626e-06,3.944137430344e-01,1.412271628414e-03,9.989521002277e-06
"                 192",1.281179076526e-01,5.951796270078e+00,-6.556318259810e-06,5.231481365041e-01,5.953197488409e+00,3.420611997623e-06,3.950302288514e-01,1.401218331154e-03,9.976930257434e-06
"                 193",1.279437280393e-01,5.955108900389e+00,-6.554561211770e-06,5.235850499947e-01,5.956499160015e+00,3.358667353329e-06,3.956413219554e-01,1.390259626731e-03,9.913228565099e-06
"                 194",1.277628597207e-01,5.958472365969e+00,-6.552491622692e-06,5.240096853212e-01,5.959851617845e+00,3.354348745145e-06,3.962468256005e-01,1.379251875583e-03,9.906840367838e-06
"                 195",1.275740366323e-01,5.961865110974e+00,-6.550516468466e-06,5.244205629107e-01,5.963233267897e+00,3.284778819400e-06,3.968465262784e-01,1.368156922325e-03,9.835295287866e-06
"                 196",1.273781233344e-01,5.965301499196e+00,-6.548780998652e-06,5.248184766167e-01,5.966658495765e+00,3.272544400124e-06,3.974403532823e-01,1.356996568930e-03,9.821325398776e-06
"                 197",1.271783758695e-01,5.968816495867e+00,-6.547142626248e-06,5.252068616155e-01,5.970162448643e+00,3.209261777814e-06,3.980284857459e-01,1.345952776287e-03,9.756404404062e-06
"                 198",1.269779371574e-01,5.972436125400e+00,-6.545321932097e-06,5.255890405021e-01,5.973771153910e+00,3.234996835656e-06,3.986111033447e-01,1.335028510760e-03,9.780318767754e-06
"                 199",1.267776861084e-01,5.976165711403e+00,-6.543352031763e-06,5.259659825302e-01,5.977489931632e+00,3.171211667523e-06,3.991882964218e-01,1.324220228763e-03,9.714563699286e-06
"                 200",1.265765752255e-01,5.979995546266e+00,-6.541305820625e-06,5.263366499220e-01,5.981308919092e+00,3.167954513847e-06,3.997600746965e-01,1.313372825390e-03,9.709260334472e-06
"                 201",1.263737130370e-01,5.983923733296e+00,-6.539194649384e-06,5.267001742143e-01,5.985226180019e+00,3.137344951946e-06,4.003264611773e-01,1.302446722618e-03,9.676539601330e-06
"                 202",1.261693650206e-01,5.987960406484e+00,-6.536880562476e-06,5.270567434093e-01,5.989251792824e+00,3.194095069741e-06,4.008873783887e-01,1.291386340169e-03,9.730975632217e-06
"                 203",1.259642283030e-01,5.992092653774e+00,-6.534022956866e-06,5.274070849187e-01,5.993372938617e+00,3.222140337319e-06,4.014428566157e-01,1.280284843132e-03,9.756163294185e-06
"                 204",1.257587713583e-01,5.996294670030e+00,-6.530458301484e-06,5.277515250538e-01,5.997563886931e+00,3.319744466317e-06,4.019927536955e-01,1.269216901354e-03,9.850202767801e-06
"                 205",1.255528424571e-01,6.000543986235e+00,-6.526552235689e-06,5.280898617237e-01,6.001802279719e+00,3.389872667777e-06,4.025370192666e-01,1.258293484050e-03,9.916424903466e-06
"                 206",1.253471487686e-01,6.004820585288e+00,-6.522767480777e-06,5.284227213033e-01,6.006068107430e+00,3.567084106976e-06,4.030755725348e-01,1.247522142161e-03,1.008985158775e-05
"                 207",1.251425757762e-01,6.009122566271e+00,-6.518987994544e-06,5.287509733544e-01,6.010359542763e+00,3.718306943989e-06,4.036083975782e-01,1.236976491819e-03,1.023729493853e-05
"                 208",1.249385486741e-01,6.013453802746e+00,-6.515166367902e-06,5.290739951057e-01,6.014680451046e+00,3.895193416457e-06,4.041354464316e-01,1.226648299445e-03,1.041035978436e-05
"                 209",1.247333279982e-01,6.017784357362e+00,-6.511798339095e-06,5.293900470932e-01,6.019000994759e+00,4.047953196655e-06,4.046567190949e-01,1.216637397186e-03,1.055975153575e-05
"                 210",1.245289259178e-01,6.022096568642e+00,-6.508788801675e-06,5.297011461363e-01,6.023303506274e+00,4.274751192027e-06,4.051722202185e-01,1.206937632681e-03,1.078353999370e-05
"                 211",1.243297477217e-01,6.026395372344e+00,-6.505861306678e-06,5.300117976392e-01,6.027592921641e+00,4.412509543331e-06,4.056820499175e-01,1.197549296798e-03,1.091837085001e-05
"                 212",1.241384453099e-01,6.030686625728e+00,-6.502500569500e-06,5.303246656385e-01,6.031874992078e+00,4.578913077775e-06,4.061862203287e-01,1.188366349862e-03,1.108141364728e-05
"                 213",1.239549253554e-01,6.034979112132e+00,-6.498462840317e-06,5.306396727103e-01,6.036158457141e+00,4.720425383551e-06,4.066847473549e-01,1.179345008897e-03,1.121888822387e-05
"                 214",1.237771498051e-01,6.039274298650e+00,-6.494001335555e-06,5.309547658050e-01,6.040444667010e+00,4.861730623872e-06,4.071776159998e-01,1.170368360149e-03,1.135573195943e-05
"                 215",1.236031859499e-01,6.043577083251e+00,-6.489505505670e-06,5.312681818893e-01,6.044738574995e+00,4.928305857569e-06,4.076649959393e-01,1.161491744338e-03,1.141781136324e-05
"                 216",1.234324764072e-01,6.047887588870e+00,-6.484859168425e-06,5.315795003614e-01,6.049040375355e+00,5.021960168866e-06,4.081470239541e-01,1.152786484253e-03,1.150681933729e-05
"                 217",1.232655468109e-01,6.052204137288e+00,-6.479862440800e-06,5.318892699522e-01,6.053348500065e+00,5.034096187595e-06,4.086237231414e-01,1.144362776690e-03,1.151395862839e-05
"                 218",1.231009574389e-01,6.056509853238e+00,-6.475308173385e-06,5.321960324884e-01,6.057645944919e+00,5.120110142037e-06,4.090950750496e-01,1.136091681082e-03,1.159541831542e-05
"                 219",1.229360896954e-01,6.060777401706e+00,-6.471804699413e-06,5.324972128989e-01,6.061905280461e+00,5.140552218904e-06,4.095611232035e-01,1.127878754383e-03,1.161235691832e-05
"                 220",1.227684221083e-01,6.064973524641e+00,-6.469665154180e-06,5.327901192628e-01,6.066093259798e+00,5.203339807526e-06,4.100216971545e-01,1.119735157382e-03,1.167300496171e-05
"                 221",1.225968298913e-01,6.069080586618e+00,-6.468804182473e-06,5.330736085076e-01,6.070192443834e+00,5.209888351956e-06,4.104767786163e-01,1.111857215657e-03,1.167869253443e-05
"                 222",1.224220898579e-01,6.073105096636e+00,-6.468564220178e-06,5.333485954370e-01,6.074209440994e+00,5.278397902730e-06,4.109265055791e-01,1.104344357365e-03,1.174696212291e-05
"                 223",1.222459557798e-01,6.077065330185e+00,-6.468349448925e-06,5.336170288666e-01,6.078162475917e+00,5.294750989286e-06,4.113710730869e-01,1.097145732403e-03,1.176310043821e-05
"                 224",1.220702428582e-01,6.080985176938e+00,-6.467861633442e-06,5.338807696731e-01,6.082075293215e+00,5.339817106151e-06,4.118105268149e-01,1.090116277639e-03,1.180767873959e-05
"                 225",1.218959312293e-01,6.084892721026e+00,-6.467272419850e-06,5.341409563910e-01,6.085975945884e+00,5.284188126407e-06,4.122450251617e-01,1.083224857512e-03,1.175146054626e-05
"                 226",1.217241705720e-01,6.088811777578e+00,-6.466607299223e-06,5.343987564724e-01,6.089888230188e+00,5.266330586515e-06,4.126745859004e-01,1.076452609685e-03,1.173293788574e-05
"                 227",1.215551704113e-01,6.092769274871e+00,-6.465841471602e-06,5.346544040341e-01,6.093839159874e+00,5.231942899343e-06,4.130992336228e-01,1.069885003020e-03,1.169778437094e-05
"                 228",1.213882376343e-01,6.096776925181e+00,-6.465149758379e-06,5.349071571339e-01,6.097840407067e+00,5.235687316098e-06,4.135189194996e-01,1.063481886041e-03,1.170083707448e-05
"                 229",1.212226657132e-01,6.100831234972e+00,-6.464879851568e-06,5.351563788410e-01,6.101888508374e+00,5.203646864627e-06,4.139337131278e-01,1.057273401241e-03,1.166852671620e-05
"                 230",1.210585613404e-01,6.104921662789e+00,-6.465208363968e-06,5.354023038090e-01,6.105972900619e+00,5.214234220087e-06,4.143437424686e-01,1.051237829348e-03,1.167944258406e-05
"                 231",1.208968396343e-01,6.109044480627e+00,-6.465907615487e-06,5.356460880933e-01,6.110089885005e+00,5.175515867817e-06,4.147492484590e-01,1.045404378487e-03,1.164142348330e-05
"                 232",1.207383000050e-01,6.113193358327e+00,-6.466775791194e-06,5.358885421516e-01,6.114233070106e+00,5.244819565778e-06,4.151502421466e-01,1.039711778892e-03,1.171159535697e-05
"                 233",1.205829583749e-01,6.117357011407e+00,-6.467764459169e-06,5.361297233511e-01,6.118391151213e+00,5.263432292142e-06,4.155467649762e-01,1.034139806296e-03,1.173119675131e-05
"                 234",1.204301940797e-01,6.121527144476e+00,-6.468613148646e-06,5.363690147899e-01,6.122555790903e+00,5.293673774343e-06,4.159388207103e-01,1.028646427404e-03,1.176228692299e-05
"                 235",1.202792778319e-01,6.125697251497e+00,-6.469161641274e-06,5.366057270068e-01,6.126720590440e+00,5.274219970589e-06,4.163264491749e-01,1.023338942802e-03,1.174338161186e-05
"                 236",1.201298551664e-01,6.129857066601e+00,-6.469473022599e-06,5.368394598424e-01,6.130875297475e+00,5.354528581819e-06,4.167096046760e-01,1.018230873431e-03,1.182400160442e-05
"                 237",1.199818034927e-01,6.133993059260e+00,-6.469625952109e-06,5.370701829512e-01,6.135006266728e+00,5.390383528748e-06,4.170883794585e-01,1.013207468356e-03,1.186000948086e-05
"                 238",1.198353370422e-01,6.138092218848e+00,-6.469618496276e-06,5.372980716306e-01,6.139100356645e+00,5.422215756388e-06,4.174627345884e-01,1.008137797153e-03,1.189183425266e-05
"                 239",1.196906618147e-01,6.142149417548e+00,-6.469394995486e-06,5.375233625246e-01,6.143152427756e+00,5.396653428542e-06,4.178327007099e-01,1.003010208010e-03,1.186604842403e-05
"                 240",1.195477505408e-01,6.146164517192e+00,-6.469093240212e-06,5.377460430010e-01,6.147162361945e+00,5.438030423124e-06,4.181982924602e-01,9.978447529482e-04,1.190712366334e-05
"                 241",1.194064242394e-01,6.150147375197e+00,-6.468872900328e-06,5.379660316251e-01,6.151140119653e+00,5.422615238426e-06,4.185596073857e-01,9.927444559488e-04,1.189148813875e-05
"                 242",1.192669618177e-01,6.154106681998e+00,-6.468756060531e-06,5.381836339031e-01,6.155094439791e+00,5.441904113830e-06,4.189166720854e-01,9.877577936752e-04,1.191066017436e-05
"                 243",1.191293764213e-01,6.158051897197e+00,-6.468646284434e-06,5.383989630552e-01,6.159034865126e+00,5.403390413047e-06,4.192695866339e-01,9.829679292229e-04,1.187203669748e-05
"                 244",1.189940080009e-01,6.161982480892e+00,-6.468617238196e-06,5.386123678403e-01,6.162960826010e+00,5.448013314257e-06,4.196183598394e-01,9.783451170169e-04,1.191663055245e-05
"                 245",1.188611871002e-01,6.165896223900e+00,-6.468726179511e-06,5.388242168133e-01,6.166870127942e+00,5.441231566257e-06,4.199630297132e-01,9.739040421545e-04,1.190995774577e-05
"                 246",1.187309244266e-01,6.169792213955e+00,-6.468926597033e-06,5.390345035110e-01,6.170761848353e+00,5.450929480561e-06,4.203035790844e-01,9.696343977278e-04,1.191985607759e-05
"                 247",1.186026575126e-01,6.173674185354e+00,-6.468964422827e-06,5.392427327328e-01,6.174639765018e+00,5.452388249122e-06,4.206400752202e-01,9.655796637877e-04,1.192135267195e-05
"                 248",1.184757826430e-01,6.177537566157e+00,-6.468952105353e-06,5.394482918492e-01,6.178499266535e+00,5.534525232784e-06,4.209725092062e-01,9.617003779496e-04,1.200347733814e-05
"                 249",1.183502195492e-01,6.181376478034e+00,-6.468932353814e-06,5.396511545219e-01,6.182334444382e+00,5.523572046717e-06,4.213009349727e-01,9.579663480005e-04,1.199250440053e-05
"                 250",1.182262011712e-01,6.185183860150e+00,-6.468907421825e-06,5.398515658234e-01,6.186138196875e+00,5.547783509195e-06,4.216253646522e-01,9.543367245833e-04,1.201669093102e-05
"                 251",1.181037513904e-01,6.188968737618e+00,-6.468822256527e-06,5.400496437802e-01,6.189919598182e+00,5.579058812859e-06,4.219458923898e-01,9.508605637039e-04,1.204788106939e-05
"                 252",1.179828824406e-01,6.192730650862e+00,-6.468753639793e-06,5.402454281116e-01,6.193678173935e+00,5.655875931515e-06,4.222625456710e-01,9.475230729843e-04,1.212462957131e-05
"                 253",1.178631553886e-01,6.196463628307e+00,-6.468764918125e-06,5.404386095172e-01,6.197407989528e+00,5.654257989478e-06,4.225754541286e-01,9.443612209464e-04,1.212302290760e-05
"                 254",1.177439568135e-01,6.200157834326e+00,-6.468852215044e-06,5.406286166226e-01,6.201099173589e+00,5.731389502865e-06,4.228846598092e-01,9.413392631209e-04,1.220024171791e-05
"                 255",1.176249462405e-01,6.203808294271e+00,-6.468912400346e-06,5.408152115707e-01,6.204746736907e+00,5.774051503879e-06,4.231902653302e-01,9.384426353506e-04,1.224296390423e-05
"                 256",1.175063210962e-01,6.207414056294e+00,-6.468950538019e-06,5.409986054564e-01,6.208349625426e+00,5.857844831789e-06,4.234922843603e-01,9.355691318879e-04,1.232679536981e-05
"                 257",1.173883633138e-01,6.210977996552e+00,-6.469013824512e-06,5.411791498508e-01,6.211910699680e+00,5.884325679044e-06,4.237907865370e-01,9.327031277313e-04,1.235333950356e-05
"                 258",1.172714918606e-01,6.214501715479e+00,-6.469190026812e-06,5.413572917234e-01,6.215431617981e+00,5.966353021439e-06,4.240857998628e-01,9.299025015077e-04,1.243554304825e-05
"                 259",1.171558837991e-01,6.217986397057e+00,-6.469375466341e-06,5.415332624221e-01,6.218913617407e+00,5.948015186976e-06,4.243773786229e-01,9.272203504447e-04,1.241739065332e-05
"                 260",1.170415871740e-01,6.221434380801e+00,-6.469545158763e-06,5.417070964421e-01,6.222358970652e+00,5.969636886024e-06,4.246655092681e-01,9.245898506098e-04,1.243918204479e-05
"                 261",1.169284088043e-01,6.224851267609e+00,-6.469785158687e-06,5.418786793630e-01,6.225773287163e+00,5.940902948206e-06,4.249502705587e-01,9.220195538072e-04,1.241068810689e-05
"                 262",1.168164295256e-01,6.228239883137e+00,-6.470019331788e-06,5.420481207131e-01,6.229159397146e+00,5.960585258789e-06,4.252316911875e-01,9.195140080467e-04,1.243060459058e-05
"                 263",1.167062372242e-01,6.231603693926e+00,-6.470302374736e-06,5.422160888820e-01,6.232520848742e+00,5.872701288078e-06,4.255098516579e-01,9.171548161646e-04,1.234300366281e-05
"                 264",1.165979714725e-01,6.234941381283e+00,-6.470651509383e-06,5.423827287937e-01,6.235856345165e+00,5.818754090965e-06,4.257847573212e-01,9.149638820672e-04,1.228940560035e-05
"                 265",1.164917012118e-01,6.238252265272e+00,-6.471054574388e-06,5.425481847330e-01,6.239165216505e+00,5.748057220986e-06,4.260564835211e-01,9.129512336323e-04,1.221911179537e-05
"                 266",1.163875652336e-01,6.241535074758e+00,-6.471550780017e-06,5.427126126319e-01,6.242446139352e+00,5.751818279596e-06,4.263250473983e-01,9.110645937763e-04,1.222336905961e-05
"                 267",1.162852938501e-01,6.244791086654e+00,-6.472167144561e-06,5.428758343339e-01,6.245700409722e+00,5.695519528191e-06,4.265905404838e-01,9.093230678951e-04,1.216768667275e-05
"                 268",1.161844443854e-01,6.248019056302e+00,-6.472904262980e-06,5.430374359512e-01,6.248926720141e+00,5.658377543471e-06,4.268529915658e-01,9.076638388949e-04,1.213128180645e-05
"                 269",1.160849063798e-01,6.251220511440e+00,-6.473816067335e-06,5.431974094933e-01,6.252126582822e+00,5.609584733569e-06,4.271125031135e-01,9.060713816041e-04,1.208340080090e-05
"                 270",1.159865507239e-01,6.254394549150e+00,-6.474865524413e-06,5.433556455241e-01,6.255299050312e+00,5.647023998363e-06,4.273690948001e-01,9.045011616428e-04,1.212188952278e-05
"                 271",1.158887010545e-01,6.257534429395e+00,-6.475933796420e-06,5.435115522388e-01,6.258437390160e+00,5.605839828499e-06,4.276228511843e-01,9.029607651806e-04,1.208177362492e-05
"                 272",1.157911027986e-01,6.260634816540e+00,-6.476947294610e-06,5.436648415082e-01,6.261536212062e+00,5.560093442599e-06,4.278737387096e-01,9.013955220612e-04,1.203704073721e-05
"                 273",1.156939656004e-01,6.263697075111e+00,-6.478117939543e-06,5.438157618959e-01,6.264596913814e+00,5.490814757296e-06,4.281217962955e-01,8.998387031906e-04,1.196893269684e-05
"                 274",1.155978188238e-01,6.266727542001e+00,-6.479327341003e-06,5.439648598281e-01,6.267625826688e+00,5.540267943935e-06,4.283670410043e-01,8.982846869577e-04,1.201959528494e-05
"                 275",1.155030403754e-01,6.269731549490e+00,-6.480483383178e-06,5.441125905073e-01,6.270628316408e+00,5.512223304153e-06,4.286095501318e-01,8.967669176544e-04,1.199270668733e-05
"                 276",1.154098681834e-01,6.272709361166e+00,-6.481701460304e-06,5.442591704440e-01,6.273604637992e+00,5.440577746877e-06,4.288493022606e-01,8.952768259863e-04,1.192227920718e-05
"                 277",1.153181771483e-01,6.275658737022e+00,-6.482749657223e-06,5.444045575746e-01,6.276552574792e+00,5.406823084919e-06,4.290863804264e-01,8.938377699259e-04,1.188957274214e-05
"                 278",1.152276083684e-01,6.278573301615e+00,-6.483589751455e-06,5.445483938521e-01,6.279465686163e+00,5.474410880713e-06,4.293207854837e-01,8.923845480234e-04,1.195800063217e-05
"                 279",1.151378346930e-01,6.281449790915e+00,-6.484477706785e-06,5.446904163507e-01,6.282340728922e+00,5.429848503899e-06,4.295525816577e-01,8.909380068831e-04,1.191432621068e-05
"                 280",1.150485642725e-01,6.284284427503e+00,-6.485238829110e-06,5.448303220136e-01,6.285173914435e+00,5.419393667320e-06,4.297817577411e-01,8.894869329640e-04,1.190463249643e-05
"                 281",1.149599311689e-01,6.287077809309e+00,-6.485780779211e-06,5.449683291077e-01,6.287965896390e+00,5.398501486178e-06,4.300083979388e-01,8.880870810670e-04,1.188428226539e-05
"                 282",1.148720851654e-01,6.289830855946e+00,-6.486249916450e-06,5.451045504659e-01,6.290717537604e+00,5.415802220013e-06,4.302324653004e-01,8.866816572851e-04,1.190205213646e-05
"                 283",1.147844815516e-01,6.292540340914e+00,-6.486607075097e-06,5.452384915528e-01,6.293425633300e+00,5.392920752585e-06,4.304540100012e-01,8.852923861594e-04,1.187952782768e-05
"                 284",1.146970070081e-01,6.295202304306e+00,-6.486885631467e-06,5.453700115373e-01,6.296086226629e+00,5.438839884076e-06,4.306730045292e-01,8.839223239152e-04,1.192572551554e-05
"                 285",1.146098794066e-01,6.297818222084e+00,-6.487169155084e-06,5.454993750847e-01,6.298700850247e+00,5.448459976683e-06,4.308894956781e-01,8.826281627090e-04,1.193562913177e-05
"                 286",1.145233920995e-01,6.300390346588e+00,-6.487193428662e-06,5.456268611077e-01,6.301271682303e+00,5.469332684048e-06,4.311034690082e-01,8.813357149244e-04,1.195652611271e-05
"                 287",1.144375726977e-01,6.302921339463e+00,-6.486794983976e-06,5.457525787348e-01,6.303801383853e+00,5.500515209624e-06,4.313150060372e-01,8.800443897337e-04,1.198731019360e-05
"                 288",1.143522725888e-01,6.305412513162e+00,-6.486175370652e-06,5.458763726854e-01,6.306291243353e+00,5.572292177341e-06,4.315241000966e-01,8.787301910017e-04,1.205846754799e-05
"                 289",1.142674110164e-01,6.307865343066e+00,-6.485254821000e-06,5.459982283769e-01,6.308742764739e+00,5.602422372848e-06,4.317308173604e-01,8.774216737050e-04,1.208767719385e-05
"                 290",1.141827906646e-01,6.310280769060e+00,-6.484210097491e-06,5.461179279225e-01,6.311156883540e+00,5.679441030491e-06,4.319351372578e-01,8.761144800434e-04,1.216365112798e-05
"                 291",1.140984184280e-01,6.312660562934e+00,-6.483082674271e-06,5.462355545996e-01,6.313535422943e+00,5.716208739768e-06,4.321371361716e-01,8.748600090687e-04,1.219929141404e-05
"                 292",1.140143202117e-01,6.315004834106e+00,-6.481930601179e-06,5.463511009811e-01,6.315878442574e+00,5.825695197317e-06,4.323367807695e-01,8.736084679889e-04,1.230762579850e-05
"                 293",1.139304266590e-01,6.317314195169e+00,-6.480779162318e-06,5.464645605192e-01,6.318186583823e+00,5.870011506576e-06,4.325341338603e-01,8.723886539246e-04,1.235079066889e-05
"                 294",1.138465774196e-01,6.319588271426e+00,-6.479666825831e-06,5.465757521655e-01,6.320459460557e+00,5.927162003184e-06,4.327291747459e-01,8.711891308601e-04,1.240682882901e-05
"                 295",1.137626197231e-01,6.321829443837e+00,-6.478531043508e-06,5.466845990226e-01,6.322699476613e+00,5.936311432661e-06,4.329219792994e-01,8.700327757863e-04,1.241484247617e-05
"                 296",1.136786421667e-01,6.324039190197e+00,-6.477406740044e-06,5.467911761412e-01,6.324908048029e+00,5.987321967506e-06,4.331125339745e-01,8.688578318189e-04,1.246472870755e-05
"                 297",1.135943556061e-01,6.326215108818e+00,-6.476366399505e-06,5.468952813479e-01,6.327082789978e+00,6.002869799417e-06,4.333009257418e-01,8.676811601258e-04,1.247923619892e-05
"                 298",1.135098987291e-01,6.328356964922e+00,-6.475414987603e-06,5.469970515977e-01,6.329223419530e+00,6.001143219366e-06,4.334871528686e-01,8.664546073636e-04,1.247655820697e-05
"                 299",1.134253723557e-01,6.330465767958e+00,-6.474512234090e-06,5.470966842348e-01,6.331330964833e+00,5.967230504262e-06,4.336713118791e-01,8.651968758572e-04,1.244174273835e-05
"                 300",1.133413310441e-01,6.332545664816e+00,-6.473811380871e-06,5.471946754036e-01,6.333409532507e+00,5.959480724892e-06,4.338533443595e-01,8.638676913889e-04,1.243329210576e-05
"                 301",1.132576847746e-01,6.334595917591e+00,-6.473308913222e-06,5.472909360627e-01,6.335458453998e+00,5.909589787081e-06,4.340332512881e-01,8.625364062126e-04,1.238289870030e-05
"                 302",1.131750099314e-01,6.336619673263e+00,-6.472851661232e-06,5.473860058018e-01,6.337480856509e+00,5.892771216920e-06,4.342109958703e-01,8.611832456618e-04,1.236562287815e-05
"                 303",1.130935926404e-01,6.338623493220e+00,-6.472425036063e-06,5.474802711026e-01,6.339483367723e+00,5.834184877423e-06,4.343866784622e-01,8.598745032757e-04,1.230660991349e-05
"                 304",1.130129921068e-01,6.340607327289e+00,-6.471994705798e-06,5.475733006531e-01,6.341465928873e+00,5.771045998764e-06,4.345603085464e-01,8.586015840043e-04,1.224304070456e-05
"                 305",1.129326757092e-01,6.342568390281e+00,-6.471404121120e-06,5.476646738776e-01,6.343425781117e+00,5.712490748476e-06,4.347319981684e-01,8.573908356150e-04,1.218389486960e-05
"                 306",1.128531096169e-01,6.344509277656e+00,-6.470732501036e-06,5.477548725003e-01,6.345365493871e+00,5.703434731566e-06,4.349017628835e-01,8.562162149106e-04,1.217416723260e-05
"                 307",1.127753813921e-01,6.346440713282e+00,-6.469995808211e-06,5.478450588769e-01,6.347295845863e+00,5.655045636950e-06,4.350696774848e-01,8.551325809867e-04,1.212504144516e-05
"                 308",1.126994649378e-01,6.348366723073e+00,-6.469209323044e-06,5.479351517027e-01,6.349220815326e+00,5.617792021622e-06,4.352356867649e-01,8.540922535218e-04,1.208700134467e-05
"                 309",1.126245415441e-01,6.350284098092e+00,-6.468318423421e-06,5.480243984290e-01,6.351137180351e+00,5.559071896770e-06,4.353998568849e-01,8.530822583751e-04,1.202739032019e-05
"                 310",1.125497957881e-01,6.352184545975e+00,-6.467400154797e-06,5.481119523526e-01,6.353036566421e+00,5.537910365593e-06,4.355621565645e-01,8.520204464450e-04,1.200531052039e-05
"                 311",1.124753133548e-01,6.354066871133e+00,-6.466584281766e-06,5.481980047439e-01,6.354917793385e+00,5.466025150346e-06,4.357226913890e-01,8.509222519163e-04,1.193260943211e-05
"                 312",1.124013513942e-01,6.355931470503e+00,-6.465854230609e-06,5.482828346762e-01,6.356781199612e+00,5.397992650252e-06,4.358814832820e-01,8.497291085318e-04,1.186384688086e-05
"                 313",1.123280576776e-01,6.357780826255e+00,-6.465030262360e-06,5.483666169996e-01,6.358629352171e+00,5.288362036133e-06,4.360385593220e-01,8.485259156374e-04,1.175339229849e-05
"                 314",1.122553854828e-01,6.359610513490e+00,-6.464100967592e-06,5.484491680327e-01,6.360457872231e+00,5.183806670365e-06,4.361937825498e-01,8.473587418950e-04,1.164790763796e-05
"                 315",1.121836994231e-01,6.361420637970e+00,-6.463204970836e-06,5.485308832438e-01,6.362266911790e+00,4.994077935052e-06,4.363471838206e-01,8.462738197607e-04,1.145728290589e-05
"                 316",1.121134643119e-01,6.363218821904e+00,-6.462241524103e-06,5.486122103273e-01,6.364064042215e+00,4.809422393615e-06,4.364987460155e-01,8.452203115437e-04,1.127166391772e-05
"                 317",1.120445689225e-01,6.365008299061e+00,-6.461302339806e-06,5.486931638259e-01,6.365852522744e+00,4.587470459514e-06,4.366485949034e-01,8.442236825080e-04,1.104877279932e-05
"                 318",1.119772413480e-01,6.366789490361e+00,-6.460472758206e-06,5.487740207421e-01,6.367632720010e+00,4.371614318841e-06,4.367967793941e-01,8.432296488274e-04,1.083208707705e-05
"                 319",1.119115585193e-01,6.368562146267e+00,-6.459655353206e-06,5.488549512751e-01,6.369404372524e+00,4.097083175404e-06,4.369433927558e-01,8.422262563552e-04,1.055673852861e-05
"                 320",1.118470576990e-01,6.370322541917e+00,-6.458882708089e-06,5.489354399297e-01,6.371163720782e+00,3.845666972217e-06,4.370883822307e-01,8.411788646159e-04,1.030454968031e-05
"                 321",1.117837069422e-01,6.372072846373e+00,-6.458258210789e-06,5.490154915754e-01,6.372913066307e+00,3.568855178881e-06,4.372317846331e-01,8.402199349017e-04,1.002711338967e-05
"                 322",1.117214051758e-01,6.373812055795e+00,-6.457541048638e-06,5.490949925233e-01,6.374651384942e+00,3.318075259743e-06,4.373735873476e-01,8.393291470325e-04,9.775616308381e-06
"                 323",1.116600879644e-01,6.375540540700e+00,-6.456847108993e-06,5.491739536682e-01,6.376379034906e+00,2.991999712120e-06,4.375138657038e-01,8.384942061664e-04,9.448846821113e-06
"                 324",1.116000197771e-01,6.377259434114e+00,-6.456182789838e-06,5.492526205534e-01,6.378097095334e+00,2.683617669951e-06,4.376526007763e-01,8.376612207534e-04,9.139800459788e-06
"                 325",1.115412500320e-01,6.378970628586e+00,-6.455689116576e-06,5.493310944252e-01,6.379807499510e+00,2.336507361032e-06,4.377898443932e-01,8.368709241986e-04,8.792196477608e-06
"                 326",1.114838001439e-01,6.380673137057e+00,-6.455333576987e-06,5.494093501240e-01,6.381509225488e+00,2.031630778963e-06,4.379255499801e-01,8.360884308939e-04,8.486964355949e-06
"                 327",1.114277560174e-01,6.382369052919e+00,-6.454916012227e-06,5.494875331626e-01,6.383204378257e+00,1.672513333967e-06,4.380597771452e-01,8.353253375833e-04,8.127429346195e-06
"                 328",1.113728431941e-01,6.384055333453e+00,-6.454623210229e-06,5.495653305007e-01,6.384889873987e+00,1.305873399431e-06,4.381924873066e-01,8.345405343186e-04,7.760496609661e-06
"                 329",1.113187615218e-01,6.385730736038e+00,-6.454532077979e-06,5.496424746389e-01,6.386564500692e+00,9.318124540477e-07,4.383237131171e-01,8.337646547868e-04,7.386344532027e-06
"                 330",1.112653617045e-01,6.387393231947e+00,-6.454615703819e-06,5.497187923636e-01,6.388226220291e+00,5.796050554484e-07,4.384534306592e-01,8.329883444201e-04,7.034220759268e-06
"                 331",1.112126790016e-01,6.389044597029e+00,-6.454722776640e-06,5.497943933773e-01,6.389876823767e+00,2.101689755496e-07,4.385817143757e-01,8.322267375549e-04,6.664891752190e-06
"                 332",1.111607323413e-01,6.390684406507e+00,-6.454762500856e-06,5.498692742300e-01,6.391515839798e+00,-1.011536684629e-07,4.387085418887e-01,8.314332911738e-04,6.353608832393e-06
"                 333",1.111095934398e-01,6.392314633657e+00,-6.454785314931e-06,5.499435545853e-01,6.393145256897e+00,-4.654082146973e-07,4.388339611454e-01,8.306232399102e-04,5.989377100233e-06
"                 334",1.110592446018e-01,6.393934643442e+00,-6.454831422094e-06,5.500172097567e-01,6.394764395434e+00,-8.194311103947e-07,4.389579651549e-01,8.297519920168e-04,5.635400311699e-06
"                 335",1.110096146532e-01,6.395545471403e+00,-6.454887422531e-06,5.500902407870e-01,6.396374304573e+00,-1.158777223974e-06,4.390806261339e-01,8.288331707749e-04,5.296110198557e-06
"                 336",1.109606560440e-01,6.397146084994e+00,-6.455002855257e-06,5.501625985833e-01,6.397973962876e+00,-1.501834345476e-06,4.392019425392e-01,8.278778822523e-04,4.953168509780e-06
"                 337",1.109124191601e-01,6.398738487861e+00,-6.455334525301e-06,5.502343870570e-01,6.399565468134e+00,-1.865153658567e-06,4.393219678968e-01,8.269802727932e-04,4.590180866734e-06
"                 338",1.108649211423e-01,6.400321297670e+00,-6.455762895733e-06,5.503056020277e-01,6.401147455861e+00,-2.135542966899e-06,4.394406808854e-01,8.261581913694e-04,4.320219928833e-06
"                 339",1.108180346213e-01,6.401894134767e+00,-6.456375325418e-06,5.503761299292e-01,6.402719481136e+00,-2.462508517692e-06,4.395580953079e-01,8.253463691897e-04,3.993866807726e-06
"                 340",1.107732665892e-01,6.403444556600e+00,-6.457063062034e-06,5.504474605881e-01,6.404269025103e+00,-2.800131328838e-06,4.396741939989e-01,8.244685034533e-04,3.656931733196e-06
"                 341",1.107283560275e-01,6.404988944688e+00,-6.457708422639e-06,5.505173973963e-01,6.405812484436e+00,-3.123104190559e-06,4.397890413687e-01,8.235397480723e-04,3.334604232079e-06
"                 342",1.106826250019e-01,6.406534945427e+00,-6.458241374634e-06,5.505852653573e-01,6.407357492989e+00,-3.378554112852e-06,4.399026403554e-01,8.225475612781e-04,3.079687261781e-06
"                 343",1.106372104623e-01,6.408078627172e+00,-6.458694205558e-06,5.506522469314e-01,6.408900165953e+00,-3.677884240809e-06,4.400150364691e-01,8.215387809961e-04,2.780809964749e-06
"                 344",1.105903498095e-01,6.409622019056e+00,-6.459102596755e-06,5.507165651946e-01,6.410442549893e+00,-4.018639525092e-06,4.401262153851e-01,8.205308370706e-04,2.440463071664e-06
"                 345",1.105455589751e-01,6.411145239042e+00,-6.459498588264e-06,5.507817630467e-01,6.411964779462e+00,-4.331679590905e-06,4.402362040717e-01,8.195404203326e-04,2.127818997359e-06
"                 346",1.105042980703e-01,6.412641778422e+00,-6.459919727134e-06,5.508493001764e-01,6.413460344984e+00,-4.576446204606e-06,4.403450021061e-01,8.185665624082e-04,1.883473522528e-06
"                 347",1.104628283905e-01,6.414140064901e+00,-6.460465790620e-06,5.509154671504e-01,6.414957691154e+00,-4.895914025886e-06,4.404526387599e-01,8.176262524299e-04,1.564551764734e-06
"                 348",1.104207293407e-01,6.415640929431e+00,-6.461107284111e-06,5.509798131789e-01,6.416457585955e+00,-5.225498203153e-06,4.405590838382e-01,8.166565242559e-04,1.235609080958e-06
"                 349",1.103766381822e-01,6.417144428451e+00,-6.461702056219e-06,5.510410077195e-01,6.417960095498e+00,-5.547598064311e-06,4.406643695372e-01,8.156670474381e-04,9.141039919080e-07
"                 350",1.103347842263e-01,6.418619377568e+00,-6.462263614944e-06,5.511032879833e-01,6.419434044111e+00,-5.852981783183e-06,4.407685037570e-01,8.146665426919e-04,6.092818317604e-07
"                 351",1.102952475673e-01,6.420065702068e+00,-6.462780313898e-06,5.511667952449e-01,6.420879406356e+00,-6.198865862912e-06,4.408715476776e-01,8.137042883273e-04,2.639144509867e-07
"                 352",1.102560991616e-01,6.421498073975e+00,-6.463086272014e-06,5.512295904830e-01,6.422310831096e+00,-6.505847571923e-06,4.409734913214e-01,8.127571214900e-04,-4.276129990906e-08
"                 353",1.102158539458e-01,6.422928353537e+00,-6.463181839270e-06,5.512902172063e-01,6.423740204815e+00,-6.821703827937e-06,4.410743632604e-01,8.118512782939e-04,-3.585219886676e-07
"                 354",1.101745386336e-01,6.424351810023e+00,-6.463174729774e-06,5.513487075305e-01,6.425162788906e+00,-7.126208938295e-06,4.411741688970e-01,8.109788838596e-04,-6.630342085214e-07
"                 355",1.101332694320e-01,6.425761209299e+00,-6.463077024059e-06,5.514062193900e-01,6.426571337283e+00,-7.429748245554e-06,4.412729499581e-01,8.101279837365e-04,-9.666712214951e-07
"                 356",1.100929116513e-01,6.427151927549e+00,-6.462947610282e-06,5.514635873961e-01,6.427961217681e+00,-7.708327019881e-06,4.413706757449e-01,8.092901315957e-04,-1.245379409598e-06
"                 357",1.100534632312e-01,6.428529217630e+00,-6.462802491362e-06,5.515208370470e-01,6.429337737999e+00,-7.991614796701e-06,4.414673738158e-01,8.085203691661e-04,-1.528812305339e-06
"                 358",1.100142973305e-01,6.429896733953e+00,-6.462566116435e-06,5.515773040179e-01,6.430704526928e+00,-8.235867123590e-06,4.415630066874e-01,8.077929747289e-04,-1.773301007155e-06
"                 359",1.099751052928e-01,6.431257191666e+00,-6.462390213236e-06,5.516326994709e-01,6.432064314815e+00,-8.492342523015e-06,4.416575941781e-01,8.071231492092e-04,-2.029952309779e-06
"                 360",1.099358361174e-01,6.432606927648e+00,-6.462301118524e-06,5.516869581268e-01,6.433413421918e+00,-8.693222631467e-06,4.417511220093e-01,8.064942708884e-04,-2.230921512943e-06
"                 361",1.098969504749e-01,6.433943494889e+00,-6.462114685372e-06,5.517405771356e-01,6.434749394875e+00,-8.904206974707e-06,4.418436266608e-01,8.058999860038e-04,-2.442092289335e-06
"                 362",1.098587796404e-01,6.435266166595e+00,-6.461681919433e-06,5.517939088678e-01,6.436071505556e+00,-9.083048451994e-06,4.419351292274e-01,8.053389608792e-04,-2.621366532561e-06
"                 363",1.098216579104e-01,6.436580802986e+00,-6.461069628370e-06,5.518473316752e-01,6.437385677726e+00,-9.251610449660e-06,4.420256737649e-01,8.048747399203e-04,-2.790540821290e-06
"                 364",1.097851901582e-01,6.437889812847e+00,-6.460214560353e-06,5.519003953414e-01,6.438694295375e+00,-9.381153091653e-06,4.421152051832e-01,8.044825277382e-04,-2.920938531300e-06
"                 365",1.097489366469e-01,6.439197322222e+00,-6.459305223632e-06,5.519526629546e-01,6.440001461640e+00,-9.545001019184e-06,4.422037263077e-01,8.041394175559e-04,-3.085695795552e-06
"                 366",1.097142781759e-01,6.440494110172e+00,-6.458527347740e-06,5.520055177304e-01,6.441297924835e+00,-9.663861964002e-06,4.422912395546e-01,8.038146622887e-04,-3.205334616261e-06
"                 367",1.096810027118e-01,6.441784682092e+00,-6.457979684290e-06,5.520587779336e-01,6.442588183775e+00,-9.781850257934e-06,4.423777752218e-01,8.035016822085e-04,-3.323870573645e-06
"                 368",1.096472231910e-01,6.443082583523e+00,-6.457660386547e-06,5.521105505498e-01,6.443885759198e+00,-9.895909386206e-06,4.424633273588e-01,8.031756748596e-04,-3.438248999659e-06
"                 369",1.096149631653e-01,6.444373994871e+00,-6.457600644362e-06,5.521629144058e-01,6.445176833422e+00,-1.002230562563e-05,4.425479512405e-01,8.028385509602e-04,-3.564704981266e-06
"                 370",1.095817295433e-01,6.445667658002e+00,-6.457799190155e-06,5.522133780910e-01,6.446470129067e+00,-1.010659588588e-05,4.426316485478e-01,8.024710651100e-04,-3.648796695730e-06
"                 371",1.095502087508e-01,6.446949101027e+00,-6.458225002778e-06,5.522646732985e-01,6.447751176830e+00,-1.021676879593e-05,4.427144645477e-01,8.020758028631e-04,-3.758543793153e-06
"                 372",1.095180272691e-01,6.448229802163e+00,-6.458947295185e-06,5.523144176033e-01,6.449031472754e+00,-1.036290730718e-05,4.427963903342e-01,8.016705902802e-04,-3.903960011991e-06
"                 373",1.094863687984e-01,6.449508766360e+00,-6.459789877332e-06,5.523638155320e-01,6.450310029265e+00,-1.046412613635e-05,4.428774467336e-01,8.012629054606e-04,-4.004336259019e-06
"                 374",1.094565164372e-01,6.450784708839e+00,-6.460580359400e-06,5.524141574306e-01,6.451585542158e+00,-1.057066541817e-05,4.429576409934e-01,8.008333184125e-04,-4.110085058772e-06
"                 375",1.094283524089e-01,6.452057302672e+00,-6.461228950242e-06,5.524654026923e-01,6.452857718044e+00,-1.069579999785e-05,4.430370502834e-01,8.004153721866e-04,-4.234571047613e-06
"                 376",1.094007581688e-01,6.453324873611e+00,-6.461803063185e-06,5.525164368519e-01,6.454124892354e+00,-1.079767023495e-05,4.431156786831e-01,8.000187430332e-04,-4.335867171765e-06
"                 377",1.093732614508e-01,6.454590691780e+00,-6.462265774388e-06,5.525667611782e-01,6.455390336806e+00,-1.091409970424e-05,4.431934997274e-01,7.996450253129e-04,-4.451833929849e-06
"                 378",1.093462802707e-01,6.455855928670e+00,-6.462573488229e-06,5.526167594350e-01,6.456655175058e+00,-1.102698217582e-05,4.432704791643e-01,7.992463884930e-04,-4.564408687586e-06
"                 379",1.093208075409e-01,6.457123232654e+00,-6.462920579294e-06,5.526674919239e-01,6.457922059102e+00,-1.114926777294e-05,4.433466843831e-01,7.988264480978e-04,-4.686347193650e-06
"                 380",1.092968607177e-01,6.458387281359e+00,-6.463313189341e-06,5.527189972025e-01,6.459185646915e+00,-1.123796275006e-05,4.434221364848e-01,7.983655557514e-04,-4.774649560720e-06
"                 381",1.092727017028e-01,6.459635578220e+00,-6.463682597589e-06,5.527695013089e-01,6.460433466050e+00,-1.134861978680e-05,4.434967996061e-01,7.978878298652e-04,-4.884937189212e-06
"                 382",1.092487375113e-01,6.460859829499e+00,-6.464083677710e-06,5.528193809383e-01,6.461657218664e+00,-1.145297932505e-05,4.435706434271e-01,7.973891645038e-04,-4.988895647336e-06
"                 383",1.092251534881e-01,6.462081367586e+00,-6.464333299804e-06,5.528688905695e-01,6.462878279559e+00,-1.151318055097e-05,4.436437370814e-01,7.969119728110e-04,-5.048847251165e-06
"                 384",1.092029805487e-01,6.463318146058e+00,-6.464582218127e-06,5.529190600793e-01,6.464114602325e+00,-1.155915838357e-05,4.437160795306e-01,7.964562672507e-04,-5.094576165447e-06
"                 385",1.091794406702e-01,6.464567381268e+00,-6.464672688755e-06,5.529670980994e-01,6.465363433296e+00,-1.159589984393e-05,4.437876574292e-01,7.960520277373e-04,-5.131227155172e-06
"                 386",1.091558655392e-01,6.465799686071e+00,-6.464779893483e-06,5.530143303758e-01,6.466595336384e+00,-1.167257528706e-05,4.438584648366e-01,7.956503130412e-04,-5.207795393578e-06
"                 387",1.091345640749e-01,6.467016523271e+00,-6.464624435220e-06,5.530631743523e-01,6.467811773267e+00,-1.169348199317e-05,4.439286102774e-01,7.952499964846e-04,-5.228857557952e-06
"                 388",1.091160504682e-01,6.468237913958e+00,-6.464510755272e-06,5.531141625232e-01,6.469032742559e+00,-1.168814627461e-05,4.439981120550e-01,7.948286018290e-04,-5.223635519334e-06
"                 389",1.090985568749e-01,6.469467315291e+00,-6.464210450750e-06,5.531655563882e-01,6.470261720318e+00,-1.171879500836e-05,4.440669995132e-01,7.944050268818e-04,-5.254584557614e-06
"                 390",1.090795291171e-01,6.470683061513e+00,-6.464055043591e-06,5.532147729355e-01,6.471477067837e+00,-1.173139026450e-05,4.441352438184e-01,7.940063246866e-04,-5.267335220910e-06
"                 391",1.090592641867e-01,6.471882596317e+00,-6.463700591895e-06,5.532620914156e-01,6.472676229092e+00,-1.173372227657e-05,4.442028272289e-01,7.936327753340e-04,-5.270021684670e-06
"                 392",1.090386779839e-01,6.473072130489e+00,-6.463487342737e-06,5.533084016332e-01,6.473865403731e+00,-1.176997102183e-05,4.442697236493e-01,7.932732429309e-04,-5.306483679098e-06
"                 393",1.090194692199e-01,6.474257130140e+00,-6.463229729256e-06,5.533554048558e-01,6.475050105226e+00,-1.177941999857e-05,4.443359356359e-01,7.929750865751e-04,-5.316190269311e-06
"                 394",1.089992919161e-01,6.475449110217e+00,-6.463101738613e-06,5.534007335041e-01,6.476241851043e+00,-1.177386039553e-05,4.444014415880e-01,7.927408258998e-04,-5.310758656919e-06
"                 395",1.089789386969e-01,6.476630989047e+00,-6.462882337093e-06,5.534452277792e-01,6.477423544073e+00,-1.179465101243e-05,4.444662890822e-01,7.925550253676e-04,-5.331768675337e-06
"                 396",1.089594292811e-01,6.477794839617e+00,-6.462772512447e-06,5.534899551101e-01,6.478587222115e+00,-1.184662434044e-05,4.445305258289e-01,7.923824980986e-04,-5.383851827995e-06
"                 397",1.089411160063e-01,6.478948270725e+00,-6.462533361015e-06,5.535353089643e-01,6.479740486835e+00,-1.186585060434e-05,4.445941929580e-01,7.922161098269e-04,-5.403317243327e-06
"                 398",1.089219136139e-01,6.480087178308e+00,-6.462460205210e-06,5.535791447550e-01,6.480879194756e+00,-1.188604863617e-05,4.446572311411e-01,7.920164480051e-04,-5.423588430962e-06
"                 399",1.089006433853e-01,6.481212520864e+00,-6.462205271653e-06,5.536202478021e-01,6.482004280035e+00,-1.192547317379e-05,4.447196044169e-01,7.917591704394e-04,-5.463267902138e-06
"                 400",1.088787923572e-01,6.482331298817e+00,-6.462086536966e-06,5.536600667636e-01,6.483122708039e+00,-1.199959767855e-05,4.447812744064e-01,7.914092226986e-04,-5.537511141587e-06
"                 401",1.088579456679e-01,6.483448523428e+00,-6.461858483337e-06,5.537002336193e-01,6.484239550640e+00,-1.204015852423e-05,4.448422879514e-01,7.910272122208e-04,-5.578300040898e-06
"                 402",1.088386198058e-01,6.484564485846e+00,-6.461745532633e-06,5.537412495715e-01,6.485355158918e+00,-1.206399599365e-05,4.449026297657e-01,7.906730717823e-04,-5.602250461016e-06
"                 403",1.088190434119e-01,6.485667193124e+00,-6.461441844665e-06,5.537813179232e-01,6.486457590875e+00,-1.207689643374e-05,4.449622745113e-01,7.903977509509e-04,-5.615454589077e-06
"                 404",1.088004327954e-01,6.486737495760e+00,-6.461285546727e-06,5.538216175134e-01,6.487527655390e+00,-1.212497555484e-05,4.450211847180e-01,7.901596298990e-04,-5.663690008109e-06
"                 405",1.087797574869e-01,6.487802425780e+00,-6.460970506608e-06,5.538591684128e-01,6.488592347709e+00,-1.213874494581e-05,4.450794109260e-01,7.899219291461e-04,-5.677774439200e-06
"                 406",1.087577218837e-01,6.488876077106e+00,-6.460801101039e-06,5.538946530839e-01,6.489665703257e+00,-1.218505927136e-05,4.451369312002e-01,7.896261506541e-04,-5.724258170322e-06
"                 407",1.087357414538e-01,6.489957601618e+00,-6.460530089633e-06,5.539294728771e-01,6.490746889131e+00,-1.219539465074e-05,4.451937314233e-01,7.892875136711e-04,-5.734864561105e-06
"                 408",1.087155029613e-01,6.491033186877e+00,-6.460531682322e-06,5.539652797390e-01,6.491822116223e+00,-1.221523263912e-05,4.452497767777e-01,7.889293464535e-04,-5.754700956801e-06
"                 409",1.087000336217e-01,6.492090292226e+00,-6.460443981191e-06,5.540052024873e-01,6.492878917446e+00,-1.225007065075e-05,4.453051688656e-01,7.886252197900e-04,-5.789626669562e-06
"                 410",1.086851077381e-01,6.493145671459e+00,-6.460459483195e-06,5.540451308105e-01,6.493934050295e+00,-1.227195760812e-05,4.453600230723e-01,7.883788359722e-04,-5.811498124923e-06
"                 411",1.086669449007e-01,6.494204895682e+00,-6.460415506516e-06,5.540813362781e-01,6.494993070928e+00,-1.227686440428e-05,4.454143913774e-01,7.881752456041e-04,-5.816448897762e-06
"                 412",1.086450456535e-01,6.495252792708e+00,-6.460492712474e-06,5.541132532646e-01,6.496040746392e+00,-1.230505410985e-05,4.454682076111e-01,7.879536837211e-04,-5.844561397380e-06
"                 413",1.086215585683e-01,6.496276773597e+00,-6.460487689313e-06,5.541430087188e-01,6.497064472370e+00,-1.233724071792e-05,4.455214501505e-01,7.876987735682e-04,-5.876753028612e-06
"                 414",1.085986744716e-01,6.497278413323e+00,-6.460603488695e-06,5.541727617278e-01,6.498065806834e+00,-1.234766312690e-05,4.455740872562e-01,7.873935107288e-04,-5.887059638203e-06
"                 415",1.085770650633e-01,6.498272808597e+00,-6.460684020587e-06,5.542032103840e-01,6.499059877735e+00,-1.235700107007e-05,4.456261453207e-01,7.870691373557e-04,-5.896317049487e-06
"                 416",1.085559202836e-01,6.499270857499e+00,-6.460926372025e-06,5.542335327881e-01,6.500057582336e+00,-1.240673393150e-05,4.456776125044e-01,7.867248370989e-04,-5.945807559471e-06
"                 417",1.085344323862e-01,6.500272939178e+00,-6.461073522062e-06,5.542630002571e-01,6.501059330930e+00,-1.242696249208e-05,4.457285678709e-01,7.863917525501e-04,-5.965888970015e-06
"                 418",1.085130409283e-01,6.501274503721e+00,-6.461355616845e-06,5.542920840502e-01,6.502060568239e+00,-1.244702083285e-05,4.457790431219e-01,7.860645187376e-04,-5.985665216008e-06
"                 419",1.084925965317e-01,6.502272501065e+00,-6.461548808036e-06,5.543216892165e-01,6.503058286776e+00,-1.247118653364e-05,4.458290926848e-01,7.857857112465e-04,-6.009637725608e-06
"                 420",1.084731189641e-01,6.503263367998e+00,-6.461951771881e-06,5.543518424538e-01,6.504048910537e+00,-1.249628671224e-05,4.458787234897e-01,7.855425393205e-04,-6.034334940363e-06
"                 421",1.084528672811e-01,6.504251281452e+00,-6.462237627418e-06,5.543808014850e-01,6.505036620039e+00,-1.249473234611e-05,4.459279342039e-01,7.853385878234e-04,-6.032494718687e-06
"                 422",1.084325855346e-01,6.505231423514e+00,-6.462652549320e-06,5.544092369812e-01,6.506016550871e+00,-1.250607207456e-05,4.459766514465e-01,7.851273567697e-04,-6.043419525244e-06
"                 423",1.084129378769e-01,6.506202204060e+00,-6.462979457474e-06,5.544377937899e-01,6.506987090893e+00,-1.248874969161e-05,4.460248559129e-01,7.848868335656e-04,-6.025770234136e-06
"                 424",1.083939720426e-01,6.507167229819e+00,-6.463522803218e-06,5.544665279188e-01,6.507951871402e+00,-1.248104766643e-05,4.460725558762e-01,7.846415839421e-04,-6.017524863213e-06
"                 425",1.083753452137e-01,6.508130746604e+00,-6.463906992590e-06,5.544951313461e-01,6.508915211835e+00,-1.244556615532e-05,4.461197861325e-01,7.844652309296e-04,-5.981659162735e-06
"                 426",1.083567146432e-01,6.509091161951e+00,-6.464405106954e-06,5.545232130778e-01,6.509875490485e+00,-1.239088713803e-05,4.461664984346e-01,7.843285344904e-04,-5.926482031081e-06
"                 427",1.083380478934e-01,6.510045989548e+00,-6.464797689767e-06,5.545507522561e-01,6.510830210936e+00,-1.235437953450e-05,4.462127043626e-01,7.842213879977e-04,-5.889581844735e-06
"                 428",1.083194370362e-01,6.510992311639e+00,-6.465268926447e-06,5.545778749456e-01,6.511776430454e+00,-1.232988642063e-05,4.462584379094e-01,7.841188151935e-04,-5.864617494179e-06
"                 429",1.083010282158e-01,6.511930467271e+00,-6.465600134096e-06,5.546047702375e-01,6.512714492461e+00,-1.226632132205e-05,4.463037420217e-01,7.840251909063e-04,-5.800721187952e-06
"                 430",1.082828593168e-01,6.512860677984e+00,-6.466072305923e-06,5.546314432016e-01,6.513644597255e+00,-1.222866500782e-05,4.463485838848e-01,7.839192713670e-04,-5.762592701898e-06
"                 431",1.082650077150e-01,6.513784775386e+00,-6.466403700304e-06,5.546579724049e-01,6.514568586198e+00,-1.217227147445e-05,4.463929646899e-01,7.838108119167e-04,-5.705867774149e-06
"                 432",1.082473521691e-01,6.514701351885e+00,-6.466945065672e-06,5.546842331928e-01,6.515485024899e+00,-1.210143174771e-05,4.464368810237e-01,7.836730139653e-04,-5.634486682037e-06
"                 433",1.082296633115e-01,6.515609362768e+00,-6.467414001484e-06,5.547100138801e-01,6.516392885639e+00,-1.201063810866e-05,4.464803505686e-01,7.835228713052e-04,-5.543224107174e-06
"                 434",1.082119907919e-01,6.516508583800e+00,-6.468084482540e-06,5.547353337656e-01,6.517292031580e+00,-1.194482288410e-05,4.465233429737e-01,7.834477801049e-04,-5.476738401558e-06
"                 435",1.081944962827e-01,6.517401346300e+00,-6.468629783814e-06,5.547603766734e-01,6.518184840962e+00,-1.185181692203e-05,4.465658803908e-01,7.834946619422e-04,-5.383187138219e-06
"                 436",1.081773036732e-01,6.518287448611e+00,-6.469397259954e-06,5.547852593294e-01,6.519071091804e+00,-1.174331183642e-05,4.466079556562e-01,7.836431924754e-04,-5.273914576469e-06
"                 437",1.081603795328e-01,6.519166769882e+00,-6.470119970116e-06,5.548099782507e-01,6.519950654764e+00,-1.164273452529e-05,4.466495987179e-01,7.838848825366e-04,-5.172614555170e-06
"                 438",1.081439547376e-01,6.520041223276e+00,-6.471086706006e-06,5.548347340523e-01,6.520825386045e+00,-1.153545083388e-05,4.466907793147e-01,7.841627683642e-04,-5.064364127876e-06
"                 439",1.081285021307e-01,6.520916516048e+00,-6.471928391744e-06,5.548599825629e-01,6.521700994347e+00,-1.137647080941e-05,4.467314804322e-01,7.844782986343e-04,-4.904542417667e-06
"                 440",1.081142226847e-01,6.521794159916e+00,-6.472924477440e-06,5.548859161606e-01,6.522578957336e+00,-1.122218849197e-05,4.467716934759e-01,7.847974193562e-04,-4.749264014527e-06
"                 441",1.081002866789e-01,6.522667531583e+00,-6.473790638962e-06,5.549117820955e-01,6.523452611494e+00,-1.106554669230e-05,4.468114954166e-01,7.850799102611e-04,-4.591756053342e-06
"                 442",1.080861590720e-01,6.523530900518e+00,-6.474775972446e-06,5.549370592367e-01,6.524316199083e+00,-1.091252388939e-05,4.468509001647e-01,7.852985641191e-04,-4.437747916943e-06
"                 443",1.080718163163e-01,6.524384352578e+00,-6.475623647663e-06,5.549617576813e-01,6.525169825807e+00,-1.075493030854e-05,4.468899413649e-01,7.854732291369e-04,-4.279306660873e-06
"                 444",1.080571637317e-01,6.525227411466e+00,-6.476477002782e-06,5.549857649185e-01,6.526013020447e+00,-1.062825183674e-05,4.469286011868e-01,7.856089816201e-04,-4.151774833956e-06
"                 445",1.080423597227e-01,6.526062302647e+00,-6.477174450468e-06,5.550092471566e-01,6.526848050453e+00,-1.049348727006e-05,4.469668874338e-01,7.857478059990e-04,-4.016312819596e-06
"                 446",1.080274002349e-01,6.526888754134e+00,-6.477889703331e-06,5.550321648137e-01,6.527674641062e+00,-1.033791271372e-05,4.470047645788e-01,7.858869280121e-04,-3.860023010391e-06
"                 447",1.080123108065e-01,6.527707215976e+00,-6.478504470964e-06,5.550545456781e-01,6.528493249290e+00,-1.019799230574e-05,4.470422348717e-01,7.860333144042e-04,-3.719487834775e-06
"                 448",1.079969741441e-01,6.528516969063e+00,-6.479140452789e-06,5.550762462481e-01,6.529303126548e+00,-1.007454380818e-05,4.470792721039e-01,7.861574847700e-04,-3.595403355394e-06
"                 449",1.079814307534e-01,6.529319618364e+00,-6.479630847636e-06,5.550973457667e-01,6.530105921986e+00,-9.931976312157e-06,4.471159150134e-01,7.863036215049e-04,-3.452345464521e-06
"                 450",1.079656140313e-01,6.530113741420e+00,-6.480025301733e-06,5.551177803360e-01,6.530900224638e+00,-9.763749736179e-06,4.471521663047e-01,7.864832182219e-04,-3.283724434446e-06
"                 451",1.079494881100e-01,6.530898688268e+00,-6.480316384033e-06,5.551375375400e-01,6.531685399491e+00,-9.605704614265e-06,4.471880494300e-01,7.867112236056e-04,-3.125388230232e-06
"                 452",1.079331093855e-01,6.531672649048e+00,-6.480529214664e-06,5.551566386654e-01,6.532459596886e+00,-9.433252715098e-06,4.472235292799e-01,7.869478384188e-04,-2.952723500434e-06
"                 453",1.079167493061e-01,6.532438141162e+00,-6.480712392833e-06,5.551753799964e-01,6.533225354666e+00,-9.233419140835e-06,4.472586306903e-01,7.872135040117e-04,-2.752706748002e-06
"                 454",1.079007984841e-01,6.533199156960e+00,-6.480897432672e-06,5.551941305158e-01,6.533986654061e+00,-9.064053006069e-06,4.472933320317e-01,7.874971015789e-04,-2.583155573396e-06
"                 455",1.078855138873e-01,6.533959414729e+00,-6.481063416921e-06,5.552131791171e-01,6.534747244415e+00,-8.875615830559e-06,4.473276652298e-01,7.878296856509e-04,-2.394552413638e-06
"                 456",1.078708376370e-01,6.534718385802e+00,-6.481195057482e-06,5.552324797451e-01,6.535506578813e+00,-8.639512703883e-06,4.473616421080e-01,7.881930111729e-04,-2.158317646401e-06
"                 457",1.078566978566e-01,6.535474785254e+00,-6.481311208929e-06,5.552519925181e-01,6.536263384381e+00,-8.476900309495e-06,4.473952946615e-01,7.885991271894e-04,-1.995589100565e-06
"                 458",1.078429648858e-01,6.536225569590e+00,-6.481407005945e-06,5.552715812477e-01,6.537014575680e+00,-8.307609645407e-06,4.474286163619e-01,7.890060902457e-04,-1.826202639462e-06
"                 459",1.078296372045e-01,6.536970390813e+00,-6.481447437584e-06,5.552912706822e-01,6.537759796712e+00,-8.139676278836e-06,4.474616334777e-01,7.894058991264e-04,-1.658228841252e-06
"                 460",1.078168025848e-01,6.537710194987e+00,-6.481422562291e-06,5.553111284332e-01,6.538499958156e+00,-7.998129453088e-06,4.474943258484e-01,7.897631683359e-04,-1.516706890797e-06
"                 461",1.078045260403e-01,6.538447806830e+00,-6.481396028203e-06,5.553312303162e-01,6.539237905497e+00,-7.855704746363e-06,4.475267042759e-01,7.900986674425e-04,-1.374308718160e-06
"                 462",1.077927653239e-01,6.539182989694e+00,-6.481393105019e-06,5.553515259761e-01,6.539973374191e+00,-7.702076463014e-06,4.475587606522e-01,7.903844971920e-04,-1.220683357995e-06
"                 463",1.077814706351e-01,6.539916220134e+00,-6.481379434860e-06,5.553720299602e-01,6.540706855455e+00,-7.560023168279e-06,4.475905593251e-01,7.906353215439e-04,-1.078643733419e-06
"                 464",1.077706639118e-01,6.540647602266e+00,-6.481374282484e-06,5.553927778659e-01,6.541438431416e+00,-7.420696891483e-06,4.476221139541e-01,7.908291507519e-04,-9.393226089991e-07
"                 465",1.077605495372e-01,6.541379237397e+00,-6.481394774989e-06,5.554140058766e-01,6.542170238722e+00,-7.294476417737e-06,4.476534563394e-01,7.910013250846e-04,-8.130816427482e-07
"                 466",1.077508721297e-01,6.542109178076e+00,-6.481429754318e-06,5.554354256003e-01,6.542900330850e+00,-7.166622704857e-06,4.476845534706e-01,7.911527739950e-04,-6.851929505393e-07
"                 467",1.077413791027e-01,6.542835430224e+00,-6.481460718551e-06,5.554567647592e-01,6.543626739757e+00,-7.043189976708e-06,4.477153856565e-01,7.913095331067e-04,-5.617292581563e-07
"                 468",1.077319317750e-01,6.543556309993e+00,-6.481457524549e-06,5.554778385961e-01,6.544347754610e+00,-6.924248275683e-06,4.477459068211e-01,7.914446165697e-04,-4.427907511334e-07
"                 469",1.077223966556e-01,6.544272363336e+00,-6.481423048069e-06,5.554985401284e-01,6.545063966036e+00,-6.822764566064e-06,4.477761434729e-01,7.916026998613e-04,-3.413415179950e-07
"                 470",1.077129400330e-01,6.544985252602e+00,-6.481350713368e-06,5.555190089304e-01,6.545777010428e+00,-6.703696854909e-06,4.478060688974e-01,7.917578259358e-04,-2.223461415417e-07
"                 471",1.077038585544e-01,6.545697646621e+00,-6.481238322264e-06,5.555395679989e-01,6.546489566128e+00,-6.603651316892e-06,4.478357094445e-01,7.919195073435e-04,-1.224129946277e-07
"                 472",1.076951827123e-01,6.546409015050e+00,-6.481110212418e-06,5.555602367095e-01,6.547201087712e+00,-6.500285603458e-06,4.478650539972e-01,7.920726620362e-04,-1.917539103992e-08
"                 473",1.076870689841e-01,6.547120885202e+00,-6.480964776136e-06,5.555812077731e-01,6.547913137063e+00,-6.394711996708e-06,4.478941387890e-01,7.922518607717e-04,8.625277942760e-08
"                 474",1.076793461771e-01,6.547831126715e+00,-6.480817234862e-06,5.556022633720e-01,6.548623552785e+00,-6.276478988063e-06,4.479229171949e-01,7.924260698584e-04,2.043382467986e-07
"                 475",1.076711380386e-01,6.548532252531e+00,-6.480700306587e-06,5.556225313843e-01,6.549324874890e+00,-6.173880960650e-06,4.479513933457e-01,7.926223596700e-04,3.068193459368e-07
"                 476",1.076619835151e-01,6.549220395886e+00,-6.480555431025e-06,5.556415337756e-01,6.550013214992e+00,-6.078643658492e-06,4.479795502604e-01,7.928191065306e-04,4.019117725326e-07
"                 477",1.076522549644e-01,6.549899297650e+00,-6.480405197299e-06,5.556596689773e-01,6.550692350122e+00,-5.990273655274e-06,4.480074140129e-01,7.930524728084e-04,4.901315420244e-07
"                 478",1.076425374889e-01,6.550573679703e+00,-6.480247318550e-06,5.556774949502e-01,6.551366989626e+00,-5.876467927238e-06,4.480349574612e-01,7.933099224109e-04,6.037793913119e-07
"                 479",1.076330674970e-01,6.551245513547e+00,-6.480049990721e-06,5.556952708122e-01,6.552039103258e+00,-5.776184559467e-06,4.480622033152e-01,7.935897113747e-04,7.038654312545e-07
"                 480",1.076236707685e-01,6.551913282478e+00,-6.479908591708e-06,5.557127978655e-01,6.552707134550e+00,-5.682700958384e-06,4.480891270970e-01,7.938520724360e-04,7.972076333234e-07
"                 481",1.076142167149e-01,6.552576481406e+00,-6.479722138690e-06,5.557299669182e-01,6.553370604630e+00,-5.591182141484e-06,4.481157502033e-01,7.941232244626e-04,8.885399972069e-07
"                 482",1.076046577343e-01,6.553234224681e+00,-6.479541117251e-06,5.557467274544e-01,6.554028625664e+00,-5.485361760359e-06,4.481420697201e-01,7.944009832471e-04,9.941793568920e-07
"                 483",1.075950550735e-01,6.553886015999e+00,-6.479362295007e-06,5.557631857115e-01,6.554680728561e+00,-5.399704081145e-06,4.481681306380e-01,7.947125627521e-04,1.079658213862e-06
"                 484",1.075854468286e-01,6.554530640014e+00,-6.479172655925e-06,5.557793620482e-01,6.555325664461e+00,-5.301475411382e-06,4.481939152196e-01,7.950244474937e-04,1.177697244543e-06
"                 485",1.075757650870e-01,6.555168032971e+00,-6.478981076218e-06,5.557952133572e-01,6.555963385825e+00,-5.221376848050e-06,4.482194482702e-01,7.953528539546e-04,1.257604228168e-06
"                 486",1.075660276088e-01,6.555798817192e+00,-6.478795101365e-06,5.558107451079e-01,6.556594489882e+00,-5.107085071886e-06,4.482447174991e-01,7.956726904738e-04,1.371710029480e-06
"                 487",1.075564135281e-01,6.556424979003e+00,-6.478606772251e-06,5.558261622126e-01,6.557220988257e+00,-5.028004920086e-06,4.482697486844e-01,7.960092536785e-04,1.450601852165e-06
"                 488",1.075469291198e-01,6.557046150939e+00,-6.478475356924e-06,5.558414454677e-01,6.557842498116e+00,-4.959215944672e-06,4.482945163479e-01,7.963471768202e-04,1.519259412252e-06
"                 489",1.075375802604e-01,6.557662573305e+00,-6.478289605819e-06,5.558566290364e-01,6.558459303107e+00,-4.866497834330e-06,4.483190487760e-01,7.967298022956e-04,1.611791771489e-06
"                 490",1.075282305941e-01,6.558273028515e+00,-6.478227476756e-06,5.558715643742e-01,6.559070170752e+00,-4.794053702688e-06,4.483433337800e-01,7.971422370436e-04,1.684173774068e-06
"                 491",1.075189195734e-01,6.558878206222e+00,-6.478018264298e-06,5.558863217950e-01,6.559675787051e+00,-4.703797895313e-06,4.483674022216e-01,7.975808284527e-04,1.774220368985e-06
"                 492",1.075095816983e-01,6.559477623130e+00,-6.477969934899e-06,5.559008262733e-01,6.560275619755e+00,-4.652830333991e-06,4.483912445749e-01,7.979966249065e-04,1.825139600908e-06
"                 493",1.075001787095e-01,6.560071162238e+00,-6.477853063155e-06,5.559150543377e-01,6.560869547413e+00,-4.576010498151e-06,4.484148756282e-01,7.983851755505e-04,1.901842565004e-06
"                 494",1.074906246190e-01,6.560654246631e+00,-6.477832939245e-06,5.559289072768e-01,6.561452966568e+00,-4.523081145361e-06,4.484382826579e-01,7.987199368333e-04,1.954751793884e-06
"                 495",1.074808785690e-01,6.561235947257e+00,-6.477704628422e-06,5.559423680918e-01,6.562034958141e+00,-4.465842287329e-06,4.484614895228e-01,7.990108835190e-04,2.011862341093e-06
"                 496",1.074710955910e-01,6.561814718717e+00,-6.477661998341e-06,5.559555682210e-01,6.562613940996e+00,-4.397546147598e-06,4.484844726300e-01,7.992222793126e-04,2.080115850743e-06
"                 497",1.074614706390e-01,6.562387605499e+00,-6.477534303381e-06,5.559687421703e-01,6.563186995108e+00,-4.333371201172e-06,4.485072715313e-01,7.993896088519e-04,2.144163102208e-06
"                 498",1.074520543034e-01,6.562952964908e+00,-6.477557185702e-06,5.559819238436e-01,6.563752484976e+00,-4.281003903685e-06,4.485298695402e-01,7.995200679096e-04,2.196553282017e-06
"                 499",1.074428404205e-01,6.563512838029e+00,-6.477435850616e-06,5.559951321951e-01,6.564312496028e+00,-4.217216469744e-06,4.485522917746e-01,7.996579992261e-04,2.260219380871e-06
"                 500",1.074336807606e-01,6.564069025139e+00,-6.477450591481e-06,5.560082112106e-01,6.564868808634e+00,-4.147190003322e-06,4.485745304500e-01,7.997834944482e-04,2.330260588159e-06
"                 501",1.074246328269e-01,6.564623616776e+00,-6.477381616785e-06,5.560212644554e-01,6.565423555239e+00,-4.074143117700e-06,4.485966316285e-01,7.999384628568e-04,2.403238499085e-06
"                 502",1.074160006980e-01,6.565176789520e+00,-6.477436322853e-06,5.560345655768e-01,6.565976894233e+00,-4.028634366008e-06,4.486185648788e-01,8.001047130171e-04,2.448801956845e-06
"                 503",1.074081024007e-01,6.565728617110e+00,-6.477332483434e-06,5.560484158655e-01,6.566528900513e+00,-3.933995509338e-06,4.486403134648e-01,8.002834031631e-04,2.543336974096e-06
"                 504",1.074007789778e-01,6.566277504191e+00,-6.477393373167e-06,5.560626141022e-01,6.567077953824e+00,-3.873398611034e-06,4.486618351244e-01,8.004496336835e-04,2.603994762133e-06
"                 505",1.073939448836e-01,6.566824780161e+00,-6.477309621001e-06,5.560770693752e-01,6.567625410266e+00,-3.808277592867e-06,4.486831244916e-01,8.006301040883e-04,2.669032028134e-06
"                 506",1.073875382274e-01,6.567371777272e+00,-6.477370287307e-06,5.560916998743e-01,6.568172588509e+00,-3.727031239749e-06,4.487041616469e-01,8.008112370327e-04,2.750339047558e-06
"                 507",1.073812143358e-01,6.567916486091e+00,-6.477361918263e-06,5.561061912330e-01,6.568717484835e+00,-3.647089606688e-06,4.487249768972e-01,8.009987441192e-04,2.830272311575e-06
"                 508",1.073747652166e-01,6.568456859320e+00,-6.477566447574e-06,5.561203189892e-01,6.569258029575e+00,-3.552940461989e-06,4.487455537726e-01,8.011702552170e-04,2.924625985585e-06
"                 509",1.073684651053e-01,6.568994070862e+00,-6.477695318116e-06,5.561343914439e-01,6.569795416187e+00,-3.451904108068e-06,4.487659263386e-01,8.013453250220e-04,3.025791210049e-06
"                 510",1.073628414457e-01,6.569531523228e+00,-6.477971699221e-06,5.561489196083e-01,6.570333033705e+00,-3.359444449787e-06,4.487860781627e-01,8.015104767648e-04,3.118527249433e-06
"                 511",1.073581892709e-01,6.570072575680e+00,-6.478113918990e-06,5.561642214160e-01,6.570874257738e+00,-3.233021957123e-06,4.488060321451e-01,8.016820580586e-04,3.245091961867e-06
"                 512",1.073540554346e-01,6.570614959093e+00,-6.478273637414e-06,5.561798095821e-01,6.571416796518e+00,-3.109596119669e-06,4.488257541475e-01,8.018374242453e-04,3.368677517744e-06
"                 513",1.073499786418e-01,6.571154570509e+00,-6.478327720748e-06,5.561952319830e-01,6.571956568468e+00,-2.981566857077e-06,4.488452533412e-01,8.019979598289e-04,3.496760863671e-06
"                 514",1.073461765298e-01,6.571691527263e+00,-6.478432699937e-06,5.562107097143e-01,6.572493706714e+00,-2.880429500214e-06,4.488645331845e-01,8.021794514244e-04,3.598003199723e-06
"                 515",1.073430298554e-01,6.572228632246e+00,-6.478540658715e-06,5.562266372265e-01,6.573031038612e+00,-2.796067323073e-06,4.488836073711e-01,8.024063666576e-04,3.682473335643e-06
"                 516",1.073411805646e-01,6.572771573252e+00,-6.478667941752e-06,5.562436170957e-01,6.573574233215e+00,-2.710252268955e-06,4.489024365311e-01,8.026599629881e-04,3.768415672797e-06
"                 517",1.073407589748e-01,6.573318827579e+00,-6.478724392852e-06,5.562618028729e-01,6.574121798274e+00,-2.635887012364e-06,4.489210438981e-01,8.029706951146e-04,3.842837380488e-06
"                 518",1.073399300877e-01,6.573856589619e+00,-6.478708497023e-06,5.562793852824e-01,6.574659873337e+00,-2.532929859557e-06,4.489394551947e-01,8.032837175430e-04,3.945778637466e-06
"                 519",1.073380198441e-01,6.574385800912e+00,-6.478608622561e-06,5.562957884079e-01,6.575189385677e+00,-2.459856995761e-06,4.489577685638e-01,8.035847650005e-04,4.018751626800e-06
"                 520",1.073355311627e-01,6.574909021885e+00,-6.478504047244e-06,5.563114844369e-01,6.575712877791e+00,-2.398205955290e-06,4.489759532742e-01,8.038559066548e-04,4.080298091954e-06
"                 521",1.073330710989e-01,6.575425797680e+00,-6.478453830018e-06,5.563270677636e-01,6.576229951977e+00,-2.333864119555e-06,4.489939966647e-01,8.041542971461e-04,4.144589710464e-06
"                 522",1.073306812825e-01,6.575934583231e+00,-6.478408439415e-06,5.563425375029e-01,6.576739053355e+00,-2.275429088065e-06,4.490118562204e-01,8.044701242481e-04,4.202979351350e-06
"                 523",1.073283473452e-01,6.576439264275e+00,-6.478412000081e-06,5.563579224495e-01,6.577244063544e+00,-2.231809397714e-06,4.490295751043e-01,8.047992691201e-04,4.246602602368e-06
"                 524",1.073254686601e-01,6.576940040916e+00,-6.478438975279e-06,5.563726338352e-01,6.577745122255e+00,-2.182435597524e-06,4.490471651750e-01,8.050813384532e-04,4.296003377754e-06
"                 525",1.073219635945e-01,6.577435985128e+00,-6.478299458278e-06,5.563865926768e-01,6.578241340095e+00,-2.143824881075e-06,4.490646290824e-01,8.053549669122e-04,4.334474577204e-06
"                 526",1.073182634524e-01,6.577924992338e+00,-6.478156295606e-06,5.564001544074e-01,6.578730609605e+00,-2.100093552745e-06,4.490818909550e-01,8.056172665151e-04,4.378062742861e-06
"                 527",1.073148185060e-01,6.578406106939e+00,-6.477956652883e-06,5.564137494008e-01,6.579211979113e+00,-2.057818849790e-06,4.490989308947e-01,8.058721741455e-04,4.420137803093e-06
"                 528",1.073111397140e-01,6.578876775892e+00,-6.477880332920e-06,5.564268805807e-01,6.579682866070e+00,-2.050447466178e-06,4.491157408666e-01,8.060901776467e-04,4.427432866742e-06
"                 529",1.073067068568e-01,6.579337202847e+00,-6.477771023966e-06,5.564390583488e-01,6.580143490775e+00,-2.020245270972e-06,4.491323514920e-01,8.062879286683e-04,4.457525752994e-06
"                 530",1.073015504619e-01,6.579790155408e+00,-6.477734358359e-06,5.564502892081e-01,6.580596607718e+00,-1.996522682394e-06,4.491487387462e-01,8.064523102960e-04,4.481211675965e-06
"                 531",1.072963355736e-01,6.580239315288e+00,-6.477632176937e-06,5.564612547434e-01,6.581045933303e+00,-1.958480749570e-06,4.491649191698e-01,8.066180141482e-04,4.519151427367e-06
"                 532",1.072912757794e-01,6.580683698239e+00,-6.477589797147e-06,5.564721727917e-01,6.581490472393e+00,-1.905116377664e-06,4.491808970124e-01,8.067741543490e-04,4.572473419483e-06
"                 533",1.072864953997e-01,6.581123584218e+00,-6.477568690137e-06,5.564832244975e-01,6.581930511837e+00,-1.857964112194e-06,4.491967290978e-01,8.069276182159e-04,4.619604577943e-06
"                 534",1.072817538813e-01,6.581559062349e+00,-6.477583811519e-06,5.564941993789e-01,6.582366126857e+00,-1.776346526390e-06,4.492124454976e-01,8.070645071943e-04,4.701237285129e-06
"                 535",1.072768833225e-01,6.581990322349e+00,-6.477667904967e-06,5.565049595447e-01,6.582797534546e+00,-1.729453500763e-06,4.492280762222e-01,8.072121973383e-04,4.748214404204e-06
"                 536",1.072718838828e-01,6.582417086932e+00,-6.477816987470e-06,5.565154545671e-01,6.583224464202e+00,-1.654640164367e-06,4.492435706843e-01,8.073772702129e-04,4.823176823103e-06
"                 537",1.072672101815e-01,6.582841979883e+00,-6.478005627688e-06,5.565261129404e-01,6.583649552423e+00,-1.616831926972e-06,4.492589027588e-01,8.075725392636e-04,4.861173700717e-06
"                 538",1.072630058079e-01,6.583265911021e+00,-6.478129910346e-06,5.565370451629e-01,6.584073686018e+00,-1.539958392631e-06,4.492740393550e-01,8.077749966769e-04,4.938171517715e-06
"                 539",1.072593941300e-01,6.583690452364e+00,-6.478366216921e-06,5.565484012034e-01,6.584498459094e+00,-1.493023729567e-06,4.492890070734e-01,8.080067298241e-04,4.985342487354e-06
"                 540",1.072560295726e-01,6.584114303898e+00,-6.478506837123e-06,5.565598351335e-01,6.584922565215e+00,-1.426907434646e-06,4.493038055609e-01,8.082613170701e-04,5.051599402477e-06
"                 541",1.072525941002e-01,6.584534854483e+00,-6.478820970276e-06,5.565710510329e-01,6.585343387886e+00,-1.356915393169e-06,4.493184569327e-01,8.085334027134e-04,5.121905577107e-06
"                 542",1.072488377349e-01,6.584948617317e+00,-6.479109179055e-06,5.565817849518e-01,6.585757385882e+00,-1.239771867198e-06,4.493329472168e-01,8.087685654618e-04,5.239337311857e-06
"                 543",1.072448381233e-01,6.585354800870e+00,-6.479571729681e-06,5.565921608206e-01,6.586163762101e+00,-1.156194918974e-06,4.493473226972e-01,8.089612317929e-04,5.323376810708e-06
"                 544",1.072406173380e-01,6.585753995305e+00,-6.479920023782e-06,5.566022090414e-01,6.586563089813e+00,-1.020563130069e-06,4.493615917034e-01,8.090945071405e-04,5.459356893713e-06
"                 545",1.072364178493e-01,6.586149432277e+00,-6.480282537821e-06,5.566122031998e-01,6.586958614774e+00,-9.143042137885e-07,4.493757853506e-01,8.091824970810e-04,5.565978324033e-06
"                 546",1.072324172608e-01,6.586543597643e+00,-6.480320715154e-06,5.566223067515e-01,6.587352791908e+00,-7.266868262596e-07,4.493898894908e-01,8.091942653043e-04,5.753633888894e-06
"                 547",1.072286916407e-01,6.586937372256e+00,-6.480475424932e-06,5.566326116914e-01,6.587746524273e+00,-6.151862146908e-07,4.494039200507e-01,8.091520168730e-04,5.865289210241e-06
"                 548",1.072251915639e-01,6.587329828893e+00,-6.480508104056e-06,5.566430243992e-01,6.588138899126e+00,-4.970037543323e-07,4.494178328353e-01,8.090702330119e-04,5.983504349723e-06
"                 549",1.072219072696e-01,6.587719806352e+00,-6.480603874876e-06,5.566535388969e-01,6.588528807908e+00,-4.014724013820e-07,4.494316316273e-01,8.090015559596e-04,6.079131473494e-06
"                 550",1.072185978345e-01,6.588105466660e+00,-6.480523204483e-06,5.566638957626e-01,6.588914413949e+00,-2.726335793418e-07,4.494452979281e-01,8.089472883873e-04,6.207889625141e-06
"                 551",1.072151911843e-01,6.588486658914e+00,-6.480368042112e-06,5.566740115298e-01,6.589295571461e+00,-1.701120551772e-07,4.494588203455e-01,8.089125466791e-04,6.310255986935e-06
"                 552",1.072116494012e-01,6.588863165755e+00,-6.480140203432e-06,5.566838138701e-01,6.589672062578e+00,-4.070435040281e-08,4.494721644689e-01,8.088968238697e-04,6.439435853029e-06
"                 553",1.072081749007e-01,6.589236420462e+00,-6.479857181853e-06,5.566935319785e-01,6.590045344503e+00,4.749486452723e-08,4.494853570778e-01,8.089240408638e-04,6.527352046380e-06
"                 554",1.072047610373e-01,6.589606296674e+00,-6.479437962687e-06,5.567031389984e-01,6.590415248232e+00,1.640538738755e-07,4.494983779611e-01,8.089515573284e-04,6.643491836563e-06
"                 555",1.072013523323e-01,6.589972657695e+00,-6.478960927748e-06,5.567126068024e-01,6.590781634105e+00,2.553372883807e-07,4.495112544701e-01,8.089764098333e-04,6.734298216129e-06
"                 556",1.071978105373e-01,6.590335076485e+00,-6.478474178268e-06,5.567218037506e-01,6.591144062422e+00,3.475600112167e-07,4.495239932133e-01,8.089859365643e-04,6.826034189485e-06
"                 557",1.071943083203e-01,6.590694943080e+00,-6.478061647438e-06,5.567309151471e-01,6.591503943928e+00,4.064421188507e-07,4.495366068268e-01,8.090008477408e-04,6.884503766289e-06
"                 558",1.071909726963e-01,6.591052982585e+00,-6.477607653834e-06,5.567400391187e-01,6.591861977504e+00,5.350739266197e-07,4.495490664224e-01,8.089949185905e-04,7.012681580454e-06
"                 559",1.071877628621e-01,6.591408158848e+00,-6.477278337575e-06,5.567491601903e-01,6.592217170076e+00,5.939336482434e-07,4.495613973283e-01,8.090112278927e-04,7.071211985819e-06
"                 560",1.071844541720e-01,6.591758440539e+00,-6.476939869391e-06,5.567580519480e-01,6.592567510187e+00,6.708015431846e-07,4.495735977760e-01,8.090696480786e-04,7.147741412576e-06
"                 561",1.071810430639e-01,6.592104538992e+00,-6.476771038104e-06,5.567667316263e-01,6.592913723334e+00,7.059432348059e-07,4.495856885624e-01,8.091843418878e-04,7.182714272910e-06
"                 562",1.071775435515e-01,6.592447629995e+00,-6.476418115882e-06,5.567751818133e-01,6.593256954714e+00,7.973540616200e-07,4.495976382618e-01,8.093247187744e-04,7.273772177502e-06
"                 563",1.071742518635e-01,6.592790063329e+00,-6.476177234805e-06,5.567836958899e-01,6.593599513974e+00,8.327084037484e-07,4.496094440264e-01,8.094506451110e-04,7.308885638553e-06
"                 564",1.071711720315e-01,6.593131854156e+00,-6.475849834444e-06,5.567922401507e-01,6.593941340267e+00,8.717616207882e-07,4.496210681192e-01,8.094861111720e-04,7.347611455232e-06
"                 565",1.071682868552e-01,6.593472451837e+00,-6.475576870519e-06,5.568008267011e-01,6.594281898843e+00,8.813296919599e-07,4.496325398459e-01,8.094470057366e-04,7.356906562479e-06
"                 566",1.071655196413e-01,6.593811475559e+00,-6.475286290004e-06,5.568093802091e-01,6.594620808301e+00,9.503326385524e-07,4.496438605678e-01,8.093327427656e-04,7.425618928556e-06
"                 567",1.071628263872e-01,6.594148746227e+00,-6.475009608605e-06,5.568179083142e-01,6.594957919440e+00,9.745761973650e-07,4.496550819270e-01,8.091732137014e-04,7.449585805970e-06
"                 568",1.071599356881e-01,6.594481361032e+00,-6.474697538307e-06,5.568261562856e-01,6.595290329247e+00,9.791254115934e-07,4.496662205975e-01,8.089682143132e-04,7.453822949900e-06
"                 569",1.071564720985e-01,6.594806570362e+00,-6.474361791086e-06,5.568338175382e-01,6.595615347960e+00,1.013568866878e-06,4.496773454398e-01,8.087775973994e-04,7.487930657964e-06
"                 570",1.071524436526e-01,6.595124404488e+00,-6.474147619191e-06,5.568408788047e-01,6.595933036903e+00,1.085198956856e-06,4.496884351520e-01,8.086324146313e-04,7.559346576047e-06
"                 571",1.071480518715e-01,6.595436241533e+00,-6.473876697803e-06,5.568475218129e-01,6.596244815814e+00,1.136908120669e-06,4.496994699415e-01,8.085742808107e-04,7.610784818472e-06
"                 572",1.071436562949e-01,6.595744340485e+00,-6.473730902980e-06,5.568540864495e-01,6.596552923218e+00,1.219351831298e-06,4.497104301546e-01,8.085827322684e-04,7.693082734278e-06
"                 573",1.071391336352e-01,6.596048995567e+00,-6.473452319102e-06,5.568604893340e-01,6.596857633845e+00,1.295369425826e-06,4.497213556988e-01,8.086382783812e-04,7.768821744928e-06
"                 574",1.071341379319e-01,6.596348698239e+00,-6.473315090299e-06,5.568663477397e-01,6.597157398310e+00,1.321562618918e-06,4.497322098078e-01,8.087000704932e-04,7.794877709217e-06
"                 575",1.071298805516e-01,6.596652260502e+00,-6.472955214412e-06,5.568728258554e-01,6.597461052390e+00,1.382449268117e-06,4.497429453037e-01,8.087918879751e-04,7.855404482529e-06
"                 576",1.071266952630e-01,6.596963365950e+00,-6.472567460146e-06,5.568802184509e-01,6.597772236454e+00,1.442673705390e-06,4.497535231879e-01,8.088705037065e-04,7.915241165536e-06
"                 577",1.071242770908e-01,6.597279421505e+00,-6.472151694105e-06,5.568882770278e-01,6.598088355755e+00,1.478181415602e-06,4.497639999370e-01,8.089342493533e-04,7.950333109707e-06
"                 578",1.071213419170e-01,6.597590011614e+00,-6.471731510109e-06,5.568957606240e-01,6.598398973091e+00,1.548294800421e-06,4.497744187070e-01,8.089614771001e-04,8.020026310530e-06
"                 579",1.071180620383e-01,6.597896128635e+00,-6.471388740402e-06,5.569028562417e-01,6.598705094993e+00,1.541663643583e-06,4.497847942034e-01,8.089663580014e-04,8.013052383985e-06
"                 580",1.071156833526e-01,6.598207234417e+00,-6.470937955728e-06,5.569107728023e-01,6.599016129243e+00,1.557847211381e-06,4.497950894497e-01,8.088948261981e-04,8.028785167109e-06
"                 581",1.071143764578e-01,6.598524583821e+00,-6.470622968785e-06,5.569196667994e-01,6.599333361064e+00,1.526222024718e-06,4.498052903416e-01,8.087772433704e-04,7.996844993503e-06
"                 582",1.071132156248e-01,6.598840974702e+00,-6.470167280874e-06,5.569285817006e-01,6.599649592982e+00,1.479514952835e-06,4.498153660757e-01,8.086182791078e-04,7.949682233708e-06
"                 583",1.071116329323e-01,6.599151455704e+00,-6.469792376831e-06,5.569369794618e-01,6.599959899915e+00,1.379563293209e-06,4.498253465295e-01,8.084442117588e-04,7.849355670040e-06
"                 584",1.071093889276e-01,6.599454978288e+00,-6.469262235523e-06,5.569446161504e-01,6.600263224186e+00,1.280405604168e-06,4.498352272228e-01,8.082458973069e-04,7.749667839691e-06
"                 585",1.071069118725e-01,6.599755318458e+00,-6.468841333747e-06,5.569519591996e-01,6.600563372289e+00,1.128177055774e-06,4.498450473270e-01,8.080538305751e-04,7.597018389522e-06
"                 586",1.071050731628e-01,6.600058902609e+00,-6.468275640968e-06,5.569598546467e-01,6.600866747978e+00,1.009591562728e-06,4.498547814839e-01,8.078453684078e-04,7.477867203696e-06
"                 587",1.071041131710e-01,6.600367345495e+00,-6.467762931378e-06,5.569685823382e-01,6.601175005618e+00,8.522435944375e-07,4.498644691672e-01,8.076601226727e-04,7.320006525816e-06
"                 588",1.071035250940e-01,6.600677345635e+00,-6.467052018993e-06,5.569776665346e-01,6.601484821733e+00,7.232475461700e-07,4.498741414407e-01,8.074760982142e-04,7.190299565163e-06
"                 589",1.071029372562e-01,6.600984725856e+00,-6.466333563710e-06,5.569867092443e-01,6.601792013352e+00,5.779796548503e-07,4.498837719881e-01,8.072874957498e-04,7.044313218560e-06
"                 590",1.071022165131e-01,6.601288220245e+00,-6.465590633327e-06,5.569955223884e-01,6.602095298119e+00,4.474835748706e-07,4.498933058753e-01,8.070778744465e-04,6.913074208198e-06
"                 591",1.071020717846e-01,6.601594622760e+00,-6.464822945862e-06,5.570047940208e-01,6.602401549623e+00,2.643022621063e-07,4.499027222362e-01,8.069268637505e-04,6.729125207969e-06
"                 592",1.071030306835e-01,6.601909454326e+00,-6.464095627328e-06,5.570150295884e-01,6.602716296467e+00,7.571835115675e-08,4.499119989049e-01,8.068421409349e-04,6.539813978484e-06
"                 593",1.071047391916e-01,6.602228876961e+00,-6.463479457093e-06,5.570259096949e-01,6.603035657218e+00,-1.609912546489e-07,4.499211705034e-01,8.067802576413e-04,6.302488202444e-06
"                 594",1.071065160615e-01,6.602546362995e+00,-6.462900213927e-06,5.570367195352e-01,6.603353063919e+00,-3.536155946488e-07,4.499302034737e-01,8.067009238381e-04,6.109284619278e-06
"                 595",1.071085237240e-01,6.602862252451e+00,-6.462415342253e-06,5.570475904085e-01,6.603668878655e+00,-5.735223963862e-07,4.499390666845e-01,8.066262035212e-04,5.888892945867e-06
"                 596",1.071104982120e-01,6.603175284958e+00,-6.461913676163e-06,5.570582409385e-01,6.603981813660e+00,-7.506552832243e-07,4.499477427265e-01,8.065287024612e-04,5.711258392938e-06
"                 597",1.071119829386e-01,6.603482806011e+00,-6.461453418348e-06,5.570682589892e-01,6.604289229715e+00,-9.036919293000e-07,4.499562760507e-01,8.064237037340e-04,5.557761489048e-06
"                 598",1.071127561891e-01,6.603783394702e+00,-6.461138321852e-06,5.570774204439e-01,6.604589674736e+00,-1.036923330905e-06,4.499646642547e-01,8.062800341348e-04,5.424214990947e-06
"                 599",1.071133112172e-01,6.604080364021e+00,-6.460969125925e-06,5.570862303188e-01,6.604886474734e+00,-1.180725396179e-06,4.499729191016e-01,8.061107137720e-04,5.280243729746e-06
"                 600",1.071140313846e-01,6.604376924575e+00,-6.460834261775e-06,5.570950434463e-01,6.605182865245e+00,-1.292812124292e-06,4.499810120616e-01,8.059406700730e-04,5.168022137483e-06
"                 601",1.071150626475e-01,6.604673626973e+00,-6.460860351390e-06,5.571039939597e-01,6.605479441318e+00,-1.442454747880e-06,4.499889313122e-01,8.058143446929e-04,5.018405603511e-06
"                 602",1.071160132399e-01,6.604967602793e+00,-6.460833069080e-06,5.571126868459e-01,6.605773304912e+00,-1.546412782715e-06,4.499966736059e-01,8.057021193605e-04,4.914420286366e-06
"                 603",1.071169557318e-01,6.605259453420e+00,-6.460939358157e-06,5.571212294434e-01,6.606065068286e+00,-1.698414123065e-06,4.500042737116e-01,8.056148662911e-04,4.762525235092e-06
"                 604",1.071180386622e-01,6.605550738947e+00,-6.460901928417e-06,5.571297579233e-01,6.606356239081e+00,-1.754946503130e-06,4.500117192611e-01,8.055001333262e-04,4.705955425287e-06
"                 605",1.071196714774e-01,6.605844497512e+00,-6.460977702478e-06,5.571387090696e-01,6.606649858313e+00,-1.881312452397e-06,4.500190375921e-01,8.053608009650e-04,4.579665250081e-06
"                 606",1.071214447843e-01,6.606137094124e+00,-6.460873697715e-06,5.571477054493e-01,6.606942275787e+00,-1.981327902132e-06,4.500262606650e-01,8.051816628472e-04,4.479545795583e-06
"                 607",1.071228094752e-01,6.606423964744e+00,-6.460785425983e-06,5.571562497200e-01,6.607228966981e+00,-2.126637132087e-06,4.500334402449e-01,8.050022378939e-04,4.334148293895e-06
"                 608",1.071235731026e-01,6.606703223878e+00,-6.460570825214e-06,5.571641160046e-01,6.607508042650e+00,-2.223141471542e-06,4.500405429020e-01,8.048187721384e-04,4.237429353672e-06
"                 609",1.071241512411e-01,6.606978304513e+00,-6.460375037053e-06,5.571717199796e-01,6.607782938139e+00,-2.345454500952e-06,4.500475687385e-01,8.046336256265e-04,4.114920536101e-06
"                 610",1.071248886631e-01,6.607252365452e+00,-6.460141750605e-06,5.571793745568e-01,6.608056788100e+00,-2.455598080693e-06,4.500544858937e-01,8.044226475559e-04,4.004543669912e-06
"                 611",1.071259554022e-01,6.607526817653e+00,-6.459919060820e-06,5.571872800810e-01,6.608331015343e+00,-2.552785626002e-06,4.500613246788e-01,8.041976895150e-04,3.907133434818e-06
"                 612",1.071267970147e-01,6.607797287035e+00,-6.459643287278e-06,5.571948745624e-01,6.608601253405e+00,-2.634355493757e-06,4.500680775477e-01,8.039663701224e-04,3.825287793521e-06
"                 613",1.071268630649e-01,6.608058495543e+00,-6.459372078813e-06,5.572016059501e-01,6.608862276238e+00,-2.699071878551e-06,4.500747428852e-01,8.037806943450e-04,3.760300200263e-06
"                 614",1.071261015911e-01,6.608310031106e+00,-6.459110171548e-06,5.572074143060e-01,6.609113685666e+00,-2.706890558434e-06,4.500813127149e-01,8.036545602081e-04,3.752219613114e-06
"                 615",1.071252877042e-01,6.608559398234e+00,-6.458890277988e-06,5.572131114553e-01,6.609362991708e+00,-2.758024561027e-06,4.500878237511e-01,8.035934746084e-04,3.700865716961e-06
"                 616",1.071247594034e-01,6.608810364230e+00,-6.458679179611e-06,5.572190158368e-01,6.609613922565e+00,-2.786753750283e-06,4.500942564334e-01,8.035583350743e-04,3.671925429328e-06
"                 617",1.071245813184e-01,6.609061919467e+00,-6.458490709203e-06,5.572251936541e-01,6.609865474971e+00,-2.833107318907e-06,4.501006123357e-01,8.035555039272e-04,3.625383390296e-06
"                 618",1.071247349820e-01,6.609311982711e+00,-6.458245932450e-06,5.572316071998e-01,6.610115542118e+00,-2.855900700698e-06,4.501068722178e-01,8.035594073256e-04,3.602345231752e-06
"                 619",1.071253949363e-01,6.609561644360e+00,-6.458006820319e-06,5.572384407483e-01,6.610365210338e+00,-2.925634932050e-06,4.501130458121e-01,8.035659778149e-04,3.532371888270e-06
"                 620",1.071267860501e-01,6.609814738132e+00,-6.457685664277e-06,5.572459042408e-01,6.610618295572e+00,-2.962591762424e-06,4.501191181906e-01,8.035574404939e-04,3.495093901853e-06
"                 621",1.071290931497e-01,6.610073931323e+00,-6.457315473841e-06,5.572541928053e-01,6.610877500361e+00,-3.028103867095e-06,4.501250996556e-01,8.035690385265e-04,3.429211606746e-06
"                 622",1.071319839531e-01,6.610336221094e+00,-6.456971486741e-06,5.572629589109e-01,6.611139829211e+00,-3.093198268838e-06,4.501309749577e-01,8.036081173454e-04,3.363773217903e-06
"                 623",1.071350799933e-01,6.610597547682e+00,-6.456612561912e-06,5.572718599306e-01,6.611401226634e+00,-3.165294169863e-06,4.501367799373e-01,8.036789520384e-04,3.291318392049e-06
"                 624",1.071381564940e-01,6.610856236712e+00,-6.456263851935e-06,5.572806611983e-01,6.611659990767e+00,-3.226658426292e-06,4.501425047043e-01,8.037540550513e-04,3.229605425643e-06
"                 625",1.071412881159e-01,6.611114103601e+00,-6.455895711616e-06,5.572894600008e-01,6.611917937942e+00,-3.309282044121e-06,4.501481718848e-01,8.038343413121e-04,3.146613667495e-06
"                 626",1.071445149133e-01,6.611372171119e+00,-6.455557261126e-06,5.572982788312e-01,6.612176069832e+00,-3.345186283185e-06,4.501537639179e-01,8.038987137489e-04,3.110370977941e-06
"                 627",1.071479675711e-01,6.611630734833e+00,-6.455269645355e-06,5.573072437142e-01,6.612434693855e+00,-3.420209336195e-06,4.501592761431e-01,8.039590218840e-04,3.035060309160e-06
"                 628",1.071514330890e-01,6.611886501722e+00,-6.454888160404e-06,5.573161038537e-01,6.612690487877e+00,-3.470595858233e-06,4.501646707647e-01,8.039861550519e-04,2.984292302172e-06
"                 629",1.071546274769e-01,6.612137439079e+00,-6.454532245225e-06,5.573246096076e-01,6.612941458847e+00,-3.518377514842e-06,4.501699821307e-01,8.040197678154e-04,2.936154730383e-06
"                 630",1.071574318955e-01,6.612383924308e+00,-6.454124344204e-06,5.573326373530e-01,6.613187985794e+00,-3.519765854356e-06,4.501752054576e-01,8.040614858641e-04,2.934358489847e-06
"                 631",1.071603259259e-01,6.612630383932e+00,-6.453779401823e-06,5.573406841746e-01,6.613434519260e+00,-3.572376828904e-06,4.501803582487e-01,8.041353270577e-04,2.881402572919e-06
"                 632",1.071635085003e-01,6.612877425523e+00,-6.453285192402e-06,5.573489075743e-01,6.613681653248e+00,-3.545165690981e-06,4.501853990739e-01,8.042277241104e-04,2.908119501421e-06
"                 633",1.071667916218e-01,6.613122359067e+00,-6.452886723415e-06,5.573571360224e-01,6.613926694762e+00,-3.577098017144e-06,4.501903444006e-01,8.043356944240e-04,2.875788706271e-06
"                 634",1.071697981567e-01,6.613362098540e+00,-6.452351868567e-06,5.573649532522e-01,6.614166526233e+00,-3.569011417406e-06,4.501951550955e-01,8.044276926164e-04,2.883340451162e-06
"                 635",1.071724171312e-01,6.613596638047e+00,-6.451802213667e-06,5.573722603334e-01,6.614401158201e+00,-3.593330981423e-06,4.501998432022e-01,8.045201544994e-04,2.858471232244e-06
"                 636",1.071746911537e-01,6.613827869577e+00,-6.451124931235e-06,5.573790856503e-01,6.614632471700e+00,-3.571182795640e-06,4.502043944966e-01,8.046021231299e-04,2.879942135595e-06
"                 637",1.071770489629e-01,6.614058950036e+00,-6.450384176325e-06,5.573858861454e-01,6.614863649025e+00,-3.593798062950e-06,4.502088371825e-01,8.046989891085e-04,2.856586113375e-06
"                 638",1.071799531408e-01,6.614292087019e+00,-6.449626525612e-06,5.573931284573e-01,6.615096872107e+00,-3.610764102543e-06,4.502131753165e-01,8.047850876648e-04,2.838862423070e-06
"                 639",1.071834326212e-01,6.614526112712e+00,-6.448750377957e-06,5.574008859287e-01,6.615330961968e+00,-3.671760438370e-06,4.502174533075e-01,8.048492562662e-04,2.776989939587e-06
"                 640",1.071870757915e-01,6.614758136101e+00,-6.447751716218e-06,5.574087636690e-01,6.615563006296e+00,-3.677551288188e-06,4.502216878775e-01,8.048701948711e-04,2.770200428030e-06
"                 641",1.071907111849e-01,6.614988288227e+00,-6.446773266864e-06,5.574165970687e-01,6.615793167908e+00,-3.738965641033e-06,4.502258858838e-01,8.048796805527e-04,2.707807625831e-06
"                 642",1.071943749073e-01,6.615218134306e+00,-6.446113784298e-06,5.574243885059e-01,6.616023015970e+00,-3.807833184796e-06,4.502300135986e-01,8.048816639183e-04,2.638280599502e-06
"                 643",1.071984300429e-01,6.615450065835e+00,-6.445659539315e-06,5.574325093152e-01,6.616254946682e+00,-3.891317907644e-06,4.502340792723e-01,8.048808477036e-04,2.554341631670e-06
"                 644",1.072028480891e-01,6.615682800154e+00,-6.445489725771e-06,5.574409450428e-01,6.616487668414e+00,-3.961252950422e-06,4.502380969537e-01,8.048682596464e-04,2.484236775350e-06
"                 645",1.072073599273e-01,6.615914011330e+00,-6.445295134748e-06,5.574494545705e-01,6.616718891257e+00,-4.045165934503e-06,4.502420946433e-01,8.048799267839e-04,2.400129200244e-06
"                 646",1.072118460324e-01,6.616143568657e+00,-6.445339404421e-06,5.574579018201e-01,6.616948468445e+00,-4.166344644818e-06,4.502460557877e-01,8.048997874877e-04,2.278994759603e-06
"                 647",1.072161706219e-01,6.616370629116e+00,-6.445319824612e-06,5.574661467582e-01,6.617175572155e+00,-4.270167191096e-06,4.502499761363e-01,8.049430390007e-04,2.175152633516e-06
"                 648",1.072206858255e-01,6.616598056812e+00,-6.445442582934e-06,5.574745117235e-01,6.617403071969e+00,-4.390923781198e-06,4.502538258980e-01,8.050151567760e-04,2.054518801736e-06
"                 649",1.072253111270e-01,6.616824712919e+00,-6.445473025572e-06,5.574829192535e-01,6.617629861725e+00,-4.516139611715e-06,4.502576081266e-01,8.051488056092e-04,1.929333413858e-06
"                 650",1.072293726673e-01,6.617044155047e+00,-6.445640094494e-06,5.574906783321e-01,6.617849470585e+00,-4.621415397274e-06,4.502613056648e-01,8.053155385441e-04,1.824224697220e-06
"                 651",1.072329985012e-01,6.617257319582e+00,-6.445612906142e-06,5.574979434672e-01,6.618062824713e+00,-4.744451579680e-06,4.502649449660e-01,8.055051313660e-04,1.701161326462e-06
"                 652",1.072364082787e-01,6.617466792974e+00,-6.445657213365e-06,5.575049381895e-01,6.618272481692e+00,-4.868164945574e-06,4.502685299108e-01,8.056887183005e-04,1.577492267792e-06
"                 653",1.072398269583e-01,6.617674488390e+00,-6.445531506065e-06,5.575119311785e-01,6.618480359156e+00,-4.981876949623e-06,4.502721042202e-01,8.058707653650e-04,1.463654556442e-06
"                 654",1.072434742221e-01,6.617881697750e+00,-6.445526696922e-06,5.575191470649e-01,6.618687732145e+00,-5.065039484974e-06,4.502756728428e-01,8.060343949671e-04,1.380487211948e-06
"                 655",1.072474981625e-01,6.618089599206e+00,-6.445348774925e-06,5.575267719454e-01,6.618895781157e+00,-5.149894965997e-06,4.502792737829e-01,8.061819507209e-04,1.295453808927e-06
"                 656",1.072516992996e-01,6.618296841578e+00,-6.445296548226e-06,5.575345645808e-01,6.619103148710e+00,-5.240844086304e-06,4.502828652812e-01,8.063071320694e-04,1.204452461923e-06
"                 657",1.072560534768e-01,6.618503801329e+00,-6.445138231609e-06,5.575424616738e-01,6.619310247988e+00,-5.310334651276e-06,4.502864081971e-01,8.064466594767e-04,1.134803580333e-06
"                 658",1.072606191095e-01,6.618711070728e+00,-6.445150289041e-06,5.575504718430e-01,6.619517635415e+00,-5.366575004121e-06,4.502898527335e-01,8.065646869372e-04,1.078575284920e-06
"                 659",1.072652684174e-01,6.618916411977e+00,-6.445033725230e-06,5.575584805142e-01,6.619723088348e+00,-5.430879322005e-06,4.502932120968e-01,8.066763710222e-04,1.014154403225e-06
"                 660",1.072696503626e-01,6.619116578569e+00,-6.445060151714e-06,5.575661479897e-01,6.619923341496e+00,-5.485847665983e-06,4.502964976272e-01,8.067629270254e-04,9.592124857314e-07
"                 661",1.072734932908e-01,6.619310805218e+00,-6.444944042404e-06,5.575732318164e-01,6.620117660662e+00,-5.557348439343e-06,4.502997385256e-01,8.068554447175e-04,8.875956030615e-07
"                 662",1.072767956001e-01,6.619498680904e+00,-6.444996049079e-06,5.575796875919e-01,6.620305646356e+00,-5.593312459353e-06,4.503028919918e-01,8.069654523360e-04,8.516835897261e-07
"                 663",1.072794076134e-01,6.619683772260e+00,-6.444927160104e-06,5.575853631521e-01,6.620490892504e+00,-5.666272043631e-06,4.503059555387e-01,8.071202435601e-04,7.786551164730e-07
"                 664",1.072816540670e-01,6.619863212639e+00,-6.444970372892e-06,5.575905710575e-01,6.620670508019e+00,-5.725191343016e-06,4.503089169904e-01,8.072953795679e-04,7.197790298754e-07
"                 665",1.072838707737e-01,6.620038960986e+00,-6.444887258788e-06,5.575957043055e-01,6.620846434391e+00,-5.821676750622e-06,4.503118335319e-01,8.074734046373e-04,6.232105081660e-07
"                 666",1.072860122429e-01,6.620212470883e+00,-6.444949183143e-06,5.576007448189e-01,6.621020082768e+00,-5.874225385093e-06,4.503147325760e-01,8.076118849093e-04,5.707237980491e-07
"                 667",1.072878342270e-01,6.620383756796e+00,-6.444856663929e-06,5.576054851119e-01,6.621191482783e+00,-5.958845680802e-06,4.503176508849e-01,8.077259869619e-04,4.860109831278e-07
"                 668",1.072894122776e-01,6.620551108258e+00,-6.444922231835e-06,5.576099794282e-01,6.621358932794e+00,-6.076013055533e-06,4.503205671506e-01,8.078245365126e-04,3.689091763014e-07
"                 669",1.072910032480e-01,6.620719354013e+00,-6.444863197378e-06,5.576144886182e-01,6.621527297160e+00,-6.175431200249e-06,4.503234853702e-01,8.079431470677e-04,2.694319971291e-07
"                 670",1.072926932139e-01,6.620887556196e+00,-6.444920613500e-06,5.576190496037e-01,6.621695643471e+00,-6.249586102583e-06,4.503263563898e-01,8.080872753063e-04,1.953345109167e-07
"                 671",1.072945759322e-01,6.621054748523e+00,-6.444863885937e-06,5.576237098941e-01,6.621863043102e+00,-6.337613297517e-06,4.503291339619e-01,8.082945790396e-04,1.072505884195e-07
"                 672",1.072966464993e-01,6.621220767880e+00,-6.444951324643e-06,5.576284059443e-01,6.622029296255e+00,-6.443436940336e-06,4.503317594449e-01,8.085283741655e-04,1.514384306978e-09
"                 673",1.072989989857e-01,6.621388624413e+00,-6.444918962257e-06,5.576332376173e-01,6.622197412106e+00,-6.540684179117e-06,4.503342386316e-01,8.087876926760e-04,-9.576521685968e-08
"                 674",1.073014018088e-01,6.621556915666e+00,-6.445086479921e-06,5.576379613988e-01,6.622365970165e+00,-6.613760700926e-06,4.503365595900e-01,8.090544990835e-04,-1.686742210057e-07
"                 675",1.073036977236e-01,6.621723773038e+00,-6.445120716250e-06,5.576424463905e-01,6.622533114731e+00,-6.704273134079e-06,4.503387486669e-01,8.093416936433e-04,-2.591524178296e-07
"                 676",1.073058484191e-01,6.621887831462e+00,-6.445231097355e-06,5.576466433388e-01,6.622697464093e+00,-6.775652423749e-06,4.503407949197e-01,8.096326316112e-04,-3.304213263946e-07
"                 677",1.073080206093e-01,6.622050105831e+00,-6.445304197097e-06,5.576507492082e-01,6.622860034075e+00,-6.865019290355e-06,4.503427285989e-01,8.099282433914e-04,-4.197150932584e-07
"                 678",1.073103727703e-01,6.622212044956e+00,-6.445431327062e-06,5.576549187093e-01,6.623022261218e+00,-6.919360191252e-06,4.503445459390e-01,8.102162623898e-04,-4.739288641898e-07
"                 679",1.073129816579e-01,6.622374371559e+00,-6.445551974768e-06,5.576592641285e-01,6.623184876952e+00,-6.997180045273e-06,4.503462824706e-01,8.105053924497e-04,-5.516280705050e-07
"                 680",1.073157595693e-01,6.622536723255e+00,-6.445668917793e-06,5.576637111180e-01,6.623347509763e+00,-7.047709785945e-06,4.503479515487e-01,8.107865081439e-04,-6.020408681522e-07
"                 681",1.073186730357e-01,6.622698637914e+00,-6.445848227797e-06,5.576682644917e-01,6.623509717780e+00,-7.135019552032e-06,4.503495914560e-01,8.110798662931e-04,-6.891713242357e-07
"                 682",1.073216649375e-01,6.622859563957e+00,-6.445945213930e-06,5.576728687382e-01,6.623670928413e+00,-7.167304458239e-06,4.503512038006e-01,8.113644556882e-04,-7.213592443098e-07
"                 683",1.073248098300e-01,6.623020237448e+00,-6.446171002340e-06,5.576776286764e-01,6.623831881405e+00,-7.250625869243e-06,4.503528188465e-01,8.116439567447e-04,-8.044548669032e-07
"                 684",1.073281825249e-01,6.623181396034e+00,-6.446267298220e-06,5.576826051425e-01,6.623993298171e+00,-7.273555507921e-06,4.503544226176e-01,8.119021367640e-04,-8.272882097014e-07
"                 685",1.073317433209e-01,6.623342859124e+00,-6.446423309075e-06,5.576877706441e-01,6.624154993046e+00,-7.340071970833e-06,4.503560273233e-01,8.121339224408e-04,-8.936486617586e-07
"                 686",1.073353467330e-01,6.623503865167e+00,-6.446487938436e-06,5.576929713083e-01,6.624316177235e+00,-7.381617451117e-06,4.503576245753e-01,8.123120677757e-04,-9.351295126813e-07
"                 687",1.073389344147e-01,6.623663709883e+00,-6.446691415916e-06,5.576981668256e-01,6.624476171613e+00,-7.434549004733e-06,4.503592324109e-01,8.124617291302e-04,-9.878575888172e-07
"                 688",1.073424339182e-01,6.623821148482e+00,-6.446764108305e-06,5.577032548402e-01,6.624633729932e+00,-7.452008856305e-06,4.503608209220e-01,8.125814505569e-04,-1.005244748000e-06
"                 689",1.073458527425e-01,6.623975344477e+00,-6.446980450862e-06,5.577082436431e-01,6.624788040483e+00,-7.490084968867e-06,4.503623909006e-01,8.126960058074e-04,-1.043104518005e-06
"                 690",1.073491459744e-01,6.624126245835e+00,-6.447106494826e-06,5.577130707391e-01,6.624939054311e+00,-7.517451882000e-06,4.503639247647e-01,8.128084762567e-04,-1.070345387173e-06
"                 691",1.073523605498e-01,6.624274495471e+00,-6.447348445819e-06,5.577178069527e-01,6.625087431474e+00,-7.571117763422e-06,4.503654464029e-01,8.129360035551e-04,-1.123769317603e-06
"                 692",1.073555143286e-01,6.624420542288e+00,-6.447420618470e-06,5.577224633934e-01,6.625233600129e+00,-7.569682826854e-06,4.503669490648e-01,8.130578411331e-04,-1.122262208383e-06
"                 693",1.073586404260e-01,6.624564614130e+00,-6.447625186859e-06,5.577271041312e-01,6.625377796018e+00,-7.615209707819e-06,4.503684637051e-01,8.131818879490e-04,-1.167584520959e-06
"                 694",1.073617192864e-01,6.624706804076e+00,-6.447647490303e-06,5.577317108624e-01,6.625520095528e+00,-7.653366892570e-06,4.503699915760e-01,8.132914516474e-04,-1.205719402267e-06
"                 695",1.073647312400e-01,6.624846608254e+00,-6.447773526520e-06,5.577362719937e-01,6.625659998345e+00,-7.689066702207e-06,4.503715407537e-01,8.133900902637e-04,-1.241293175687e-06
"                 696",1.073676904348e-01,6.624984856049e+00,-6.447772404485e-06,5.577407767867e-01,6.625798324466e+00,-7.697282151423e-06,4.503730863519e-01,8.134684172134e-04,-1.249509746938e-06
"                 697",1.073706719848e-01,6.625122118447e+00,-6.447920610942e-06,5.577453086451e-01,6.625935665933e+00,-7.750916127246e-06,4.503746366603e-01,8.135474867730e-04,-1.302995516303e-06
"                 698",1.073736965976e-01,6.625258463563e+00,-6.447929459509e-06,5.577498749115e-01,6.626072075628e+00,-7.779547985448e-06,4.503761783139e-01,8.136120655659e-04,-1.331618525939e-06
"                 699",1.073767965126e-01,6.625393765077e+00,-6.448070817090e-06,5.577545253123e-01,6.626207451638e+00,-7.819429277055e-06,4.503777287997e-01,8.136865606276e-04,-1.371358459965e-06
"                 700",1.073798077810e-01,6.625526797250e+00,-6.448030300425e-06,5.577590761938e-01,6.626340564966e+00,-7.827982530402e-06,4.503792684129e-01,8.137677155887e-04,-1.379952229976e-06
"                 701",1.073826986047e-01,6.625656822672e+00,-6.448140664211e-06,5.577635017124e-01,6.626470694652e+00,-7.844960311704e-06,4.503808031076e-01,8.138719801422e-04,-1.396819647493e-06
"                 702",1.073854917391e-01,6.625783823358e+00,-6.448130269969e-06,5.577677923744e-01,6.626597802732e+00,-7.868712648847e-06,4.503823006353e-01,8.139793733432e-04,-1.420582378878e-06
"                 703",1.073882051607e-01,6.625908394559e+00,-6.448209666765e-06,5.577719840001e-01,6.626722491655e+00,-7.871336404969e-06,4.503837788394e-01,8.140970957308e-04,-1.423126738204e-06
"                 704",1.073907189161e-01,6.626030410014e+00,-6.448134766933e-06,5.577759447822e-01,6.626844608980e+00,-7.887302883273e-06,4.503852258661e-01,8.141989663574e-04,-1.439168116340e-06
"                 705",1.073931189833e-01,6.626150296109e+00,-6.448100290868e-06,5.577797659585e-01,6.626964577906e+00,-7.887007113926e-06,4.503866469752e-01,8.142817972261e-04,-1.438906823058e-06
"                 706",1.073954203209e-01,6.626267864974e+00,-6.448020903841e-06,5.577834629220e-01,6.627082212867e+00,-7.881238242234e-06,4.503880426011e-01,8.143478932325e-04,-1.433217338393e-06
"                 707",1.073977791416e-01,6.626383313250e+00,-6.447946682202e-06,5.577872085173e-01,6.627197746144e+00,-7.872948901958e-06,4.503894293757e-01,8.144328944026e-04,-1.425002219756e-06
"                 708",1.074002062989e-01,6.626496132583e+00,-6.447855187782e-06,5.577909875615e-01,6.627310683111e+00,-7.873558975666e-06,4.503907812626e-01,8.145505284633e-04,-1.425703787884e-06
"                 709",1.074026701602e-01,6.626605884329e+00,-6.447787175523e-06,5.577947691344e-01,6.627420596158e+00,-7.871502337049e-06,4.503920989742e-01,8.147118288012e-04,-1.423715161525e-06
"                 710",1.074049909694e-01,6.626711720071e+00,-6.447648880143e-06,5.577983566915e-01,6.627526607619e+00,-7.870271738558e-06,4.503933657221e-01,8.148875479722e-04,-1.422622858416e-06
"                 711",1.074071938986e-01,6.626814325320e+00,-6.447477753466e-06,5.578017779514e-01,6.627629399363e+00,-7.844671465914e-06,4.503945840528e-01,8.150740432072e-04,-1.397193712448e-06
"                 712",1.074092651386e-01,6.626914238663e+00,-6.447319899552e-06,5.578050037105e-01,6.627729516061e+00,-7.847609776523e-06,4.503957385720e-01,8.152773984575e-04,-1.400289876971e-06
"                 713",1.074113524972e-01,6.627012456967e+00,-6.447169599509e-06,5.578081879322e-01,6.627827965195e+00,-7.821919601016e-06,4.503968354349e-01,8.155082273020e-04,-1.374750001507e-06
"                 714",1.074134596893e-01,6.627108569392e+00,-6.446954047551e-06,5.578113287229e-01,6.627924299963e+00,-7.800452596760e-06,4.503978690336e-01,8.157305710595e-04,-1.353498549209e-06
"                 715",1.074155352045e-01,6.627201967141e+00,-6.446721312169e-06,5.578144090839e-01,6.628017904000e+00,-7.774928817526e-06,4.503988738794e-01,8.159368589024e-04,-1.328207505357e-06
"                 716",1.074175166348e-01,6.627292655815e+00,-6.446437873006e-06,5.578173784598e-01,6.628108757053e+00,-7.759983951625e-06,4.503998618250e-01,8.161012381748e-04,-1.313546078618e-06
"                 717",1.074194615964e-01,6.627381770188e+00,-6.446135421495e-06,5.578203261614e-01,6.628198004887e+00,-7.726876046836e-06,4.504008645649e-01,8.162346988992e-04,-1.280740625341e-06
"                 718",1.074212317420e-01,6.627469122054e+00,-6.445786777362e-06,5.578231010127e-01,6.628285471965e+00,-7.702593436093e-06,4.504018692707e-01,8.163499111658e-04,-1.256806658731e-06
"                 719",1.074228797227e-01,6.627554614290e+00,-6.445426295005e-06,5.578257583342e-01,6.628371078261e+00,-7.676153627797e-06,4.504028786115e-01,8.164639716739e-04,-1.230727332791e-06
"                 720",1.074245119320e-01,6.627638040784e+00,-6.445023427876e-06,5.578283871247e-01,6.628454621782e+00,-7.636977489076e-06,4.504038751927e-01,8.165809982641e-04,-1.191954061200e-06
"                 721",1.074261760053e-01,6.627719286099e+00,-6.444621589878e-06,5.578310385203e-01,6.628535998579e+00,-7.624029433151e-06,4.504048625150e-01,8.167124796628e-04,-1.179407843273e-06
"                 722",1.074276646540e-01,6.627796828341e+00,-6.444227894721e-06,5.578334815227e-01,6.628613671257e+00,-7.609765181854e-06,4.504058168687e-01,8.168429164786e-04,-1.165537287133e-06
"                 723",1.074290348888e-01,6.627871659363e+00,-6.443870923591e-06,5.578357898767e-01,6.628688635380e+00,-7.586075799429e-06,4.504067549878e-01,8.169760171835e-04,-1.142204875838e-06
"                 724",1.074303780477e-01,6.627944840432e+00,-6.443525488392e-06,5.578380550771e-01,6.628761938260e+00,-7.583820444307e-06,4.504076770293e-01,8.170978273770e-04,-1.140294955915e-06
"                 725",1.074317604108e-01,6.628016901960e+00,-6.443203627982e-06,5.578403673256e-01,6.628834118033e+00,-7.555439185196e-06,4.504086069148e-01,8.172160728481e-04,-1.112235557215e-06
"                 726",1.074330919220e-01,6.628086983128e+00,-6.442822955920e-06,5.578426334704e-01,6.628904301166e+00,-7.536555348890e-06,4.504095415483e-01,8.173180386675e-04,-1.093732392970e-06
"                 727",1.074342818318e-01,6.628154723059e+00,-6.442471318148e-06,5.578447908929e-01,6.628972124230e+00,-7.528645443884e-06,4.504105090611e-01,8.174011710383e-04,-1.086174125735e-06
"                 728",1.074353393559e-01,6.628220709717e+00,-6.442057391154e-06,5.578468414438e-01,6.629038152513e+00,-7.520061564983e-06,4.504115020879e-01,8.174427963940e-04,-1.078004173830e-06
"                 729",1.074364924261e-01,6.628286804116e+00,-6.441629278478e-06,5.578490284442e-01,6.629104252417e+00,-7.492199640558e-06,4.504125360181e-01,8.174483004163e-04,-1.050570362081e-06
"                 730",1.074377389943e-01,6.628353157834e+00,-6.441241173037e-06,5.578513300735e-01,6.629170591768e+00,-7.497035789579e-06,4.504135910792e-01,8.174339340284e-04,-1.055794616542e-06
"                 731",1.074390587208e-01,6.628419170012e+00,-6.440878248062e-06,5.578537167821e-01,6.629236601263e+00,-7.481612967065e-06,4.504146580613e-01,8.174312514334e-04,-1.040734719003e-06
"                 732",1.074403601033e-01,6.628483566856e+00,-6.440464786029e-06,5.578560655687e-01,6.629301004252e+00,-7.471634974965e-06,4.504157054655e-01,8.174373958926e-04,-1.031170188936e-06
"                 733",1.074416317525e-01,6.628546700628e+00,-6.440090064435e-06,5.578583641230e-01,6.629364162595e+00,-7.468770181279e-06,4.504167323705e-01,8.174619672785e-04,-1.028680116844e-06
"                 734",1.074428505167e-01,6.628608884311e+00,-6.439674371466e-06,5.578605620511e-01,6.629426384416e+00,-7.482110038676e-06,4.504177115344e-01,8.175001045924e-04,-1.042435667210e-06
"                 735",1.074440451443e-01,6.628670065521e+00,-6.439266196966e-06,5.578626911951e-01,6.629487621663e+00,-7.461604591031e-06,4.504186460508e-01,8.175561419567e-04,-1.022338394065e-06
"                 736",1.074450696546e-01,6.628728870620e+00,-6.438927192856e-06,5.578646051561e-01,6.629546464927e+00,-7.454221908492e-06,4.504195355015e-01,8.175943065282e-04,-1.015294715635e-06
"                 737",1.074459434389e-01,6.628785219864e+00,-6.438620241622e-06,5.578663505837e-01,6.629602843266e+00,-7.437355616817e-06,4.504204071447e-01,8.176234027193e-04,-9.987353751953e-07
"                 738",1.074467312239e-01,6.628840237479e+00,-6.438300803437e-06,5.578679812790e-01,6.629657889556e+00,-7.430474450605e-06,4.504212500551e-01,8.176520761328e-04,-9.921736471682e-07
"                 739",1.074476033208e-01,6.628895530911e+00,-6.438038106359e-06,5.578696724577e-01,6.629713232488e+00,-7.427741141120e-06,4.504220691369e-01,8.177015767596e-04,-9.897030347613e-07
"                 740",1.074485979894e-01,6.628950935281e+00,-6.437767669809e-06,5.578714398649e-01,6.629768703173e+00,-7.429777208202e-06,4.504228418755e-01,8.177678910680e-04,-9.920095383937e-07
"                 741",1.074497437836e-01,6.629006508031e+00,-6.437519303791e-06,5.578733252149e-01,6.629824366028e+00,-7.414915361695e-06,4.504235814314e-01,8.178579972345e-04,-9.773960579042e-07
"                 742",1.074508445515e-01,6.629061175366e+00,-6.437343489999e-06,5.578751120129e-01,6.629879125897e+00,-7.408723454536e-06,4.504242674614e-01,8.179505303376e-04,-9.713799645367e-07
"                 743",1.074518883469e-01,6.629114838966e+00,-6.437245193313e-06,5.578768011868e-01,6.629932884200e+00,-7.408070355540e-06,4.504249128400e-01,8.180452342931e-04,-9.708251622272e-07
"                 744",1.074528913262e-01,6.629167370391e+00,-6.437075851388e-06,5.578784094312e-01,6.629985501121e+00,-7.417432001987e-06,4.504255181050e-01,8.181307294049e-04,-9.803561505989e-07
"                 745",1.074539280460e-01,6.629218945551e+00,-6.436977677090e-06,5.578800344799e-01,6.630037168801e+00,-7.411454201791e-06,4.504261064340e-01,8.182232502913e-04,-9.744765247018e-07
"                 746",1.074549107262e-01,6.629268840709e+00,-6.436829648919e-06,5.578815684263e-01,6.630087139868e+00,-7.397266291680e-06,4.504266577001e-01,8.182991586933e-04,-9.604366427614e-07
"                 747",1.074558630599e-01,6.629316888865e+00,-6.436834359585e-06,5.578830557406e-01,6.630135253289e+00,-7.383870328033e-06,4.504271926807e-01,8.183644240319e-04,-9.470359684482e-07
"                 748",1.074567125524e-01,6.629363053507e+00,-6.436712865407e-06,5.578844226118e-01,6.630181472635e+00,-7.409940200841e-06,4.504277100594e-01,8.184191280751e-04,-9.732273354341e-07
"                 749",1.074575210984e-01,6.629408209710e+00,-6.436727444974e-06,5.578857561159e-01,6.630226686161e+00,-7.399526805877e-06,4.504282350175e-01,8.184764513618e-04,-9.627993609030e-07
"                 750",1.074583085036e-01,6.629452580649e+00,-6.436634906376e-06,5.578870630402e-01,6.630271095507e+00,-7.382489011294e-06,4.504287545367e-01,8.185148574001e-04,-9.458541049177e-07
"                 751",1.074591046107e-01,6.629496237519e+00,-6.436676225932e-06,5.578883907224e-01,6.630314783296e+00,-7.384043018188e-06,4.504292861117e-01,8.185457765222e-04,-9.473667922559e-07
"                 752",1.074598732155e-01,6.629538985143e+00,-6.436553231573e-06,5.578896902635e-01,6.630357546062e+00,-7.389832756083e-06,4.504298170479e-01,8.185609186800e-04,-9.532795245100e-07
"                 753",1.074607053563e-01,6.629581443708e+00,-6.436581632725e-06,5.578910669892e-01,6.630400021529e+00,-7.375990147806e-06,4.504303616330e-01,8.185778205817e-04,-9.394085150814e-07
"                 754",1.074614874257e-01,6.629623376299e+00,-6.436534181233e-06,5.578923755606e-01,6.630441965801e+00,-7.370207205151e-06,4.504308881349e-01,8.185895018698e-04,-9.336730239179e-07
"                 755",1.074622356723e-01,6.629664692766e+00,-6.436558125263e-06,5.578936266524e-01,6.630483309299e+00,-7.370653341390e-06,4.504313909801e-01,8.186165333867e-04,-9.340952161279e-07
"                 756",1.074629247453e-01,6.629705096933e+00,-6.436494381729e-06,5.578947780346e-01,6.630523739122e+00,-7.379045841960e-06,4.504318532893e-01,8.186421891573e-04,-9.425514602312e-07
"                 757",1.074635955198e-01,6.629745127124e+00,-6.436482114022e-06,5.578958898303e-01,6.630563800144e+00,-7.366268164703e-06,4.504322943105e-01,8.186730197745e-04,-9.297860506813e-07
"                 758",1.074642932587e-01,6.629785508638e+00,-6.436441821029e-06,5.578970064812e-01,6.630604210417e+00,-7.376262547840e-06,4.504327132226e-01,8.187017791423e-04,-9.398207268109e-07
"                 759",1.074650737449e-01,6.629826480483e+00,-6.436413324045e-06,5.578982055937e-01,6.630645213213e+00,-7.366318729657e-06,4.504331318488e-01,8.187327302728e-04,-9.299054056120e-07
"                 760",1.074658401909e-01,6.629867194739e+00,-6.436382708001e-06,5.578993894964e-01,6.630685952345e+00,-7.389861867861e-06,4.504335493055e-01,8.187576062010e-04,-9.534791598593e-07
"                 761",1.074666404457e-01,6.629906734577e+00,-6.436392750045e-06,5.579006255761e-01,6.630725521992e+00,-7.390049014187e-06,4.504339851304e-01,8.187874148873e-04,-9.536562641419e-07
"                 762",1.074674612329e-01,6.629944300559e+00,-6.436335879298e-06,5.579018855197e-01,6.630763109534e+00,-7.396166088834e-06,4.504344242868e-01,8.188089744199e-04,-9.598302095356e-07
"                 763",1.074683171160e-01,6.629979985749e+00,-6.436269797938e-06,5.579031924884e-01,6.630798816451e+00,-7.383972748031e-06,4.504348753724e-01,8.188307019693e-04,-9.477029500932e-07
"                 764",1.074691510231e-01,6.630014243557e+00,-6.436240454424e-06,5.579044737860e-01,6.630833092255e+00,-7.408212369469e-06,4.504353227629e-01,8.188486976861e-04,-9.719719150450e-07
"                 765",1.074700099950e-01,6.630048010891e+00,-6.436236665111e-06,5.579057788465e-01,6.630866880336e+00,-7.400509316549e-06,4.504357688515e-01,8.188694448480e-04,-9.642726514381e-07
"                 766",1.074708181993e-01,6.630081102207e+00,-6.436196032271e-06,5.579070098426e-01,6.630899985112e+00,-7.431446527040e-06,4.504361916434e-01,8.188829046131e-04,-9.952504947686e-07
"                 767",1.074716149831e-01,6.630113432755e+00,-6.436154339835e-06,5.579082224740e-01,6.630932335110e+00,-7.425624325843e-06,4.504366074909e-01,8.189023544467e-04,-9.894699860082e-07
"                 768",1.074723902592e-01,6.630144466444e+00,-6.436113694545e-06,5.579093953006e-01,6.630963385499e+00,-7.440721623317e-06,4.504370050415e-01,8.189190546351e-04,-1.004607928772e-06
"                 769",1.074731323183e-01,6.630173935556e+00,-6.436097251197e-06,5.579105279023e-01,6.630992875546e+00,-7.435632051858e-06,4.504373955840e-01,8.189399908484e-04,-9.995348006613e-07
"                 770",1.074737691947e-01,6.630201544330e+00,-6.436061170376e-06,5.579115391799e-01,6.631020505495e+00,-7.453251875602e-06,4.504377699852e-01,8.189611645188e-04,-1.017190705227e-06
"                 771",1.074744082165e-01,6.630228032710e+00,-6.436044764869e-06,5.579125493851e-01,6.631047026861e+00,-7.443796737142e-06,4.504381411686e-01,8.189941511821e-04,-1.007751972273e-06
"                 772",1.074750010259e-01,6.630253813749e+00,-6.436017471252e-06,5.579134920303e-01,6.631072838443e+00,-7.474548183211e-06,4.504384910044e-01,8.190246948898e-04,-1.038530711959e-06
"                 773",1.074755756094e-01,6.630279259786e+00,-6.435997782306e-06,5.579144091662e-01,6.631098316930e+00,-7.462591722440e-06,4.504388335568e-01,8.190571439556e-04,-1.026593940135e-06
"                 774",1.074761105064e-01,6.630303885232e+00,-6.435981727195e-06,5.579152713261e-01,6.631122969310e+00,-7.506487571472e-06,4.504391608197e-01,8.190840781180e-04,-1.070505844277e-06
"                 775",1.074766271470e-01,6.630327662290e+00,-6.435962893706e-06,5.579161135398e-01,6.631146771019e+00,-7.487954113108e-06,4.504394863927e-01,8.191087286133e-04,-1.051991219401e-06
"                 776",1.074771231720e-01,6.630350879639e+00,-6.435944090416e-06,5.579169222646e-01,6.631170000256e+00,-7.497883608807e-06,4.504397990926e-01,8.191206174793e-04,-1.061939518391e-06
"                 777",1.074776353415e-01,6.630373754572e+00,-6.435946715177e-06,5.579177499118e-01,6.631192887280e+00,-7.518837332065e-06,4.504401145703e-01,8.191327075481e-04,-1.082890616888e-06
"                 778",1.074780496104e-01,6.630395471113e+00,-6.435901293819e-06,5.579184693169e-01,6.631214610217e+00,-7.540273343420e-06,4.504404197065e-01,8.191391045604e-04,-1.104372049601e-06
"                 779",1.074783965148e-01,6.630416239364e+00,-6.435914235750e-06,5.579191262465e-01,6.631235377122e+00,-7.536613281605e-06,4.504407297317e-01,8.191377578946e-04,-1.100699045855e-06
"                 780",1.074787000428e-01,6.630436069527e+00,-6.435851867825e-06,5.579197380241e-01,6.631255188231e+00,-7.562113247312e-06,4.504410379812e-01,8.191187040860e-04,-1.126261379487e-06
"                 781",1.074790307938e-01,6.630455234286e+00,-6.435841907024e-06,5.579203898725e-01,6.631274333293e+00,-7.573427570103e-06,4.504413590787e-01,8.190990068900e-04,-1.137585663079e-06
"                 782",1.074793476233e-01,6.630473548167e+00,-6.435796993826e-06,5.579210225143e-01,6.631292621849e+00,-7.586033999166e-06,4.504416748910e-01,8.190736818749e-04,-1.150237005340e-06
"                 783",1.074796968929e-01,6.630491555731e+00,-6.435832127699e-06,5.579216897611e-01,6.631310609500e+00,-7.612943747762e-06,4.504419928682e-01,8.190537694080e-04,-1.177111620063e-06
"                 784",1.074800175210e-01,6.630508779311e+00,-6.435736578367e-06,5.579223116580e-01,6.631327809931e+00,-7.636293787175e-06,4.504422941370e-01,8.190306203324e-04,-1.200557208808e-06
"                 785",1.074803873328e-01,6.630527312476e+00,-6.435773335683e-06,5.579229868436e-01,6.631346326961e+00,-7.630773545113e-06,4.504425995108e-01,8.190144854226e-04,-1.195000209430e-06
"                 786",1.074807575962e-01,6.630544727472e+00,-6.435709732110e-06,5.579236504338e-01,6.631363714281e+00,-7.661888522379e-06,4.504428928376e-01,8.189868094964e-04,-1.226178790269e-06
"                 787",1.074812082535e-01,6.630561608384e+00,-6.435667361795e-06,5.579243952669e-01,6.631380566854e+00,-7.683271045893e-06,4.504431870134e-01,8.189584695672e-04,-1.247603684098e-06
"                 788",1.074817301752e-01,6.630578416324e+00,-6.435576929375e-06,5.579251964925e-01,6.631397329628e+00,-7.692535640137e-06,4.504434663173e-01,8.189133036328e-04,-1.256958710762e-06
"                 789",1.074822983056e-01,6.630593698013e+00,-6.435509210578e-06,5.579260357410e-01,6.631412565627e+00,-7.700528772544e-06,4.504437374355e-01,8.188676138674e-04,-1.265019561966e-06
"                 790",1.074828200783e-01,6.630608942773e+00,-6.435447589802e-06,5.579268094304e-01,6.631427768625e+00,-7.736363082507e-06,4.504439893521e-01,8.188258520177e-04,-1.300915492705e-06
"                 791",1.074833563297e-01,6.630624459514e+00,-6.435428170877e-06,5.579275891097e-01,6.631443249944e+00,-7.740609134527e-06,4.504442327800e-01,8.187904297507e-04,-1.305180963650e-06
"                 792",1.074838276229e-01,6.630639039207e+00,-6.435361094068e-06,5.579282881869e-01,6.631457791614e+00,-7.787276240190e-06,4.504444605640e-01,8.187524066719e-04,-1.351915146122e-06
"                 793",1.074842878976e-01,6.630652349811e+00,-6.435274941324e-06,5.579289736511e-01,6.631471075283e+00,-7.792805955975e-06,4.504446857536e-01,8.187254715854e-04,-1.357531014651e-06
"                 794",1.074847575367e-01,6.630664843708e+00,-6.435210165921e-06,5.579296578963e-01,6.631483551313e+00,-7.813959848926e-06,4.504449003596e-01,8.187076049052e-04,-1.378749683005e-06
"                 795",1.074852855450e-01,6.630677108634e+00,-6.435204732743e-06,5.579304076541e-01,6.631495804803e+00,-7.834334359708e-06,4.504451221090e-01,8.186961697433e-04,-1.399129626965e-06
"                 796",1.074857700219e-01,6.630688786898e+00,-6.435097608031e-06,5.579311071339e-01,6.631507461210e+00,-7.891992706580e-06,4.504453371121e-01,8.186743118120e-04,-1.456895098549e-06
"                 797",1.074862611257e-01,6.630699878728e+00,-6.435032309482e-06,5.579318162519e-01,6.631518529221e+00,-7.900563618283e-06,4.504455551263e-01,8.186504933642e-04,-1.465531308802e-06
"                 798",1.074868116836e-01,6.630710901716e+00,-6.434927382932e-06,5.579325819019e-01,6.631529524811e+00,-7.918753008058e-06,4.504457702183e-01,8.186230956043e-04,-1.483825625127e-06
"                 799",1.074874381525e-01,6.630722007425e+00,-6.434907512381e-06,5.579334352950e-01,6.631540608084e+00,-7.936394673075e-06,4.504459971425e-01,8.186006593218e-04,-1.501487160694e-06
"                 800",1.074879886301e-01,6.630732476772e+00,-6.434827249433e-06,5.579342023830e-01,6.631551045184e+00,-7.969455572414e-06,4.504462137529e-01,8.185684118486e-04,-1.534628322981e-06
"                 801",1.074884909944e-01,6.630742535468e+00,-6.434831316288e-06,5.579349239358e-01,6.631561075875e+00,-7.997007425197e-06,4.504464329414e-01,8.185404070255e-04,-1.562176108910e-06
"                 802",1.074889275023e-01,6.630751956513e+00,-6.434872528145e-06,5.579355647872e-01,6.631570464205e+00,-8.015358110894e-06,4.504466372849e-01,8.185076916244e-04,-1.580485582750e-06
"                 803",1.074893952812e-01,6.630761019746e+00,-6.435019034698e-06,5.579362355179e-01,6.631579499368e+00,-8.010131146074e-06,4.504468402367e-01,8.184796224308e-04,-1.575112111376e-06
"                 804",1.074898647053e-01,6.630769623201e+00,-6.435277929722e-06,5.579368893802e-01,6.631588069325e+00,-8.055983902759e-06,4.504470246749e-01,8.184461240624e-04,-1.620705973037e-06
"                 805",1.074903087730e-01,6.630777612255e+00,-6.435536096879e-06,5.579375172862e-01,6.631596037615e+00,-8.068805402109e-06,4.504472085132e-01,8.184253600811e-04,-1.633269305230e-06
"                 806",1.074906642297e-01,6.630784983772e+00,-6.435766136827e-06,5.579380392686e-01,6.631603377921e+00,-8.099538893856e-06,4.504473750389e-01,8.183941482956e-04,-1.663772757029e-06
"                 807",1.074910268983e-01,6.630791996629e+00,-6.436062956315e-06,5.579385712157e-01,6.631610366293e+00,-8.102672880077e-06,4.504475443174e-01,8.183696637658e-04,-1.666609923762e-06
"                 808",1.074913153820e-01,6.630798323821e+00,-6.436275019185e-06,5.579390165886e-01,6.631616664099e+00,-8.126944038444e-06,4.504477012066e-01,8.183402777475e-04,-1.690669019259e-06
"                 809",1.074915763290e-01,6.630803995806e+00,-6.436551699630e-06,5.579394304979e-01,6.631622311562e+00,-8.143375115429e-06,4.504478541689e-01,8.183157556768e-04,-1.706823415799e-06
"                 810",1.074917500351e-01,6.630809016841e+00,-6.436642454270e-06,5.579397396252e-01,6.631627300692e+00,-8.152230195435e-06,4.504479895902e-01,8.182838510432e-04,-1.715587741164e-06
"                 811",1.074918450560e-01,6.630813025666e+00,-6.436835745708e-06,5.579399625765e-01,6.631631283967e+00,-8.164894758650e-06,4.504481175204e-01,8.182583014918e-04,-1.728059012942e-06
"                 812",1.074918592229e-01,6.630816163013e+00,-6.436935886512e-06,5.579400857516e-01,6.631634390746e+00,-8.184541408856e-06,4.504482265287e-01,8.182277327811e-04,-1.747605522344e-06
"                 813",1.074919450309e-01,6.630819109482e+00,-6.437154232572e-06,5.579402766764e-01,6.631637315464e+00,-8.200231244955e-06,4.504483316455e-01,8.182059824704e-04,-1.763077012383e-06
"                 814",1.074920282698e-01,6.630822198313e+00,-6.437239016562e-06,5.579404521696e-01,6.631640378829e+00,-8.217877850525e-06,4.504484238997e-01,8.181805160050e-04,-1.780638833963e-06
"                 815",1.074921629915e-01,6.630825949257e+00,-6.437404175453e-06,5.579406750741e-01,6.631644108453e+00,-8.219080303166e-06,4.504485120827e-01,8.181591954017e-04,-1.781676127713e-06
"                 816",1.074922704005e-01,6.630830052111e+00,-6.437513515055e-06,5.579408526360e-01,6.631648180951e+00,-8.238287755478e-06,4.504485822355e-01,8.181288394458e-04,-1.800774240423e-06
"                 817",1.074923503239e-01,6.630834436154e+00,-6.437698200980e-06,5.579410061782e-01,6.631652540923e+00,-8.222799306018e-06,4.504486558543e-01,8.181047690936e-04,-1.785101105038e-06
"                 818",1.074923836271e-01,6.630839234077e+00,-6.437819344357e-06,5.579411002140e-01,6.631657305788e+00,-8.259233536934e-06,4.504487165870e-01,8.180717104714e-04,-1.821414192577e-06
"                 819",1.074924984030e-01,6.630844951307e+00,-6.437945504262e-06,5.579412811322e-01,6.631662995804e+00,-8.244207193057e-06,4.504487827292e-01,8.180444968018e-04,-1.806261688795e-06
"                 820",1.074925903432e-01,6.630851392465e+00,-6.438074454468e-06,5.579414347876e-01,6.631669402788e+00,-8.274523205053e-06,4.504488444444e-01,8.180103227018e-04,-1.836448750585e-06
"                 821",1.074927363254e-01,6.630858796474e+00,-6.438147068307e-06,5.579416561566e-01,6.631676779725e+00,-8.257330671570e-06,4.504489198313e-01,8.179832512409e-04,-1.819183603263e-06
"                 822",1.074928911202e-01,6.630866964305e+00,-6.438176156738e-06,5.579418803410e-01,6.631684906683e+00,-8.281436307083e-06,4.504489892209e-01,8.179423779727e-04,-1.843260150345e-06
"                 823",1.074930695066e-01,6.630875949391e+00,-6.438282608428e-06,5.579421428486e-01,6.631693854356e+00,-8.278951982570e-06,4.504490733420e-01,8.179049657447e-04,-1.840669374142e-06
"                 824",1.074932518820e-01,6.630885821699e+00,-6.438318366635e-06,5.579424068381e-01,6.631703678915e+00,-8.275604247620e-06,4.504491549561e-01,8.178572162111e-04,-1.837285880985e-06
"                 825",1.074935436301e-01,6.630896691040e+00,-6.438440821815e-06,5.579427899536e-01,6.631714506499e+00,-8.280509403384e-06,4.504492463235e-01,8.178154584056e-04,-1.842068581568e-06
"                 826",1.074938397026e-01,6.630908355169e+00,-6.438408517597e-06,5.579431722321e-01,6.631726122363e+00,-8.298153221962e-06,4.504493325295e-01,8.177671939041e-04,-1.859744704365e-06
"                 827",1.074941746713e-01,6.630920984748e+00,-6.438486314685e-06,5.579435981092e-01,6.631738709254e+00,-8.298903055330e-06,4.504494234379e-01,8.177245057922e-04,-1.860416740644e-06
"                 828",1.074945100418e-01,6.630934347643e+00,-6.438450372733e-06,5.579440177274e-01,6.631752024903e+00,-8.317005437902e-06,4.504495076856e-01,8.176772594976e-04,-1.878555065169e-06
"                 829",1.074948756237e-01,6.630948231375e+00,-6.438542843113e-06,5.579444768304e-01,6.631765869347e+00,-8.296759866411e-06,4.504496012067e-01,8.176379714001e-04,-1.858217023298e-06
"                 830",1.074951940869e-01,6.630962335980e+00,-6.438491156394e-06,5.579448858979e-01,6.631779927798e+00,-8.318692450843e-06,4.504496918111e-01,8.175918179675e-04,-1.880201294449e-06
"                 831",1.074955690992e-01,6.630976759711e+00,-6.438584592391e-06,5.579453605368e-01,6.631794310354e+00,-8.320325033114e-06,4.504497914377e-01,8.175506436985e-04,-1.881740440723e-06
"                 832",1.074959029964e-01,6.630991089529e+00,-6.438585920396e-06,5.579457865754e-01,6.631808588642e+00,-8.326997967682e-06,4.504498835790e-01,8.174991132628e-04,-1.888412047286e-06
"                 833",1.074962145616e-01,6.631005199100e+00,-6.438718237416e-06,5.579461961579e-01,6.631822650244e+00,-8.330559881277e-06,4.504499815963e-01,8.174511441455e-04,-1.891841643862e-06
"                 834",1.074964954764e-01,6.631019004541e+00,-6.438735136579e-06,5.579465682338e-01,6.631836400288e+00,-8.344193134367e-06,4.504500727574e-01,8.173957468296e-04,-1.905457997788e-06
"                 835",1.074968048392e-01,6.631032706173e+00,-6.438881104464e-06,5.579469744692e-01,6.631850050731e+00,-8.334607482176e-06,4.504501696300e-01,8.173445583198e-04,-1.895726377712e-06
"                 836",1.074970734398e-01,6.631046054964e+00,-6.438962478499e-06,5.579473297860e-01,6.631863341241e+00,-8.337593226338e-06,4.504502563462e-01,8.172862764354e-04,-1.898630747839e-06
"                 837",1.074973822980e-01,6.631059083626e+00,-6.439214803751e-06,5.579477316132e-01,6.631876322382e+00,-8.320592599306e-06,4.504503493152e-01,8.172387558443e-04,-1.881377795555e-06
"                 838",1.074976704039e-01,6.631071601732e+00,-6.439392738208e-06,5.579481042217e-01,6.631888791057e+00,-8.331215112700e-06,4.504504338178e-01,8.171893250041e-04,-1.891822374492e-06
"                 839",1.074979677577e-01,6.631083596395e+00,-6.439719504461e-06,5.579484842482e-01,6.631900738967e+00,-8.347425861881e-06,4.504505164905e-01,8.171425725440e-04,-1.907706357420e-06
"                 840",1.074982180165e-01,6.631094936568e+00,-6.439950727928e-06,5.579488054072e-01,6.631912028774e+00,-8.334831173649e-06,4.504505873907e-01,8.170922060187e-04,-1.894880445721e-06
"                 841",1.074984923654e-01,6.631105886736e+00,-6.440337854650e-06,5.579491566368e-01,6.631922938840e+00,-8.328263328540e-06,4.504506642715e-01,8.170521037355e-04,-1.887925473890e-06
"                 842",1.074987330046e-01,6.631116276211e+00,-6.440737517759e-06,5.579494577847e-01,6.631933280138e+00,-8.327955484665e-06,4.504507247800e-01,8.170039276093e-04,-1.887217966906e-06
"                 843",1.074990204364e-01,6.631126500468e+00,-6.441328678404e-06,5.579498082042e-01,6.631943464316e+00,-8.316167240021e-06,4.504507877678e-01,8.169638474216e-04,-1.874838561617e-06
"                 844",1.074992970284e-01,6.631136362608e+00,-6.441992346235e-06,5.579501348660e-01,6.631953285034e+00,-8.313489942117e-06,4.504508378375e-01,8.169224261111e-04,-1.871497595882e-06
"                 845",1.074996144090e-01,6.631145724585e+00,-6.442784919157e-06,5.579504987357e-01,6.631962613033e+00,-8.305848993477e-06,4.504508843266e-01,8.168884481881e-04,-1.863064074319e-06
"                 846",1.074999308890e-01,6.631154592361e+00,-6.443619712073e-06,5.579508445733e-01,6.631971440860e+00,-8.319477384493e-06,4.504509136843e-01,8.168484992986e-04,-1.875857672421e-06
"                 847",1.075002737237e-01,6.631163459257e+00,-6.444253498528e-06,5.579512189313e-01,6.631980275479e+00,-8.283322584796e-06,4.504509452076e-01,8.168162214844e-04,-1.839069086268e-06
"                 848",1.075005452595e-01,6.631172173933e+00,-6.444621489012e-06,5.579515079129e-01,6.631988949623e+00,-8.282877798843e-06,4.504509626534e-01,8.167756901541e-04,-1.838256309831e-06
"                 849",1.075008322393e-01,6.631180865134e+00,-6.444897024285e-06,5.579518193847e-01,6.631997611767e+00,-8.291630770936e-06,4.504509871454e-01,8.167466322250e-04,-1.846733746651e-06
"                 850",1.075010786758e-01,6.631189056069e+00,-6.444960312394e-06,5.579520819314e-01,6.632005766759e+00,-8.263177046464e-06,4.504510032556e-01,8.167106904005e-04,-1.818216734070e-06
"                 851",1.075013130355e-01,6.631196725107e+00,-6.445123548838e-06,5.579523331268e-01,6.632013400844e+00,-8.263776636485e-06,4.504510200912e-01,8.166757375187e-04,-1.818653087647e-06
"                 852",1.075015050152e-01,6.631204022577e+00,-6.445098820018e-06,5.579525364022e-01,6.632020659637e+00,-8.247045407550e-06,4.504510313870e-01,8.166370601373e-04,-1.801946587532e-06
"                 853",1.075017237702e-01,6.631211150068e+00,-6.445065283477e-06,5.579527717290e-01,6.632027755097e+00,-8.239546397255e-06,4.504510479588e-01,8.166050283748e-04,-1.794481113778e-06
"                 854",1.075018674304e-01,6.631217812968e+00,-6.444978736294e-06,5.579529205082e-01,6.632034377977e+00,-8.253784720299e-06,4.504510530778e-01,8.165650084859e-04,-1.808805984006e-06
"                 855",1.075020107469e-01,6.631224276214e+00,-6.444899728984e-06,5.579530742587e-01,6.632040809384e+00,-8.236914969390e-06,4.504510635118e-01,8.165331703206e-04,-1.792015240406e-06
"                 856",1.075021026623e-01,6.631230257539e+00,-6.444856374783e-06,5.579531696539e-01,6.632046754431e+00,-8.224993080963e-06,4.504510669916e-01,8.164968927063e-04,-1.780136706181e-06
"                 857",1.075021933009e-01,6.631235685988e+00,-6.444771996004e-06,5.579532672091e-01,6.632052151019e+00,-8.198349187601e-06,4.504510739082e-01,8.164650313795e-04,-1.753577191597e-06
"                 858",1.075022281869e-01,6.631240262383e+00,-6.444819832595e-06,5.579533025407e-01,6.632056691898e+00,-8.216647092544e-06,4.504510743538e-01,8.164295155675e-04,-1.771827259950e-06
"                 859",1.075022652606e-01,6.631244297135e+00,-6.444808757722e-06,5.579533452178e-01,6.632060697046e+00,-8.186019207313e-06,4.504510799571e-01,8.163999106937e-04,-1.741210449592e-06
"                 860",1.075022569584e-01,6.631247880972e+00,-6.444895196193e-06,5.579533357264e-01,6.632064246798e+00,-8.213030975865e-06,4.504510787680e-01,8.163658258931e-04,-1.768135779672e-06
"                 861",1.075023101192e-01,6.631251476708e+00,-6.444879243006e-06,5.579534002165e-01,6.632067819719e+00,-8.189874025557e-06,4.504510900973e-01,8.163430113982e-04,-1.744994782551e-06
"                 862",1.075023415006e-01,6.631254910107e+00,-6.444925050660e-06,5.579534382702e-01,6.632071223947e+00,-8.200979370258e-06,4.504510967696e-01,8.163138404199e-04,-1.756054319598e-06
"                 863",1.075023736924e-01,6.631258340149e+00,-6.444952332299e-06,5.579534816490e-01,6.632074630904e+00,-8.172040676940e-06,4.504511079566e-01,8.162907547442e-04,-1.727088344640e-06
"                 864",1.075023857771e-01,6.631261937764e+00,-6.445025307423e-06,5.579535010145e-01,6.632078200613e+00,-8.170009057878e-06,4.504511152374e-01,8.162628495930e-04,-1.724983750455e-06
"                 865",1.075024449331e-01,6.631265959158e+00,-6.445043987625e-06,5.579535743710e-01,6.632082198800e+00,-8.166608184113e-06,4.504511294379e-01,8.162396420502e-04,-1.721564196489e-06
"                 866",1.075024894917e-01,6.631270340200e+00,-6.445088879242e-06,5.579536258692e-01,6.632086547636e+00,-8.172652769232e-06,4.504511363775e-01,8.162074355576e-04,-1.727563889990e-06
"                 867",1.075025961982e-01,6.631275411491e+00,-6.445046366664e-06,5.579537435938e-01,6.632091590913e+00,-8.133185771495e-06,4.504511473956e-01,8.161794214674e-04,-1.688139404831e-06
"                 868",1.075026929497e-01,6.631281024974e+00,-6.445076450273e-06,5.579538445718e-01,6.632097174673e+00,-8.161965158064e-06,4.504511516221e-01,8.161496992695e-04,-1.716888707790e-06
"                 869",1.075028326247e-01,6.631287185703e+00,-6.445038897829e-06,5.579539931939e-01,6.632103313171e+00,-8.132280667143e-06,4.504511605692e-01,8.161274687272e-04,-1.687241769314e-06
"                 870",1.075029521357e-01,6.631293823043e+00,-6.445051572541e-06,5.579541138474e-01,6.632109918979e+00,-8.129901493937e-06,4.504511617117e-01,8.160959358334e-04,-1.684849921396e-06
"                 871",1.075030965439e-01,6.631301008570e+00,-6.444969792661e-06,5.579542656047e-01,6.632117076597e+00,-8.117005827076e-06,4.504511690608e-01,8.160680277510e-04,-1.672036034415e-06
"                 872",1.075032197658e-01,6.631308400232e+00,-6.444979938076e-06,5.579543891571e-01,6.632124435225e+00,-8.120317274892e-06,4.504511693914e-01,8.160349921557e-04,-1.675337336816e-06
"                 873",1.075033980545e-01,6.631316329956e+00,-6.444928824982e-06,5.579545729391e-01,6.632132337264e+00,-8.098495865042e-06,4.504511748846e-01,8.160073083854e-04,-1.653567040060e-06
"                 874",1.075035514405e-01,6.631324513659e+00,-6.444905071405e-06,5.579547249470e-01,6.632140489729e+00,-8.103772495629e-06,4.504511735064e-01,8.159760699047e-04,-1.658867424224e-06
"                 875",1.075037074258e-01,6.631332958492e+00,-6.444817747476e-06,5.579548818041e-01,6.632148904917e+00,-8.074479992257e-06,4.504511743783e-01,8.159464248684e-04,-1.629662244781e-06
"                 876",1.075038090921e-01,6.631341513966e+00,-6.444788315093e-06,5.579549740301e-01,6.632157424643e+00,-8.098914039945e-06,4.504511649380e-01,8.159106778336e-04,-1.654125724852e-06
"                 877",1.075039486186e-01,6.631350436798e+00,-6.444699749957e-06,5.579551170817e-01,6.632166327036e+00,-8.070355697813e-06,4.504511684631e-01,8.158902372835e-04,-1.625655947856e-06
"                 878",1.075040747192e-01,6.631359560132e+00,-6.444601999235e-06,5.579552353188e-01,6.632175418145e+00,-8.055181373331e-06,4.504511605995e-01,8.158580124607e-04,-1.610579374096e-06
"                 879",1.075042422696e-01,6.631368844792e+00,-6.444562051761e-06,5.579553954705e-01,6.632184671416e+00,-8.042492769216e-06,4.504511532010e-01,8.158266232847e-04,-1.597930717455e-06
"                 880",1.075043570082e-01,6.631377864709e+00,-6.444480941555e-06,5.579554956273e-01,6.632193655867e+00,-8.031803798326e-06,4.504511386191e-01,8.157911584892e-04,-1.587322856770e-06
"                 881",1.075044881491e-01,6.631386601303e+00,-6.444459147260e-06,5.579556162949e-01,6.632202365863e+00,-8.017198345575e-06,4.504511281458e-01,8.157645604099e-04,-1.572739198315e-06
"                 882",1.075045838002e-01,6.631395073736e+00,-6.444312943683e-06,5.579556887793e-01,6.632210803903e+00,-8.008939144707e-06,4.504511049791e-01,8.157301665302e-04,-1.564626201024e-06
"                 883",1.075046730236e-01,6.631403489090e+00,-6.444309014827e-06,5.579557614304e-01,6.632219195301e+00,-7.998311679745e-06,4.504510884068e-01,8.157062102083e-04,-1.554002664918e-06
"                 884",1.075047080718e-01,6.631411622022e+00,-6.444193962850e-06,5.579557732247e-01,6.632227301221e+00,-7.985596990847e-06,4.504510651529e-01,8.156791998487e-04,-1.541403027997e-06
"                 885",1.075047709479e-01,6.631419531705e+00,-6.444154435332e-06,5.579558137403e-01,6.632235190888e+00,-7.959199034344e-06,4.504510427924e-01,8.156591824828e-04,-1.515044599013e-06
"                 886",1.075047825744e-01,6.631427047534e+00,-6.444060158137e-06,5.579557926367e-01,6.632242684481e+00,-7.946217254461e-06,4.504510100624e-01,8.156369470354e-04,-1.502157096324e-06
"                 887",1.075047977691e-01,6.631434461184e+00,-6.444080848184e-06,5.579557762207e-01,6.632250083527e+00,-7.945999452488e-06,4.504509784516e-01,8.156223431898e-04,-1.501918604305e-06
"                 888",1.075047961505e-01,6.631441962652e+00,-6.443974455229e-06,5.579557308863e-01,6.632257562885e+00,-7.912149957380e-06,4.504509347358e-01,8.156002321638e-04,-1.468175502150e-06
"                 889",1.075048262838e-01,6.631449734509e+00,-6.444012266158e-06,5.579557193323e-01,6.632265317195e+00,-7.899567947419e-06,4.504508930485e-01,8.155826860715e-04,-1.455555681261e-06
"                 890",1.075048156122e-01,6.631457571326e+00,-6.443942423695e-06,5.579556566871e-01,6.632273129699e+00,-7.889744948734e-06,4.504508410748e-01,8.155583737716e-04,-1.445802525039e-06
"                 891",1.075048592507e-01,6.631465421502e+00,-6.443989618937e-06,5.579556496434e-01,6.632280962415e+00,-7.873945633401e-06,4.504507903927e-01,8.155409124681e-04,-1.429956014464e-06
"                 892",1.075049127637e-01,6.631472896492e+00,-6.443906060597e-06,5.579556438430e-01,6.632288417072e+00,-7.854641717698e-06,4.504507310792e-01,8.155205807985e-04,-1.410735657101e-06
"                 893",1.075050351997e-01,6.631479848785e+00,-6.443971665245e-06,5.579557083116e-01,6.632295352565e+00,-7.826221218102e-06,4.504506731119e-01,8.155037797381e-04,-1.382249552856e-06
"                 894",1.075051425366e-01,6.631486401638e+00,-6.443924466662e-06,5.579557455482e-01,6.632301881239e+00,-7.827096411868e-06,4.504506030116e-01,8.154796012972e-04,-1.383171945205e-06
"                 895",1.075052550314e-01,6.631492844358e+00,-6.444002373585e-06,5.579557924431e-01,6.632308308639e+00,-7.810520460200e-06,4.504505374117e-01,8.154642815748e-04,-1.366518086615e-06
"                 896",1.075052852718e-01,6.631499147201e+00,-6.443934073087e-06,5.579557463356e-01,6.632314589251e+00,-7.771341297426e-06,4.504504610639e-01,8.154420503215e-04,-1.327407224339e-06
"                 897",1.075053341996e-01,6.631505549999e+00,-6.444030994758e-06,5.579557223865e-01,6.632320974224e+00,-7.752635342664e-06,4.504503881869e-01,8.154242254849e-04,-1.308604347905e-06
"                 898",1.075053496237e-01,6.631511820631e+00,-6.444024533421e-06,5.579556548106e-01,6.632327218545e+00,-7.754917366257e-06,4.504503051869e-01,8.153979138147e-04,-1.310892832836e-06
"                 899",1.075053682401e-01,6.631517968517e+00,-6.444116069399e-06,5.579555926054e-01,6.632333345214e+00,-7.729944007596e-06,4.504502243653e-01,8.153766975272e-04,-1.285827938197e-06
"                 900",1.075053543186e-01,6.631524048678e+00,-6.444119781800e-06,5.579554893006e-01,6.632339401110e+00,-7.713263863187e-06,4.504501349820e-01,8.153524320332e-04,-1.269144081387e-06
"                 901",1.075053511148e-01,6.631530322328e+00,-6.444213270230e-06,5.579554013617e-01,6.632345657719e+00,-7.686998317243e-06,4.504500502470e-01,8.153353914986e-04,-1.242785047013e-06
"                 902",1.075052841863e-01,6.631536597269e+00,-6.444253020732e-06,5.579552427808e-01,6.632351910001e+00,-7.684893677915e-06,4.504499585946e-01,8.153127321925e-04,-1.240640657183e-06
"                 903",1.075052284349e-01,6.631542962576e+00,-6.444334276482e-06,5.579550990918e-01,6.632358260923e+00,-7.644081325148e-06,4.504498706569e-01,8.152983472397e-04,-1.199747048665e-06
"                 904",1.075051449706e-01,6.631549168517e+00,-6.444402580655e-06,5.579549260301e-01,6.632364455778e+00,-7.646564129017e-06,4.504497810594e-01,8.152872601906e-04,-1.202161548362e-06
"                 905",1.075050915429e-01,6.631555110519e+00,-6.444504691029e-06,5.579547907626e-01,6.632370394631e+00,-7.625870539665e-06,4.504496992197e-01,8.152841116998e-04,-1.181365848637e-06
"                 906",1.075049948516e-01,6.631560401734e+00,-6.444570203304e-06,5.579546054197e-01,6.632375673038e+00,-7.594004197169e-06,4.504496105681e-01,8.152713045478e-04,-1.149433993866e-06
"                 907",1.075048876043e-01,6.631565232486e+00,-6.444643576314e-06,5.579544149062e-01,6.632380493378e+00,-7.571534493508e-06,4.504495273018e-01,8.152608923122e-04,-1.126890917194e-06
"                 908",1.075047564792e-01,6.631569632948e+00,-6.444713676840e-06,5.579541976252e-01,6.632384880884e+00,-7.570974207964e-06,4.504494411460e-01,8.152479356580e-04,-1.126260531124e-06
"                 909",1.075046767354e-01,6.631574092076e+00,-6.444818065247e-06,5.579540371690e-01,6.632389330825e+00,-7.545744742184e-06,4.504493604336e-01,8.152387489026e-04,-1.100926676937e-06
"                 910",1.075045650173e-01,6.631578597592e+00,-6.444873084994e-06,5.579538442862e-01,6.632393824486e+00,-7.534346685862e-06,4.504492792689e-01,8.152268937056e-04,-1.089473600869e-06
"                 911",1.075044592311e-01,6.631583306058e+00,-6.444951796314e-06,5.579536659243e-01,6.632398524391e+00,-7.504903884038e-06,4.504492066932e-01,8.152183328811e-04,-1.059952087724e-06
"                 912",1.075043502363e-01,6.631588141749e+00,-6.444990606462e-06,5.579534823492e-01,6.632403346145e+00,-7.499734774202e-06,4.504491321129e-01,8.152043960607e-04,-1.054744167740e-06
"                 913",1.075042929313e-01,6.631593223795e+00,-6.445018450364e-06,5.579533581114e-01,6.632408417588e+00,-7.482541108792e-06,4.504490651802e-01,8.151937924240e-04,-1.037522658428e-06
"                 914",1.075042342982e-01,6.631598558017e+00,-6.445045803333e-06,5.579532304629e-01,6.632413737452e+00,-7.468782747677e-06,4.504489961647e-01,8.151794351692e-04,-1.023736944343e-06
"                 915",1.075042433643e-01,6.631604386753e+00,-6.445102048254e-06,5.579531774384e-01,6.632419555614e+00,-7.450971517124e-06,4.504489340741e-01,8.151688604550e-04,-1.005869468870e-06
"                 916",1.075042439494e-01,6.631610493974e+00,-6.445075894122e-06,5.579531125129e-01,6.632425647593e+00,-7.448179173700e-06,4.504488685634e-01,8.151536192935e-04,-1.003103279578e-06
"                 917",1.075042441596e-01,6.631616913462e+00,-6.445060208305e-06,5.579530506561e-01,6.632432055147e+00,-7.432637799416e-06,4.504488064965e-01,8.151416845930e-04,-9.875775911110e-07
"                 918",1.075042418212e-01,6.631623518752e+00,-6.445024485002e-06,5.579529804061e-01,6.632438645724e+00,-7.413479312986e-06,4.504487385850e-01,8.151269725551e-04,-9.684548279843e-07
"                 919",1.075042699992e-01,6.631630160695e+00,-6.445015609992e-06,5.579529448518e-01,6.632445277365e+00,-7.393266385798e-06,4.504486748526e-01,8.151166695381e-04,-9.482507758060e-07
"                 920",1.075042648360e-01,6.631636685522e+00,-6.444980585451e-06,5.579528715486e-01,6.632451790692e+00,-7.398926960515e-06,4.504486067126e-01,8.151051701754e-04,-9.539463750641e-07
"                 921",1.075042980567e-01,6.631643368370e+00,-6.444942465388e-06,5.579528391948e-01,6.632458466308e+00,-7.380792640231e-06,4.504485411380e-01,8.150979378291e-04,-9.358501748423e-07
"                 922",1.075043013074e-01,6.631650119437e+00,-6.444893447145e-06,5.579527710201e-01,6.632465208948e+00,-7.375752901578e-06,4.504484697128e-01,8.150895107478e-04,-9.308594544329e-07
"                 923",1.075042994130e-01,6.631657044121e+00,-6.444865710323e-06,5.579527002954e-01,6.632472128558e+00,-7.350952152430e-06,4.504484008824e-01,8.150844368578e-04,-9.060864421067e-07
"                 924",1.075042668458e-01,6.631664132962e+00,-6.444797737321e-06,5.579525904803e-01,6.632479205887e+00,-7.357499380680e-06,4.504483236346e-01,8.150729253179e-04,-9.127016433582e-07
"                 925",1.075042456583e-01,6.631671332753e+00,-6.444716982063e-06,5.579524961885e-01,6.632486397694e+00,-7.363223656187e-06,4.504482505302e-01,8.150649404977e-04,-9.185066741235e-07
"                 926",1.075041849045e-01,6.631678257756e+00,-6.444652787644e-06,5.579523574853e-01,6.632493312217e+00,-7.334444701221e-06,4.504481725808e-01,8.150544614976e-04,-8.897919135773e-07
"                 927",1.075041452797e-01,6.631684972936e+00,-6.444625527518e-06,5.579522430826e-01,6.632500020532e+00,-7.327369298480e-06,4.504480978029e-01,8.150475960907e-04,-8.827437709622e-07
"                 928",1.075040652653e-01,6.631691378103e+00,-6.444545761525e-06,5.579520821185e-01,6.632506415421e+00,-7.319805855963e-06,4.504480168531e-01,8.150373178621e-04,-8.752600944386e-07
"                 929",1.075039660335e-01,6.631697505951e+00,-6.444460772721e-06,5.579519055582e-01,6.632512536208e+00,-7.305871631825e-06,4.504479395247e-01,8.150302567311e-04,-8.614108591039e-07
"                 930",1.075038460976e-01,6.631703245325e+00,-6.444403953119e-06,5.579517025345e-01,6.632518266887e+00,-7.327169539070e-06,4.504478564369e-01,8.150215612866e-04,-8.827655859512e-07
"                 931",1.075037372656e-01,6.631708808490e+00,-6.444358309062e-06,5.579515112544e-01,6.632523823554e+00,-7.306050027289e-06,4.504477739888e-01,8.150150639932e-04,-8.616917182263e-07
"                 932",1.075035921796e-01,6.631714158974e+00,-6.444303500519e-06,5.579512761646e-01,6.632529163161e+00,-7.306748993851e-06,4.504476839850e-01,8.150041867591e-04,-8.624454933316e-07
"                 933",1.075034873648e-01,6.631719481630e+00,-6.444259515701e-06,5.579510860513e-01,6.632534481250e+00,-7.304960774668e-06,4.504475986865e-01,8.149996199047e-04,-8.607012589672e-07
"                 934",1.075033745759e-01,6.631724656143e+00,-6.444195935450e-06,5.579508826187e-01,6.632539649993e+00,-7.294411589616e-06,4.504475080429e-01,8.149938502842e-04,-8.502156541663e-07
"                 935",1.075032611515e-01,6.631729803956e+00,-6.444140484194e-06,5.579506760709e-01,6.632544791182e+00,-7.289609952709e-06,4.504474149194e-01,8.149872256742e-04,-8.454694685150e-07
"                 936",1.075031159928e-01,6.631734938756e+00,-6.444095997058e-06,5.579504269351e-01,6.632549915903e+00,-7.296057548471e-06,4.504473109423e-01,8.149771465952e-04,-8.519615514129e-07
"                 937",1.075029883847e-01,6.631740226536e+00,-6.444075994572e-06,5.579501992925e-01,6.632555200504e+00,-7.282099467043e-06,4.504472109078e-01,8.149739678104e-04,-8.380234724709e-07
"                 938",1.075028283361e-01,6.631745523337e+00,-6.444038342544e-06,5.579499315019e-01,6.632560490335e+00,-7.275126100991e-06,4.504471031657e-01,8.149669979808e-04,-8.310877584471e-07
"                 939",1.075027168218e-01,6.631750937624e+00,-6.444005236224e-06,5.579497137328e-01,6.632565899981e+00,-7.272400257521e-06,4.504469969110e-01,8.149623568064e-04,-8.283950212967e-07
"                 940",1.075025860978e-01,6.631756113962e+00,-6.443997507215e-06,5.579494666046e-01,6.632571068048e+00,-7.282356758514e-06,4.504468805068e-01,8.149540858448e-04,-8.383592512987e-07
"                 941",1.075024555947e-01,6.631761134544e+00,-6.443981306841e-06,5.579492214709e-01,6.632576085511e+00,-7.277442584309e-06,4.504467658762e-01,8.149509663330e-04,-8.334612774680e-07
"                 942",1.075023369472e-01,6.631766037663e+00,-6.443985040236e-06,5.579489791055e-01,6.632580981094e+00,-7.264515783358e-06,4.504466421583e-01,8.149434310114e-04,-8.205307431218e-07
"                 943",1.075022418472e-01,6.631770879316e+00,-6.444038739955e-06,5.579487610443e-01,6.632585814879e+00,-7.262053449383e-06,4.504465191971e-01,8.149355634992e-04,-8.180147094278e-07
"                 944",1.075021153870e-01,6.631775602994e+00,-6.444036885242e-06,5.579485055763e-01,6.632590529084e+00,-7.271728508813e-06,4.504463901893e-01,8.149260898190e-04,-8.276916235715e-07
"                 945",1.075020408081e-01,6.631780364818e+00,-6.444041412944e-06,5.579483032082e-01,6.632595285305e+00,-7.242220068557e-06,4.504462624002e-01,8.149204867682e-04,-7.981786556131e-07
"                 946",1.075019458889e-01,6.631784893741e+00,-6.444105920150e-06,5.579480750017e-01,6.632599808309e+00,-7.264534476041e-06,4.504461291128e-01,8.149145683735e-04,-8.204285558906e-07
"                 947",1.075018422536e-01,6.631789156984e+00,-6.444141704473e-06,5.579478450138e-01,6.632604073627e+00,-7.233575990870e-06,4.504460027602e-01,8.149166438047e-04,-7.894342863970e-07
"                 948",1.075017237004e-01,6.631793021039e+00,-6.444256838398e-06,5.579475943476e-01,6.632607936850e+00,-7.254028495298e-06,4.504458706472e-01,8.149158103671e-04,-8.097716569001e-07
"                 949",1.075016141926e-01,6.631796647784e+00,-6.444305000916e-06,5.579473549796e-01,6.632611563221e+00,-7.235533009549e-06,4.504457407871e-01,8.149154375128e-04,-7.912280086334e-07
"                 950",1.075014552313e-01,6.631800059399e+00,-6.444440095736e-06,5.579470589941e-01,6.632614968905e+00,-7.256098214434e-06,4.504456037627e-01,8.149095063800e-04,-8.116581186986e-07
"                 951",1.075013326358e-01,6.631803565724e+00,-6.444446463391e-06,5.579468059383e-01,6.632618474547e+00,-7.222399030466e-06,4.504454733025e-01,8.149088227615e-04,-7.779525670752e-07
"                 952",1.075011954255e-01,6.631806849226e+00,-6.444574534185e-06,5.579465332633e-01,6.632621750367e+00,-7.249711013831e-06,4.504453378377e-01,8.149011410305e-04,-8.051364796461e-07
"                 953",1.075010500293e-01,6.631809512672e+00,-6.444601168017e-06,5.579462549687e-01,6.632624407399e+00,-7.209989732232e-06,4.504452049394e-01,8.148947263579e-04,-7.653885642154e-07
"                 954",1.075008813859e-01,6.631811510587e+00,-6.444801133864e-06,5.579459499907e-01,6.632626397167e+00,-7.258252075354e-06,4.504450686047e-01,8.148865795877e-04,-8.134509414894e-07
"                 955",1.075007343267e-01,6.631813080125e+00,-6.444848578879e-06,5.579456786247e-01,6.632627968377e+00,-7.219209920303e-06,4.504449442980e-01,8.148882514540e-04,-7.743613414236e-07
"                 956",1.075005745170e-01,6.631814361731e+00,-6.444982225703e-06,5.579453930479e-01,6.632629245061e+00,-7.225158059223e-06,4.504448185309e-01,8.148833296123e-04,-7.801758335205e-07
"                 957",1.075004628379e-01,6.631815707878e+00,-6.445019347943e-06,5.579451618550e-01,6.632630587405e+00,-7.221454208856e-06,4.504446990172e-01,8.148795271197e-04,-7.764348609128e-07
"                 958",1.075003111900e-01,6.631817038243e+00,-6.445156134590e-06,5.579448908395e-01,6.632631910373e+00,-7.224636042425e-06,4.504445796495e-01,8.148721299704e-04,-7.794799078346e-07
"                 959",1.075001814468e-01,6.631818485645e+00,-6.445226244476e-06,5.579446489814e-01,6.632633352361e+00,-7.193390843648e-06,4.504444675345e-01,8.148667164959e-04,-7.481645991716e-07
"                 960",1.075000639242e-01,6.631820143651e+00,-6.445293955411e-06,5.579444183278e-01,6.632635000727e+00,-7.227414265718e-06,4.504443544036e-01,8.148570760078e-04,-7.821203103076e-07
"                 961",1.074999549024e-01,6.631822123509e+00,-6.445330772764e-06,5.579442052683e-01,6.632636975997e+00,-7.209539740556e-06,4.504442503659e-01,8.148524875167e-04,-7.642089677924e-07
"                 962",1.074998392596e-01,6.631824626465e+00,-6.445330166679e-06,5.579439823160e-01,6.632639467457e+00,-7.213988904632e-06,4.504441430564e-01,8.148409919215e-04,-7.686587379536e-07
"                 963",1.074997905283e-01,6.631827758032e+00,-6.445373847906e-06,5.579438301029e-01,6.632642590977e+00,-7.199539145386e-06,4.504440395745e-01,8.148329451058e-04,-7.541652974803e-07
"                 964",1.074997335549e-01,6.631831230882e+00,-6.445356291244e-06,5.579436706328e-01,6.632646055775e+00,-7.204458285809e-06,4.504439370779e-01,8.148248927042e-04,-7.591019945653e-07
"                 965",1.074997112980e-01,6.631835118757e+00,-6.445349038547e-06,5.579435502511e-01,6.632649937603e+00,-7.212644239786e-06,4.504438389531e-01,8.148188457074e-04,-7.672952012386e-07
"                 966",1.074997012638e-01,6.631839381450e+00,-6.445349258493e-06,5.579434393503e-01,6.632654191168e+00,-7.207607535493e-06,4.504437380865e-01,8.148097176306e-04,-7.622582770007e-07
"                 967",1.074997225980e-01,6.631843913065e+00,-6.445334729854e-06,5.579433655804e-01,6.632658719170e+00,-7.177708986272e-06,4.504436429824e-01,8.148061050529e-04,-7.323742564184e-07
"                 968",1.074997372735e-01,6.631848706458e+00,-6.445315055142e-06,5.579432811628e-01,6.632663504960e+00,-7.198707154518e-06,4.504435438893e-01,8.147985024843e-04,-7.533920993751e-07
"                 969",1.074997799112e-01,6.631853728080e+00,-6.445313227523e-06,5.579432255851e-01,6.632668521284e+00,-7.187151491907e-06,4.504434456738e-01,8.147932045900e-04,-7.418382643845e-07
"                 970",1.074997601054e-01,6.631858350581e+00,-6.445251207710e-06,5.579431045749e-01,6.632673135910e+00,-7.206429237079e-06,4.504433444695e-01,8.147853289787e-04,-7.611780293694e-07
"                 971",1.074997366300e-01,6.631863900842e+00,-6.445151757422e-06,5.579429843985e-01,6.632678682535e+00,-7.186590796519e-06,4.504432477684e-01,8.147816932041e-04,-7.414390390975e-07
"                 972",1.074997122348e-01,6.631869312545e+00,-6.445123358424e-06,5.579428595603e-01,6.632684089405e+00,-7.196164903526e-06,4.504431473255e-01,8.147768601046e-04,-7.510415451020e-07
"                 973",1.074997190651e-01,6.631874131190e+00,-6.445071155980e-06,5.579427712354e-01,6.632688906184e+00,-7.175262719983e-06,4.504430521703e-01,8.147749944739e-04,-7.301915640028e-07
"                 974",1.074996771199e-01,6.631879658197e+00,-6.445054890629e-06,5.579426280537e-01,6.632694426971e+00,-7.203305743216e-06,4.504429509338e-01,8.147687742418e-04,-7.582508525867e-07
"                 975",1.074996840041e-01,6.631884536363e+00,-6.444945481778e-06,5.579425368179e-01,6.632699303317e+00,-7.168007346262e-06,4.504428528138e-01,8.147669538519e-04,-7.230618644846e-07
"                 976",1.074996649737e-01,6.631889806686e+00,-6.444971663392e-06,5.579424129092e-01,6.632704567046e+00,-7.224949340241e-06,4.504427479355e-01,8.147603601939e-04,-7.799776768494e-07
"                 977",1.074996527186e-01,6.631894270123e+00,-6.444828660021e-06,5.579422981430e-01,6.632709026898e+00,-7.200355191386e-06,4.504426454244e-01,8.147567750068e-04,-7.555265313647e-07
"                 978",1.074996208060e-01,6.631898801328e+00,-6.444783514558e-06,5.579421577648e-01,6.632713546993e+00,-7.202401435845e-06,4.504425369588e-01,8.147456654010e-04,-7.576179212870e-07
"                 979",1.074995537458e-01,6.631903711724e+00,-6.444762128297e-06,5.579419838853e-01,6.632718448545e+00,-7.194127141650e-06,4.504424301395e-01,8.147368205511e-04,-7.493650133534e-07
"                 980",1.074994685923e-01,6.631907685125e+00,-6.444721410622e-06,5.579417906358e-01,6.632722414473e+00,-7.202122356822e-06,4.504423220435e-01,8.147293481208e-04,-7.574009462001e-07
"                 981",1.074994135840e-01,6.631911483221e+00,-6.444718659209e-06,5.579416243520e-01,6.632726206061e+00,-7.197451032296e-06,4.504422107680e-01,8.147228400429e-04,-7.527323730870e-07
"                 982",1.074992644312e-01,6.631915750167e+00,-6.444654479340e-06,5.579413580145e-01,6.632730463769e+00,-7.228786649985e-06,4.504420935833e-01,8.147136019636e-04,-7.841321706456e-07
"                 983",1.074991577365e-01,6.631919810858e+00,-6.444620014197e-06,5.579411411438e-01,6.632734523972e+00,-7.231627433984e-06,4.504419834073e-01,8.147131141788e-04,-7.870074197864e-07
"                 984",1.074990333933e-01,6.631923972938e+00,-6.444574853019e-06,5.579408998534e-01,6.632738679581e+00,-7.205845909356e-06,4.504418664601e-01,8.147066426890e-04,-7.612710563367e-07
"                 985",1.074989029960e-01,6.631928609838e+00,-6.444609384036e-06,5.579406521560e-01,6.632743309586e+00,-7.210043801735e-06,4.504417491600e-01,8.146997474456e-04,-7.654344176989e-07
"                 986",1.074987821109e-01,6.631932581136e+00,-6.444563809138e-06,5.579404063850e-01,6.632747273170e+00,-7.215743775403e-06,4.504416242741e-01,8.146920341663e-04,-7.711799662648e-07
"                 987",1.074987036234e-01,6.631936538591e+00,-6.444601488131e-06,5.579402015845e-01,6.632751228181e+00,-7.225014225387e-06,4.504414979610e-01,8.146895899562e-04,-7.804127372568e-07
"                 988",1.074985899929e-01,6.631940788345e+00,-6.444530576292e-06,5.579399551085e-01,6.632755473853e+00,-7.218306575552e-06,4.504413651156e-01,8.146855087601e-04,-7.737759992600e-07
"                 989",1.074984958672e-01,6.631944577646e+00,-6.444613026851e-06,5.579397265196e-01,6.632759262316e+00,-7.223243207055e-06,4.504412306524e-01,8.146846701158e-04,-7.786301802035e-07
"                 990",1.074983967166e-01,6.631948395303e+00,-6.444596678955e-06,5.579394846847e-01,6.632763074887e+00,-7.228089655488e-06,4.504410879681e-01,8.146795842419e-04,-7.834929765327e-07
"                 991",1.074982969197e-01,6.631952330359e+00,-6.444652675494e-06,5.579392413496e-01,6.632767005977e+00,-7.231989863227e-06,4.504409444300e-01,8.146756183196e-04,-7.873371877332e-07
"                 992",1.074981628166e-01,6.631956514327e+00,-6.444635846037e-06,5.579389587988e-01,6.632771183342e+00,-7.237661903131e-06,4.504407959822e-01,8.146690146755e-04,-7.930260570942e-07
"                 993",1.074981082893e-01,6.631959965332e+00,-6.444740920667e-06,5.579387557553e-01,6.632774629156e+00,-7.242424449418e-06,4.504406474660e-01,8.146638241817e-04,-7.976835287506e-07
"                 994",1.074980122513e-01,6.631963049241e+00,-6.444718253211e-06,5.579385071451e-01,6.632777702548e+00,-7.222604635868e-06,4.504404948938e-01,8.146533073985e-04,-7.778863826571e-07
"                 995",1.074978970033e-01,6.631966150762e+00,-6.444825579599e-06,5.579382424377e-01,6.632780797804e+00,-7.231998520018e-06,4.504403454344e-01,8.146470420019e-04,-7.871729404182e-07
"                 996",1.074977473719e-01,6.631969520732e+00,-6.444847194212e-06,5.579379406008e-01,6.632784159644e+00,-7.230173212891e-06,4.504401932289e-01,8.146389122131e-04,-7.853260186786e-07
"                 997",1.074976670307e-01,6.631972398434e+00,-6.444989329554e-06,5.579377102791e-01,6.632787029910e+00,-7.230699115431e-06,4.504400432484e-01,8.146314763988e-04,-7.857097858777e-07
"                 998",1.074975486226e-01,6.631975107468e+00,-6.444987202152e-06,5.579374359773e-01,6.632789726603e+00,-7.247085340764e-06,4.504398873547e-01,8.146191354162e-04,-8.020981386117e-07
"                 999",1.074974826359e-01,6.631977921410e+00,-6.445090745100e-06,5.579372205248e-01,6.632792536352e+00,-7.237338421458e-06,4.504397378889e-01,8.146149415173e-04,-7.922476763584e-07
"                1000",1.074973868327e-01,6.631980631443e+00,-6.445127612161e-06,5.579369724107e-01,6.632795240135e+00,-7.222333655191e-06,4.504395855780e-01,8.146086918111e-04,-7.772060430293e-07
