Time (s),PRESSURE_FORCE_X,PRESSURE_FORCE_Y,PRESSURE_FORCE_Z,TOTAL_FORCE_X,TOTAL_FORCE_Y,TOTAL_FORCE_Z,VISCOUS_FORCE_X,VISCOUS_FORCE_Y,VISCOUS_FORCE_Z
"                   1",4.716446501478e+01,7.125724421278e+02,-6.738434763692e-04,4.808619830600e+01,7.128070913539e+02,-6.740845136851e-04,9.217332912244e-01,2.346492260781e-01,-2.410373158432e-07
"                   2",2.749715228145e+01,4.828033786694e+02,-5.447350610929e-04,2.839364455893e+01,4.829523781879e+02,-5.417843615497e-04,8.964922774755e-01,1.489995184961e-01,2.950699543210e-06
"                   3",-1.406707690527e+01,-1.054374480195e+02,-9.896652017691e-05,-1.321912996451e+01,-1.053521353944e+02,-9.371964686825e-05,8.479469407612e-01,8.531262501539e-02,5.246873308658e-06
"                   4",-3.174281486246e+01,-3.754948767287e+02,1.776391610506e-04,-3.096819330397e+01,-3.754376183882e+02,1.830915658817e-04,7.746215584903e-01,5.725834044630e-02,5.452404831091e-06
"                   5",-1.576122607839e+01,-1.737034331258e+02,1.268014787332e-04,-1.504541397072e+01,-1.736394301270e+02,1.313285035838e-04,7.158121076753e-01,6.400299875895e-02,4.527024850625e-06
"                   6",7.855462112345e+00,1.468985393498e+02,-6.626864247482e-05,8.536252904299e+00,1.469755283964e+02,-6.248772465208e-05,6.807907919540e-01,7.698904662798e-02,3.780917822738e-06
"                   7",1.476213833447e+01,2.505080494956e+02,-1.757237129432e-04,1.541656083251e+01,2.505703701127e+02,-1.690405945471e-04,6.544224980440e-01,6.232061712481e-02,6.683118396061e-06
"                   8",3.829958892515e+00,1.144505208032e+02,-1.335319073343e-04,4.478848141655e+00,1.145105227467e+02,-1.298743313924e-04,6.488892491400e-01,6.000194354835e-02,3.657575941922e-06
"                   9",-9.367199733957e+00,-5.205677595770e+01,-3.557854706725e-05,-8.740169364210e+00,-5.200510625087e+01,-2.032771352838e-05,6.270303697467e-01,5.166970682977e-02,1.525083353887e-05
"                  10",-1.213669502345e+01,-8.605609403537e+01,-2.595581681552e-09,-1.155722837585e+01,-8.601314420177e+01,1.748772832409e-05,5.794666476041e-01,4.294983360155e-02,1.749032390577e-05
"                  11",-5.198961464672e+00,-2.355989489357e+00,-3.646273568295e-05,-4.661891619550e+00,-2.314675776744e+00,-2.350042075357e-05,5.370698451223e-01,4.131371261262e-02,1.296231492939e-05
"                  12",1.962438989099e+00,8.074577777213e+01,-8.612318836897e-05,2.470897590648e+00,8.078864866507e+01,-7.739067864349e-05,5.084586015482e-01,4.287089293984e-02,8.732509725481e-06
"                  13",2.737982714582e+00,8.725571503386e+01,-9.672717112904e-05,3.226737477355e+00,8.729666341522e+01,-9.030799667313e-05,4.887547627729e-01,4.094838135842e-02,6.419174455908e-06
"                  14",-1.640404700142e+00,3.720263821507e+01,-7.003064452511e-05,-1.168386308359e+00,3.723650391121e+01,-5.641909171794e-05,4.720183917828e-01,3.386569613714e-02,1.361155280717e-05
"                  15",-5.606043139661e+00,-3.563138119903e+00,-4.444496963228e-05,-5.159932758474e+00,-3.535576853524e+00,-2.055334417052e-05,4.461103811877e-01,2.756126637882e-02,2.389162546177e-05
"                  16",-5.776654058808e+00,-7.846208513778e-01,-4.057382574005e-05,-5.356651290942e+00,-7.583628512230e-01,-3.645109041038e-05,4.200027678663e-01,2.625800015481e-02,4.122735329672e-06
"                  17",-3.222799209337e+00,2.708475794523e+01,-5.638670637189e-05,-2.822941351000e+00,2.711184187615e+01,-5.523027116935e-05,3.998578583364e-01,2.708393091853e-02,1.156435202543e-06
"                  18",-1.088216827979e+00,4.557958518244e+01,-7.014649119047e-05,-7.086173566443e-01,4.560833890559e+01,-7.095407950898e-05,3.795994713345e-01,2.875372315283e-02,-8.075883185055e-07
"                  19",-1.121659549709e+00,4.064827017990e+01,-7.081578196249e-05,-7.594448279331e-01,4.067806596822e+01,-7.781034441534e-05,3.622147217757e-01,2.979578831964e-02,-6.994562452850e-06
"                  20",-2.625675029734e+00,2.451457221648e+01,-6.209093708817e-05,-2.280932931033e+00,2.454383732728e+01,-7.473929154768e-05,3.447420987009e-01,2.926511079945e-02,-1.264835445951e-05
"                  21",-3.750293506008e+00,1.576519399433e+01,-5.652229304917e-05,-3.430227349648e+00,1.579120689884e+01,-5.238672443050e-05,3.200661563596e-01,2.601290450355e-02,4.135568618672e-06
"                  22",-3.576616730452e+00,1.992440278397e+01,-5.993992149608e-05,-3.266919918092e+00,1.995116477634e+01,-6.153438718907e-05,3.096968123600e-01,2.676199236919e-02,-1.594465692985e-06
"                  23",-2.661926715634e+00,2.847626458183e+01,-6.600800076493e-05,-2.364163670182e+00,2.850257801792e+01,-7.136056708849e-05,2.977630454520e-01,2.631343608844e-02,-5.352566323560e-06
"                  24",-2.028458461651e+00,3.192401355105e+01,-6.829714775237e-05,-1.742993071267e+00,3.195019130617e+01,-7.188756124445e-05,2.854653903839e-01,2.617775512244e-02,-3.590413492076e-06
"                  25",-2.141741910355e+00,2.865048053556e+01,-6.655013616526e-05,-1.868855814154e+00,2.867686296099e+01,-6.843616284247e-05,2.728860962012e-01,2.638242543032e-02,-1.886026677210e-06
"                  26",-2.654174224877e+00,2.365018258554e+01,-6.423668190739e-05,-2.393830624803e+00,2.367677779001e+01,-6.585813534484e-05,2.603436000738e-01,2.659520446714e-02,-1.621453437443e-06
"                  27",-2.954429425655e+00,2.197508797917e+01,-6.407424977453e-05,-2.706428829057e+00,2.200170784655e+01,-6.770211296510e-05,2.480005965982e-01,2.661986737528e-02,-3.627863190573e-06
"                  28",-2.795549043033e+00,2.397709035223e+01,-6.620594834744e-05,-2.558538436477e+00,2.400360170076e+01,-6.895300259422e-05,2.370106065556e-01,2.651134852529e-02,-2.747054246787e-06
"                  29",-2.412417037902e+00,2.652657200638e+01,-6.866622851751e-05,-2.184979485502e+00,2.655294333902e+01,-6.916244930852e-05,2.274375524004e-01,2.637133263256e-02,-4.962207910110e-07
"                  30",-2.192061711402e+00,2.709782195482e+01,-6.963930878182e-05,-1.973499005468e+00,2.712412859327e+01,-6.923508166475e-05,2.185627059338e-01,2.630663845743e-02,4.042271170682e-07
"                  31",-2.255958897032e+00,2.572088575236e+01,-6.915193080273e-05,-2.046177425596e+00,2.574726409917e+01,-6.895249099754e-05,2.097814714356e-01,2.637834680775e-02,1.994398051862e-07
"                  32",-2.433068515907e+00,2.424367589507e+01,-6.863368650922e-05,-2.232114081762e+00,2.427022113336e+01,-6.867468721378e-05,2.009544341453e-01,2.654523829718e-02,-4.100070456162e-08
"                  33",-2.501595580107e+00,2.405501645299e+01,-6.906909346756e-05,-2.307167860513e+00,2.408147409335e+01,-6.912430777665e-05,1.944277195936e-01,2.645764036149e-02,-5.521430909380e-08
"                  34",-2.403615976076e+00,2.484501576340e+01,-7.070100073686e-05,-2.214378947791e+00,2.487132525156e+01,-7.023195779181e-05,1.892370282851e-01,2.630948815625e-02,4.690429450563e-07
"                  35",-2.241405379258e+00,2.545174400887e+01,-7.249400671342e-05,-2.057275412555e+00,2.547805585749e+01,-7.215401456527e-05,1.841299667034e-01,2.631184862572e-02,3.399921481427e-07
"                  36",-2.142878198319e+00,2.529785613491e+01,-7.364767297236e-05,-1.963740302900e+00,2.532424877805e+01,-7.403981354749e-05,1.791378954184e-01,2.639264314296e-02,-3.921405751371e-07
"                  37",-2.145111382896e+00,2.472610803848e+01,-7.419908266899e-05,-1.970084260996e+00,2.475254658923e+01,-7.686509038503e-05,1.750271219005e-01,2.643855074835e-02,-2.666007716034e-06
"                  38",-2.185424501482e+00,2.441043670261e+01,-7.466301731026e-05,-2.013879663432e+00,2.443694361690e+01,-7.836078156003e-05,1.715448380499e-01,2.650691428870e-02,-3.697764249777e-06
"                  39",-2.182706061029e+00,2.456349379156e+01,-7.515000569174e-05,-2.013899307721e+00,2.459010306058e+01,-7.507148992522e-05,1.688067533081e-01,2.660926901885e-02,7.851576652070e-08
"                  40",-2.111701174439e+00,2.483376826218e+01,-7.578007037998e-05,-1.945275071625e+00,2.486050917608e+01,-7.239685988086e-05,1.664261028142e-01,2.674091389802e-02,3.383210499118e-06
"                  41",-2.015484357012e+00,2.480323171099e+01,-7.642464211457e-05,-1.851659628584e+00,2.483018377446e+01,-6.881681592172e-05,1.638247284282e-01,2.695206346856e-02,7.607826192850e-06
"                  42",-1.943747698699e+00,2.444157536238e+01,-7.712023967275e-05,-1.782342329801e+00,2.446868927455e+01,-6.513828599270e-05,1.614053688977e-01,2.711391217231e-02,1.198195368005e-05
"                  43",-1.908568249609e+00,2.400517150649e+01,-7.775317830051e-05,-1.749197710982e+00,2.403237128155e+01,-6.352980620636e-05,1.593705386271e-01,2.719977505659e-02,1.422337209415e-05
"                  44",-1.880832139662e+00,2.375709785506e+01,-7.839693931784e-05,-1.722951361054e+00,2.378428162651e+01,-6.207053033291e-05,1.578807786079e-01,2.718377145228e-02,1.632640898493e-05
"                  45",-1.829596632938e+00,2.368458727991e+01,-7.909765887281e-05,-1.672549650073e+00,2.371169449601e+01,-6.201159807709e-05,1.570469828656e-01,2.710721610569e-02,1.708606079571e-05
"                  46",-1.744992235269e+00,2.357712649724e+01,-7.981553838429e-05,-1.588142006687e+00,2.360423072598e+01,-6.328009849481e-05,1.568502285824e-01,2.710422873588e-02,1.653543988948e-05
"                  47",-1.641868989457e+00,2.325359200990e+01,-8.063699067164e-05,-1.485140902652e+00,2.328069872533e+01,-6.693707934447e-05,1.567280868052e-01,2.710671543219e-02,1.369991132718e-05
"                  48",-1.541531157417e+00,2.272096703431e+01,-8.161425777647e-05,-1.384980048745e+00,2.274802074134e+01,-7.016208196466e-05,1.565511086727e-01,2.705370702633e-02,1.145217581181e-05
"                  49",-1.453838001933e+00,2.208762886126e+01,-8.270925271752e-05,-1.297291282841e+00,2.211459722582e+01,-7.213012722088e-05,1.565467190923e-01,2.696836456654e-02,1.057912549664e-05
"                  50",-1.370397498019e+00,2.146377482092e+01,-8.390441335923e-05,-1.213549677063e+00,2.149059172857e+01,-7.375034561590e-05,1.568478209563e-01,2.681690764886e-02,1.015406774333e-05
"                  51",-1.274893793518e+00,2.087351321818e+01,-8.507332579596e-05,-1.117744956841e+00,2.090003144830e+01,-7.850793905115e-05,1.571488366771e-01,2.651823012647e-02,6.565386744820e-06
"                  52",-1.155397512212e+00,2.028238448392e+01,-8.627002800691e-05,-9.974785073641e-01,2.030853068992e+01,-8.308970939777e-05,1.579190048482e-01,2.614620599776e-02,3.180318609139e-06
"                  53",-1.011547162308e+00,1.965379382551e+01,-8.751189610750e-05,-8.524448547607e-01,1.967947530979e+01,-8.565953891048e-05,1.591023075473e-01,2.568148427636e-02,1.852357197019e-06
"                  54",-8.646152867730e-01,1.897910578169e+01,-8.866829442089e-05,-7.040923852166e-01,1.900439443717e+01,-8.732217616126e-05,1.605229015564e-01,2.528865548024e-02,1.346118259625e-06
"                  55",-7.409057183459e-01,1.831520899218e+01,-8.903265708001e-05,-5.787232887207e-01,1.834017623140e+01,-8.772592219942e-05,1.621824296252e-01,2.496723921768e-02,1.306734880598e-06
"                  56",-6.429638685601e-01,1.772224703833e+01,-8.902296699279e-05,-4.787121175904e-01,1.774689518514e+01,-8.672222157340e-05,1.642517509697e-01,2.464814680604e-02,2.300745419388e-06
"                  57",-5.556660303863e-01,1.723853997909e+01,-8.887651522411e-05,-3.892463498833e-01,1.726281117614e+01,-8.524761562165e-05,1.664196805030e-01,2.427119704445e-02,3.628899602455e-06
"                  58",-4.705988767690e-01,1.679943567296e+01,-8.843248689993e-05,-3.017100308283e-01,1.682352960961e+01,-8.423576710582e-05,1.688888459407e-01,2.409393665310e-02,4.196719794104e-06
"                  59",-3.921744183240e-01,1.639466253990e+01,-8.733429620878e-05,-2.207015799034e-01,1.641872161280e+01,-8.278772696184e-05,1.714728384205e-01,2.405907290038e-02,4.546569246935e-06
"                  60",-3.227743523388e-01,1.602981087482e+01,-8.607358301958e-05,-1.485669036885e-01,1.605390447385e+01,-8.089150772017e-05,1.742074486503e-01,2.409359902340e-02,5.182075299412e-06
"                  61",-2.655943424375e-01,1.573508312739e+01,-8.475654999527e-05,-8.885074673257e-02,1.575928528978e+01,-7.903176945261e-05,1.767435957049e-01,2.420216238869e-02,5.724780542656e-06
"                  62",-2.243705323433e-01,1.551706141144e+01,-8.325029517760e-05,-4.497207159134e-02,1.554135518919e+01,-7.736077856414e-05,1.793984607519e-01,2.429377774304e-02,5.889516613467e-06
"                  63",-1.956984247198e-01,1.536514720740e+01,-8.164662834583e-05,-1.377432109415e-02,1.538951675648e+01,-7.691884463182e-05,1.819241036257e-01,2.436954908327e-02,4.727783714012e-06
"                  64",-1.732914176030e-01,1.527961662727e+01,-8.005944751923e-05,1.105956234181e-02,1.530405985127e+01,-7.624794059326e-05,1.843509799448e-01,2.444322399981e-02,3.811506925971e-06
"                  65",-1.532784230089e-01,1.524678074862e+01,-7.857945348412e-05,3.352290678962e-02,1.527129754828e+01,-7.504626925105e-05,1.868013297986e-01,2.451679966045e-02,3.533184233062e-06
"                  66",-1.372251643058e-01,1.527149792558e+01,-7.758712107627e-05,5.205724947411e-02,1.529608227278e+01,-7.343022130819e-05,1.892824137799e-01,2.458434720172e-02,4.156899768076e-06
"                  67",-1.249961636543e-01,1.537324469816e+01,-7.712053944559e-05,6.682090569497e-02,1.539784179249e+01,-7.141299800922e-05,1.918170693492e-01,2.459709433319e-02,5.707541436374e-06
"                  68",-1.163526153330e-01,1.554346597270e+01,-7.700682038839e-05,7.791735491598e-02,1.556803676454e+01,-7.047225169282e-05,1.942699702490e-01,2.457079183487e-02,6.534568695567e-06
"                  69",-1.105691674120e-01,1.572249132183e+01,-7.704577601209e-05,8.609105198654e-02,1.574705438449e+01,-7.040964528262e-05,1.966602193985e-01,2.456306266364e-02,6.636130729470e-06
"                  70",-1.090126925430e-01,1.587502223135e+01,-7.713077998613e-05,8.993108126168e-02,1.589961157548e+01,-7.193250651821e-05,1.989437738046e-01,2.458934412751e-02,5.198273467918e-06
"                  71",-1.120489212014e-01,1.600960281617e+01,-7.720209611837e-05,8.906305262288e-02,1.603427777643e+01,-7.400693225696e-05,2.011119738243e-01,2.467496025952e-02,3.195163861408e-06
"                  72",-1.184419064659e-01,1.616650267299e+01,-7.731691353711e-05,8.473812862647e-02,1.619137440617e+01,-7.713911149197e-05,2.031800350924e-01,2.487173317216e-02,1.778020451383e-07
"                  73",-1.266005243625e-01,1.638081880248e+01,-7.751207107327e-05,7.844776878155e-02,1.640602287821e+01,-8.091862378766e-05,2.050482931441e-01,2.520407572541e-02,-3.406552714385e-06
"                  74",-1.355821331529e-01,1.664205824662e+01,-7.784608654521e-05,7.126923462581e-02,1.666770113235e+01,-8.361447522630e-05,2.068513677787e-01,2.564288573025e-02,-5.768388681087e-06
"                  75",-1.456136908675e-01,1.692965175428e+01,-7.831874485178e-05,6.294263937698e-02,1.695577760621e+01,-8.259895903823e-05,2.085563302445e-01,2.612585193124e-02,-4.280214186455e-06
"                  76",-1.575376961672e-01,1.722694463014e+01,-7.885218374298e-05,5.263317403189e-02,1.725358783546e+01,-7.894324294173e-05,2.101708701991e-01,2.664320531418e-02,-9.105919875143e-08
"                  77",-1.711097328914e-01,1.751714975495e+01,-7.933017975943e-05,4.058419028686e-02,1.754430115284e+01,-7.462835147426e-05,2.116939231783e-01,2.715139789134e-02,4.701828285176e-06
"                  78",-1.859835726562e-01,1.778000692305e+01,-7.980129361107e-05,2.714172319857e-02,1.780764083604e+01,-7.082718425410e-05,2.131252958548e-01,2.763391299030e-02,8.974109356969e-06
"                  79",-2.018703600960e-01,1.800917680971e+01,-8.024426196381e-05,1.262220649526e-02,1.803730189888e+01,-7.084295297457e-05,2.144925665913e-01,2.812508916860e-02,9.401308989238e-06
"                  80",-2.186219568619e-01,1.821334417534e+01,-8.068150778576e-05,-2.830287192166e-03,1.824199820914e+01,-7.404508495998e-05,2.157916696698e-01,2.865403380437e-02,6.636422825783e-06
"                  81",-2.351752249842e-01,1.841398030590e+01,-8.116324322684e-05,-1.810974584454e-02,1.844319854618e+01,-7.955965418998e-05,2.170654791396e-01,2.921824028233e-02,1.603589036860e-06
"                  82",-2.507198878696e-01,1.864229406855e+01,-8.171445866209e-05,-3.235096627089e-02,1.867207068702e+01,-8.379528625729e-05,2.183689215987e-01,2.977661846262e-02,-2.080827595200e-06
"                  83",-2.654052955688e-01,1.890734166820e+01,-8.228960521104e-05,-4.571079410992e-02,1.893766092084e+01,-8.665494664630e-05,2.196945014589e-01,3.031925264297e-02,-4.365341435264e-06
"                  84",-2.807728402559e-01,1.918518944158e+01,-8.286343134363e-05,-5.970683704551e-02,1.921602200302e+01,-8.786810383179e-05,2.210660032104e-01,3.083256143760e-02,-5.004672488162e-06
"                  85",-2.977707249105e-01,1.944430401098e+01,-8.337336834185e-05,-7.527764439138e-02,1.947561886258e+01,-8.912683240546e-05,2.224930805191e-01,3.131485159312e-02,-5.753464063607e-06
"                  86",-3.152578195921e-01,1.965499710363e+01,-8.381295191027e-05,-9.135240648727e-02,1.968678648384e+01,-8.987676557116e-05,2.239054131049e-01,3.178938021185e-02,-6.063813660889e-06
"                  87",-3.337227116825e-01,1.983174854403e+01,-8.418728680064e-05,-1.084516075303e-01,1.986400982335e+01,-9.201270726203e-05,2.252711041522e-01,3.226127931837e-02,-7.825420461392e-06
"                  88",-3.531271090042e-01,2.001206311562e+01,-8.451655466546e-05,-1.265135551876e-01,2.004476343119e+01,-9.503902535544e-05,2.266135538167e-01,3.270031556778e-02,-1.052247068999e-05
"                  89",-3.725497194847e-01,2.020792941221e+01,-8.482852267462e-05,-1.446326198415e-01,2.024105218063e+01,-9.915420083236e-05,2.279170996432e-01,3.312276841699e-02,-1.432567815774e-05
"                  90",-3.902778819090e-01,2.040035640430e+01,-8.508464077237e-05,-1.610900828736e-01,2.043388535394e+01,-1.028285992528e-04,2.291877990355e-01,3.352894963815e-02,-1.774395848041e-05
"                  91",-4.066333728723e-01,2.057343446667e+01,-8.533024688515e-05,-1.761631707037e-01,2.060733799166e+01,-1.065762022252e-04,2.304702021685e-01,3.390352498665e-02,-2.124595534008e-05
"                  92",-4.237498718055e-01,2.072722493857e+01,-8.559582429211e-05,-1.919753975043e-01,2.076145212436e+01,-1.102002993004e-04,2.317744743012e-01,3.422718578477e-02,-2.460447500827e-05
"                  93",-4.428805586355e-01,2.087195069775e+01,-8.588070497391e-05,-2.097658237535e-01,2.090644949544e+01,-1.131137270502e-04,2.331147348819e-01,3.449879769370e-02,-2.723302207634e-05
"                  94",-4.643174074181e-01,2.101219301475e+01,-8.615030350363e-05,-2.298292580815e-01,2.104692402194e+01,-1.145273471268e-04,2.344881493366e-01,3.473100719218e-02,-2.837704362318e-05
"                  95",-4.875695800249e-01,2.114953904814e+01,-8.637960504839e-05,-2.516674846403e-01,2.118449493182e+01,-1.147841927387e-04,2.359020953846e-01,3.495588368116e-02,-2.840458769029e-05
"                  96",-5.107980398891e-01,2.128326457203e+01,-8.654291698530e-05,-2.734816312351e-01,2.131841898120e+01,-1.144432477132e-04,2.373164086540e-01,3.515440916732e-02,-2.790033072790e-05
"                  97",-5.325427515600e-01,2.140799900346e+01,-8.668938219487e-05,-2.938316963706e-01,2.144332805525e+01,-1.148562240117e-04,2.387110551894e-01,3.532905179719e-02,-2.816684181681e-05
"                  98",-5.531066549577e-01,2.152092320040e+01,-8.680859363999e-05,-3.130137587608e-01,2.155640480161e+01,-1.155804969664e-04,2.400928961969e-01,3.548160120909e-02,-2.877190332637e-05
"                  99",-5.738334641553e-01,2.162454030466e+01,-8.691550354096e-05,-3.323733903185e-01,2.166013710352e+01,-1.163068363860e-04,2.414600738368e-01,3.559679885791e-02,-2.939133284505e-05
"                 100",-5.956683159262e-01,2.172116709496e+01,-8.699622866252e-05,-3.528511213559e-01,2.175683194650e+01,-1.164209390437e-04,2.428171945703e-01,3.566485154542e-02,-2.942471038120e-05
"                 101",-6.181327717424e-01,2.180881900755e+01,-8.706239535894e-05,-3.739597838057e-01,2.184450871740e+01,-1.156906947681e-04,2.441729879367e-01,3.568970984888e-02,-2.862829940918e-05
"                 102",-6.399825521917e-01,2.188593204932e+01,-8.713920119577e-05,-3.944401569881e-01,2.192161791377e+01,-1.143631565525e-04,2.455423952037e-01,3.568586445235e-02,-2.722395535675e-05
"                 103",-6.603409877325e-01,2.195514414778e+01,-8.722907071604e-05,-4.134197932944e-01,2.199081422737e+01,-1.126789607907e-04,2.469211944381e-01,3.567007958801e-02,-2.544989007464e-05
"                 104",-6.793181718901e-01,2.202135503371e+01,-8.732507109668e-05,-4.310111087592e-01,2.205700955732e+01,-1.112173417599e-04,2.483070631309e-01,3.565452360964e-02,-2.389227066326e-05
"                 105",-6.974976021599e-01,2.208968647377e+01,-8.740535373327e-05,-4.478100890264e-01,2.212532954299e+01,-1.099737036136e-04,2.496875131335e-01,3.564306921749e-02,-2.256834988029e-05
"                 106",-7.151030980079e-01,2.216401047531e+01,-8.745354930213e-05,-4.640369710507e-01,2.219964617947e+01,-1.090406454919e-04,2.510661269573e-01,3.563570415535e-02,-2.158709618973e-05
"                 107",-7.322875157498e-01,2.224298790339e+01,-8.747104596464e-05,-4.798410612655e-01,2.227861554163e+01,-1.075799064699e-04,2.524464544843e-01,3.562763824498e-02,-2.010886050524e-05
"                 108",-7.491581563777e-01,2.232062623298e+01,-8.747144225419e-05,-4.953262295390e-01,2.235623063446e+01,-1.054899300839e-04,2.538319268388e-01,3.560440147821e-02,-1.801848782971e-05
"                 109",-7.658155611473e-01,2.238926844109e+01,-8.746537399995e-05,-5.105901565041e-01,2.242482938382e+01,-1.030379030130e-04,2.552254046433e-01,3.556094273299e-02,-1.557252901307e-05
"                 110",-7.826733954029e-01,2.244488212471e+01,-8.746111893272e-05,-5.260379478701e-01,2.248037215332e+01,-1.000737518039e-04,2.566354475328e-01,3.549002861858e-02,-1.261263287115e-05
"                 111",-7.998975020720e-01,2.249608702206e+01,-8.745413443320e-05,-5.418327517460e-01,2.253148887728e+01,-9.761894792820e-05,2.580647503260e-01,3.540185521239e-02,-1.016481349500e-05
"                 112",-8.165375794912e-01,2.254563485488e+01,-8.744362426493e-05,-5.570336591684e-01,2.258093817555e+01,-9.575135371900e-05,2.595039203228e-01,3.530332067239e-02,-8.307729454072e-06
"                 113",-8.321496996980e-01,2.259196493978e+01,-8.744242361515e-05,-5.712156937394e-01,2.262718203607e+01,-9.426411216399e-05,2.609340059586e-01,3.521709628765e-02,-6.821688548845e-06
"                 114",-8.470622194100e-01,2.263881904969e+01,-8.741351551921e-05,-5.847122113768e-01,2.267396674594e+01,-9.277678978748e-05,2.623500080332e-01,3.514769624923e-02,-5.363274268266e-06
"                 115",-8.617388908054e-01,2.268995598483e+01,-8.735763587034e-05,-5.979935952887e-01,2.272505148664e+01,-9.165237766502e-05,2.637452955167e-01,3.509550181076e-02,-4.294741794685e-06
"                 116",-8.761628004395e-01,2.274504584527e+01,-8.731780260087e-05,-6.110391970949e-01,2.278010297682e+01,-9.125494912490e-05,2.651236033446e-01,3.505713154976e-02,-3.937146524027e-06
"                 117",-8.899855819202e-01,2.279988099238e+01,-8.731284448476e-05,-6.235011299928e-01,2.283491039553e+01,-9.083947765656e-05,2.664844519274e-01,3.502940314770e-02,-3.526633171798e-06
"                 118",-9.031617796335e-01,2.285392201600e+01,-8.734755462490e-05,-6.353155237345e-01,2.288892871452e+01,-9.018964740471e-05,2.678462558990e-01,3.500669852844e-02,-2.842092779814e-06
"                 119",-9.156532557803e-01,2.291182600644e+01,-8.738757968934e-05,-6.464344383806e-01,2.294680766774e+01,-8.894897504950e-05,2.692188173997e-01,3.498166129656e-02,-1.561395360158e-06
"                 120",-9.274215611622e-01,2.297649341845e+01,-8.741071131274e-05,-6.568289343450e-01,2.301144446309e+01,-8.757034405740e-05,2.705926268171e-01,3.495104463885e-02,-1.596327446630e-07
"                 121",-9.385726766975e-01,2.304454548687e+01,-8.740599550710e-05,-6.666151254336e-01,2.307946671986e+01,-8.721650244899e-05,2.719575512640e-01,3.492123299684e-02,1.894930581153e-07
"                 122",-9.494475324166e-01,2.311104334132e+01,-8.739510410382e-05,-6.761361721469e-01,2.314593681682e+01,-8.819237490619e-05,2.733113602697e-01,3.489347549886e-02,-7.972708023723e-07
"                 123",-9.602139558065e-01,2.317431798685e+01,-8.739818315210e-05,-6.855587245688e-01,2.320918614436e+01,-9.017861887300e-05,2.746552312378e-01,3.486815750662e-02,-2.780435720897e-06
"                 124",-9.706988197519e-01,2.323478153499e+01,-8.740952065608e-05,-6.947093037586e-01,2.326963034484e+01,-9.221880902439e-05,2.759895159933e-01,3.484880985060e-02,-4.809288368317e-06
"                 125",-9.807546983292e-01,2.329340552745e+01,-8.747469820871e-05,-7.034411377392e-01,2.332824218030e+01,-9.445220919020e-05,2.773135605899e-01,3.483665284904e-02,-6.977510981489e-06
"                 126",-9.904820500505e-01,2.334955341601e+01,-8.751439549930e-05,-7.118553544017e-01,2.338438437758e+01,-9.679046452191e-05,2.786266956487e-01,3.483096157430e-02,-9.276069022608e-06
"                 127",-1.000263807735e+00,2.340029354875e+01,-8.749527620336e-05,-7.203357527350e-01,2.343512821663e+01,-9.914409904534e-05,2.799280549999e-01,3.483466788171e-02,-1.164882284197e-05
"                 128",-1.010255523128e+00,2.344212743249e+01,-8.743903558908e-05,-7.290386227269e-01,2.347698452454e+01,-1.014311538754e-04,2.812169004014e-01,3.485709204843e-02,-1.399211828634e-05
"                 129",-1.020189867632e+00,2.347607359587e+01,-8.736270852247e-05,-7.376917797070e-01,2.351097099326e+01,-1.037812967698e-04,2.824980879252e-01,3.489739738532e-02,-1.641858824733e-05
"                 130",-1.029940996684e+00,2.350440018860e+01,-8.728050690925e-05,-7.461725157487e-01,2.353934345192e+01,-1.062040220099e-04,2.837684809352e-01,3.494326332449e-02,-1.892351510067e-05
"                 131",-1.038695600047e+00,2.352344418727e+01,-8.719310184530e-05,-7.536682992918e-01,2.355843576110e+01,-1.083734816622e-04,2.850273007555e-01,3.499157382650e-02,-2.118037981690e-05
"                 132",-1.046627173094e+00,2.353510858650e+01,-8.710893282780e-05,-7.603587876476e-01,2.357014700038e+01,-1.103335291874e-04,2.862683854466e-01,3.503841388474e-02,-2.322459635957e-05
"                 133",-1.054463041613e+00,2.354476786716e+01,-8.707240281754e-05,-7.669687805612e-01,2.357984772325e+01,-1.120818302965e-04,2.874942610519e-01,3.507985609222e-02,-2.500942747893e-05
"                 134",-1.062784413670e+00,2.355469637004e+01,-8.709937868235e-05,-7.740778247369e-01,2.358981245483e+01,-1.132205398407e-04,2.887065889334e-01,3.511608478713e-02,-2.612116115840e-05
"                 135",-1.071431696761e+00,2.356086587779e+01,-8.716384741935e-05,-7.815253732081e-01,2.359601062165e+01,-1.141213452729e-04,2.899063235524e-01,3.514474385977e-02,-2.695749785358e-05
"                 136",-1.079772348238e+00,2.355814397169e+01,-8.719289420094e-05,-7.886777192106e-01,2.359331030935e+01,-1.149057637950e-04,2.910946290275e-01,3.516633765857e-02,-2.771286959402e-05
"                 137",-1.087562460543e+00,2.354822806715e+01,-8.721059754550e-05,-7.952894013780e-01,2.358340944165e+01,-1.155788167504e-04,2.922730591652e-01,3.518137450312e-02,-2.836821920488e-05
"                 138",-1.094904818436e+00,2.353543098103e+01,-8.724427730263e-05,-8.014628552839e-01,2.357062209779e+01,-1.164013545654e-04,2.934419631517e-01,3.519111676050e-02,-2.915707726279e-05
"                 139",-1.101989698662e+00,2.352187993959e+01,-8.728339629510e-05,-8.073885003389e-01,2.355707748195e+01,-1.168239068164e-04,2.946011983230e-01,3.519754235623e-02,-2.954051052130e-05
"                 140",-1.108935534832e+00,2.350708711182e+01,-8.731524208306e-05,-8.131863014491e-01,2.354229040213e+01,-1.166913242877e-04,2.957492333827e-01,3.520329030875e-02,-2.937608220460e-05
"                 141",-1.115741315238e+00,2.348951325263e+01,-8.734012877139e-05,-8.188541269497e-01,2.352472257749e+01,-1.164653390643e-04,2.968871882880e-01,3.520932485754e-02,-2.912521029289e-05
"                 142",-1.122368101209e+00,2.346849880307e+01,-8.735708587082e-05,-8.243540437234e-01,2.350371302080e+01,-1.165555460264e-04,2.980140574857e-01,3.521421772814e-02,-2.919846015563e-05
"                 143",-1.128861283497e+00,2.344548884599e+01,-8.735791533232e-05,-8.297313429938e-01,2.348070490188e+01,-1.169985633923e-04,2.991299405033e-01,3.521605589156e-02,-2.964064805995e-05
"                 144",-1.135109203953e+00,2.342132174897e+01,-8.735222258430e-05,-8.348769170877e-01,2.345653561380e+01,-1.177046422789e-04,3.002322868649e-01,3.521386483265e-02,-3.035241969459e-05
"                 145",-1.141035388611e+00,2.339666964099e+01,-8.733367683234e-05,-8.397163005549e-01,2.343187637655e+01,-1.191073294250e-04,3.013190880563e-01,3.520673556168e-02,-3.177365259270e-05
"                 146",-1.146602390119e+00,2.337166468090e+01,-8.730122393699e-05,-8.442174386222e-01,2.340686169215e+01,-1.213428661162e-04,3.023849514968e-01,3.519701124517e-02,-3.404164217921e-05
"                 147",-1.151650641130e+00,2.334896964206e+01,-8.725963193269e-05,-8.482230750052e-01,2.338415775068e+01,-1.247264559943e-04,3.034275661247e-01,3.518810861575e-02,-3.746682406159e-05
"                 148",-1.156148432946e+00,2.333150063117e+01,-8.724583691804e-05,-8.517047642867e-01,2.336668285323e+01,-1.281176309669e-04,3.044436686590e-01,3.518222206023e-02,-4.087179404884e-05
"                 149",-1.160057559984e+00,2.332115530154e+01,-8.725369035172e-05,-8.546290566199e-01,2.335633436536e+01,-1.313195659653e-04,3.054285033641e-01,3.517906381596e-02,-4.406587561358e-05
"                 150",-1.163365670949e+00,2.331967241575e+01,-8.724619204568e-05,-8.569926413595e-01,2.335484921072e+01,-1.343061634966e-04,3.063730295891e-01,3.517679496697e-02,-4.705997145087e-05
"                 151",-1.166031106521e+00,2.332969615148e+01,-8.724190662436e-05,-8.587626930939e-01,2.336486745046e+01,-1.368906412455e-04,3.072684134267e-01,3.517129898132e-02,-4.964873462110e-05
"                 152",-1.168122635390e+00,2.335190735524e+01,-8.726175694742e-05,-8.600155830311e-01,2.338706910831e+01,-1.395322890919e-04,3.081070523590e-01,3.516175306135e-02,-5.227053214452e-05
"                 153",-1.169671793819e+00,2.338664955997e+01,-8.730905025699e-05,-8.607834404871e-01,2.342179947597e+01,-1.421902292696e-04,3.088883533314e-01,3.514991599642e-02,-5.488117901257e-05
"                 154",-1.170826073118e+00,2.343142533921e+01,-8.733451016496e-05,-8.612092214235e-01,2.346656387486e+01,-1.443307920115e-04,3.096168516949e-01,3.513853565121e-02,-5.699628184653e-05
"                 155",-1.171831498353e+00,2.348129006676e+01,-8.736595128600e-05,-8.615316197474e-01,2.351641814608e+01,-1.458158643545e-04,3.102998786056e-01,3.512807931933e-02,-5.844991306846e-05
"                 156",-1.172842916039e+00,2.353160273082e+01,-8.742771726335e-05,-8.618984482915e-01,2.356672112924e+01,-1.469919301840e-04,3.109444677475e-01,3.511839842118e-02,-5.956421292063e-05
"                 157",-1.173866104105e+00,2.358035199242e+01,-8.750149821180e-05,-8.623097472885e-01,2.361546281993e+01,-1.478623968510e-04,3.115563568170e-01,3.511082750698e-02,-6.036089863918e-05
"                 158",-1.174905928365e+00,2.362642660283e+01,-8.755225121522e-05,-8.627610560933e-01,2.366153180792e+01,-1.485869229685e-04,3.121448722718e-01,3.510520508456e-02,-6.103467175331e-05
"                 159",-1.175945835838e+00,2.366866038113e+01,-8.757158633235e-05,-8.632264148459e-01,2.370375898221e+01,-1.491867523043e-04,3.127194209920e-01,3.509860107770e-02,-6.161516597198e-05
"                 160",-1.176966007292e+00,2.370632579368e+01,-8.757532391467e-05,-8.636806385921e-01,2.374141383721e+01,-1.498262118553e-04,3.132853686997e-01,3.508804352958e-02,-6.225088794063e-05
"                 161",-1.177950437011e+00,2.373941860672e+01,-8.757924542459e-05,-8.641060810728e-01,2.377449068779e+01,-1.502078352271e-04,3.138443559384e-01,3.507208106417e-02,-6.262858980252e-05
"                 162",-1.178879648497e+00,2.376834966033e+01,-8.759792696408e-05,-8.644829265319e-01,2.380340006109e+01,-1.504864110894e-04,3.143967219649e-01,3.505040076231e-02,-6.288848412532e-05
"                 163",-1.179803771654e+00,2.379332382333e+01,-8.762683046970e-05,-8.648632806763e-01,2.382834833832e+01,-1.509137008986e-04,3.149404909779e-01,3.502451498473e-02,-6.328687042891e-05
"                 164",-1.180796126845e+00,2.381476852676e+01,-8.765487518252e-05,-8.653222396604e-01,2.384976409905e+01,-1.514801169883e-04,3.154738871842e-01,3.499557228790e-02,-6.382524180574e-05
"                 165",-1.181854288634e+00,2.383326221415e+01,-8.766395993447e-05,-8.658608281996e-01,2.386822600776e+01,-1.520873825663e-04,3.159934604348e-01,3.496379360519e-02,-6.442342263178e-05
"                 166",-1.182946966538e+00,2.385000616221e+01,-8.765074899444e-05,-8.664518322335e-01,2.388493535858e+01,-1.524989810484e-04,3.164951343047e-01,3.492919636822e-02,-6.484823205394e-05
"                 167",-1.183985306839e+00,2.386647985193e+01,-8.761918555988e-05,-8.670091628522e-01,2.390137131530e+01,-1.528989398394e-04,3.169761439867e-01,3.489146337210e-02,-6.527975427957e-05
"                 168",-1.184896451722e+00,2.388412142052e+01,-8.758847058839e-05,-8.674613680601e-01,2.391897239427e+01,-1.531546814444e-04,3.174350836619e-01,3.485097374933e-02,-6.556621085602e-05
"                 169",-1.185657623825e+00,2.390371752582e+01,-8.757611541532e-05,-8.677855393803e-01,2.393852571388e+01,-1.532345858332e-04,3.178720844446e-01,3.480818805450e-02,-6.565847041787e-05
"                 170",-1.186318934904e+00,2.392545746936e+01,-8.756822702235e-05,-8.680310553203e-01,2.396022059572e+01,-1.531714340556e-04,3.182878795837e-01,3.476312635784e-02,-6.560320703322e-05
"                 171",-1.186931605654e+00,2.394875248073e+01,-8.754049091136e-05,-8.682498094310e-01,2.398346798065e+01,-1.530272137832e-04,3.186817962231e-01,3.471549992112e-02,-6.548672287186e-05
"                 172",-1.187520192652e+00,2.397252961143e+01,-8.750504296641e-05,-8.684667006048e-01,2.400719570402e+01,-1.529390602644e-04,3.190534920476e-01,3.466609258617e-02,-6.543401729801e-05
"                 173",-1.188102092183e+00,2.399576022378e+01,-8.748925126532e-05,-8.686975186371e-01,2.403037635454e+01,-1.529333743111e-04,3.194045735462e-01,3.461613075953e-02,-6.544412304578e-05
"                 174",-1.188698002984e+00,2.401799012617e+01,-8.749888520311e-05,-8.689611012848e-01,2.405255675807e+01,-1.530442378273e-04,3.197369016996e-01,3.456663190093e-02,-6.554535262424e-05
"                 175",-1.189316896567e+00,2.403938121525e+01,-8.751750057149e-05,-8.692645449084e-01,2.407389878771e+01,-1.532425804242e-04,3.200523516588e-01,3.451757246429e-02,-6.572507985276e-05
"                 176",-1.189937809039e+00,2.405976290776e+01,-8.753336719045e-05,-8.695845877716e-01,2.409423127143e+01,-1.533922704054e-04,3.203532212675e-01,3.446836367019e-02,-6.585890321495e-05
"                 177",-1.190554186184e+00,2.407916734562e+01,-8.754801587444e-05,-8.699134773661e-01,2.411358562302e+01,-1.534187416724e-04,3.206407088180e-01,3.441827740816e-02,-6.587072579799e-05
"                 178",-1.191143471483e+00,2.409771716601e+01,-8.756757203478e-05,-8.702275954121e-01,2.413208434208e+01,-1.533160563659e-04,3.209158760708e-01,3.436717606490e-02,-6.574848433114e-05
"                 179",-1.191710582797e+00,2.411598425053e+01,-8.759230824586e-05,-8.705308778622e-01,2.415030043104e+01,-1.530730168392e-04,3.211797049346e-01,3.431618051040e-02,-6.548070859334e-05
"                 180",-1.192272201231e+00,2.413424939074e+01,-8.761606375233e-05,-8.708402061083e-01,2.416851455492e+01,-1.526985669710e-04,3.214319951227e-01,3.426516418351e-02,-6.508250321865e-05
"                 181",-1.192810657000e+00,2.415216081414e+01,-8.762747297598e-05,-8.711371704085e-01,2.418637535498e+01,-1.521755240097e-04,3.216734865919e-01,3.421454083239e-02,-6.454805103370e-05
"                 182",-1.193309269205e+00,2.416951187269e+01,-8.763471257402e-05,-8.714045479331e-01,2.420367653602e+01,-1.514249925063e-04,3.219047212720e-01,3.416466332648e-02,-6.379027993229e-05
"                 183",-1.193775175110e+00,2.418639532656e+01,-8.764669903628e-05,-8.716511071396e-01,2.422050938568e+01,-1.504388689387e-04,3.221240679703e-01,3.411405911146e-02,-6.279216990239e-05
"                 184",-1.194230139565e+00,2.420314952550e+01,-8.766744362785e-05,-8.718986289086e-01,2.423721161134e+01,-1.493677090120e-04,3.223315106560e-01,3.406208583968e-02,-6.170026538411e-05
"                 185",-1.194699371157e+00,2.422024733789e+01,-8.768516917298e-05,-8.721712507666e-01,2.425425621662e+01,-1.483411018704e-04,3.225281203902e-01,3.400887872924e-02,-6.065593269745e-05
"                 186",-1.195177173941e+00,2.423742648715e+01,-8.769733021292e-05,-8.724628327229e-01,2.427138119415e+01,-1.475301442454e-04,3.227143412182e-01,3.395470699954e-02,-5.983281403246e-05
"                 187",-1.195645530284e+00,2.425418091349e+01,-8.770182309611e-05,-8.727544288957e-01,2.428808127863e+01,-1.468434665817e-04,3.228911013887e-01,3.390036514350e-02,-5.914164348558e-05
"                 188",-1.196090206952e+00,2.427047640138e+01,-8.770029396203e-05,-8.730311207298e-01,2.430432245152e+01,-1.461058528411e-04,3.230590862223e-01,3.384605014153e-02,-5.840555887907e-05
"                 189",-1.196519122778e+00,2.428652419739e+01,-8.769494387873e-05,-8.733002800930e-01,2.432031593263e+01,-1.452786169018e-04,3.232188426846e-01,3.379173523874e-02,-5.758367302304e-05
"                 190",-1.196945069318e+00,2.430266431159e+01,-8.767138934733e-05,-8.735743479397e-01,2.433640156198e+01,-1.443227791338e-04,3.233707213788e-01,3.373725038834e-02,-5.665138978649e-05
"                 191",-1.197370916453e+00,2.431886001223e+01,-8.763439739924e-05,-8.738555497008e-01,2.435254331131e+01,-1.432781666575e-04,3.235153667522e-01,3.368329908188e-02,-5.564376925830e-05
"                 192",-1.197778246647e+00,2.433480301035e+01,-8.760223603344e-05,-8.741246560224e-01,2.436843356880e+01,-1.422074545716e-04,3.236535906247e-01,3.363055844534e-02,-5.460521853814e-05
"                 193",-1.198160346618e+00,2.435028006549e+01,-8.759026997613e-05,-8.743739499760e-01,2.438385862525e+01,-1.410997479539e-04,3.237863966423e-01,3.357855975520e-02,-5.350947797772e-05
"                 194",-1.198531761052e+00,2.436544900834e+01,-8.758865970859e-05,-8.746172260941e-01,2.439897649943e+01,-1.399291535106e-04,3.239145349580e-01,3.352749109520e-02,-5.234049380198e-05
"                 195",-1.198903464106e+00,2.438059461944e+01,-8.758833580393e-05,-8.748648192503e-01,2.441407196144e+01,-1.387000122351e-04,3.240386448552e-01,3.347734200627e-02,-5.111167643113e-05
"                 196",-1.199272142223e+00,2.439587146348e+01,-8.758844446640e-05,-8.751130001883e-01,2.442929922156e+01,-1.374363100419e-04,3.241591420347e-01,3.342775807628e-02,-4.984786557547e-05
"                 197",-1.199622738267e+00,2.441104884190e+01,-8.759461083525e-05,-8.753471349139e-01,2.444442736171e+01,-1.361621812004e-04,3.242756033532e-01,3.337851980449e-02,-4.856757036516e-05
"                 198",-1.199952278597e+00,2.442591296838e+01,-8.760975441797e-05,-8.755648313190e-01,2.445924276571e+01,-1.348487506714e-04,3.243874472779e-01,3.332979733448e-02,-4.723899625344e-05
"                 199",-1.200269006387e+00,2.444047556246e+01,-8.762963169226e-05,-8.757743701233e-01,2.447375779531e+01,-1.334481384083e-04,3.244946362639e-01,3.328223284215e-02,-4.581850671602e-05
"                 200",-1.200586559484e+00,2.445493980491e+01,-8.764729000812e-05,-8.759893165285e-01,2.448817621254e+01,-1.319651623312e-04,3.245972429553e-01,3.323640763037e-02,-4.431787232305e-05
"                 201",-1.200915167341e+00,2.446938773457e+01,-8.765872874760e-05,-8.762197949469e-01,2.450257982238e+01,-1.304671527102e-04,3.246953723940e-01,3.319208780855e-02,-4.280842396256e-05
"                 202",-1.201250978517e+00,2.448372320275e+01,-8.766136669093e-05,-8.764619939487e-01,2.451687206636e+01,-1.289948864726e-04,3.247889845687e-01,3.314886361099e-02,-4.133351978165e-05
"                 203",-1.201584933651e+00,2.449781437621e+01,-8.766296934872e-05,-8.767073334416e-01,2.453092047470e+01,-1.275751102172e-04,3.248776002090e-01,3.310609849028e-02,-3.991214086849e-05
"                 204",-1.201909819744e+00,2.451163215164e+01,-8.767030971754e-05,-8.769486838094e-01,2.454469576662e+01,-1.262160348533e-04,3.249611359346e-01,3.306361498782e-02,-3.854572513571e-05
"                 205",-1.202228343075e+00,2.452521547887e+01,-8.768667096467e-05,-8.771883045448e-01,2.455823714029e+01,-1.249243383041e-04,3.250400385307e-01,3.302166141938e-02,-3.723766733943e-05
"                 206",-1.202544170006e+00,2.453859403147e+01,-8.770799687835e-05,-8.774294295451e-01,2.457157457789e+01,-1.236973862484e-04,3.251147404611e-01,3.298054642114e-02,-3.598938937004e-05
"                 207",-1.202863627104e+00,2.455176090375e+01,-8.771962250588e-05,-8.776783916850e-01,2.458470090179e+01,-1.225064889174e-04,3.251852354186e-01,3.293999804239e-02,-3.478686641155e-05
"                 208",-1.203187634968e+00,2.456471148380e+01,-8.772277739759e-05,-8.779360615137e-01,2.459761113797e+01,-1.213429334553e-04,3.252515734547e-01,3.289965417530e-02,-3.362015605774e-05
"                 209",-1.203518247698e+00,2.457746558890e+01,-8.772195859166e-05,-8.782041873564e-01,2.461032508327e+01,-1.202141322748e-04,3.253140603416e-01,3.285949436809e-02,-3.249217368319e-05
"                 210",-1.203853109455e+00,2.459004210441e+01,-8.771064154666e-05,-8.784803674771e-01,2.462286210650e+01,-1.191251027062e-04,3.253727419780e-01,3.282000208913e-02,-3.141446115956e-05
"                 211",-1.204188267078e+00,2.460246138827e+01,-8.768994702912e-05,-8.787603379961e-01,2.463524301463e+01,-1.180934729790e-04,3.254279290817e-01,3.278162635385e-02,-3.040352594986e-05
"                 212",-1.204519229070e+00,2.461476288661e+01,-8.767146371221e-05,-8.790388884972e-01,2.464750690711e+01,-1.171721167430e-04,3.254803405730e-01,3.274402050273e-02,-2.950065303081e-05
"                 213",-1.204845043591e+00,2.462693653798e+01,-8.765991189324e-05,-8.793145290463e-01,2.465964328565e+01,-1.163910171093e-04,3.255305145450e-01,3.270674766494e-02,-2.873110521606e-05
"                 214",-1.205159897111e+00,2.463893925803e+01,-8.765380280849e-05,-8.795812419482e-01,2.467160880277e+01,-1.157308439081e-04,3.255786551625e-01,3.266954473240e-02,-2.807704109965e-05
"                 215",-1.205461867299e+00,2.465072396693e+01,-8.765045348687e-05,-8.798372613917e-01,2.468335631096e+01,-1.151984410910e-04,3.256246059073e-01,3.263234403296e-02,-2.754798760410e-05
"                 216",-1.205751413406e+00,2.466229314795e+01,-8.764887824576e-05,-8.800830738634e-01,2.469488869373e+01,-1.147712829705e-04,3.256683395426e-01,3.259554578261e-02,-2.712240472477e-05
"                 217",-1.206037122074e+00,2.467372355028e+01,-8.765023733718e-05,-8.803272637547e-01,2.470628321882e+01,-1.144225238865e-04,3.257098583193e-01,3.255966854138e-02,-2.677228654930e-05
"                 218",-1.206326092425e+00,2.468509971151e+01,-8.765504962946e-05,-8.805770052557e-01,2.471762490001e+01,-1.141343613584e-04,3.257490871689e-01,3.252518850468e-02,-2.647931172891e-05
"                 219",-1.206621129913e+00,2.469638866839e+01,-8.766290035651e-05,-8.808350578501e-01,2.472888074499e+01,-1.138703439931e-04,3.257860720631e-01,3.249207660365e-02,-2.620744363658e-05
"                 220",-1.206920309941e+00,2.470754925379e+01,-8.767201416489e-05,-8.810995225793e-01,2.474000942003e+01,-1.136143538601e-04,3.258207873620e-01,3.246016624028e-02,-2.594233969521e-05
"                 221",-1.207224778260e+00,2.471854837154e+01,-8.768052802900e-05,-8.813714366199e-01,2.475097780441e+01,-1.133594282359e-04,3.258533416402e-01,3.242943287306e-02,-2.567890020688e-05
"                 222",-1.207533035053e+00,2.472937277015e+01,-8.768835415198e-05,-8.816493268804e-01,2.476177258809e+01,-1.131119003814e-04,3.258837081728e-01,3.239981793571e-02,-2.542354622943e-05
"                 223",-1.207841351655e+00,2.473999764667e+01,-8.769629472346e-05,-8.819295215896e-01,2.477236878705e+01,-1.128815428931e-04,3.259118300658e-01,3.237114038252e-02,-2.518524816967e-05
"                 224",-1.208145106723e+00,2.475041299585e+01,-8.770314091596e-05,-8.822074453775e-01,2.478275634174e+01,-1.126722394627e-04,3.259376613457e-01,3.234334588850e-02,-2.496909854677e-05
"                 225",-1.208447987081e+00,2.476064690522e+01,-8.770869912665e-05,-8.824866455128e-01,2.479296334943e+01,-1.124965764120e-04,3.259613415682e-01,3.231644420504e-02,-2.478787728535e-05
"                 226",-1.208754024241e+00,2.477075178695e+01,-8.771349084528e-05,-8.827710408430e-01,2.480304207955e+01,-1.123585860470e-04,3.259829833980e-01,3.229029260074e-02,-2.464509520175e-05
"                 227",-1.209067376559e+00,2.478075534803e+01,-8.771721299286e-05,-8.830647824577e-01,2.481302000028e+01,-1.122558414461e-04,3.260025941015e-01,3.226465225155e-02,-2.453862845327e-05
"                 228",-1.209383394477e+00,2.479061578133e+01,-8.771925744362e-05,-8.833630811429e-01,2.482285511218e+01,-1.121760856555e-04,3.260203133344e-01,3.223933085529e-02,-2.445682821185e-05
"                 229",-1.209700983225e+00,2.480028290040e+01,-8.771946027685e-05,-8.836646483026e-01,2.483249726603e+01,-1.121185784241e-04,3.260363349227e-01,3.221436562453e-02,-2.439911814729e-05
"                 230",-1.210017992726e+00,2.480975795198e+01,-8.771819434959e-05,-8.839669616563e-01,2.484194794056e+01,-1.120891617393e-04,3.260510310699e-01,3.218998857728e-02,-2.437096738971e-05
"                 231",-1.210339338441e+00,2.481907480287e+01,-8.771614094992e-05,-8.842746999431e-01,2.485124108303e+01,-1.121011039840e-04,3.260646384984e-01,3.216628015949e-02,-2.438496303413e-05
"                 232",-1.210665837832e+00,2.482828283941e+01,-8.771420903688e-05,-8.845885044822e-01,2.486042601233e+01,-1.121610696142e-04,3.260773333495e-01,3.214317291869e-02,-2.444686057731e-05
"                 233",-1.210997981783e+00,2.483738128345e+01,-8.771293813568e-05,-8.849088158389e-01,2.486950198098e+01,-1.122611440405e-04,3.260891659437e-01,3.212069752709e-02,-2.454820590478e-05
"                 234",-1.211331497868e+00,2.484635858532e+01,-8.771244485693e-05,-8.852313426728e-01,2.487845747198e+01,-1.123899461691e-04,3.261001551948e-01,3.209888665740e-02,-2.467750131218e-05
"                 235",-1.211664888699e+00,2.485518836202e+01,-8.771261740078e-05,-8.855545325459e-01,2.488726594476e+01,-1.125220345886e-04,3.261103561532e-01,3.207758273344e-02,-2.480941718779e-05
"                 236",-1.211997264248e+00,2.486389367120e+01,-8.771342502257e-05,-8.858774685268e-01,2.489595016949e+01,-1.126534127844e-04,3.261197957213e-01,3.205649829393e-02,-2.493998776185e-05
"                 237",-1.212330846875e+00,2.487251260891e+01,-8.771495475104e-05,-8.862025035997e-01,2.490454812402e+01,-1.127804146895e-04,3.261283432755e-01,3.203551510370e-02,-2.506545993845e-05
"                 238",-1.212665030721e+00,2.488103999419e+01,-8.771724512980e-05,-8.865290857934e-01,2.491305469192e+01,-1.129031639974e-04,3.261359449278e-01,3.201469773906e-02,-2.518591886758e-05
"                 239",-1.213001542228e+00,2.488947289144e+01,-8.772006979075e-05,-8.868590408378e-01,2.492146708538e+01,-1.130361452133e-04,3.261425013902e-01,3.199419393421e-02,-2.531607542253e-05
"                 240",-1.213339218056e+00,2.489779125185e+01,-8.772302839626e-05,-8.871910221400e-01,2.492976536281e+01,-1.131972381758e-04,3.261481959157e-01,3.197411096014e-02,-2.547420977951e-05
"                 241",-1.213677091059e+00,2.490597233681e+01,-8.772549477217e-05,-8.875240156527e-01,2.493792693207e+01,-1.133874037389e-04,3.261530754060e-01,3.195459526192e-02,-2.566190896675e-05
"                 242",-1.214015050491e+00,2.491405363115e+01,-8.772711780283e-05,-8.878577615095e-01,2.494598938853e+01,-1.135932511750e-04,3.261572889811e-01,3.193575738040e-02,-2.586613337217e-05
"                 243",-1.214354712301e+00,2.492205052264e+01,-8.772770072348e-05,-8.881935726268e-01,2.495396794490e+01,-1.137977948300e-04,3.261611396740e-01,3.191742225377e-02,-2.607009410649e-05
"                 244",-1.214691775020e+00,2.492996655302e+01,-8.772750880700e-05,-8.885269411870e-01,2.496186594261e+01,-1.139936874741e-04,3.261648338329e-01,3.189938959710e-02,-2.626617866710e-05
"                 245",-1.215023923453e+00,2.493777372703e+01,-8.772698948100e-05,-8.888556485923e-01,2.496965524542e+01,-1.141611979009e-04,3.261682748605e-01,3.188151839162e-02,-2.643420841992e-05
"                 246",-1.215350111146e+00,2.494548153122e+01,-8.772641309224e-05,-8.891785139241e-01,2.497734532978e+01,-1.143133081108e-04,3.261715972220e-01,3.186379855922e-02,-2.658689501857e-05
"                 247",-1.215677502675e+00,2.495310918942e+01,-8.772601346490e-05,-8.895027031104e-01,2.498495544070e+01,-1.144394429289e-04,3.261747995641e-01,3.184625128381e-02,-2.671342946402e-05
"                 248",-1.216004874109e+00,2.496065278885e+01,-8.772595517246e-05,-8.898269909015e-01,2.499248162801e+01,-1.145430603358e-04,3.261778832079e-01,3.182883915552e-02,-2.681710516332e-05
"                 249",-1.216330220809e+00,2.496807216797e+01,-8.772625621826e-05,-8.901494745297e-01,2.499988375260e+01,-1.146224148143e-04,3.261807462794e-01,3.181158463576e-02,-2.689615859607e-05
"                 250",-1.216651981580e+00,2.497535489772e+01,-8.772705678186e-05,-8.904685673519e-01,2.500714941073e+01,-1.146748732470e-04,3.261834142283e-01,3.179451300621e-02,-2.694781646519e-05
"                 251",-1.216976908997e+00,2.498250802893e+01,-8.772837373823e-05,-8.907911974767e-01,2.501428571323e+01,-1.147050840621e-04,3.261857115208e-01,3.177768430375e-02,-2.697671032387e-05
"                 252",-1.217307901107e+00,2.498958832848e+01,-8.773017432119e-05,-8.911204192921e-01,2.502134954105e+01,-1.147341221915e-04,3.261874818149e-01,3.176121257436e-02,-2.700394787027e-05
"                 253",-1.217646875983e+00,2.499660942998e+01,-8.773231724592e-05,-8.914581703050e-01,2.502835437889e+01,-1.147721909450e-04,3.261887056780e-01,3.174494890464e-02,-2.703987369908e-05
"                 254",-1.217984188194e+00,2.500353556919e+01,-8.773458359826e-05,-8.917943844944e-01,2.503526446852e+01,-1.148321113802e-04,3.261898037000e-01,3.172889933372e-02,-2.709752778197e-05
"                 255",-1.218317688282e+00,2.501031675166e+01,-8.773678124711e-05,-8.921265316960e-01,2.504203008385e+01,-1.149293472383e-04,3.261911565859e-01,3.171333219183e-02,-2.719256599120e-05
"                 256",-1.218645861435e+00,2.501697020970e+01,-8.773893008218e-05,-8.924529562571e-01,2.504866869882e+01,-1.150601647232e-04,3.261929051779e-01,3.169848911502e-02,-2.732123464099e-05
"                 257",-1.218971613296e+00,2.502352968887e+01,-8.774076533184e-05,-8.927766421332e-01,2.505521410736e+01,-1.152064235514e-04,3.261949711631e-01,3.168441849154e-02,-2.746565821954e-05
"                 258",-1.219296375010e+00,2.503006106958e+01,-8.774226531349e-05,-8.930989444684e-01,2.506173216555e+01,-1.153509828264e-04,3.261974305418e-01,3.167109597855e-02,-2.760871751287e-05
"                 259",-1.219624443750e+00,2.503656536092e+01,-8.774383384340e-05,-8.934242213257e-01,2.506822380720e+01,-1.154925407885e-04,3.262002224245e-01,3.165844627922e-02,-2.774870694513e-05
"                 260",-1.219952210653e+00,2.504300770585e+01,-8.774559836312e-05,-8.937488639080e-01,2.507465404460e+01,-1.156337129997e-04,3.262033467452e-01,3.164633874804e-02,-2.788811463661e-05
"                 261",-1.220279050004e+00,2.504934163309e+01,-8.774744011463e-05,-8.940722736965e-01,2.508097614765e+01,-1.157592332071e-04,3.262067763071e-01,3.163451455426e-02,-2.801179309244e-05
"                 262",-1.220606143482e+00,2.505560940167e+01,-8.774912814630e-05,-8.943956853559e-01,2.508723213579e+01,-1.158669603635e-04,3.262104581261e-01,3.162273412270e-02,-2.811783221717e-05
"                 263",-1.220940871004e+00,2.506184056381e+01,-8.775049606967e-05,-8.947264762078e-01,2.509345149831e+01,-1.159562798442e-04,3.262143947966e-01,3.161093450490e-02,-2.820578377456e-05
"                 264",-1.221279256414e+00,2.506805640865e+01,-8.775153047105e-05,-8.950607280458e-01,2.509965581647e+01,-1.160310446526e-04,3.262185283681e-01,3.159940782023e-02,-2.827951418156e-05
"                 265",-1.221617928179e+00,2.507421931261e+01,-8.775237784669e-05,-8.953949992052e-01,2.510580764760e+01,-1.160931241880e-04,3.262229289739e-01,3.158833499759e-02,-2.834074634135e-05
"                 266",-1.221951593082e+00,2.508030005573e+01,-8.775323382421e-05,-8.957238697275e-01,2.511187779800e+01,-1.161299331079e-04,3.262277233542e-01,3.157774226924e-02,-2.837669928374e-05
"                 267",-1.222285239757e+00,2.508628936469e+01,-8.775405484794e-05,-8.960521541071e-01,2.511785691759e+01,-1.161327946203e-04,3.262330856500e-01,3.156755290389e-02,-2.837873977240e-05
"                 268",-1.222619191697e+00,2.509223204698e+01,-8.775490387458e-05,-8.963801384611e-01,2.512378963308e+01,-1.161042857851e-04,3.262390532357e-01,3.155758610110e-02,-2.834938191048e-05
"                 269",-1.222955673132e+00,2.509812744723e+01,-8.775598685970e-05,-8.967099179916e-01,2.512967532483e+01,-1.160291727975e-04,3.262457551409e-01,3.154787759398e-02,-2.827318593784e-05
"                 270",-1.223291419140e+00,2.510398199897e+01,-8.775756597419e-05,-8.970381846740e-01,2.513552055707e+01,-1.158908001674e-04,3.262532344656e-01,3.153855809035e-02,-2.813323419322e-05
"                 271",-1.223626735538e+00,2.510977396240e+01,-8.775974343898e-05,-8.973653871054e-01,2.514130368039e+01,-1.156943984067e-04,3.262613484330e-01,3.152971798236e-02,-2.793465496771e-05
"                 272",-1.223957885633e+00,2.511550603603e+01,-8.776238841010e-05,-8.976876760805e-01,2.514702752961e+01,-1.154351741020e-04,3.262702095520e-01,3.152149358115e-02,-2.767278569191e-05
"                 273",-1.224286967225e+00,2.512117410499e+01,-8.776529095099e-05,-8.980071065042e-01,2.515268811675e+01,-1.150977176166e-04,3.262798607203e-01,3.151401175506e-02,-2.733242666564e-05
"                 274",-1.224613733608e+00,2.512679044805e+01,-8.776830869525e-05,-8.983231900537e-01,2.515829769121e+01,-1.146829883294e-04,3.262905435541e-01,3.150724315759e-02,-2.691467963411e-05
"                 275",-1.224940792478e+00,2.513233511711e+01,-8.777115697217e-05,-8.986383381148e-01,2.516383603023e+01,-1.141914643951e-04,3.263024543634e-01,3.150091312266e-02,-2.642030742295e-05
"                 276",-1.225264377659e+00,2.513777976587e+01,-8.777354975088e-05,-8.989488526116e-01,2.516927432517e+01,-1.136066800824e-04,3.263155250478e-01,3.149455929646e-02,-2.583313033155e-05
"                 277",-1.225581669552e+00,2.514308877137e+01,-8.777545067675e-05,-8.992523217520e-01,2.517457648187e+01,-1.129478259783e-04,3.263293477996e-01,3.148771050278e-02,-2.517237530158e-05
"                 278",-1.225893081247e+00,2.514832057347e+01,-8.777718879915e-05,-8.995492680374e-01,2.517980095876e+01,-1.122614085927e-04,3.263438132092e-01,3.148038529250e-02,-2.448421979357e-05
"                 279",-1.226206638923e+00,2.515353986107e+01,-8.777901545436e-05,-8.998476824596e-01,2.518501290617e+01,-1.115842808485e-04,3.263589564631e-01,3.147304509574e-02,-2.380526539418e-05
"                 280",-1.226524880246e+00,2.515877175247e+01,-8.778085642550e-05,-9.001498979943e-01,2.519023766198e+01,-1.109134502784e-04,3.263749822520e-01,3.146590950924e-02,-2.313259385294e-05
"                 281",-1.226847822548e+00,2.516397313839e+01,-8.778246070821e-05,-9.004556601895e-01,2.519543219931e+01,-1.102689645884e-04,3.263921623582e-01,3.145906091431e-02,-2.248650388024e-05
"                 282",-1.227169658195e+00,2.516908830143e+01,-8.778364112703e-05,-9.007589803435e-01,2.520054113809e+01,-1.096887374791e-04,3.264106778511e-01,3.145283665847e-02,-2.190509635211e-05
"                 283",-1.227485621051e+00,2.517407110636e+01,-8.778449933390e-05,-9.010550356582e-01,2.520551828359e+01,-1.091701824074e-04,3.264305853925e-01,3.144717722685e-02,-2.138568307354e-05
"                 284",-1.227792535381e+00,2.517896041573e+01,-8.778561095254e-05,-9.013406361998e-01,2.521040225461e+01,-1.086984599229e-04,3.264518991807e-01,3.144183887983e-02,-2.091284897035e-05
"                 285",-1.228093471907e+00,2.518379454014e+01,-8.778727255211e-05,-9.016189010305e-01,2.521523107000e+01,-1.082528161756e-04,3.264745708764e-01,3.143652986975e-02,-2.046554362344e-05
"                 286",-1.228389665446e+00,2.518857959017e+01,-8.778941895607e-05,-9.018910925675e-01,2.522001073783e+01,-1.078321319977e-04,3.264985728787e-01,3.143114766268e-02,-2.004271304163e-05
"                 287",-1.228685139824e+00,2.519329014910e+01,-8.779182501417e-05,-9.021613065971e-01,2.522471602482e+01,-1.074469326857e-04,3.265238332266e-01,3.142587572257e-02,-1.965510767153e-05
"                 288",-1.228979253712e+00,2.519793210155e+01,-8.779421426831e-05,-9.024288155685e-01,2.522935295353e+01,-1.070751206778e-04,3.265504381430e-01,3.142085197773e-02,-1.928090640946e-05
"                 289",-1.229274684071e+00,2.520249046113e+01,-8.779644414705e-05,-9.026959606675e-01,2.523390668513e+01,-1.066871227221e-04,3.265787234031e-01,3.141622400176e-02,-1.889067857506e-05
"                 290",-1.229569840502e+00,2.520696851482e+01,-8.779881062701e-05,-9.029614241340e-01,2.523838049465e+01,-1.062699443497e-04,3.266084163685e-01,3.141197983475e-02,-1.847113372270e-05
"                 291",-1.229864341302e+00,2.521132604098e+01,-8.780169932695e-05,-9.032247386409e-01,2.524273392929e+01,-1.057918907975e-04,3.266396026608e-01,3.140788831186e-02,-1.799019147051e-05
"                 292",-1.230154926425e+00,2.521555057234e+01,-8.780543425957e-05,-9.034826824350e-01,2.524695434593e+01,-1.052330138944e-04,3.266722439903e-01,3.140377359576e-02,-1.742757963482e-05
"                 293",-1.230439905830e+00,2.521967349126e+01,-8.781001248052e-05,-9.037337400313e-01,2.525107291298e+01,-1.045690690961e-04,3.267061657985e-01,3.139942172139e-02,-1.675905661561e-05
"                 294",-1.230717480063e+00,2.522374602350e+01,-8.781513856569e-05,-9.039761039376e-01,2.525514069188e+01,-1.037813180266e-04,3.267413761255e-01,3.139466837929e-02,-1.596617946091e-05
"                 295",-1.230992059497e+00,2.522781613019e+01,-8.782026227766e-05,-9.042140151332e-01,2.525920569841e+01,-1.028855800359e-04,3.267780443638e-01,3.138956822871e-02,-1.506531775822e-05
"                 296",-1.231266553117e+00,2.523193817833e+01,-8.782518727193e-05,-9.044500444185e-01,2.526332277659e+01,-1.019058246849e-04,3.268165086981e-01,3.138459826243e-02,-1.408063741300e-05
"                 297",-1.231544260084e+00,2.523612633988e+01,-8.782979759389e-05,-9.046875712368e-01,2.526750634487e+01,-1.008712517536e-04,3.268566888472e-01,3.138000498602e-02,-1.304145415967e-05
"                 298",-1.231819785520e+00,2.524035977272e+01,-8.783416690938e-05,-9.049214932869e-01,2.527173560322e+01,-9.979561128590e-05,3.268982922334e-01,3.137583049614e-02,-1.196144437652e-05
"                 299",-1.232091001318e+00,2.524456847750e+01,-8.783826966232e-05,-9.051498789059e-01,2.527594037912e+01,-9.871653414430e-05,3.269411224118e-01,3.137190162746e-02,-1.087826448197e-05
"                 300",-1.232359153053e+00,2.524872013695e+01,-8.784227329286e-05,-9.053736930592e-01,2.528008854509e+01,-9.769434038758e-05,3.269854599941e-01,3.136840814649e-02,-9.852067094718e-06
"                 301",-1.232629287733e+00,2.525279990929e+01,-8.784656087969e-05,-9.055975584901e-01,2.528416547026e+01,-9.676980846035e-05,3.270317292433e-01,3.136556097541e-02,-8.923247580660e-06
"                 302",-1.232897779680e+00,2.525682394239e+01,-8.785125541984e-05,-9.058178612700e-01,2.528818712169e+01,-9.597758448224e-05,3.270799184096e-01,3.136317930649e-02,-8.126329062399e-06
"                 303",-1.233163006851e+00,2.526077872396e+01,-8.785579843924e-05,-9.060330181240e-01,2.529213935351e+01,-9.534111321629e-05,3.271299887269e-01,3.136062955318e-02,-7.485314777044e-06
"                 304",-1.233420561759e+00,2.526465452193e+01,-8.785958247039e-05,-9.062389235233e-01,2.529601212722e+01,-9.485015484688e-05,3.271816382361e-01,3.135760529169e-02,-6.990572376483e-06
"                 305",-1.233671354274e+00,2.526847250294e+01,-8.786230752729e-05,-9.064366503570e-01,2.529982678793e+01,-9.444533569103e-05,3.272347039169e-01,3.135428499424e-02,-6.583028163735e-06
"                 306",-1.233915350408e+00,2.527224908243e+01,-8.786427999553e-05,-9.066260857116e-01,2.530359987324e+01,-9.411091331149e-05,3.272892646965e-01,3.135079081501e-02,-6.246633315958e-06
"                 307",-1.234158743134e+00,2.527595393618e+01,-8.786582139014e-05,-9.068133882888e-01,2.530730096654e+01,-9.389903749662e-05,3.273453548451e-01,3.134703036213e-02,-6.033216106478e-06
"                 308",-1.234401726661e+00,2.527955995636e+01,-8.786746513331e-05,-9.069988918257e-01,2.531090313162e+01,-9.378681017354e-05,3.274028348354e-01,3.134317525664e-02,-5.919345040234e-06
"                 309",-1.234642512280e+00,2.528301109160e+01,-8.786958124597e-05,-9.071809173777e-01,2.531435034074e+01,-9.372132733551e-05,3.274615949023e-01,3.133924914501e-02,-5.851746089542e-06
"                 310",-1.234874446428e+00,2.528637901481e+01,-8.787203822057e-05,-9.073527353130e-01,2.531771419615e+01,-9.366572036247e-05,3.275217111150e-01,3.133518133364e-02,-5.793682141897e-06
"                 311",-1.235097036148e+00,2.528968730406e+01,-8.787463400551e-05,-9.075138434107e-01,2.532101826900e+01,-9.361771132067e-05,3.275831927374e-01,3.133096494526e-02,-5.743077315161e-06
"                 312",-1.235312238772e+00,2.529291216791e+01,-8.787745693242e-05,-9.076661797376e-01,2.532423876575e+01,-9.357644130898e-05,3.276460590346e-01,3.132659783507e-02,-5.698984376561e-06
"                 313",-1.235528678557e+00,2.529611432866e+01,-8.788015581438e-05,-9.078183383867e-01,2.532743656088e+01,-9.350936881500e-05,3.277103401703e-01,3.132223222211e-02,-5.629213000626e-06
"                 314",-1.235743134612e+00,2.529942012592e+01,-8.788239261222e-05,-9.079672205293e-01,2.533073827286e+01,-9.339322062259e-05,3.277759140825e-01,3.131814693651e-02,-5.510828010374e-06
"                 315",-1.235953259091e+00,2.530283224014e+01,-8.788441925002e-05,-9.081106203442e-01,2.533414643170e+01,-9.330328180838e-05,3.278426387471e-01,3.131419155899e-02,-5.418862558360e-06
"                 316",-1.236159565689e+00,2.530628346798e+01,-8.788675490906e-05,-9.082486842033e-01,2.533759399466e+01,-9.326409342988e-05,3.279108814859e-01,3.131052668467e-02,-5.377338520812e-06
"                 317",-1.236364872383e+00,2.530966565648e+01,-8.788970385267e-05,-9.083836909806e-01,2.534097271313e+01,-9.330408775448e-05,3.279811814021e-01,3.130705664679e-02,-5.414383901806e-06
"                 318",-1.236569246582e+00,2.531295293722e+01,-8.789290020203e-05,-9.085158318887e-01,2.534425622552e+01,-9.341513949176e-05,3.280534146930e-01,3.130328830044e-02,-5.522239289731e-06
"                 319",-1.236769236726e+00,2.531615608652e+01,-8.789592185020e-05,-9.086421316512e-01,2.534745527008e+01,-9.355007391948e-05,3.281271050747e-01,3.129918356525e-02,-5.654152069275e-06
"                 320",-1.236962089513e+00,2.531928710247e+01,-8.789845264939e-05,-9.087595551594e-01,2.535058227486e+01,-9.366815707902e-05,3.282025343541e-01,3.129517238659e-02,-5.769704429635e-06
"                 321",-1.237151281728e+00,2.532232978677e+01,-8.790047446804e-05,-9.088716360715e-01,2.535362113884e+01,-9.375481246804e-05,3.282796456569e-01,3.129135206925e-02,-5.854338000001e-06
"                 322",-1.237336855478e+00,2.532525225586e+01,-8.790238686075e-05,-9.089784357334e-01,2.535654015889e+01,-9.383723094812e-05,3.283584197450e-01,3.128790302887e-02,-5.934844087370e-06
"                 323",-1.237526286318e+00,2.532806771664e+01,-8.790452147507e-05,-9.090870430896e-01,2.535935294544e+01,-9.393459589577e-05,3.284392432286e-01,3.128522879761e-02,-6.030074420705e-06
"                 324",-1.237719170279e+00,2.533086667082e+01,-8.790701110543e-05,-9.091973444551e-01,2.536214979158e+01,-9.404575791579e-05,3.285218258242e-01,3.128312076770e-02,-6.138746810366e-06
"                 325",-1.237911772424e+00,2.533367177397e+01,-8.790993284545e-05,-9.093058519902e-01,2.536495308868e+01,-9.416867625190e-05,3.286059204335e-01,3.128131470088e-02,-6.258743406452e-06
"                 326",-1.238099133375e+00,2.533646512396e+01,-8.791328908509e-05,-9.094075331504e-01,2.536774477488e+01,-9.427375866401e-05,3.286916002244e-01,3.127965092630e-02,-6.360469578928e-06
"                 327",-1.238283487808e+00,2.533921522290e+01,-8.791659106626e-05,-9.095043952290e-01,2.537049312243e+01,-9.433217928561e-05,3.287790925787e-01,3.127789953497e-02,-6.415588219351e-06
"                 328",-1.238463272571e+00,2.534188782343e+01,-8.791922905745e-05,-9.095947083417e-01,2.537316331290e+01,-9.434127052703e-05,3.288685642295e-01,3.127548947836e-02,-6.422041469586e-06
"                 329",-1.238635881880e+00,2.534446802416e+01,-8.792124695422e-05,-9.096754141635e-01,2.537574071529e+01,-9.435710430143e-05,3.289604677160e-01,3.127269112949e-02,-6.435857347210e-06
"                 330",-1.238795443486e+00,2.534698600501e+01,-8.792281274832e-05,-9.097405035589e-01,2.537825583821e+01,-9.445477276637e-05,3.290549399272e-01,3.126983319340e-02,-6.531960018047e-06
"                 331",-1.238945260200e+00,2.534946403092e+01,-8.792422443520e-05,-9.097932627950e-01,2.538073112300e+01,-9.465657406315e-05,3.291519974053e-01,3.126709207769e-02,-6.732349627946e-06
"                 332",-1.239090322791e+00,2.535190131865e+01,-8.792573323627e-05,-9.098388533695e-01,2.538316607268e+01,-9.493872127335e-05,3.292514694212e-01,3.126475402832e-02,-7.012988037087e-06
"                 333",-1.239233191522e+00,2.535423361634e+01,-8.792761671506e-05,-9.098801278120e-01,2.538549623121e+01,-9.528544609574e-05,3.293530637103e-01,3.126261486926e-02,-7.357829380679e-06
"                 334",-1.239372598729e+00,2.535647026566e+01,-8.793008019353e-05,-9.099159120708e-01,2.538773082941e+01,-9.566992909199e-05,3.294566866579e-01,3.126056374674e-02,-7.739848898458e-06
"                 335",-1.239509393225e+00,2.535864837045e+01,-8.793297665705e-05,-9.099469483709e-01,2.538990709064e+01,-9.607512629493e-05,3.295624448539e-01,3.125872019200e-02,-8.142149637883e-06
"                 336",-1.239644662148e+00,2.536081523196e+01,-8.793596643006e-05,-9.099740049712e-01,2.539207256757e+01,-9.650530771063e-05,3.296706571763e-01,3.125733561321e-02,-8.569341280563e-06
"                 337",-1.239779627454e+00,2.536297367299e+01,-8.793872662171e-05,-9.099982236777e-01,2.539423042562e+01,-9.695896315234e-05,3.297814037764e-01,3.125675262549e-02,-9.020236530632e-06
"                 338",-1.239911458907e+00,2.536510344847e+01,-8.794130573120e-05,-9.100167299491e-01,2.539636063492e+01,-9.743000951467e-05,3.298947289581e-01,3.125718645081e-02,-9.488703783468e-06
"                 339",-1.240041169829e+00,2.536715119876e+01,-8.794375755111e-05,-9.100305106044e-01,2.539840952360e+01,-9.787825744627e-05,3.300106592247e-01,3.125832483462e-02,-9.934499895164e-06
"                 340",-1.240167008668e+00,2.536913283242e+01,-8.794607138967e-05,-9.100380437382e-01,2.540039244121e+01,-9.827660623732e-05,3.301289649303e-01,3.125960879652e-02,-1.033053484765e-05
"                 341",-1.240286174499e+00,2.537107116704e+01,-8.794803230556e-05,-9.100366546596e-01,2.540233105177e+01,-9.862955848288e-05,3.302495198391e-01,3.125988473255e-02,-1.068152617731e-05
"                 342",-1.240390829052e+00,2.537297514775e+01,-8.794959975990e-05,-9.100188177274e-01,2.540423448996e+01,-9.892939925240e-05,3.303720113250e-01,3.125934221259e-02,-1.097979949250e-05
"                 343",-1.240497967047e+00,2.537490193032e+01,-8.795120571400e-05,-9.100010681600e-01,2.540616120227e+01,-9.922552630805e-05,3.304968988873e-01,3.125927194670e-02,-1.127432059405e-05
"                 344",-1.240611076153e+00,2.537684211955e+01,-8.795346362508e-05,-9.099869249007e-01,2.540810192863e+01,-9.957470962851e-05,3.306241512523e-01,3.125980908138e-02,-1.162124600343e-05
"                 345",-1.240715653909e+00,2.537868907717e+01,-8.795648297202e-05,-9.099622956080e-01,2.540994932712e+01,-9.996648467673e-05,3.307533583010e-01,3.126024995325e-02,-1.201000170471e-05
"                 346",-1.240799502765e+00,2.538041876219e+01,-8.795997629633e-05,-9.099152504476e-01,2.541167871168e+01,-1.003527683116e-04,3.308842523171e-01,3.125994949366e-02,-1.239279201524e-05
"                 347",-1.240861742150e+00,2.538199555065e+01,-8.796341913753e-05,-9.098444901235e-01,2.541325454462e+01,-1.006564417703e-04,3.310172520267e-01,3.125899396403e-02,-1.269302263279e-05
"                 348",-1.240916956516e+00,2.538347469035e+01,-8.796631866888e-05,-9.097643522182e-01,2.541473298753e+01,-1.008577175685e-04,3.311526042975e-01,3.125829718594e-02,-1.289139889963e-05
"                 349",-1.240979870986e+00,2.538490942080e+01,-8.796822838562e-05,-9.096899678396e-01,2.541616763488e+01,-1.009322591187e-04,3.312899031464e-01,3.125821407627e-02,-1.296403073305e-05
"                 350",-1.241049586403e+00,2.538640409592e+01,-8.796915220848e-05,-9.096203444897e-01,2.541766317269e+01,-1.008077377498e-04,3.314292419131e-01,3.125907677084e-02,-1.283858554134e-05
"                 351",-1.241108591517e+00,2.538794420529e+01,-8.796940179907e-05,-9.095377250681e-01,2.541920479744e+01,-1.005556800733e-04,3.315708664493e-01,3.126059214356e-02,-1.258627827428e-05
"                 352",-1.241157783317e+00,2.538954195520e+01,-8.796949271925e-05,-9.094430452182e-01,2.542080472229e+01,-1.002435697088e-04,3.317147380984e-01,3.126276709156e-02,-1.227407698951e-05
"                 353",-1.241207891474e+00,2.539112481374e+01,-8.797005324582e-05,-9.093467769099e-01,2.542239018315e+01,-9.998112858199e-05,3.318611145642e-01,3.126536941394e-02,-1.201107533617e-05
"                 354",-1.241252488559e+00,2.539262075215e+01,-8.797131393381e-05,-9.092430974996e-01,2.542388865972e+01,-9.978583877817e-05,3.320093910594e-01,3.126790756425e-02,-1.181452484436e-05
"                 355",-1.241289715607e+00,2.539400484618e+01,-8.797306370149e-05,-9.091301847522e-01,2.542527501500e+01,-9.957970841258e-05,3.321595308552e-01,3.127016881883e-02,-1.160664471109e-05
"                 356",-1.241322707756e+00,2.539535601372e+01,-8.797489650457e-05,-9.090116279921e-01,2.542662793410e+01,-9.930218936574e-05,3.323110797635e-01,3.127192037603e-02,-1.132729286117e-05
"                 357",-1.241361320360e+00,2.539672330828e+01,-8.797649998941e-05,-9.088972317018e-01,2.542799718486e+01,-9.891057736119e-05,3.324640886586e-01,3.127387657673e-02,-1.093407737178e-05
"                 358",-1.241399837452e+00,2.539807552647e+01,-8.797754778077e-05,-9.087810264004e-01,2.542935195643e+01,-9.840714904930e-05,3.326188110514e-01,3.127642995876e-02,-1.042960126853e-05
"                 359",-1.241426981611e+00,2.539929448705e+01,-8.797828985917e-05,-9.086513309686e-01,2.543057427451e+01,-9.783159995812e-05,3.327756506426e-01,3.127978746396e-02,-9.853310098943e-06
"                 360",-1.241440028299e+00,2.540034284663e+01,-8.797903163333e-05,-9.085052159499e-01,2.543162672262e+01,-9.727040726252e-05,3.329348123488e-01,3.128387598662e-02,-9.291375629194e-06
"                 361",-1.241437436537e+00,2.540122092645e+01,-8.797957883285e-05,-9.083419422644e-01,2.543250872044e+01,-9.674559777686e-05,3.330954942723e-01,3.128779399044e-02,-8.766018944007e-06
"                 362",-1.241422376296e+00,2.540202195036e+01,-8.797972834840e-05,-9.081645776552e-01,2.543331403095e+01,-9.634111429112e-05,3.332577986404e-01,3.129208059547e-02,-8.361385942727e-06
"                 363",-1.241410032385e+00,2.540280780415e+01,-8.797956819633e-05,-9.079875138008e-01,2.543410422663e+01,-9.606229434817e-05,3.334225185840e-01,3.129642248350e-02,-8.082726151840e-06
"                 364",-1.241402506227e+00,2.540359399589e+01,-8.797951170880e-05,-9.078127508954e-01,2.543489490801e+01,-9.587864427083e-05,3.335897553313e-01,3.130091212395e-02,-7.899132562031e-06
"                 365",-1.241396968436e+00,2.540441900789e+01,-8.797986067244e-05,-9.076377466295e-01,2.543572455414e+01,-9.576644199989e-05,3.337592218063e-01,3.130554625313e-02,-7.786581327450e-06
"                 366",-1.241385368422e+00,2.540529268558e+01,-8.798082633250e-05,-9.074545963393e-01,2.543660326359e+01,-9.570753149334e-05,3.339307720830e-01,3.131057800694e-02,-7.726705160831e-06
"                 367",-1.241366980407e+00,2.540622431094e+01,-8.798223012011e-05,-9.072625459804e-01,2.543754090385e+01,-9.566065382341e-05,3.341044344265e-01,3.131659290896e-02,-7.678423703302e-06
"                 368",-1.241345756640e+00,2.540719845704e+01,-8.798374254764e-05,-9.070656753564e-01,2.543852179309e+01,-9.556957599311e-05,3.342800812837e-01,3.132333605017e-02,-7.585833445475e-06
"                 369",-1.241327592069e+00,2.540816458969e+01,-8.798463565985e-05,-9.068697670316e-01,2.543949447434e+01,-9.544119986274e-05,3.344578250375e-01,3.132988465607e-02,-7.456564202892e-06
"                 370",-1.241312155946e+00,2.540911058571e+01,-8.798502687082e-05,-9.066745798546e-01,2.544044710578e+01,-9.530068025405e-05,3.346375760916e-01,3.133652006896e-02,-7.315653383234e-06
"                 371",-1.241301031645e+00,2.541013186698e+01,-8.798529845549e-05,-9.064810960816e-01,2.544147562616e+01,-9.512907833649e-05,3.348199355638e-01,3.134375918081e-02,-7.143779881002e-06
"                 372",-1.241289846561e+00,2.541123855221e+01,-8.798574506501e-05,-9.062853376467e-01,2.544259043019e+01,-9.486356956954e-05,3.350045089145e-01,3.135187797745e-02,-6.877824504527e-06
"                 373",-1.241275732443e+00,2.541236711578e+01,-8.798646707609e-05,-9.060841146889e-01,2.544372660605e+01,-9.447121760640e-05,3.351916177536e-01,3.135949027825e-02,-6.484750530306e-06
"                 374",-1.241259877137e+00,2.541350515310e+01,-8.798782150834e-05,-9.058781613324e-01,2.544487025284e+01,-9.394678534715e-05,3.353817158041e-01,3.136509974021e-02,-5.958963838812e-06
"                 375",-1.241247633567e+00,2.541470526797e+01,-8.798906622129e-05,-9.056716843256e-01,2.544607403767e+01,-9.328658667846e-05,3.355759492415e-01,3.136876970154e-02,-5.297520457167e-06
"                 376",-1.241248067105e+00,2.541606173094e+01,-8.799002619565e-05,-9.054722963415e-01,2.544743239426e+01,-9.244996936890e-05,3.357757707638e-01,3.137066332754e-02,-4.459943173248e-06
"                 377",-1.241270155851e+00,2.541754220413e+01,-8.799090175353e-05,-9.052873540051e-01,2.544891314651e+01,-9.141748631023e-05,3.359828018459e-01,3.137094238032e-02,-3.426584556705e-06
"                 378",-1.241310003747e+00,2.541901250976e+01,-8.799223349253e-05,-9.051116432386e-01,2.545038277107e+01,-9.017456588251e-05,3.361983605085e-01,3.137026130853e-02,-2.182332389988e-06
"                 379",-1.241356684714e+00,2.542036215475e+01,-8.799384911784e-05,-9.049336092016e-01,2.545173097686e+01,-8.873062075770e-05,3.364230755127e-01,3.136882211117e-02,-7.367716398654e-07
"                 380",-1.241405561487e+00,2.542157669583e+01,-8.799499987510e-05,-9.047474838314e-01,2.545294347812e+01,-8.711750514591e-05,3.366580776555e-01,3.136678228437e-02,8.774947291922e-07
"                 381",-1.241460778397e+00,2.542274266503e+01,-8.799557035342e-05,-9.045564962943e-01,2.545410830396e+01,-8.543250512653e-05,3.369042821022e-01,3.136563893182e-02,2.563065226890e-06
"                 382",-1.241523840464e+00,2.542393694244e+01,-8.799565538939e-05,-9.043613209451e-01,2.545530355922e+01,-8.376860377829e-05,3.371625195185e-01,3.136661678018e-02,4.227051611103e-06
"                 383",-1.241592665507e+00,2.542531725134e+01,-8.799543299730e-05,-9.041585941171e-01,2.545668800981e+01,-8.217492352149e-05,3.374340713897e-01,3.137075846991e-02,5.820509475810e-06
"                 384",-1.241659996226e+00,2.542689577755e+01,-8.799528675753e-05,-9.039406878221e-01,2.545827478615e+01,-8.061891916427e-05,3.377193084037e-01,3.137900859673e-02,7.376367593263e-06
"                 385",-1.241717236490e+00,2.542872313336e+01,-8.799528965921e-05,-9.036983713304e-01,2.546011485982e+01,-7.903423437911e-05,3.380188651593e-01,3.139172646522e-02,8.961055280106e-06
"                 386",-1.241752047049e+00,2.543054613206e+01,-8.799514589253e-05,-9.034195498777e-01,2.546195456475e+01,-7.737047885239e-05,3.383324971709e-01,3.140843269271e-02,1.062466704014e-05
"                 387",-1.241754266210e+00,2.543206523597e+01,-8.799480450141e-05,-9.030943836380e-01,2.546349402462e+01,-7.561310882015e-05,3.386598825720e-01,3.142878865000e-02,1.238169568126e-05
"                 388",-1.241738043541e+00,2.543321247994e+01,-8.799461620895e-05,-9.027365882524e-01,2.546466408116e+01,-7.380707921333e-05,3.390014552882e-01,3.145160122217e-02,1.418753699562e-05
"                 389",-1.241712113717e+00,2.543420372357e+01,-8.799407559410e-05,-9.023555089274e-01,2.546568022480e+01,-7.197212552275e-05,3.393566047894e-01,3.147650122280e-02,1.602195007135e-05
"                 390",-1.241676518172e+00,2.543523828084e+01,-8.799319400670e-05,-9.019504339337e-01,2.546674117173e+01,-7.008648996593e-05,3.397260842385e-01,3.150289089307e-02,1.790670404078e-05
"                 391",-1.241622919485e+00,2.543632407535e+01,-8.799202114985e-05,-9.015135971320e-01,2.546785428978e+01,-6.812396316565e-05,3.401093223530e-01,3.153021442692e-02,1.986805798419e-05
"                 392",-1.241551159174e+00,2.543740463924e+01,-8.799055298638e-05,-9.010454350522e-01,2.546896228598e+01,-6.614862394169e-05,3.405057241222e-01,3.155764674597e-02,2.184192904469e-05
"                 393",-1.241464786472e+00,2.543841529452e+01,-8.798896164803e-05,-9.005515829786e-01,2.546999959346e+01,-6.420443751809e-05,3.409132034933e-01,3.158429894442e-02,2.378452412993e-05
"                 394",-1.241373545268e+00,2.543935602081e+01,-8.798732214846e-05,-9.000423076901e-01,2.547096716323e+01,-6.228118512679e-05,3.413312375781e-01,3.161114242057e-02,2.570613702167e-05
"                 395",-1.241285199170e+00,2.544029864806e+01,-8.798590657016e-05,-8.995259650258e-01,2.547193774900e+01,-6.036757221697e-05,3.417592341441e-01,3.163910094186e-02,2.761833435319e-05
"                 396",-1.241209599915e+00,2.544135428683e+01,-8.798437579117e-05,-8.990125183405e-01,2.547302344862e+01,-5.848323526116e-05,3.421970815750e-01,3.166916179209e-02,2.950114053001e-05
"                 397",-1.241145535233e+00,2.544259530878e+01,-8.798283436934e-05,-8.985014824976e-01,2.547429661753e+01,-5.666575230919e-05,3.426440527352e-01,3.170130874998e-02,3.131708206014e-05
"                 398",-1.241092444473e+00,2.544392385779e+01,-8.798118783672e-05,-8.979928088603e-01,2.547565866292e+01,-5.493514544594e-05,3.430996356130e-01,3.173480512949e-02,3.304604239078e-05
"                 399",-1.241061141272e+00,2.544530287240e+01,-8.797994031005e-05,-8.974982388352e-01,2.547707155363e+01,-5.325017401046e-05,3.435629024364e-01,3.176868122726e-02,3.472976629959e-05
"                 400",-1.241075311970e+00,2.544679818924e+01,-8.797932891163e-05,-8.970404179379e-01,2.547859914400e+01,-5.156103561732e-05,3.440348940326e-01,3.180095475475e-02,3.641829329431e-05
"                 401",-1.241118102645e+00,2.544839209018e+01,-8.798150639837e-05,-8.966017101364e-01,2.548022308772e+01,-4.990828394853e-05,3.445163925084e-01,3.183099754359e-02,3.807322244984e-05
"                 402",-1.241155237287e+00,2.545006890552e+01,-8.798367256821e-05,-8.961478404024e-01,2.548192594468e+01,-4.831536685413e-05,3.450073968849e-01,3.185703915794e-02,3.966830571408e-05
"                 403",-1.241156293269e+00,2.545171903396e+01,-8.798474251380e-05,-8.956488265145e-01,2.548359860395e+01,-4.676618272393e-05,3.455074667546e-01,3.187956999172e-02,4.121855978987e-05
"                 404",-1.241099123177e+00,2.545321731405e+01,-8.798504597459e-05,-8.950846275400e-01,2.548511816350e+01,-4.522789999657e-05,3.460144956369e-01,3.190084944561e-02,4.275714597802e-05
"                 405",-1.240978720194e+00,2.545451753759e+01,-8.798563960357e-05,-8.944502486916e-01,2.548644065704e+01,-4.365797202892e-05,3.465284715019e-01,3.192311945237e-02,4.432766757464e-05
"                 406",-1.240846166301e+00,2.545589839279e+01,-8.798793393985e-05,-8.937972868083e-01,2.548784589062e+01,-4.208905165995e-05,3.470488794923e-01,3.194749783333e-02,4.589888227989e-05
"                 407",-1.240720573730e+00,2.545744425874e+01,-8.799185432462e-05,-8.931461193899e-01,2.548941725981e+01,-4.046846038664e-05,3.475744543397e-01,3.197300106871e-02,4.752339393798e-05
"                 408",-1.240596457964e+00,2.545906278302e+01,-8.799651551937e-05,-8.924933095461e-01,2.549106241518e+01,-3.875168395010e-05,3.481031484183e-01,3.199963215603e-02,4.924483156927e-05
"                 409",-1.240467518971e+00,2.546059857441e+01,-8.799962707599e-05,-8.918337197006e-01,2.549262632162e+01,-3.699200264268e-05,3.486337992706e-01,3.202774721220e-02,5.100762443331e-05
"                 410",-1.240343473537e+00,2.546209151466e+01,-8.800007005015e-05,-8.911771706608e-01,2.549414912134e+01,-3.528445833571e-05,3.491663028766e-01,3.205760667868e-02,5.271561171443e-05
"                 411",-1.240239847365e+00,2.546374297892e+01,-8.799846981947e-05,-8.905384334130e-01,2.549583228029e+01,-3.365107625686e-05,3.497014139516e-01,3.208930136531e-02,5.434739356261e-05
"                 412",-1.240158339143e+00,2.546561060658e+01,-8.799692395879e-05,-8.899183009316e-01,2.549773290192e+01,-3.199957465892e-05,3.502400382116e-01,3.212229534043e-02,5.599734929987e-05
"                 413",-1.240079758019e+00,2.546748073993e+01,-8.799681505090e-05,-8.892978433703e-01,2.549963594387e+01,-3.029727060029e-05,3.507819146484e-01,3.215520393762e-02,5.769954445061e-05
"                 414",-1.239983963601e+00,2.546917231169e+01,-8.799841595121e-05,-8.886564346433e-01,2.550135937806e+01,-2.859045213527e-05,3.513275289582e-01,3.218706636543e-02,5.940796381594e-05
"                 415",-1.239867852981e+00,2.547075769182e+01,-8.800018533002e-05,-8.879905591482e-01,2.550297619621e+01,-2.689171978422e-05,3.518772938327e-01,3.221850439074e-02,6.110846554579e-05
"                 416",-1.239728734419e+00,2.547233778727e+01,-8.800040535960e-05,-8.872983317825e-01,2.550458764344e+01,-2.518746889249e-05,3.524304026362e-01,3.224985617182e-02,6.281293646711e-05
"                 417",-1.239561224425e+00,2.547387406653e+01,-8.799882200396e-05,-8.865750054276e-01,2.550615505607e+01,-2.363921395455e-05,3.529862189978e-01,3.228098954652e-02,6.435960804941e-05
"                 418",-1.239381409658e+00,2.547527104028e+01,-8.799718083090e-05,-8.858349835321e-01,2.550758309066e+01,-2.228677154360e-05,3.535464261256e-01,3.231205038119e-02,6.571040928729e-05
"                 419",-1.239196649033e+00,2.547650882145e+01,-8.799796276758e-05,-8.850861851815e-01,2.550885215992e+01,-2.106681092781e-05,3.541104638518e-01,3.234333846217e-02,6.693115183978e-05
"                 420",-1.239011729534e+00,2.547768579241e+01,-8.800072369619e-05,-8.843325491393e-01,2.551006055960e+01,-1.995664030115e-05,3.546791803942e-01,3.237476718668e-02,6.804408339504e-05
"                 421",-1.238817275508e+00,2.547884519288e+01,-8.800278840715e-05,-8.835650814296e-01,2.551125115934e+01,-1.896155404101e-05,3.552521940788e-01,3.240596645353e-02,6.904123436613e-05
"                 422",-1.238606234882e+00,2.547996776438e+01,-8.800297340508e-05,-8.827777141396e-01,2.551240501080e+01,-1.814965130946e-05,3.558285207425e-01,3.243724642240e-02,6.985332209562e-05
"                 423",-1.238378446691e+00,2.548099892360e+01,-8.800150753193e-05,-8.819710162155e-01,2.551346768916e+01,-1.748107844655e-05,3.564074304758e-01,3.246876555409e-02,7.052042908539e-05
"                 424",-1.238145172464e+00,2.548196923920e+01,-8.799888205779e-05,-8.811561904240e-01,2.551447017045e+01,-1.687800517755e-05,3.569889820405e-01,3.250093125202e-02,7.112087688024e-05
"                 425",-1.237914207682e+00,2.548289930292e+01,-8.799593584790e-05,-8.803415372205e-01,2.551543318639e+01,-1.626360256481e-05,3.575726704619e-01,3.253388346718e-02,7.173233328309e-05
"                 426",-1.237680574819e+00,2.548374478283e+01,-8.799388778441e-05,-8.795233522320e-01,2.551631221899e+01,-1.569091418972e-05,3.581572225867e-01,3.256743616584e-02,7.230297359470e-05
"                 427",-1.237439062663e+00,2.548452210534e+01,-8.799540281227e-05,-8.786963067908e-01,2.551712313959e+01,-1.526509038560e-05,3.587427558727e-01,3.260103425244e-02,7.273031242668e-05
"                 428",-1.237190768476e+00,2.548522595979e+01,-8.800037375028e-05,-8.778611245299e-01,2.551786001212e+01,-1.500382138294e-05,3.593296439465e-01,3.263405232436e-02,7.299655236734e-05
"                 429",-1.236934271586e+00,2.548583454899e+01,-8.800624417066e-05,-8.770162866910e-01,2.551850088154e+01,-1.483682743403e-05,3.599179848949e-01,3.266633255444e-02,7.316941673663e-05
"                 430",-1.236670924537e+00,2.548644101594e+01,-8.801107206398e-05,-8.761631587142e-01,2.551913976175e+01,-1.472606355983e-05,3.605077658224e-01,3.269874580905e-02,7.328500850416e-05
"                 431",-1.236402019339e+00,2.548709493312e+01,-8.801270682318e-05,-8.753033571248e-01,2.551982655258e+01,-1.467937250067e-05,3.610986622139e-01,3.273161946716e-02,7.333333432251e-05
"                 432",-1.236123429673e+00,2.548789286075e+01,-8.800843063472e-05,-8.744337124051e-01,2.552065778751e+01,-1.478266302945e-05,3.616897172680e-01,3.276492676269e-02,7.322576760527e-05
"                 433",-1.235845574469e+00,2.548886677052e+01,-8.800178190309e-05,-8.735642271371e-01,2.552166535666e+01,-1.506511716695e-05,3.622813473318e-01,3.279858613226e-02,7.293666473614e-05
"                 434",-1.235577905094e+00,2.548993603584e+01,-8.799468166304e-05,-8.727044091563e-01,2.552276876578e+01,-1.541210716124e-05,3.628734959379e-01,3.283272993982e-02,7.258257450179e-05
"                 435",-1.235318553715e+00,2.549098820507e+01,-8.798962546329e-05,-8.718526358804e-01,2.552385563692e+01,-1.580245248410e-05,3.634659178344e-01,3.286743184456e-02,7.218717297919e-05
"                 436",-1.235069267355e+00,2.549214761954e+01,-8.798595325297e-05,-8.710095588862e-01,2.552505094211e+01,-1.625499963585e-05,3.640597084692e-01,3.290332256597e-02,7.173095361712e-05
"                 437",-1.234833062992e+00,2.549346016066e+01,-8.798287141936e-05,-8.701757540811e-01,2.552640003583e+01,-1.675963947121e-05,3.646573089112e-01,3.293987517746e-02,7.122323194815e-05
"                 438",-1.234593775123e+00,2.549487306865e+01,-8.797941136850e-05,-8.693360255213e-01,2.552784933979e+01,-1.736594831058e-05,3.652577496018e-01,3.297627113855e-02,7.061346305793e-05
"                 439",-1.234333868571e+00,2.549631512693e+01,-8.797515376108e-05,-8.684744622654e-01,2.552932674090e+01,-1.805559008984e-05,3.658594063058e-01,3.301161397734e-02,6.991956367124e-05
"                 440",-1.234065661207e+00,2.549770829623e+01,-8.797311492254e-05,-8.676010241004e-01,2.553075390669e+01,-1.873089647778e-05,3.664646371069e-01,3.304561046028e-02,6.924221844476e-05
"                 441",-1.233800212160e+00,2.549899376668e+01,-8.797610316780e-05,-8.667262815556e-01,2.553207252273e+01,-1.934526239563e-05,3.670739306047e-01,3.307875605552e-02,6.863084077217e-05
"                 442",-1.233529023162e+00,2.550023869617e+01,-8.798437820290e-05,-8.658428265256e-01,2.553335036527e+01,-1.995333023422e-05,3.676861966365e-01,3.311166909290e-02,6.803104796868e-05
"                 443",-1.233248586787e+00,2.550159157496e+01,-8.799785485756e-05,-8.649480085331e-01,2.553473583199e+01,-2.062283387996e-05,3.683005782543e-01,3.314425703196e-02,6.737502097761e-05
"                 444",-1.232965880827e+00,2.550306301613e+01,-8.801475336407e-05,-8.640470671669e-01,2.553623986471e+01,-2.129134280802e-05,3.689188136597e-01,3.317684857588e-02,6.672341055605e-05
"                 445",-1.232684625673e+00,2.550470109898e+01,-8.802959511445e-05,-8.631451903016e-01,2.553791099083e+01,-2.194477248014e-05,3.695394353718e-01,3.320989185037e-02,6.608482263432e-05
"                 446",-1.232400478791e+00,2.550638771580e+01,-8.804161399931e-05,-8.622385431544e-01,2.553963088173e+01,-2.265814741505e-05,3.701619356362e-01,3.324316593352e-02,6.538346658426e-05
"                 447",-1.232114005885e+00,2.550807024074e+01,-8.805175260866e-05,-8.613273944619e-01,2.554134688816e+01,-2.342493982220e-05,3.707866114231e-01,3.327664741852e-02,6.462681278646e-05
"                 448",-1.231831284635e+00,2.550980069424e+01,-8.806078767412e-05,-8.604186103623e-01,2.554311113796e+01,-2.422520619887e-05,3.714126742731e-01,3.331044371487e-02,6.383558147525e-05
"                 449",-1.231551213384e+00,2.551163257994e+01,-8.806571489926e-05,-8.595111853040e-01,2.554497704855e+01,-2.505375405425e-05,3.720400280797e-01,3.334446861753e-02,6.301196084501e-05
"                 450",-1.231269197933e+00,2.551349724956e+01,-8.806658217319e-05,-8.586006136466e-01,2.554687612950e+01,-2.598774795306e-05,3.726685842867e-01,3.337887993516e-02,6.207883422013e-05
"                 451",-1.230979266227e+00,2.551534440595e+01,-8.806694856531e-05,-8.576818539415e-01,2.554875803559e+01,-2.704545802214e-05,3.732974122859e-01,3.341362964043e-02,6.102149054316e-05
"                 452",-1.230686115820e+00,2.551723627321e+01,-8.806991157961e-05,-8.567605024067e-01,2.555068492935e+01,-2.818501040624e-05,3.739256134137e-01,3.344865614350e-02,5.988490117337e-05
"                 453",-1.230389136143e+00,2.551916673491e+01,-8.807718502622e-05,-8.558365700744e-01,2.555265003599e+01,-2.933905539479e-05,3.745525660690e-01,3.348330108037e-02,5.873812963143e-05
"                 454",-1.230092591293e+00,2.552117032838e+01,-8.808714290487e-05,-8.549141969840e-01,2.555468739028e+01,-3.045313301351e-05,3.751783943088e-01,3.351706189514e-02,5.763400989135e-05
"                 455",-1.229805091980e+00,2.552319959019e+01,-8.809713203510e-05,-8.540006031413e-01,2.555674939063e+01,-3.153051211712e-05,3.758044888384e-01,3.354980043515e-02,5.656661991798e-05
"                 456",-1.229522237896e+00,2.552512368464e+01,-8.810629700538e-05,-8.530912977397e-01,2.555870535908e+01,-3.256667798073e-05,3.764309401559e-01,3.358167444101e-02,5.553961902465e-05
"                 457",-1.229245339483e+00,2.552705438663e+01,-8.811339942046e-05,-8.521878079312e-01,2.556066737326e+01,-3.362093104210e-05,3.770575315514e-01,3.361298663102e-02,5.449246837836e-05
"                 458",-1.228976169046e+00,2.552912574397e+01,-8.811747420832e-05,-8.512922008072e-01,2.556276980241e+01,-3.473194848852e-05,3.776839682389e-01,3.364405843961e-02,5.338552571980e-05
"                 459",-1.228706057843e+00,2.553128567553e+01,-8.811887520534e-05,-8.503958772551e-01,2.556496098175e+01,-3.587394037944e-05,3.783101805882e-01,3.367530621419e-02,5.224493482590e-05
"                 460",-1.228430381037e+00,2.553339989500e+01,-8.811957910341e-05,-8.494948981841e-01,2.556710590265e+01,-3.704373963706e-05,3.789354828526e-01,3.370600765277e-02,5.107583946635e-05
"                 461",-1.228150153041e+00,2.553526582327e+01,-8.812167914353e-05,-8.485895510441e-01,2.556900151987e+01,-3.826351718168e-05,3.795606019968e-01,3.373569659565e-02,4.985816196185e-05
"                 462",-1.227864638069e+00,2.553682538063e+01,-8.812486746266e-05,-8.476783449600e-01,2.557059056495e+01,-3.972710406219e-05,3.801862931091e-01,3.376518432041e-02,4.839776340046e-05
"                 463",-1.227571797872e+00,2.553819183706e+01,-8.812780177401e-05,-8.467596232414e-01,2.557198679349e+01,-4.147102155131e-05,3.808121746309e-01,3.379495643558e-02,4.665678022269e-05
"                 464",-1.227269973460e+00,2.553940704897e+01,-8.812970961958e-05,-8.458325187661e-01,2.557323132398e+01,-4.332654410674e-05,3.814374546938e-01,3.382427500774e-02,4.480316551283e-05
"                 465",-1.226960576302e+00,2.554053153183e+01,-8.813090366523e-05,-8.448995574823e-01,2.557438394801e+01,-4.514554722787e-05,3.820610188195e-01,3.385241618094e-02,4.298535643735e-05
"                 466",-1.226651670553e+00,2.554153830842e+01,-8.813256865716e-05,-8.439681737465e-01,2.557541815335e+01,-4.688868521249e-05,3.826834968062e-01,3.387984492839e-02,4.124388344467e-05
"                 467",-1.226348166537e+00,2.554245774748e+01,-8.813537544358e-05,-8.430419768305e-01,2.557636426746e+01,-4.844022150640e-05,3.833061897065e-01,3.390651998070e-02,3.969515393718e-05
"                 468",-1.226050300627e+00,2.554338841473e+01,-8.813823547670e-05,-8.421212981164e-01,2.557732112634e+01,-4.970198312261e-05,3.839290025108e-01,3.393271161351e-02,3.843625235409e-05
"                 469",-1.225748733171e+00,2.554416742624e+01,-8.814027181151e-05,-8.411944540707e-01,2.557812542823e+01,-5.072119500373e-05,3.845542791004e-01,3.395800198265e-02,3.741907680778e-05
"                 470",-1.225424235381e+00,2.554481451142e+01,-8.814184641123e-05,-8.402460528268e-01,2.557879736997e+01,-5.163826538546e-05,3.851781825542e-01,3.398285854436e-02,3.650358102577e-05
"                 471",-1.225074025583e+00,2.554531870365e+01,-8.814336173709e-05,-8.392730639931e-01,2.557932591320e+01,-5.255660968611e-05,3.858009615899e-01,3.400720954996e-02,3.558675205098e-05
"                 472",-1.224715503936e+00,2.554566855026e+01,-8.814504063259e-05,-8.382920040397e-01,2.557969977738e+01,-5.353260606999e-05,3.864234998967e-01,3.403122711913e-02,3.461243456261e-05
"                 473",-1.224357902832e+00,2.554580894425e+01,-8.814650755589e-05,-8.373128561377e-01,2.557986358519e+01,-5.454133101500e-05,3.870450466939e-01,3.405464093607e-02,3.360517654090e-05
"                 474",-1.223999288463e+00,2.554569182743e+01,-8.814750004609e-05,-8.363339691146e-01,2.557976910808e+01,-5.556479281995e-05,3.876653193486e-01,3.407728064066e-02,3.258270722613e-05
"                 475",-1.223628049256e+00,2.554514714129e+01,-8.814851694374e-05,-8.353432763952e-01,2.557924657216e+01,-5.664365607597e-05,3.882847728612e-01,3.409943086274e-02,3.150486086777e-05
"                 476",-1.223239576839e+00,2.554419001483e+01,-8.815000633272e-05,-8.343364335861e-01,2.557831111168e+01,-5.778340754349e-05,3.889031432527e-01,3.412109685663e-02,3.036659878923e-05
"                 477",-1.222845726131e+00,2.554294735369e+01,-8.815209294145e-05,-8.333247846475e-01,2.557708972073e+01,-5.895737604464e-05,3.895209414832e-01,3.414236704386e-02,2.919471689681e-05
"                 478",-1.222457023837e+00,2.554158634141e+01,-8.815463931297e-05,-8.323185340105e-01,2.557575016829e+01,-6.014451026053e-05,3.901384898264e-01,3.416382688061e-02,2.801012905245e-05
"                 479",-1.222067655018e+00,2.554005926622e+01,-8.815768242058e-05,-8.313119952634e-01,2.557424486246e+01,-6.133260612835e-05,3.907556597547e-01,3.418559624683e-02,2.682507629223e-05
"                 480",-1.221668738204e+00,2.553830418196e+01,-8.816087942896e-05,-8.302962153922e-01,2.557251163658e+01,-6.250997021066e-05,3.913725228114e-01,3.420745461786e-02,2.565090921830e-05
"                 481",-1.221260994965e+00,2.553625412518e+01,-8.816359161881e-05,-8.292718900656e-01,2.557048355622e+01,-6.367280385129e-05,3.919891048989e-01,3.422943104414e-02,2.449078776753e-05
"                 482",-1.220860123105e+00,2.553401283808e+01,-8.816576063644e-05,-8.282552186965e-01,2.556826366664e+01,-6.486231426600e-05,3.926049044083e-01,3.425082855640e-02,2.330344637044e-05
"                 483",-1.220488451856e+00,2.553187052508e+01,-8.816764713211e-05,-8.272686933080e-01,2.556614248919e+01,-6.609052467258e-05,3.932197585476e-01,3.427196411354e-02,2.207712245952e-05
"                 484",-1.220146634213e+00,2.552998670948e+01,-8.816966694102e-05,-8.263136607569e-01,2.556427929440e+01,-6.735575944431e-05,3.938329734559e-01,3.429258492052e-02,2.081390749671e-05
"                 485",-1.219818066780e+00,2.552823795215e+01,-8.817196551643e-05,-8.253732363108e-01,2.556254985592e+01,-6.864374495738e-05,3.944448304695e-01,3.431190376724e-02,1.952822055904e-05
"                 486",-1.219484221352e+00,2.552647788974e+01,-8.817421072570e-05,-8.244287730755e-01,2.556080764872e+01,-6.992879954292e-05,3.950554482761e-01,3.432975897688e-02,1.824541118278e-05
"                 487",-1.219143664371e+00,2.552460241708e+01,-8.817624939323e-05,-8.234789300592e-01,2.555894994461e+01,-7.118019729420e-05,3.956647343114e-01,3.434752753240e-02,1.699605209903e-05
"                 488",-1.218814564138e+00,2.552274405834e+01,-8.817833964010e-05,-8.225417276508e-01,2.555711029693e+01,-7.241214553108e-05,3.962728364872e-01,3.436623858436e-02,1.576619410903e-05
"                 489",-1.218493815781e+00,2.552085305603e+01,-8.818050469487e-05,-8.216137357703e-01,2.555523875671e+01,-7.363310031149e-05,3.968800800108e-01,3.438570067829e-02,1.454740438338e-05
"                 490",-1.218168718103e+00,2.551874518844e+01,-8.818331546826e-05,-8.206819559596e-01,2.555315084061e+01,-7.482543676367e-05,3.974867621439e-01,3.440565216617e-02,1.335787870458e-05
"                 491",-1.217826196799e+00,2.551631075271e+01,-8.818670871942e-05,-8.197339332857e-01,2.555073546742e+01,-7.597597187178e-05,3.980922635136e-01,3.442471471770e-02,1.221073684765e-05
"                 492",-1.217472645517e+00,2.551371208422e+01,-8.819000339803e-05,-8.187770554399e-01,2.554815530692e+01,-7.701077258991e-05,3.986955900774e-01,3.444322270193e-02,1.117923080812e-05
"                 493",-1.217122772101e+00,2.551121190141e+01,-8.819187740347e-05,-8.178259785169e-01,2.554567450768e+01,-7.789204276281e-05,3.992967935844e-01,3.446260627115e-02,1.029983464066e-05
"                 494",-1.216782396775e+00,2.550878437659e+01,-8.819295274455e-05,-8.168861485350e-01,2.554326704624e+01,-7.866846559225e-05,3.998962482403e-01,3.448266964616e-02,9.524487152300e-06
"                 495",-1.216446988645e+00,2.550623297533e+01,-8.819501821528e-05,-8.159533878062e-01,2.554073523941e+01,-7.931623878301e-05,4.004936008392e-01,3.450226407760e-02,8.878779432270e-06
"                 496",-1.216105281286e+00,2.550350999181e+01,-8.819880514065e-05,-8.150166057876e-01,2.553803045191e+01,-7.983883459320e-05,4.010886754986e-01,3.452046010419e-02,8.359970547446e-06
"                 497",-1.215756875107e+00,2.550081666432e+01,-8.820406907948e-05,-8.140753528493e-01,2.553535383741e+01,-8.026669501610e-05,4.016815222582e-01,3.453717308994e-02,7.937374063378e-06
"                 498",-1.215408096822e+00,2.549831888410e+01,-8.820892263928e-05,-8.131360241576e-01,2.553287212017e+01,-8.064722130685e-05,4.022720726643e-01,3.455323607568e-02,7.561701332427e-06
"                 499",-1.215068422497e+00,2.549606304774e+01,-8.821280598193e-05,-8.122075999857e-01,2.553063251130e+01,-8.098459883235e-05,4.028608225114e-01,3.456946356686e-02,7.228207149583e-06
"                 500",-1.214744460401e+00,2.549387404581e+01,-8.821587429121e-05,-8.112969803204e-01,2.552845996823e+01,-8.129120897933e-05,4.034474800807e-01,3.458592241821e-02,6.924665311872e-06
"                 501",-1.214435544212e+00,2.549170624563e+01,-8.821848811625e-05,-8.104035657558e-01,2.552630846768e+01,-8.155057417483e-05,4.040319784567e-01,3.460222204785e-02,6.667913941419e-06
"                 502",-1.214137862136e+00,2.548956831908e+01,-8.822108794664e-05,-8.095231687768e-01,2.552418704630e+01,-8.177625112619e-05,4.046146933595e-01,3.461872721637e-02,6.444836820452e-06
"                 503",-1.213839768621e+00,2.548739093583e+01,-8.822426514124e-05,-8.086444042396e-01,2.552202645383e+01,-8.195717407580e-05,4.051953643816e-01,3.463551799700e-02,6.267091065438e-06
"                 504",-1.213537201211e+00,2.548504569576e+01,-8.822849315745e-05,-8.077632196071e-01,2.551969782719e+01,-8.207643325638e-05,4.057739816035e-01,3.465213143606e-02,6.152059901068e-06
"                 505",-1.213239265969e+00,2.548257381992e+01,-8.823379243698e-05,-8.068887049933e-01,2.551724305035e+01,-8.210891785047e-05,4.063505609758e-01,3.466923042667e-02,6.124874586504e-06
"                 506",-1.212948461517e+00,2.548006197409e+01,-8.823997719186e-05,-8.060234145607e-01,2.551474930390e+01,-8.205036496674e-05,4.069250469563e-01,3.468732981010e-02,6.189612225126e-06
"                 507",-1.212664572439e+00,2.547757537816e+01,-8.824672128053e-05,-8.051671938532e-01,2.551228185553e+01,-8.196191398779e-05,4.074973785860e-01,3.470647736406e-02,6.284807292735e-06
"                 508",-1.212384555616e+00,2.547513684549e+01,-8.825358214020e-05,-8.043168946981e-01,2.550986320936e+01,-8.187921415702e-05,4.080676609182e-01,3.472636386360e-02,6.374367983181e-06
"                 509",-1.212108439733e+00,2.547278299881e+01,-8.826003032067e-05,-8.034724077451e-01,2.550752971486e+01,-8.183343255774e-05,4.086360319875e-01,3.474671604823e-02,6.426597762930e-06
"                 510",-1.211837200654e+00,2.547051689651e+01,-8.826578764837e-05,-8.026349054305e-01,2.550528389985e+01,-8.184868906117e-05,4.092022952230e-01,3.476700333463e-02,6.417098587204e-06
"                 511",-1.211569384800e+00,2.546832729008e+01,-8.827077336748e-05,-8.018024405144e-01,2.550311392934e+01,-8.191438309881e-05,4.097669442856e-01,3.478663925626e-02,6.356390268674e-06
"                 512",-1.211305923386e+00,2.546624860375e+01,-8.827528847979e-05,-8.009757281481e-01,2.550105476926e+01,-8.201585986010e-05,4.103301952377e-01,3.480616551535e-02,6.259428619694e-06
"                 513",-1.211042432576e+00,2.546427017331e+01,-8.827975564997e-05,-8.001507933288e-01,2.549909558930e+01,-8.209943835444e-05,4.108916392467e-01,3.482541599460e-02,6.180317295529e-06
"                 514",-1.210779107830e+00,2.546233352241e+01,-8.828439714949e-05,-7.993274492846e-01,2.549717823536e+01,-8.210916885154e-05,4.114516585451e-01,3.484471295510e-02,6.175228297949e-06
"                 515",-1.210523751356e+00,2.546044392335e+01,-8.828914626057e-05,-7.985130285602e-01,2.549530878967e+01,-8.199588063141e-05,4.120107227956e-01,3.486486632200e-02,6.293265629160e-06
"                 516",-1.210285549589e+00,2.545867198626e+01,-8.829388906313e-05,-7.977162290237e-01,2.549355857014e+01,-8.172648303306e-05,4.125693205653e-01,3.488658388630e-02,6.567406030067e-06
"                 517",-1.210056317833e+00,2.545695782055e+01,-8.829869074074e-05,-7.969295255390e-01,2.549186650810e+01,-8.132894635664e-05,4.131267922940e-01,3.490868755024e-02,6.969744384098e-06
"                 518",-1.209822055184e+00,2.545517924146e+01,-8.830373070723e-05,-7.961391319917e-01,2.549010995447e+01,-8.080571637191e-05,4.136829231926e-01,3.493071300561e-02,7.498014335327e-06
"                 519",-1.209580640112e+00,2.545332066331e+01,-8.830843441475e-05,-7.953433262268e-01,2.548827313939e+01,-8.015911892209e-05,4.142373138848e-01,3.495247607782e-02,8.149315492654e-06
"                 520",-1.209337968766e+00,2.545147216726e+01,-8.831262357065e-05,-7.945484119722e-01,2.548644626921e+01,-7.942659301583e-05,4.147895567934e-01,3.497410195032e-02,8.886030554822e-06
"                 521",-1.209102928184e+00,2.544971825675e+01,-8.831660123013e-05,-7.937630756658e-01,2.548471436100e+01,-7.871361223727e-05,4.153398525187e-01,3.499610425487e-02,9.602988992864e-06
"                 522",-1.208875473413e+00,2.544810690275e+01,-8.832040807134e-05,-7.929867800097e-01,2.548312566469e+01,-7.805527813479e-05,4.158886934033e-01,3.501876193561e-02,1.026512993655e-05
"                 523",-1.208644055535e+00,2.544663653911e+01,-8.832406474249e-05,-7.922074670200e-01,2.548167853169e+01,-7.745731880510e-05,4.164365885147e-01,3.504199258501e-02,1.086674593739e-05
"                 524",-1.208405907604e+00,2.544528181553e+01,-8.832772095117e-05,-7.914224845348e-01,2.548034707584e+01,-7.694622643866e-05,4.169834230687e-01,3.506526030147e-02,1.138149451251e-05
"                 525",-1.208161570128e+00,2.544410061327e+01,-8.833116983821e-05,-7.906323881058e-01,2.547918904500e+01,-7.650762452977e-05,4.175291820227e-01,3.508843173563e-02,1.182354530843e-05
"                 526",-1.207915074360e+00,2.544315792081e+01,-8.833444616615e-05,-7.898416719120e-01,2.547826955739e+01,-7.612886216714e-05,4.180734024479e-01,3.511163657695e-02,1.220558399901e-05
"                 527",-1.207676874938e+00,2.544244045795e+01,-8.833799030777e-05,-7.890612077831e-01,2.547757508208e+01,-7.571827641440e-05,4.186156671547e-01,3.513462413909e-02,1.261971389337e-05
"                 528",-1.207438928181e+00,2.544189850415e+01,-8.834173949341e-05,-7.882830235953e-01,2.547705645684e+01,-7.512061121141e-05,4.191559045861e-01,3.515795269322e-02,1.322112828200e-05
"                 529",-1.207188421611e+00,2.544134594449e+01,-8.834535749971e-05,-7.874942741683e-01,2.547652779281e+01,-7.434190320912e-05,4.196941474428e-01,3.518184831682e-02,1.400345429059e-05
"                 530",-1.206925050191e+00,2.544060523489e+01,-8.834885733475e-05,-7.866945157261e-01,2.547581104977e+01,-7.342502736110e-05,4.202305344650e-01,3.520581487521e-02,1.492382997364e-05
"                 531",-1.206665931750e+00,2.543969234735e+01,-8.835229099467e-05,-7.859013604685e-01,2.547492170271e+01,-7.238367275083e-05,4.207645712819e-01,3.522935535047e-02,1.596861824384e-05
"                 532",-1.206413513820e+00,2.543864217559e+01,-8.835627717974e-05,-7.851172164014e-01,2.547389473592e+01,-7.127157383766e-05,4.212962974183e-01,3.525256032986e-02,1.708470334208e-05
"                 533",-1.206174307525e+00,2.543758848442e+01,-8.836107949641e-05,-7.843485811587e-01,2.547286420142e+01,-7.016397621639e-05,4.218257263666e-01,3.527571699353e-02,1.819710328002e-05
"                 534",-1.205934035681e+00,2.543657562143e+01,-8.836598579284e-05,-7.835813039393e-01,2.547187400074e+01,-6.911212040925e-05,4.223527317413e-01,3.529837930774e-02,1.925386538359e-05
"                 535",-1.205669974606e+00,2.543557447423e+01,-8.836975553533e-05,-7.827925634074e-01,2.547089449270e+01,-6.814268777439e-05,4.228774111983e-01,3.532001847354e-02,2.022706776094e-05
"                 536",-1.205384749590e+00,2.543462083655e+01,-8.837190413603e-05,-7.819847233531e-01,2.546996292204e+01,-6.726181305718e-05,4.234000262368e-01,3.534208549160e-02,2.111009107884e-05
"                 537",-1.205121451945e+00,2.543391278515e+01,-8.837294171688e-05,-7.812008423842e-01,2.546927838255e+01,-6.644864435695e-05,4.239206095609e-01,3.536559740095e-02,2.192429735993e-05
"                 538",-1.204882880529e+00,2.543348795744e+01,-8.837385157640e-05,-7.804445518352e-01,2.546887803545e+01,-6.567030356028e-05,4.244383286939e-01,3.539007801267e-02,2.270354801612e-05
"                 539",-1.204635188162e+00,2.543315444330e+01,-8.837574579694e-05,-7.796823068322e-01,2.546856925449e+01,-6.495459526462e-05,4.249528813293e-01,3.541481119160e-02,2.342115053232e-05
"                 540",-1.204360056386e+00,2.543273724650e+01,-8.837882057366e-05,-7.788955645312e-01,2.546817740713e+01,-6.433523571588e-05,4.254644918553e-01,3.544016062747e-02,2.404358485778e-05
"                 541",-1.204080412356e+00,2.543224913774e+01,-8.838193626625e-05,-7.781072268799e-01,2.546771523122e+01,-6.381075668214e-05,4.259731854759e-01,3.546609348554e-02,2.457117958411e-05
"                 542",-1.203821669690e+00,2.543181836291e+01,-8.838395056447e-05,-7.773425441590e-01,2.546730999717e+01,-6.334158513627e-05,4.264791255312e-01,3.549163425979e-02,2.504236542819e-05
"                 543",-1.203587850800e+00,2.543156408991e+01,-8.838504772090e-05,-7.766051492405e-01,2.546708020965e+01,-6.289557383193e-05,4.269827015594e-01,3.551611974026e-02,2.548947388896e-05
"                 544",-1.203361530688e+00,2.543143973819e+01,-8.838660198446e-05,-7.758771459967e-01,2.546698026569e+01,-6.247502907084e-05,4.274843846909e-01,3.554052750261e-02,2.591157291362e-05
"                 545",-1.203136334856e+00,2.543139592285e+01,-8.838969942205e-05,-7.751526002673e-01,2.546696194616e+01,-6.209728913206e-05,4.279837345884e-01,3.556602330526e-02,2.629241028999e-05
"                 546",-1.202916191704e+00,2.543140907627e+01,-8.839454879403e-05,-7.744359847807e-01,2.546700171444e+01,-6.174357892742e-05,4.284802069235e-01,3.559263817703e-02,2.665096986661e-05
"                 547",-1.202699267621e+00,2.543140272405e+01,-8.839987360836e-05,-7.737258745426e-01,2.546702176688e+01,-6.139159513240e-05,4.289733930786e-01,3.561904283429e-02,2.700827847596e-05
"                 548",-1.202486276503e+00,2.543134227710e+01,-8.840409182991e-05,-7.730236667156e-01,2.546698641494e+01,-6.102312705953e-05,4.294626097873e-01,3.564413784791e-02,2.738096477038e-05
"                 549",-1.202283970348e+00,2.543129182453e+01,-8.840651650439e-05,-7.723362208619e-01,2.546696029245e+01,-6.065963544386e-05,4.299477494864e-01,3.566846792020e-02,2.774688106053e-05
"                 550",-1.202087947203e+00,2.543124967604e+01,-8.840768528219e-05,-7.716591184810e-01,2.546694257313e+01,-6.031605269893e-05,4.304288287217e-01,3.569289708248e-02,2.809163258325e-05
"                 551",-1.201884205317e+00,2.543111339878e+01,-8.840857127547e-05,-7.709782596913e-01,2.546683064452e+01,-6.003661033173e-05,4.309059456262e-01,3.571724574441e-02,2.837196094374e-05
"                 552",-1.201672545196e+00,2.543089128188e+01,-8.841022374410e-05,-7.702932939208e-01,2.546663238204e+01,-5.983040915038e-05,4.313792512756e-01,3.574110015641e-02,2.857981459372e-05
"                 553",-1.201468919202e+00,2.543074361671e+01,-8.841295335520e-05,-7.696202989536e-01,2.546650836961e+01,-5.968596626329e-05,4.318486202485e-01,3.576475290521e-02,2.872698709192e-05
"                 554",-1.201280960095e+00,2.543077437465e+01,-8.841614803506e-05,-7.689675796827e-01,2.546656312711e+01,-5.957219129458e-05,4.323133804120e-01,3.578875245840e-02,2.884395674049e-05
"                 555",-1.201101500158e+00,2.543087907897e+01,-8.841908489922e-05,-7.683279744030e-01,2.546669197325e+01,-5.951493084150e-05,4.327735257549e-01,3.581289428040e-02,2.890415405772e-05
"                 556",-1.200914999951e+00,2.543086214760e+01,-8.842171539038e-05,-7.676858526942e-01,2.546669896379e+01,-5.950507141371e-05,4.332291472570e-01,3.583681618822e-02,2.891664397668e-05
"                 557",-1.200715961860e+00,2.543064225385e+01,-8.842414856050e-05,-7.670358535574e-01,2.546650271913e+01,-5.951829759117e-05,4.336801083027e-01,3.586046528513e-02,2.890585096933e-05
"                 558",-1.200517438320e+00,2.543035498342e+01,-8.842662374800e-05,-7.663908551153e-01,2.546623884616e+01,-5.951956611190e-05,4.341265832043e-01,3.588386274109e-02,2.890705763609e-05
"                 559",-1.200332363196e+00,2.543017586494e+01,-8.842916532202e-05,-7.657637304672e-01,2.546608339719e+01,-5.953502725885e-05,4.345686327285e-01,3.590753225397e-02,2.889413806317e-05
"                 560",-1.200156948786e+00,2.543010152775e+01,-8.843182827029e-05,-7.651505875604e-01,2.546603312112e+01,-5.956674821618e-05,4.350063612252e-01,3.593159337786e-02,2.886508005411e-05
"                 561",-1.199977624437e+00,2.543001817525e+01,-8.843450879802e-05,-7.645381978487e-01,2.546597340221e+01,-5.961606947113e-05,4.354394265882e-01,3.595522696156e-02,2.881843932689e-05
"                 562",-1.199787767394e+00,2.542989908694e+01,-8.843711134490e-05,-7.639202928985e-01,2.546587588274e+01,-5.966843728637e-05,4.358674744956e-01,3.597679580242e-02,2.876867405853e-05
"                 563",-1.199594261749e+00,2.542981270044e+01,-8.843971728980e-05,-7.633037984505e-01,2.546580865358e+01,-5.972560088729e-05,4.362904632983e-01,3.599595314482e-02,2.871411640251e-05
"                 564",-1.199398045334e+00,2.542977765068e+01,-8.844229942851e-05,-7.626900938465e-01,2.546579138282e+01,-5.980425738743e-05,4.367079514872e-01,3.601373213817e-02,2.863804204108e-05
"                 565",-1.199197800660e+00,2.542976893484e+01,-8.844468710544e-05,-7.620778986865e-01,2.546580062458e+01,-5.996653489683e-05,4.371199019733e-01,3.603168973297e-02,2.847815220861e-05
"                 566",-1.198987380117e+00,2.542976393227e+01,-8.844663614035e-05,-7.614607168706e-01,2.546581308129e+01,-6.022770029491e-05,4.375266632467e-01,3.604914901715e-02,2.821893584544e-05
"                 567",-1.198754047279e+00,2.542962872016e+01,-8.844819501660e-05,-7.608257933634e-01,2.546569410462e+01,-6.060232758082e-05,4.379282539153e-01,3.606538445563e-02,2.784586743578e-05
"                 568",-1.198508540638e+00,2.542928715782e+01,-8.844997790231e-05,-7.601836819725e-01,2.546536887931e+01,-6.105858296747e-05,4.383248586654e-01,3.608172148895e-02,2.739139493484e-05
"                 569",-1.198267463633e+00,2.542879471045e+01,-8.845212063253e-05,-7.595504835143e-01,2.546489382235e+01,-6.156721998135e-05,4.387169801186e-01,3.609911190272e-02,2.688490065117e-05
"                 570",-1.198014651500e+00,2.542821570967e+01,-8.845441282904e-05,-7.589093866656e-01,2.546433421089e+01,-6.203308353161e-05,4.391052648345e-01,3.611850122707e-02,2.642132929743e-05
"                 571",-1.197778507763e+00,2.542776705883e+01,-8.845702648837e-05,-7.582883238413e-01,2.546390690836e+01,-6.241365162184e-05,4.394901839213e-01,3.613984953103e-02,2.604337486653e-05
"                 572",-1.197557389969e+00,2.542741606027e+01,-8.845966489400e-05,-7.576860872328e-01,2.546357756091e+01,-6.265717772899e-05,4.398713027364e-01,3.616150063561e-02,2.580248716501e-05
"                 573",-1.197340047170e+00,2.542705272591e+01,-8.846182370757e-05,-7.570916239848e-01,2.546323586997e+01,-6.282736956253e-05,4.402484231853e-01,3.618314405755e-02,2.563445414504e-05
"                 574",-1.197133234190e+00,2.542672661509e+01,-8.846325382734e-05,-7.565116575127e-01,2.546293039549e+01,-6.299099452982e-05,4.406215766772e-01,3.620378040026e-02,2.547225929752e-05
"                 575",-1.196934330887e+00,2.542647142236e+01,-8.846459385955e-05,-7.559439277922e-01,2.546269473282e+01,-6.321120645683e-05,4.409904030947e-01,3.622331046234e-02,2.525338740271e-05
"                 576",-1.196751991018e+00,2.542641201822e+01,-8.846627133243e-05,-7.553968716990e-01,2.546265424859e+01,-6.347343899126e-05,4.413551193188e-01,3.624223036381e-02,2.499283234117e-05
"                 577",-1.196581236222e+00,2.542656587181e+01,-8.846799456590e-05,-7.548659695202e-01,2.546282612036e+01,-6.375148257007e-05,4.417152667015e-01,3.626024854628e-02,2.471651199583e-05
"                 578",-1.196403064198e+00,2.542676665504e+01,-8.846921302836e-05,-7.543321666514e-01,2.546304401802e+01,-6.400905126591e-05,4.420708975466e-01,3.627736298707e-02,2.446016176246e-05
"                 579",-1.196223567275e+00,2.542699995020e+01,-8.846986375757e-05,-7.538010766324e-01,2.546329424979e+01,-6.426139380869e-05,4.424224906430e-01,3.629429958646e-02,2.420846994888e-05
"                 580",-1.196055045312e+00,2.542724523264e+01,-8.847083541956e-05,-7.532844701571e-01,2.546355605701e+01,-6.449586246958e-05,4.427705751554e-01,3.631082436614e-02,2.397497294998e-05
"                 581",-1.195889736365e+00,2.542741837078e+01,-8.847298075428e-05,-7.527742855947e-01,2.546374586471e+01,-6.469179328474e-05,4.431154507704e-01,3.632749393305e-02,2.378118746953e-05
"                 582",-1.195716716934e+00,2.542744347414e+01,-8.847636588110e-05,-7.522597587781e-01,2.546378786757e+01,-6.481075267483e-05,4.434569581563e-01,3.634439342192e-02,2.366561320627e-05
"                 583",-1.195535567191e+00,2.542734492333e+01,-8.847973172334e-05,-7.517406594375e-01,2.546370604333e+01,-6.488358592671e-05,4.437949077533e-01,3.636111999871e-02,2.359614579663e-05
"                 584",-1.195346946487e+00,2.542721452530e+01,-8.848172500178e-05,-7.512178303467e-01,2.546359140967e+01,-6.494526013004e-05,4.441291161405e-01,3.637688436346e-02,2.353646487175e-05
"                 585",-1.195155973535e+00,2.542709529585e+01,-8.848207552073e-05,-7.506966457808e-01,2.546348658752e+01,-6.508806251308e-05,4.444593277545e-01,3.639129167087e-02,2.339401300765e-05
"                 586",-1.194965961459e+00,2.542700229583e+01,-8.848230324560e-05,-7.501805928402e-01,2.546340661128e+01,-6.536905405321e-05,4.447853686189e-01,3.640431544589e-02,2.311324919239e-05
"                 587",-1.194772470429e+00,2.542693706494e+01,-8.848368864922e-05,-7.496646903622e-01,2.546335349677e+01,-6.580765480019e-05,4.451077800665e-01,3.641643182796e-02,2.267603384904e-05
"                 588",-1.194570212162e+00,2.542689876535e+01,-8.848596679582e-05,-7.491434951114e-01,2.546332704295e+01,-6.628100491439e-05,4.454267170509e-01,3.642827759558e-02,2.220496188143e-05
"                 589",-1.194354937551e+00,2.542685319036e+01,-8.848781836772e-05,-7.486123980729e-01,2.546329371454e+01,-6.667920885475e-05,4.457425394779e-01,3.644052418484e-02,2.180860951297e-05
"                 590",-1.194120915384e+00,2.542670893347e+01,-8.848870246473e-05,-7.480655125947e-01,2.546316190762e+01,-6.694335772100e-05,4.460554027894e-01,3.645297415152e-02,2.154534474373e-05
"                 591",-1.193879396916e+00,2.542646909614e+01,-8.848922580376e-05,-7.475138529626e-01,2.546293433850e+01,-6.710014384972e-05,4.463655439532e-01,3.646524235905e-02,2.138908195404e-05
"                 592",-1.193642285192e+00,2.542613922854e+01,-8.849044252543e-05,-7.469694154987e-01,2.546261665732e+01,-6.715729606956e-05,4.466728696930e-01,3.647742877742e-02,2.133314645587e-05
"                 593",-1.193411531829e+00,2.542567519852e+01,-8.849239035448e-05,-7.464342547609e-01,2.546216460655e+01,-6.717227361600e-05,4.469772770684e-01,3.648940802764e-02,2.132011673848e-05
"                 594",-1.193182397080e+00,2.542505844793e+01,-8.849438409075e-05,-7.459036889302e-01,2.546155942762e+01,-6.717997037575e-05,4.472787081501e-01,3.650097968776e-02,2.131441371500e-05
"                 595",-1.192950742575e+00,2.542435708894e+01,-8.849572909618e-05,-7.453736207457e-01,2.546086884149e+01,-6.725719251308e-05,4.475771218294e-01,3.651175254440e-02,2.123853658310e-05
"                 596",-1.192721065188e+00,2.542369864568e+01,-8.849672807470e-05,-7.448485864293e-01,2.546022050202e+01,-6.742806738334e-05,4.478724787582e-01,3.652185633884e-02,2.106866069136e-05
"                 597",-1.192498568532e+00,2.542319019293e+01,-8.849798547019e-05,-7.443334937170e-01,2.545972234110e+01,-6.766021524580e-05,4.481650748147e-01,3.653214817717e-02,2.083777022439e-05
"                 598",-1.192285687751e+00,2.542286708495e+01,-8.849972388730e-05,-7.438301982926e-01,2.545941020767e+01,-6.786112561861e-05,4.484554894587e-01,3.654312272187e-02,2.063859826869e-05
"                 599",-1.192079156352e+00,2.542263392379e+01,-8.850151780367e-05,-7.433350742527e-01,2.545918848241e+01,-6.801793231171e-05,4.487440820989e-01,3.655455861910e-02,2.048358549195e-05
"                 600",-1.191870219453e+00,2.542233524572e+01,-8.850300414048e-05,-7.428395294400e-01,2.545890109103e+01,-6.810067550718e-05,4.490306900126e-01,3.656584530439e-02,2.040232863330e-05
"                 601",-1.191652801852e+00,2.542194607602e+01,-8.850408728735e-05,-7.423376384592e-01,2.545852285105e+01,-6.813013515451e-05,4.493151633923e-01,3.657677503653e-02,2.037395213283e-05
"                 602",-1.191428188034e+00,2.542153296702e+01,-8.850501241743e-05,-7.418308790847e-01,2.545812013413e+01,-6.810995302648e-05,4.495973089495e-01,3.658716710737e-02,2.039505939094e-05
"                 603",-1.191202186578e+00,2.542113358739e+01,-8.850606685811e-05,-7.413248792533e-01,2.545773079858e+01,-6.807867832180e-05,4.498773073244e-01,3.659721118764e-02,2.042738853631e-05
"                 604",-1.190979096822e+00,2.542071839320e+01,-8.850756306992e-05,-7.408238302120e-01,2.545732549974e+01,-6.802789100869e-05,4.501552666103e-01,3.660710653483e-02,2.047967206123e-05
"                 605",-1.190761261556e+00,2.542025681881e+01,-8.850945747604e-05,-7.403300947507e-01,2.545687359323e+01,-6.798347272283e-05,4.504311668051e-01,3.661677441819e-02,2.052598475321e-05
"                 606",-1.190546430011e+00,2.541974796448e+01,-8.851154460825e-05,-7.398412521926e-01,2.545637445366e+01,-6.793456556680e-05,4.507051778184e-01,3.662648917868e-02,2.057697904145e-05
"                 607",-1.190333138131e+00,2.541924572588e+01,-8.851335443182e-05,-7.393556159832e-01,2.545588220156e+01,-6.790189763714e-05,4.509775221483e-01,3.663647568651e-02,2.061145679468e-05
"                 608",-1.190120886639e+00,2.541879424770e+01,-8.851481927883e-05,-7.388728478462e-01,2.545544073888e+01,-6.787689185530e-05,4.512480387925e-01,3.664649118272e-02,2.063792742352e-05
"                 609",-1.189909236481e+00,2.541835382886e+01,-8.851611511688e-05,-7.383929008859e-01,2.545500987768e+01,-6.788498631086e-05,4.515163355953e-01,3.665604882085e-02,2.063112880602e-05
"                 610",-1.189698613537e+00,2.541789048494e+01,-8.851757137915e-05,-7.379161672383e-01,2.545455576511e+01,-6.790758700384e-05,4.517824462992e-01,3.666528016364e-02,2.060998437531e-05
"                 611",-1.189491289655e+00,2.541741851645e+01,-8.851916000467e-05,-7.374447461295e-01,2.545409284807e+01,-6.795796042079e-05,4.520465435258e-01,3.667433161725e-02,2.056119958389e-05
"                 612",-1.189287485855e+00,2.541693386757e+01,-8.852097607141e-05,-7.369787932558e-01,2.545361716585e+01,-6.800363807205e-05,4.523086925995e-01,3.668329827266e-02,2.051733799936e-05
"                 613",-1.189086685851e+00,2.541644648953e+01,-8.852276150086e-05,-7.365176660426e-01,2.545313867196e+01,-6.805023845408e-05,4.525690198084e-01,3.669218242332e-02,2.047252304678e-05
"                 614",-1.188886911573e+00,2.541593479738e+01,-8.852455016328e-05,-7.360591901602e-01,2.545263581124e+01,-6.806236224805e-05,4.528277214124e-01,3.670101385168e-02,2.046218791523e-05
"                 615",-1.188686033425e+00,2.541539805347e+01,-8.852615082202e-05,-7.356011401264e-01,2.545210772345e+01,-6.804128835323e-05,4.530848932989e-01,3.670966998575e-02,2.048486246880e-05
"                 616",-1.188484458119e+00,2.541485941191e+01,-8.852750507097e-05,-7.351438940405e-01,2.545157740109e+01,-6.795813485977e-05,4.533405640783e-01,3.671798918149e-02,2.056937021119e-05
"                 617",-1.188283029176e+00,2.541435459165e+01,-8.852843885787e-05,-7.346883568248e-01,2.545108065624e+01,-6.785887113918e-05,4.535946723509e-01,3.672606459301e-02,2.066956771868e-05
"                 618",-1.188083577280e+00,2.541393171549e+01,-8.852909279663e-05,-7.342364312275e-01,2.545066597686e+01,-6.776621452749e-05,4.538471460523e-01,3.673426137077e-02,2.076287826913e-05
"                 619",-1.187887536557e+00,2.541361052133e+01,-8.852953666209e-05,-7.337896174889e-01,2.545035341907e+01,-6.774304685436e-05,4.540979190680e-01,3.674289774204e-02,2.078648980773e-05
"                 620",-1.187694616004e+00,2.541333250415e+01,-8.853000453681e-05,-7.333476422083e-01,2.545008444819e+01,-6.778932336310e-05,4.543469737962e-01,3.675194403811e-02,2.074068117371e-05
"                 621",-1.187502213615e+00,2.541300649758e+01,-8.853048699288e-05,-7.329079184215e-01,2.544976748830e+01,-6.792463877386e-05,4.545942951932e-01,3.676099072130e-02,2.060584821902e-05
"                 622",-1.187307376463e+00,2.541257786415e+01,-8.853106388844e-05,-7.324675290295e-01,2.544934753299e+01,-6.809247624892e-05,4.548398474339e-01,3.676966884039e-02,2.043858763952e-05
"                 623",-1.187108817404e+00,2.541206694970e+01,-8.853161699523e-05,-7.320253395447e-01,2.544884459802e+01,-6.826589753378e-05,4.550834778591e-01,3.677764831361e-02,2.026571946145e-05
"                 624",-1.186907484453e+00,2.541150555922e+01,-8.853228641111e-05,-7.315823548789e-01,2.544829042589e+01,-6.837409716949e-05,4.553251295744e-01,3.678486666113e-02,2.015818924162e-05
"                 625",-1.186704238065e+00,2.541092071708e+01,-8.853305428251e-05,-7.311392869920e-01,2.544771211665e+01,-6.841251713762e-05,4.555649510726e-01,3.679139956549e-02,2.012053714489e-05
"                 626",-1.186500399562e+00,2.541035872587e+01,-8.853397574393e-05,-7.306972792707e-01,2.544715618740e+01,-6.837000892292e-05,4.558031202910e-01,3.679746153678e-02,2.016396682102e-05
"                 627",-1.186295353594e+00,2.540989261393e+01,-8.853490065775e-05,-7.302557604895e-01,2.544669590429e+01,-6.832192815413e-05,4.560395931046e-01,3.680329036285e-02,2.021297250362e-05
"                 628",-1.186087968023e+00,2.540953585658e+01,-8.853577510945e-05,-7.298134990079e-01,2.544634490941e+01,-6.827899878944e-05,4.562744690149e-01,3.680905282181e-02,2.025677632001e-05
"                 629",-1.185878713568e+00,2.540922904007e+01,-8.853644982958e-05,-7.293708301923e-01,2.544604385151e+01,-6.826434303373e-05,4.565078833754e-01,3.681481143298e-02,2.027210679586e-05
"                 630",-1.185668749504e+00,2.540891327090e+01,-8.853705642289e-05,-7.289288585562e-01,2.544573378872e+01,-6.825501455104e-05,4.567398909481e-01,3.682051782225e-02,2.028204187185e-05
"                 631",-1.185458796576e+00,2.540856133797e+01,-8.853763207487e-05,-7.284884682478e-01,2.544538741682e+01,-6.828866423047e-05,4.569703283282e-01,3.682607885051e-02,2.024896784440e-05
"                 632",-1.185248085548e+00,2.540816687380e+01,-8.853836744864e-05,-7.280490968625e-01,2.544499840913e+01,-6.834230879058e-05,4.571989886856e-01,3.683153532963e-02,2.019605865806e-05
"                 633",-1.185036390252e+00,2.540772684517e+01,-8.853922098313e-05,-7.276105660486e-01,2.544456371424e+01,-6.842817696667e-05,4.574258242030e-01,3.683686906770e-02,2.011104401645e-05
"                 634",-1.184824503221e+00,2.540723729516e+01,-8.854030365858e-05,-7.271736058530e-01,2.544407926666e+01,-6.849912868640e-05,4.576508973676e-01,3.684197149551e-02,2.004117497218e-05
"                 635",-1.184612610503e+00,2.540670288041e+01,-8.854151145474e-05,-7.267383073011e-01,2.544354971823e+01,-6.856090587804e-05,4.578743032020e-01,3.684683781893e-02,1.998060557669e-05
"                 636",-1.184400707635e+00,2.540615147940e+01,-8.854284180093e-05,-7.263045125424e-01,2.544300305275e+01,-6.858674027735e-05,4.580961950923e-01,3.685157335224e-02,1.995610152357e-05
"                 637",-1.184189670944e+00,2.540562114334e+01,-8.854411801349e-05,-7.258729071644e-01,2.544247746687e+01,-6.861817354682e-05,4.583167637794e-01,3.685632352665e-02,1.992594446667e-05
"                 638",-1.183978745887e+00,2.540512127719e+01,-8.854536591680e-05,-7.254426830138e-01,2.544198243925e+01,-6.864271505154e-05,4.585360628729e-01,3.686116205901e-02,1.990265086526e-05
"                 639",-1.183768067467e+00,2.540465219237e+01,-8.854647983490e-05,-7.250138783582e-01,2.544151833492e+01,-6.868348553425e-05,4.587541891088e-01,3.686614255347e-02,1.986299430065e-05
"                 640",-1.183557935668e+00,2.540421546255e+01,-8.854754486466e-05,-7.245867807913e-01,2.544108659451e+01,-6.871387407190e-05,4.589711548765e-01,3.687113195589e-02,1.983367079277e-05
"                 641",-1.183348058173e+00,2.540379175188e+01,-8.854840219747e-05,-7.241611022081e-01,2.544066772174e+01,-6.875717504154e-05,4.591869559650e-01,3.687596986380e-02,1.979122715593e-05
"                 642",-1.183138363265e+00,2.540335718561e+01,-8.854911105661e-05,-7.237368563079e-01,2.544023769717e+01,-6.878416508888e-05,4.594015069570e-01,3.688051155640e-02,1.976494596772e-05
"                 643",-1.182928393247e+00,2.540289877298e+01,-8.854964292852e-05,-7.233136507590e-01,2.543978353444e+01,-6.881405275306e-05,4.596147424879e-01,3.688476145876e-02,1.973559017546e-05
"                 644",-1.182718303808e+00,2.540242124660e+01,-8.855019050144e-05,-7.228916659940e-01,2.543931007441e+01,-6.882851556182e-05,4.598266378140e-01,3.688882781164e-02,1.972167493962e-05
"                 645",-1.182509360317e+00,2.540194189453e+01,-8.855076416694e-05,-7.224721648092e-01,2.543883478692e+01,-6.885284916040e-05,4.600371955079e-01,3.689289239122e-02,1.969791500654e-05
"                 646",-1.182302552891e+00,2.540147906067e+01,-8.855149106853e-05,-7.220560909346e-01,2.543837620681e+01,-6.886657912833e-05,4.602464619568e-01,3.689714614681e-02,1.968491194020e-05
"                 647",-1.182097886430e+00,2.540103689138e+01,-8.855228260669e-05,-7.216433450661e-01,2.543793846459e+01,-6.889544141442e-05,4.604545413640e-01,3.690157320248e-02,1.965684119227e-05
"                 648",-1.181894150384e+00,2.540059929287e+01,-8.855315637135e-05,-7.212325955936e-01,2.543750526807e+01,-6.892284847896e-05,4.606615547901e-01,3.690597520591e-02,1.963030789239e-05
"                 649",-1.181690137577e+00,2.540016030693e+01,-8.855399275002e-05,-7.208225977248e-01,2.543707068508e+01,-6.896959851688e-05,4.608675398521e-01,3.691037815729e-02,1.958439423314e-05
"                 650",-1.181485800017e+00,2.539971594753e+01,-8.855484702114e-05,-7.204132874648e-01,2.543663068659e+01,-6.901049444597e-05,4.610725125520e-01,3.691473905916e-02,1.954435257517e-05
"                 651",-1.181281838304e+00,2.539926208539e+01,-8.855566664077e-05,-7.200053602821e-01,2.543618110584e+01,-6.906398922555e-05,4.612764780218e-01,3.691902044990e-02,1.949167741522e-05
"                 652",-1.181078751598e+00,2.539880334121e+01,-8.855655879798e-05,-7.195993190664e-01,2.543572654603e+01,-6.910936424400e-05,4.614794325318e-01,3.692320482236e-02,1.944719455398e-05
"                 653",-1.180876590573e+00,2.539835478592e+01,-8.855746485352e-05,-7.191952437409e-01,2.543528205336e+01,-6.917083103642e-05,4.616813468324e-01,3.692726744071e-02,1.938663381710e-05
"                 654",-1.180675195808e+00,2.539793415224e+01,-8.855839536620e-05,-7.187930168699e-01,2.543486534790e+01,-6.922861888586e-05,4.618821789384e-01,3.693119565572e-02,1.932977648034e-05
"                 655",-1.180474631223e+00,2.539754008463e+01,-8.855921184660e-05,-7.183927128216e-01,2.543447513258e+01,-6.930148983264e-05,4.620819184010e-01,3.693504794584e-02,1.925772201396e-05
"                 656",-1.180275105494e+00,2.539716216564e+01,-8.855997813849e-05,-7.179945317780e-01,2.543410104696e+01,-6.936777628037e-05,4.622805737162e-01,3.693888131977e-02,1.919220185812e-05
"                 657",-1.180076422534e+00,2.539679032935e+01,-8.856062468467e-05,-7.175982573113e-01,2.543373306317e+01,-6.944907792684e-05,4.624781652223e-01,3.694273382606e-02,1.911154675783e-05
"                 658",-1.179878543800e+00,2.539642066897e+01,-8.856125280731e-05,-7.172038337342e-01,2.543336731484e+01,-6.952695826241e-05,4.626747100654e-01,3.694664586911e-02,1.903429454490e-05
"                 659",-1.179681394009e+00,2.539605285443e+01,-8.856184017843e-05,-7.168111882461e-01,2.543300346968e+01,-6.962380874445e-05,4.628702057631e-01,3.695061524560e-02,1.893803143398e-05
"                 660",-1.179485163844e+00,2.539569216999e+01,-8.856253991706e-05,-7.164205066261e-01,2.543264676678e+01,-6.971885276946e-05,4.630646572178e-01,3.695459678611e-02,1.884368714760e-05
"                 661",-1.179289899720e+00,2.539534267996e+01,-8.856327232939e-05,-7.160318196193e-01,2.543230121318e+01,-6.983117407684e-05,4.632580801008e-01,3.695853321690e-02,1.873209825256e-05
"                 662",-1.179095275716e+00,2.539500536344e+01,-8.856407182356e-05,-7.156447732647e-01,2.543196776087e+01,-6.993863264953e-05,4.634505024512e-01,3.696239742470e-02,1.862543917402e-05
"                 663",-1.178900771959e+00,2.539467362401e+01,-8.856483145786e-05,-7.152588135956e-01,2.543163982179e+01,-7.006076009552e-05,4.636419583633e-01,3.696619778073e-02,1.850407136234e-05
"                 664",-1.178706139774e+00,2.539434427602e+01,-8.856558850936e-05,-7.148736765173e-01,2.543131425291e+01,-7.017813008981e-05,4.638324632564e-01,3.696997688582e-02,1.838745841956e-05
"                 665",-1.178511867428e+00,2.539402016271e+01,-8.856606324403e-05,-7.144898330279e-01,2.543099395239e+01,-7.031316623926e-05,4.640220343997e-01,3.697378968438e-02,1.825289700477e-05
"                 666",-1.178318555773e+00,2.539370594465e+01,-8.856628842545e-05,-7.141078720502e-01,2.543068358140e+01,-7.044764046844e-05,4.642106837223e-01,3.697763675267e-02,1.811864795700e-05
"                 667",-1.178126143487e+00,2.539339900295e+01,-8.856615896417e-05,-7.137277235403e-01,2.543038050074e+01,-7.060416555233e-05,4.643984199467e-01,3.698149779459e-02,1.796199341184e-05
"                 668",-1.177934195160e+00,2.539309371513e+01,-8.856571041488e-05,-7.133489409155e-01,2.543007905929e+01,-7.076627747029e-05,4.645852542443e-01,3.698534416291e-02,1.779943294459e-05
"                 669",-1.177742587056e+00,2.539278760438e+01,-8.856487601632e-05,-7.129713912109e-01,2.542977677256e+01,-7.095600502619e-05,4.647711958454e-01,3.698916818212e-02,1.760887099013e-05
"                 670",-1.177552005508e+00,2.539247981848e+01,-8.856377751053e-05,-7.125957478434e-01,2.542947279596e+01,-7.115546516422e-05,4.649562576650e-01,3.699297748558e-02,1.740831234632e-05
"                 671",-1.177363269378e+00,2.539217598504e+01,-8.856237591473e-05,-7.122228179686e-01,2.542917277693e+01,-7.138498911809e-05,4.651404514090e-01,3.699679188844e-02,1.717738679664e-05
"                 672",-1.177176554537e+00,2.539188275924e+01,-8.856078166552e-05,-7.118527672294e-01,2.542888339676e+01,-7.162706088486e-05,4.653237873080e-01,3.700063751893e-02,1.693372078066e-05
"                 673",-1.176991615180e+00,2.539160351952e+01,-8.855894062076e-05,-7.114853291792e-01,2.542860807132e+01,-7.190065995312e-05,4.655062860004e-01,3.700455179217e-02,1.665828066765e-05
"                 674",-1.176808225632e+00,2.539133764551e+01,-8.855692710048e-05,-7.111202547327e-01,2.542834621124e+01,-7.218876523378e-05,4.656879708997e-01,3.700856572607e-02,1.636816186671e-05
"                 675",-1.176626037959e+00,2.539107910109e+01,-8.855464689411e-05,-7.107571741369e-01,2.542809177973e+01,-7.251111733711e-05,4.658688638222e-01,3.701267863771e-02,1.604352955700e-05
"                 676",-1.176444533346e+00,2.539082117867e+01,-8.855215550278e-05,-7.103955587129e-01,2.542783801698e+01,-7.285288044565e-05,4.660489746329e-01,3.701683831034e-02,1.569927505712e-05
"                 677",-1.176263299815e+00,2.539055865570e+01,-8.854963247678e-05,-7.100349835690e-01,2.542757957309e+01,-7.323289169685e-05,4.662283162457e-01,3.702091738246e-02,1.531674077993e-05
"                 678",-1.176081310557e+00,2.539028842962e+01,-8.854768785840e-05,-7.096744207030e-01,2.542731321654e+01,-7.363261006718e-05,4.664068898541e-01,3.702478691944e-02,1.491507779121e-05
"                 679",-1.175898431540e+00,2.539001324763e+01,-8.854630796649e-05,-7.093137668697e-01,2.542704170084e+01,-7.406117228366e-05,4.665846646707e-01,3.702845320811e-02,1.448513568283e-05
"                 680",-1.175715440136e+00,2.538973952493e+01,-8.854547350468e-05,-7.089538249890e-01,2.542677146683e+01,-7.449358636758e-05,4.667616151471e-01,3.703194190244e-02,1.405188713711e-05
"                 681",-1.175533199640e+00,2.538947024144e+01,-8.854504054762e-05,-7.085954734024e-01,2.542650553281e+01,-7.493830772853e-05,4.669377262381e-01,3.703529137164e-02,1.360673281909e-05
"                 682",-1.175352166592e+00,2.538920460549e+01,-8.854509352394e-05,-7.082391736854e-01,2.542624314406e+01,-7.537471221808e-05,4.671129929070e-01,3.703853856736e-02,1.317038130585e-05
"                 683",-1.175172289863e+00,2.538894103364e+01,-8.854560406592e-05,-7.078848740922e-01,2.542598275007e+01,-7.581428536646e-05,4.672874157712e-01,3.704171643944e-02,1.273131869946e-05
"                 684",-1.174993071587e+00,2.538868014618e+01,-8.854657913519e-05,-7.075320692705e-01,2.542572499591e+01,-7.623848122646e-05,4.674610023163e-01,3.704484972989e-02,1.230809790873e-05
"                 685",-1.174814029990e+00,2.538842438997e+01,-8.854777060116e-05,-7.071802726320e-01,2.542547232953e+01,-7.666022838246e-05,4.676337573585e-01,3.704793955667e-02,1.188754221869e-05
"                 686",-1.174634693076e+00,2.538817426523e+01,-8.854916789017e-05,-7.068290192194e-01,2.542522520052e+01,-7.706519458997e-05,4.678056738565e-01,3.705093528671e-02,1.148397330020e-05
"                 687",-1.174454609112e+00,2.538792723186e+01,-8.855083164592e-05,-7.064778756698e-01,2.542498101881e+01,-7.746753729171e-05,4.679767334420e-01,3.705378695090e-02,1.108329435421e-05
"                 688",-1.174274167097e+00,2.538768036324e+01,-8.855279119756e-05,-7.061272387287e-01,2.542473689085e+01,-7.785122454725e-05,4.681469283686e-01,3.705652760868e-02,1.070156665031e-05
"                 689",-1.174094122936e+00,2.538743353084e+01,-8.855484945555e-05,-7.057778591629e-01,2.542449271599e+01,-7.822750841146e-05,4.683162637730e-01,3.705918515794e-02,1.032734104409e-05
"                 690",-1.173914992655e+00,2.538718868280e+01,-8.855692554892e-05,-7.054302459418e-01,2.542425047209e+01,-7.858194307906e-05,4.684847467131e-01,3.706178929270e-02,9.974982469857e-06
"                 691",-1.173736998285e+00,2.538694729437e+01,-8.855880517730e-05,-7.050846103315e-01,2.542401169575e+01,-7.892749926796e-05,4.686523879533e-01,3.706440137790e-02,9.631305909343e-06
"                 692",-1.173560315572e+00,2.538671143445e+01,-8.856086518988e-05,-7.047411064114e-01,2.542377856808e+01,-7.925091338331e-05,4.688192091605e-01,3.706713363106e-02,9.309951806569e-06
"                 693",-1.173384685823e+00,2.538648247025e+01,-8.856319068849e-05,-7.043994690294e-01,2.542355246262e+01,-7.956216638078e-05,4.689852167935e-01,3.706999237145e-02,9.001024307714e-06
"                 694",-1.173210084728e+00,2.538626149369e+01,-8.856593038885e-05,-7.040596584553e-01,2.542333446370e+01,-7.984509602717e-05,4.691504262728e-01,3.707297000299e-02,8.720834361679e-06
"                 695",-1.173036870674e+00,2.538604892045e+01,-8.856905722472e-05,-7.037220121275e-01,2.542312496084e+01,-8.010878909948e-05,4.693148585464e-01,3.707604038842e-02,8.460268125244e-06
"                 696",-1.172865448751e+00,2.538584482134e+01,-8.857267510076e-05,-7.033869284153e-01,2.542292399968e+01,-8.033945438591e-05,4.694785203358e-01,3.707917833402e-02,8.233220714850e-06
"                 697",-1.172696016368e+00,2.538565062624e+01,-8.857678328538e-05,-7.030545950969e-01,2.542273298684e+01,-8.054674466595e-05,4.696414212712e-01,3.708236060226e-02,8.030038619429e-06
"                 698",-1.172528612506e+00,2.538546913666e+01,-8.858143774957e-05,-7.027250455811e-01,2.542255470251e+01,-8.071693331987e-05,4.698035669253e-01,3.708556584652e-02,7.864504429702e-06
"                 699",-1.172363183096e+00,2.538530441602e+01,-8.858653162023e-05,-7.023982288117e-01,2.542239318559e+01,-8.085757202689e-05,4.699649542841e-01,3.708876956737e-02,7.728959593344e-06
"                 700",-1.172199477925e+00,2.538515501144e+01,-8.859202804828e-05,-7.020739000098e-01,2.542224697363e+01,-8.095493557495e-05,4.701255779149e-01,3.709196218770e-02,7.637092473329e-06
"                 701",-1.172037238183e+00,2.538501884599e+01,-8.859777278950e-05,-7.017518035395e-01,2.542211399125e+01,-8.101493893014e-05,4.702854346436e-01,3.709514526277e-02,7.582833859357e-06
"                 702",-1.171876229898e+00,2.538489039267e+01,-8.860377037279e-05,-7.014316985673e-01,2.542198865351e+01,-8.102339554108e-05,4.704445313307e-01,3.709826083791e-02,7.580374831711e-06
"                 703",-1.171715201442e+00,2.538476007743e+01,-8.860927485566e-05,-7.011123105214e-01,2.542186119830e+01,-8.098707757268e-05,4.706028909208e-01,3.710112086466e-02,7.622197282986e-06
"                 704",-1.171553382734e+00,2.538462367625e+01,-8.861421034536e-05,-7.007928970822e-01,2.542172715937e+01,-8.090006092069e-05,4.707604856515e-01,3.710348312307e-02,7.714149424665e-06
"                 705",-1.171388002601e+00,2.538447668305e+01,-8.861780466918e-05,-7.004707483309e-01,2.542158177913e+01,-8.077905774548e-05,4.709172542703e-01,3.710509607207e-02,7.838746923700e-06
"                 706",-1.171219959769e+00,2.538432418271e+01,-8.862030111415e-05,-7.001467703257e-01,2.542143050752e+01,-8.063450626932e-05,4.710731894435e-01,3.710632481007e-02,7.985794844829e-06
"                 707",-1.171051657444e+00,2.538417302619e+01,-8.862200792028e-05,-6.998233815722e-01,2.542128044432e+01,-8.049047238882e-05,4.712282758720e-01,3.710741812359e-02,8.131535531464e-06
"                 708",-1.170884370717e+00,2.538402593653e+01,-8.862323259333e-05,-6.995018674752e-01,2.542113444955e+01,-8.034671304665e-05,4.713825032422e-01,3.710851302072e-02,8.276519546675e-06
"                 709",-1.170717541465e+00,2.538388071795e+01,-8.862401239507e-05,-6.991816750164e-01,2.542099038345e+01,-8.021422282303e-05,4.715358664484e-01,3.710966549369e-02,8.409789572039e-06
"                 710",-1.170549921637e+00,2.538373263463e+01,-8.862447691301e-05,-6.988615512448e-01,2.542084351775e+01,-8.008847114359e-05,4.716883703918e-01,3.711088312120e-02,8.536005769418e-06
"                 711",-1.170380885437e+00,2.538357916331e+01,-8.862464440197e-05,-6.985408580952e-01,2.542069131138e+01,-7.998212133632e-05,4.718400273419e-01,3.711214806977e-02,8.642523065647e-06
"                 712",-1.170210866946e+00,2.538342286780e+01,-8.862466237422e-05,-6.982200284683e-01,2.542053630756e+01,-7.989173815381e-05,4.719908384781e-01,3.711343976053e-02,8.732924220409e-06
"                 713",-1.170040888578e+00,2.538326786277e+01,-8.862449989642e-05,-6.979000985951e-01,2.542038260390e+01,-7.982338169822e-05,4.721407899833e-01,3.711474112705e-02,8.801118198201e-06
"                 714",-1.169871379982e+00,2.538311592278e+01,-8.862411360260e-05,-6.975815375102e-01,2.542023196101e+01,-7.977011843382e-05,4.722898424722e-01,3.711603823098e-02,8.853995168772e-06
"                 715",-1.169702554333e+00,2.538296901145e+01,-8.862334161085e-05,-6.972645748436e-01,2.542008632104e+01,-7.974327372271e-05,4.724379794895e-01,3.711730958568e-02,8.880067888132e-06
"                 716",-1.169534322779e+00,2.538282536559e+01,-8.862186936618e-05,-6.969490774480e-01,2.541994392456e+01,-7.975030801134e-05,4.725852453313e-01,3.711855896507e-02,8.871561354841e-06
"                 717",-1.169368351130e+00,2.538269084399e+01,-8.862003872375e-05,-6.966366157505e-01,2.541981071376e+01,-7.979895349343e-05,4.727317353799e-01,3.711986976697e-02,8.821085230322e-06
"                 718",-1.169205119163e+00,2.538257557663e+01,-8.861849959127e-05,-6.963276613521e-01,2.541969681145e+01,-7.986631737593e-05,4.728774578112e-01,3.712123482595e-02,8.752182215339e-06
"                 719",-1.169043252728e+00,2.538247862703e+01,-8.861760403951e-05,-6.960208801866e-01,2.541960126949e+01,-7.994347481860e-05,4.730223725410e-01,3.712264245931e-02,8.674129220905e-06
"                 720",-1.168881853698e+00,2.538238296202e+01,-8.861750997030e-05,-6.957154203332e-01,2.541950705093e+01,-8.002456603764e-05,4.731664333648e-01,3.712408891517e-02,8.592943932660e-06
"                 721",-1.168720712927e+00,2.538227585501e+01,-8.861805081623e-05,-6.954111318428e-01,2.541940138165e+01,-8.011728132695e-05,4.733095810843e-01,3.712552663617e-02,8.500769489274e-06
"                 722",-1.168560509402e+00,2.538216521556e+01,-8.861908056253e-05,-6.951086607829e-01,2.541929214999e+01,-8.021686248623e-05,4.734518486195e-01,3.712693442402e-02,8.402218076292e-06
"                 723",-1.168401507960e+00,2.538206498932e+01,-8.862036055167e-05,-6.948082468503e-01,2.541919326987e+01,-8.033648810621e-05,4.735932611098e-01,3.712828054801e-02,8.283872445464e-06
"                 724",-1.168243307736e+00,2.538197992826e+01,-8.862179062556e-05,-6.945094834212e-01,2.541910947054e+01,-8.047368626258e-05,4.737338243144e-01,3.712954227455e-02,8.148104362980e-06
"                 725",-1.168085203117e+00,2.538190808981e+01,-8.862324786860e-05,-6.942116842290e-01,2.541903877431e+01,-8.062551376921e-05,4.738735188883e-01,3.713068450281e-02,7.997734099385e-06
"                 726",-1.167926449540e+00,2.538184168131e+01,-8.862470926626e-05,-6.939141171656e-01,2.541897335455e+01,-8.077783468263e-05,4.740123323742e-01,3.713167324199e-02,7.846874583629e-06
"                 727",-1.167766983853e+00,2.538177578952e+01,-8.862598431484e-05,-6.936166549950e-01,2.541890831256e+01,-8.092730942068e-05,4.741503288581e-01,3.713252304604e-02,7.698674894161e-06
"                 728",-1.167607863733e+00,2.538171473714e+01,-8.862712399737e-05,-6.933203420039e-01,2.541884801551e+01,-8.106697101471e-05,4.742875217289e-01,3.713327837084e-02,7.560152982669e-06
"                 729",-1.167448580417e+00,2.538166570828e+01,-8.862803697655e-05,-6.930247871473e-01,2.541879969293e+01,-8.118038995910e-05,4.744237932699e-01,3.713398464812e-02,7.447647017458e-06
"                 730",-1.167288394883e+00,2.538162596500e+01,-8.862854664520e-05,-6.927292294362e-01,2.541876065856e+01,-8.127495531167e-05,4.745591654468e-01,3.713469356124e-02,7.353591333528e-06
"                 731",-1.167128407339e+00,2.538159486580e+01,-8.862840734972e-05,-6.924346745494e-01,2.541873029965e+01,-8.137788548414e-05,4.746937327901e-01,3.713543384275e-02,7.250521865584e-06
"                 732",-1.166969392919e+00,2.538157280778e+01,-8.862810695901e-05,-6.921419302666e-01,2.541870896242e+01,-8.149494487810e-05,4.748274626524e-01,3.713615464644e-02,7.133162080911e-06
"                 733",-1.166812076702e+00,2.538155681323e+01,-8.862794496709e-05,-6.918517781817e-01,2.541869356089e+01,-8.162140337178e-05,4.749602985202e-01,3.713674766594e-02,7.006541595311e-06
"                 734",-1.166656075598e+00,2.538153484849e+01,-8.862788638272e-05,-6.915638498539e-01,2.541867203959e+01,-8.175249686356e-05,4.750922257440e-01,3.713719110265e-02,6.875389519158e-06
"                 735",-1.166501001789e+00,2.538150143846e+01,-8.862782159134e-05,-6.912777655105e-01,2.541863898096e+01,-8.188766299433e-05,4.752232362785e-01,3.713754249616e-02,6.740158597008e-06
"                 736",-1.166346740156e+00,2.538146461762e+01,-8.862778186058e-05,-6.909934131874e-01,2.541860249675e+01,-8.203345723172e-05,4.753533269689e-01,3.713787913121e-02,6.594324628859e-06
"                 737",-1.166193649451e+00,2.538143489112e+01,-8.862764751612e-05,-6.907111250548e-01,2.541857311900e+01,-8.219300577059e-05,4.754825243962e-01,3.713822787458e-02,6.434641745528e-06
"                 738",-1.166042287541e+00,2.538141022742e+01,-8.862751540243e-05,-6.904313690254e-01,2.541854876626e+01,-8.235775375733e-05,4.756109185156e-01,3.713853883747e-02,6.269761645104e-06
"                 739",-1.165893146303e+00,2.538138457415e+01,-8.862739744819e-05,-6.901545092054e-01,2.541852334960e+01,-8.253021948618e-05,4.757386370980e-01,3.713877545487e-02,6.097177962016e-06
"                 740",-1.165745697315e+00,2.538135856796e+01,-8.862740026825e-05,-6.898799824459e-01,2.541849748899e+01,-8.272689490188e-05,4.758657148694e-01,3.713892103251e-02,5.900505366372e-06
"                 741",-1.165598240449e+00,2.538133305963e+01,-8.862731498549e-05,-6.896061378876e-01,2.541847201243e+01,-8.293928183524e-05,4.759921025617e-01,3.713895280625e-02,5.688033150251e-06
"                 742",-1.165449848798e+00,2.538129868254e+01,-8.862692377897e-05,-6.893321058217e-01,2.541843753314e+01,-8.315281630100e-05,4.761177429764e-01,3.713885060185e-02,5.474107477976e-06
"                 743",-1.165300640730e+00,2.538125845928e+01,-8.862612274636e-05,-6.890580326903e-01,2.541839708748e+01,-8.335869132477e-05,4.762426080393e-01,3.713862820637e-02,5.267431421594e-06
"                 744",-1.165151345201e+00,2.538122183085e+01,-8.862516910219e-05,-6.887846947617e-01,2.541836009586e+01,-8.355362511158e-05,4.763666504391e-01,3.713826501962e-02,5.071543990611e-06
"                 745",-1.165002419440e+00,2.538119729044e+01,-8.862429652933e-05,-6.885126138245e-01,2.541833496870e+01,-8.373461312492e-05,4.764898056159e-01,3.713767825671e-02,4.889683404406e-06
"                 746",-1.164854142480e+00,2.538117433200e+01,-8.862388348110e-05,-6.882421286030e-01,2.541831121214e+01,-8.391373834698e-05,4.766120138772e-01,3.713688013496e-02,4.710145134119e-06
"                 747",-1.164706305670e+00,2.538114653166e+01,-8.862338541956e-05,-6.879730133434e-01,2.541828242835e+01,-8.409874842459e-05,4.767332923266e-01,3.713589668558e-02,4.524636994967e-06
"                 748",-1.164559210663e+00,2.538113125619e+01,-8.862232757735e-05,-6.877055049750e-01,2.541826605796e+01,-8.429851965387e-05,4.768537056884e-01,3.713480176717e-02,4.323807923472e-06
"                 749",-1.164411451847e+00,2.538114722646e+01,-8.862067368784e-05,-6.874382929377e-01,2.541828093737e+01,-8.452731943090e-05,4.769731589093e-01,3.713371090684e-02,4.093354256945e-06
"                 750",-1.164261279256e+00,2.538117034739e+01,-8.861888660147e-05,-6.871695248031e-01,2.541830310346e+01,-8.480065067202e-05,4.770917544532e-01,3.713275607432e-02,3.818235929444e-06
"                 751",-1.164110167262e+00,2.538118311714e+01,-8.861730939277e-05,-6.869004263954e-01,2.541831519993e+01,-8.508183492618e-05,4.772097408668e-01,3.713208278667e-02,3.535474466589e-06
"                 752",-1.163959447793e+00,2.538118524977e+01,-8.861652724118e-05,-6.866323428390e-01,2.541831691792e+01,-8.537376849936e-05,4.773271049543e-01,3.713166814185e-02,3.242758741817e-06
"                 753",-1.163809949573e+00,2.538118924731e+01,-8.861733925630e-05,-6.863661579716e-01,2.541832060189e+01,-8.567959640592e-05,4.774437916011e-01,3.713135457747e-02,2.937742850376e-06
"                 754",-1.163661044920e+00,2.538119483522e+01,-8.861995752352e-05,-6.861014089858e-01,2.541832578975e+01,-8.601829402344e-05,4.775596359339e-01,3.713095452106e-02,2.601663500082e-06
"                 755",-1.163511925889e+00,2.538119024935e+01,-8.862337896791e-05,-6.858373814077e-01,2.541832066284e+01,-8.639366359291e-05,4.776745444811e-01,3.713041349536e-02,2.229715374993e-06
"                 756",-1.163362571872e+00,2.538117439790e+01,-8.862716882799e-05,-6.855740367636e-01,2.541830416919e+01,-8.680681330824e-05,4.777885351082e-01,3.712977128801e-02,1.820355519748e-06
"                 757",-1.163213891557e+00,2.538114725438e+01,-8.863145277760e-05,-6.853122651479e-01,2.541827632317e+01,-8.724653811471e-05,4.779016264090e-01,3.712906878365e-02,1.384914662883e-06
"                 758",-1.163066812925e+00,2.538111536263e+01,-8.863642016217e-05,-6.850529687063e-01,2.541824373423e+01,-8.771937060529e-05,4.780138442186e-01,3.712837160240e-02,9.170495568814e-07
"                 759",-1.162921542223e+00,2.538109065971e+01,-8.864201489912e-05,-6.847962925841e-01,2.541821839475e+01,-8.821944480595e-05,4.781252496386e-01,3.712773504359e-02,4.225700931678e-07
"                 760",-1.162777004485e+00,2.538107361447e+01,-8.864759352777e-05,-6.845411161809e-01,2.541820077368e+01,-8.874414835229e-05,4.782358883043e-01,3.712715921293e-02,-9.655482451795e-08
"                 761",-1.162632889051e+00,2.538105514284e+01,-8.865307779951e-05,-6.842871062649e-01,2.541818176185e+01,-8.928913253262e-05,4.783457827862e-01,3.712661900582e-02,-6.360547331167e-07
"                 762",-1.162489510644e+00,2.538102915155e+01,-8.865862216747e-05,-6.840345430223e-01,2.541815523477e+01,-8.984933705970e-05,4.784549676218e-01,3.712608321271e-02,-1.190714892223e-06
"                 763",-1.162347273209e+00,2.538099982996e+01,-8.866412318298e-05,-6.837838389433e-01,2.541812531796e+01,-9.040548640851e-05,4.785634342653e-01,3.712548799786e-02,-1.741363225532e-06
"                 764",-1.162205997330e+00,2.538099100816e+01,-8.866943226268e-05,-6.835348654157e-01,2.541811580943e+01,-9.095613182773e-05,4.786711319139e-01,3.712480126727e-02,-2.286699565044e-06
"                 765",-1.162064720039e+00,2.538101825339e+01,-8.867443481861e-05,-6.832866486148e-01,2.541814231028e+01,-9.150297184151e-05,4.787780714238e-01,3.712405689863e-02,-2.828537022901e-06
"                 766",-1.161923258568e+00,2.538109303025e+01,-8.867926237199e-05,-6.830389317177e-01,2.541821639732e+01,-9.205309613878e-05,4.788843268501e-01,3.712336707207e-02,-3.373833766786e-06
"                 767",-1.161782379602e+00,2.538122314358e+01,-8.868419624373e-05,-6.827924221008e-01,2.541834589942e+01,-9.260645212644e-05,4.789899575011e-01,3.712275583543e-02,-3.922255882715e-06
"                 768",-1.161642731848e+00,2.538136463600e+01,-8.868871568062e-05,-6.825478020546e-01,2.541848683544e+01,-9.316385128412e-05,4.790949297938e-01,3.712219943685e-02,-4.475135603498e-06
"                 769",-1.161504558561e+00,2.538148793046e+01,-8.869303700850e-05,-6.823053274730e-01,2.541860952084e+01,-9.371464950105e-05,4.791992310884e-01,3.712159037981e-02,-5.021612492559e-06
"                 770",-1.161366522178e+00,2.538160400407e+01,-8.869772254807e-05,-6.820637174620e-01,2.541872488523e+01,-9.423550293965e-05,4.793028047165e-01,3.712088115866e-02,-5.537780391583e-06
"                 771",-1.161226766570e+00,2.538173138626e+01,-8.870306326010e-05,-6.818212152066e-01,2.541885145302e+01,-9.469576404731e-05,4.794055513632e-01,3.712006675636e-02,-5.992700787214e-06
"                 772",-1.161084876532e+00,2.538186882261e+01,-8.870901736162e-05,-6.815774032961e-01,2.541898805803e+01,-9.508059610042e-05,4.795074732363e-01,3.711923542419e-02,-6.371578738798e-06
"                 773",-1.160942662517e+00,2.538200195936e+01,-8.871519567924e-05,-6.813339724732e-01,2.541912043617e+01,-9.538258533566e-05,4.796086900434e-01,3.711847680744e-02,-6.667389656423e-06
"                 774",-1.160802225237e+00,2.538211320679e+01,-8.872072887256e-05,-6.810929525527e-01,2.541923101629e+01,-9.560602352422e-05,4.797092726844e-01,3.711780950609e-02,-6.885294651663e-06
"                 775",-1.160665207218e+00,2.538217719433e+01,-8.872399045902e-05,-6.808559362529e-01,2.541929441827e+01,-9.575178121827e-05,4.798092709648e-01,3.711722393934e-02,-7.027790759250e-06
"                 776",-1.160530066889e+00,2.538219691575e+01,-8.872498862936e-05,-6.806214377433e-01,2.541931355578e+01,-9.583256186043e-05,4.799086291459e-01,3.711664003477e-02,-7.107573231072e-06
"                 777",-1.160394479606e+00,2.538219093709e+01,-8.872449058132e-05,-6.803872318374e-01,2.541930684233e+01,-9.586032397088e-05,4.800072477682e-01,3.711590523459e-02,-7.135833389563e-06
"                 778",-1.160258286659e+00,2.538217908032e+01,-8.872275431005e-05,-6.801531848704e-01,2.541929399749e+01,-9.584991205077e-05,4.801051017884e-01,3.711491717064e-02,-7.127157740724e-06
"                 779",-1.160122936202e+00,2.538217454164e+01,-8.871948199258e-05,-6.799206874038e-01,2.541928828483e+01,-9.580554900799e-05,4.802022487985e-01,3.711374318759e-02,-7.086067015407e-06
"                 780",-1.159989656107e+00,2.538217269656e+01,-8.871554910680e-05,-6.796908787227e-01,2.541928522283e+01,-9.572221057652e-05,4.802987773838e-01,3.711252626430e-02,-7.006661469723e-06
"                 781",-1.159857294881e+00,2.538217231508e+01,-8.871148771016e-05,-6.794625669475e-01,2.541928370141e+01,-9.558981135149e-05,4.803947279337e-01,3.711138633636e-02,-6.878323641338e-06
"                 782",-1.159724050554e+00,2.538219148395e+01,-8.870675021026e-05,-6.792339600917e-01,2.541930181903e+01,-9.539644475122e-05,4.804900904628e-01,3.711033507772e-02,-6.689694540965e-06
"                 783",-1.159588632118e+00,2.538222993877e+01,-8.870109436993e-05,-6.790037683425e-01,2.541933925731e+01,-9.513205331175e-05,4.805848637751e-01,3.710931854396e-02,-6.430958941820e-06
"                 784",-1.159451648821e+00,2.538227302300e+01,-8.869500270705e-05,-6.787725127088e-01,2.541938133274e+01,-9.480376928742e-05,4.806791361126e-01,3.710830973749e-02,-6.108766580371e-06
"                 785",-1.159315191184e+00,2.538230016299e+01,-8.868863228093e-05,-6.785422513943e-01,2.541940740142e+01,-9.442564500769e-05,4.807729397898e-01,3.710723842216e-02,-5.737012726756e-06
"                 786",-1.159180286074e+00,2.538230575475e+01,-8.868172723053e-05,-6.783141173870e-01,2.541941173376e+01,-9.401755072530e-05,4.808661686866e-01,3.710597901499e-02,-5.335823494765e-06
"                 787",-1.159046493344e+00,2.538228759539e+01,-8.867406850450e-05,-6.780877747786e-01,2.541939202305e+01,-9.359882331216e-05,4.809587185654e-01,3.710442766138e-02,-4.924754807660e-06
"                 788",-1.158913465498e+00,2.538226037630e+01,-8.866584689456e-05,-6.778628543912e-01,2.541936307869e+01,-9.318539926024e-05,4.810506111071e-01,3.710270238804e-02,-4.519552365682e-06
"                 789",-1.158780985264e+00,2.538223943989e+01,-8.865756258034e-05,-6.776391543783e-01,2.541934029332e+01,-9.278393755753e-05,4.811418308858e-01,3.710085342910e-02,-4.126374977196e-06
"                 790",-1.158649939210e+00,2.538223016423e+01,-8.864982322993e-05,-6.774176222558e-01,2.541932898215e+01,-9.239632240542e-05,4.812323169544e-01,3.709881791485e-02,-3.746499175489e-06
"                 791",-1.158520574880e+00,2.538223304734e+01,-8.864309423075e-05,-6.771984814870e-01,2.541932973837e+01,-9.201850920976e-05,4.813220933927e-01,3.709669102786e-02,-3.375414979011e-06
"                 792",-1.158392399393e+00,2.538224652965e+01,-8.863767289483e-05,-6.769811725489e-01,2.541934117323e+01,-9.164251901310e-05,4.814112268438e-01,3.709464358695e-02,-3.004846118270e-06
"                 793",-1.158264541456e+00,2.538225980907e+01,-8.863356921104e-05,-6.767647733624e-01,2.541935256382e+01,-9.126458332300e-05,4.814997680933e-01,3.709275475704e-02,-2.631014111952e-06
"                 794",-1.158137358303e+00,2.538225886371e+01,-8.863077256237e-05,-6.765496247744e-01,2.541934985423e+01,-9.087465015337e-05,4.815877335283e-01,3.709099052361e-02,-2.243877591002e-06
"                 795",-1.158010639398e+00,2.538223843082e+01,-8.862921616553e-05,-6.763355415040e-01,2.541932770660e+01,-9.047016235303e-05,4.816750978938e-01,3.708927578078e-02,-1.840946187497e-06
"                 796",-1.157883527654e+00,2.538219239709e+01,-8.862874411421e-05,-6.761216790283e-01,2.541927999416e+01,-9.005913502660e-05,4.817618486261e-01,3.708759707127e-02,-1.430390912399e-06
"                 797",-1.157756164673e+00,2.538211988324e+01,-8.862910765981e-05,-6.759081377878e-01,2.541920585802e+01,-8.964798280688e-05,4.818480268856e-01,3.708597478539e-02,-1.018875147070e-06
"                 798",-1.157629915896e+00,2.538203632601e+01,-8.862995527198e-05,-6.756961968184e-01,2.541912079030e+01,-8.924066914218e-05,4.819337190779e-01,3.708446429564e-02,-6.107138701954e-07
"                 799",-1.157505338584e+00,2.538195624892e+01,-8.863087349765e-05,-6.754863512753e-01,2.541903931963e+01,-8.884061897257e-05,4.820189873087e-01,3.708307070814e-02,-2.097454749214e-07
"                 800",-1.157382338285e+00,2.538187939153e+01,-8.863192316690e-05,-6.752784731017e-01,2.541896115119e+01,-8.844698218273e-05,4.821038651834e-01,3.708175965285e-02,1.849409841697e-07
"                 801",-1.157260538844e+00,2.538179228273e+01,-8.863330138363e-05,-6.750721520376e-01,2.541887277105e+01,-8.805587706189e-05,4.821883868064e-01,3.708048832011e-02,5.774243217353e-07
"                 802",-1.157139375366e+00,2.538168829534e+01,-8.863507050446e-05,-6.748668252110e-01,2.541876750843e+01,-8.766261765778e-05,4.822725501547e-01,3.707921309142e-02,9.724528466822e-07
"                 803",-1.157017696617e+00,2.538156938005e+01,-8.863765306431e-05,-6.746613619185e-01,2.541864725381e+01,-8.726014730715e-05,4.823563346981e-01,3.707787375395e-02,1.377505757155e-06
"                 804",-1.156895659058e+00,2.538145311738e+01,-8.864072918264e-05,-6.744559217875e-01,2.541852956822e+01,-8.684114718795e-05,4.824397372700e-01,3.707645083633e-02,1.799581994688e-06
"                 805",-1.156773798533e+00,2.538135246916e+01,-8.864378853585e-05,-6.742510643682e-01,2.541842742479e+01,-8.640335724838e-05,4.825227341649e-01,3.707495562750e-02,2.240431287473e-06
"                 806",-1.156652428425e+00,2.538127388974e+01,-8.864664249979e-05,-6.740471070270e-01,2.541834732417e+01,-8.595236221813e-05,4.826053213983e-01,3.707343442382e-02,2.694280281659e-06
"                 807",-1.156531136112e+00,2.538120739628e+01,-8.864927946887e-05,-6.738436002284e-01,2.541827935733e+01,-8.550246359647e-05,4.826875358839e-01,3.707196104669e-02,3.146815872404e-06
"                 808",-1.156409661608e+00,2.538114171270e+01,-8.865166505596e-05,-6.736402540071e-01,2.541821229432e+01,-8.506637493391e-05,4.827694076005e-01,3.707058162361e-02,3.585290122048e-06
"                 809",-1.156288284422e+00,2.538108187658e+01,-8.865374458031e-05,-6.734373406248e-01,2.541815117787e+01,-8.464873911711e-05,4.828509437971e-01,3.706930128682e-02,4.005005463195e-06
"                 810",-1.156167144193e+00,2.538103723069e+01,-8.865564111964e-05,-6.732349963583e-01,2.541810534691e+01,-8.425285244268e-05,4.829321478348e-01,3.706811621731e-02,4.402788676955e-06
"                 811",-1.156046263642e+00,2.538100745078e+01,-8.865758960910e-05,-6.730332387886e-01,2.541807447222e+01,-8.387542819553e-05,4.830130248537e-01,3.706702144024e-02,4.782161413565e-06
"                 812",-1.155925758477e+00,2.538098309940e+01,-8.865971660241e-05,-6.728321729275e-01,2.541804912044e+01,-8.351109190806e-05,4.830935855494e-01,3.706602104242e-02,5.148624694349e-06
"                 813",-1.155805825004e+00,2.538095521952e+01,-8.866200098630e-05,-6.726319874478e-01,2.541802034492e+01,-8.315424132112e-05,4.831738375557e-01,3.706512540054e-02,5.507759665183e-06
"                 814",-1.155686632376e+00,2.538092506820e+01,-8.866428833463e-05,-6.724328511771e-01,2.541798937591e+01,-8.280156335441e-05,4.832537811988e-01,3.706430770857e-02,5.862724980221e-06
"                 815",-1.155567955340e+00,2.538089520480e+01,-8.866635635577e-05,-6.722345648449e-01,2.541795866334e+01,-8.245341948338e-05,4.833333904956e-01,3.706345853309e-02,6.212936872388e-06
"                 816",-1.155449045763e+00,2.538086656702e+01,-8.866796927976e-05,-6.720364303912e-01,2.541792894063e+01,-8.211218080243e-05,4.834126153715e-01,3.706237360946e-02,6.555788477330e-06
"                 817",-1.155328569085e+00,2.538083875588e+01,-8.866969677873e-05,-6.718371766647e-01,2.541789956903e+01,-8.177933394050e-05,4.834913924206e-01,3.706081315860e-02,6.890362838227e-06
"                 818",-1.155207130620e+00,2.538081339179e+01,-8.867167908949e-05,-6.716374414221e-01,2.541787227129e+01,-8.145377277978e-05,4.835696891975e-01,3.705887950463e-02,7.217906309704e-06
"                 819",-1.155086185531e+00,2.538079069996e+01,-8.867375256481e-05,-6.714387056341e-01,2.541784739257e+01,-8.113316595053e-05,4.836474798965e-01,3.705669260390e-02,7.540586614282e-06
"                 820",-1.154966334923e+00,2.538077136411e+01,-8.867577281933e-05,-6.712415978914e-01,2.541782569854e+01,-8.081366302635e-05,4.837247370314e-01,3.705433442470e-02,7.862109792987e-06
"                 821",-1.154846869280e+00,2.538075635670e+01,-8.867773479006e-05,-6.710454316967e-01,2.541780821532e+01,-8.049267499090e-05,4.838014375838e-01,3.705185862728e-02,8.185059799161e-06
"                 822",-1.154726556633e+00,2.538074130134e+01,-8.867967686862e-05,-6.708489824506e-01,2.541779058689e+01,-8.016812519762e-05,4.838775741829e-01,3.704928555119e-02,8.511551670998e-06
"                 823",-1.154604978558e+00,2.538072298242e+01,-8.868155188336e-05,-6.706518180302e-01,2.541776960622e+01,-7.983725152648e-05,4.839531605277e-01,3.704662380402e-02,8.844300356879e-06
"                 824",-1.154482103173e+00,2.538069772777e+01,-8.868339840635e-05,-6.704539116391e-01,2.541774158484e+01,-7.949809962510e-05,4.840281915338e-01,3.704385706285e-02,9.185298781256e-06
"                 825",-1.154357972872e+00,2.538066472037e+01,-8.868527907245e-05,-6.702553237550e-01,2.541770566573e+01,-7.914912664838e-05,4.841026491174e-01,3.704094535747e-02,9.536152424070e-06
"                 826",-1.154232712914e+00,2.538062567421e+01,-8.868737228012e-05,-6.700562077658e-01,2.541766351047e+01,-7.878859016640e-05,4.841765051487e-01,3.703783625335e-02,9.898782113723e-06
"                 827",-1.154105859334e+00,2.538058429772e+01,-8.868993085783e-05,-6.698561431185e-01,2.541761877376e+01,-7.841468140705e-05,4.842497162153e-01,3.703447604340e-02,1.027524945077e-05
"                 828",-1.153976736224e+00,2.538053822360e+01,-8.869318212095e-05,-6.696545023077e-01,2.541756904371e+01,-7.802578226645e-05,4.843222339166e-01,3.703082011127e-02,1.066739985450e-05
"                 829",-1.153845744686e+00,2.538048282206e+01,-8.869711734729e-05,-6.694516909471e-01,2.541750979130e+01,-7.762141671618e-05,4.843940537392e-01,3.702696923877e-02,1.107570063111e-05
"                 830",-1.153715804974e+00,2.538041631551e+01,-8.870021765830e-05,-6.692505300282e-01,2.541743961462e+01,-7.721023528581e-05,4.844652749461e-01,3.702329910506e-02,1.148998237249e-05
"                 831",-1.153588440981e+00,2.538034054746e+01,-8.870158590369e-05,-6.690525093177e-01,2.541736043737e+01,-7.680846524182e-05,4.845359316629e-01,3.701988990862e-02,1.189312066187e-05
"                 832",-1.153462697547e+00,2.538026132496e+01,-8.870103853218e-05,-6.688567101030e-01,2.541727803882e+01,-7.643533413787e-05,4.846059874444e-01,3.701671386272e-02,1.226570439431e-05
"                 833",-1.153337085008e+00,2.538018649484e+01,-8.869870208328e-05,-6.686616241709e-01,2.541720030180e+01,-7.610370880308e-05,4.846754608366e-01,3.701380696682e-02,1.259499328020e-05
"                 834",-1.153213559213e+00,2.538011502243e+01,-8.869632625805e-05,-6.684690820609e-01,2.541712641978e+01,-7.581073589959e-05,4.847444771524e-01,3.701139735747e-02,1.288559035846e-05
"                 835",-1.153093370641e+00,2.538004770956e+01,-8.869422159202e-05,-6.682803206744e-01,2.541705697478e+01,-7.554785516303e-05,4.848130499670e-01,3.700926521598e-02,1.314636642899e-05
"                 836",-1.152976213031e+00,2.537999001149e+01,-8.869205522617e-05,-6.680950267929e-01,2.541699728672e+01,-7.531218406682e-05,4.848811862384e-01,3.700727522602e-02,1.337987115934e-05
"                 837",-1.152861574650e+00,2.537994457497e+01,-8.868992276882e-05,-6.679126751338e-01,2.541694998185e+01,-7.510921311554e-05,4.849488995161e-01,3.700540687830e-02,1.358070965328e-05
"                 838",-1.152749327072e+00,2.537990506965e+01,-8.868825153498e-05,-6.677331085071e-01,2.541690873226e+01,-7.494829398060e-05,4.850162185654e-01,3.700366260301e-02,1.373995755438e-05
"                 839",-1.152639755716e+00,2.537986555482e+01,-8.868724272272e-05,-6.675565820383e-01,2.541686754062e+01,-7.483410635544e-05,4.850831736775e-01,3.700198580369e-02,1.385313636728e-05
"                 840",-1.152533205661e+00,2.537982854126e+01,-8.868657063891e-05,-6.673834193121e-01,2.541682887770e+01,-7.476130965988e-05,4.851497863484e-01,3.700033644364e-02,1.392526097903e-05
"                 841",-1.152429373767e+00,2.537979970997e+01,-8.868557880112e-05,-6.672132972629e-01,2.541679839432e+01,-7.471792959043e-05,4.852160765043e-01,3.699868435698e-02,1.396764921069e-05
"                 842",-1.152327314517e+00,2.537978058142e+01,-8.868385371352e-05,-6.670452563335e-01,2.541677758935e+01,-7.469183471014e-05,4.852820581837e-01,3.699700792779e-02,1.399201900338e-05
"                 843",-1.152225835827e+00,2.537976426113e+01,-8.868154842028e-05,-6.668780982537e-01,2.541675955452e+01,-7.467385909184e-05,4.853477375729e-01,3.699529338515e-02,1.400768932845e-05
"                 844",-1.152124165112e+00,2.537974489387e+01,-8.867944497455e-05,-6.667110516457e-01,2.541673843822e+01,-7.465702271480e-05,4.854131134658e-01,3.699354434703e-02,1.402242225975e-05
"                 845",-1.152022078460e+00,2.537972058487e+01,-8.867836572518e-05,-6.665438987142e-01,2.541671236437e+01,-7.463431395493e-05,4.854781797457e-01,3.699177950714e-02,1.404405177026e-05
"                 846",-1.151919776416e+00,2.537969361718e+01,-8.867860006373e-05,-6.663768495482e-01,2.541668364511e+01,-7.459976054220e-05,4.855429268675e-01,3.699002792877e-02,1.407883952153e-05
"                 847",-1.151817381403e+00,2.537966476789e+01,-8.867979199058e-05,-6.662100307458e-01,2.541665308211e+01,-7.455183762465e-05,4.856073506574e-01,3.698831422166e-02,1.412795436594e-05
"                 848",-1.151714815482e+00,2.537963217180e+01,-8.868132607752e-05,-6.660433618805e-01,2.541661882397e+01,-7.449422199757e-05,4.856714536015e-01,3.698665217414e-02,1.418710407994e-05
"                 849",-1.151612029707e+00,2.537959532642e+01,-8.868271923471e-05,-6.658767888538e-01,2.541658037480e+01,-7.443378847388e-05,4.857352408529e-01,3.698504837373e-02,1.424893076083e-05
"                 850",-1.151509124802e+00,2.537955442554e+01,-8.868381524422e-05,-6.657103998475e-01,2.541653792986e+01,-7.437651201952e-05,4.857987249543e-01,3.698350431731e-02,1.430730322470e-05
"                 851",-1.151406639201e+00,2.537951255166e+01,-8.868459715587e-05,-6.655447228355e-01,2.541649456961e+01,-7.432517591149e-05,4.858619163657e-01,3.698201795090e-02,1.435942124438e-05
"                 852",-1.151305088289e+00,2.537947135797e+01,-8.868500825121e-05,-6.653802720346e-01,2.541645193993e+01,-7.428138884356e-05,4.859248162548e-01,3.698058195494e-02,1.440361940765e-05
"                 853",-1.151204709363e+00,2.537943108543e+01,-8.868498917435e-05,-6.652172919278e-01,2.541641026761e+01,-7.424804895653e-05,4.859874174354e-01,3.697918217378e-02,1.443694021782e-05
"                 854",-1.151105502725e+00,2.537939253146e+01,-8.868458226857e-05,-6.650557951321e-01,2.541637033136e+01,-7.422956106356e-05,4.860497075931e-01,3.697779990567e-02,1.445502120501e-05
"                 855",-1.151007553735e+00,2.537935995254e+01,-8.868388219707e-05,-6.648958845759e-01,2.541633636821e+01,-7.422921519231e-05,4.861116691587e-01,3.697641567317e-02,1.445466700477e-05
"                 856",-1.150910977480e+00,2.537933573480e+01,-8.868294537345e-05,-6.647376942977e-01,2.541631074969e+01,-7.424689036476e-05,4.861732831819e-01,3.697501489302e-02,1.443605500868e-05
"                 857",-1.150815702069e+00,2.537931842544e+01,-8.868184156845e-05,-6.645811645510e-01,2.541629201780e+01,-7.427829399606e-05,4.862345375176e-01,3.697359235862e-02,1.440354757239e-05
"                 858",-1.150721585345e+00,2.537930520903e+01,-8.868061565351e-05,-6.644261523519e-01,2.541627736400e+01,-7.431670885917e-05,4.862954329927e-01,3.697215497020e-02,1.436390679434e-05
"                 859",-1.150628297625e+00,2.537929535447e+01,-8.867940703461e-05,-6.642723189142e-01,2.541626607205e+01,-7.435596871999e-05,4.863559787108e-01,3.697071758407e-02,1.432343831462e-05
"                 860",-1.150535406738e+00,2.537928825912e+01,-8.867848676943e-05,-6.641192165992e-01,2.541625755623e+01,-7.439213325723e-05,4.864161901385e-01,3.696929710990e-02,1.428635351220e-05
"                 861",-1.150442550874e+00,2.537928137148e+01,-8.867813478305e-05,-6.639664684840e-01,2.541624927695e+01,-7.442338219923e-05,4.864760823897e-01,3.696790546796e-02,1.425475258383e-05
"                 862",-1.150349559835e+00,2.537927154431e+01,-8.867845787642e-05,-6.638138911471e-01,2.541623809478e+01,-7.444932369011e-05,4.865356686882e-01,3.696655046652e-02,1.422913418631e-05
"                 863",-1.150256438096e+00,2.537925706423e+01,-8.867932951432e-05,-6.636614747154e-01,2.541622230419e+01,-7.447039365558e-05,4.865949633803e-01,3.696523995452e-02,1.420893585874e-05
"                 864",-1.150163301442e+00,2.537924062537e+01,-8.868048450310e-05,-6.635093267226e-01,2.541620460391e+01,-7.448761714296e-05,4.866539747193e-01,3.696397854071e-02,1.419286736013e-05
"                 865",-1.150069938672e+00,2.537922483127e+01,-8.868164954925e-05,-6.633572350086e-01,2.541618759768e+01,-7.450186611712e-05,4.867127036630e-01,3.696276641282e-02,1.417978343213e-05
"                 866",-1.149976343409e+00,2.537921161172e+01,-8.868264038267e-05,-6.632051957687e-01,2.541617320741e+01,-7.451367187618e-05,4.867711476407e-01,3.696159568702e-02,1.416896850649e-05
"                 867",-1.149882819034e+00,2.537920122016e+01,-8.868335896267e-05,-6.630535138545e-01,2.541616167164e+01,-7.452370864776e-05,4.868293051791e-01,3.696045148563e-02,1.415965031491e-05
"                 868",-1.149789727281e+00,2.537919260005e+01,-8.868385526650e-05,-6.629025503903e-01,2.541615191774e+01,-7.453334471239e-05,4.868871768902e-01,3.695931768623e-02,1.415051055412e-05
"                 869",-1.149697363254e+00,2.537918512166e+01,-8.868421934511e-05,-6.627526009996e-01,2.541614330786e+01,-7.454433142177e-05,4.869447622548e-01,3.695818620359e-02,1.413988792334e-05
"                 870",-1.149605869098e+00,2.537917931624e+01,-8.868450054614e-05,-6.626038084914e-01,2.541613637254e+01,-7.455840809623e-05,4.870020606069e-01,3.695705630378e-02,1.412609244992e-05
"                 871",-1.149515177553e+00,2.537917592278e+01,-8.868477045506e-05,-6.624561046378e-01,2.541613185079e+01,-7.457663268901e-05,4.870590729151e-01,3.695592801743e-02,1.410813776604e-05
"                 872",-1.149425282451e+00,2.537917545084e+01,-8.868493078440e-05,-6.623094816147e-01,2.541613025366e+01,-7.459879632876e-05,4.871158008367e-01,3.695480282070e-02,1.408613445564e-05
"                 873",-1.149336208024e+00,2.537917810803e+01,-8.868486621726e-05,-6.621639609094e-01,2.541613179082e+01,-7.462455875301e-05,4.871722471142e-01,3.695368278825e-02,1.406030746426e-05
"                 874",-1.149247851705e+00,2.537918316350e+01,-8.868459236017e-05,-6.620194369103e-01,2.541613573376e+01,-7.465315796078e-05,4.872284147948e-01,3.695257025339e-02,1.403143439939e-05
"                 875",-1.149159980663e+00,2.537918848629e+01,-8.868423927041e-05,-6.618756745712e-01,2.541613995324e+01,-7.468309902631e-05,4.872843060919e-01,3.695146695608e-02,1.400114024410e-05
"                 876",-1.149072350325e+00,2.537919182660e+01,-8.868395597144e-05,-6.617324274218e-01,2.541614219982e+01,-7.471269264292e-05,4.873399229027e-01,3.695037321504e-02,1.397126332852e-05
"                 877",-1.148984906554e+00,2.537919355676e+01,-8.868384618556e-05,-6.615896397252e-01,2.541614284405e+01,-7.474106077713e-05,4.873952668285e-01,3.694928728328e-02,1.394278540843e-05
"                 878",-1.148897797813e+00,2.537919642234e+01,-8.868394450143e-05,-6.614474592840e-01,2.541614462749e+01,-7.476868178367e-05,4.874503385291e-01,3.694820515062e-02,1.391526271776e-05
"                 879",-1.148810924830e+00,2.537919740765e+01,-8.868425179366e-05,-6.613057877206e-01,2.541614452673e+01,-7.479714154230e-05,4.875051371096e-01,3.694711907794e-02,1.388711025136e-05
"                 880",-1.148724106685e+00,2.537919238981e+01,-8.868473576745e-05,-6.611644459665e-01,2.541613841187e+01,-7.482832230680e-05,4.875596607189e-01,3.694602205479e-02,1.385641346065e-05
"                 881",-1.148637399009e+00,2.537918237134e+01,-8.868527623713e-05,-6.610234918289e-01,2.541612728258e+01,-7.486357468200e-05,4.876139071803e-01,3.694491124338e-02,1.382170155513e-05
"                 882",-1.148551012363e+00,2.537917242973e+01,-8.868577027932e-05,-6.608831407262e-01,2.541611621785e+01,-7.490353571788e-05,4.876678716369e-01,3.694378811999e-02,1.378223456144e-05
"                 883",-1.148465098265e+00,2.537916470239e+01,-8.868615572670e-05,-6.607435502051e-01,2.541610736379e+01,-7.494777370966e-05,4.877215480598e-01,3.694266139472e-02,1.373838201704e-05
"                 884",-1.148379706850e+00,2.537915742557e+01,-8.868641530026e-05,-6.606047749502e-01,2.541609896751e+01,-7.499507813323e-05,4.877749318995e-01,3.694154194049e-02,1.369133716702e-05
"                 885",-1.148294748925e+00,2.537914712770e+01,-8.868657314509e-05,-6.604667330463e-01,2.541608753963e+01,-7.504427239196e-05,4.878280158789e-01,3.694041193133e-02,1.364230075314e-05
"                 886",-1.148210066544e+00,2.537913257306e+01,-8.868667287583e-05,-6.603292781633e-01,2.541607182742e+01,-7.509470908954e-05,4.878807883805e-01,3.693925436025e-02,1.359196378629e-05
"                 887",-1.148125479766e+00,2.537911399034e+01,-8.868675392719e-05,-6.601922413410e-01,2.541605205370e+01,-7.514673031081e-05,4.879332384250e-01,3.693806335887e-02,1.354002361638e-05
"                 888",-1.148040977832e+00,2.537909297176e+01,-8.868687220323e-05,-6.600556213263e-01,2.541602981417e+01,-7.520095695017e-05,4.879853565061e-01,3.693684241474e-02,1.348591525305e-05
"                 889",-1.147956664865e+00,2.537906952558e+01,-8.868706336328e-05,-6.599195250393e-01,2.541600512131e+01,-7.525740567559e-05,4.880371398256e-01,3.693559573069e-02,1.342965768770e-05
"                 890",-1.147872638195e+00,2.537904283170e+01,-8.868731650010e-05,-6.597840512315e-01,2.541597716384e+01,-7.531521940913e-05,4.880885869637e-01,3.693433213860e-02,1.337209709097e-05
"                 891",-1.147788948601e+00,2.537901403322e+01,-8.868759534382e-05,-6.596492506732e-01,2.541594709499e+01,-7.537328733692e-05,4.881396979281e-01,3.693306177345e-02,1.331430800690e-05
"                 892",-1.147705572999e+00,2.537898457378e+01,-8.868787568054e-05,-6.595150980256e-01,2.541591636485e+01,-7.543052916234e-05,4.881904749738e-01,3.693179106811e-02,1.325734651820e-05
"                 893",-1.147622521660e+00,2.537895581274e+01,-8.868815535336e-05,-6.593815966954e-01,2.541588633072e+01,-7.548593177426e-05,4.882409249642e-01,3.693051798288e-02,1.320222357909e-05
"                 894",-1.147539779975e+00,2.537892696258e+01,-8.868847292731e-05,-6.592487274682e-01,2.541585619902e+01,-7.553839178497e-05,4.882910525072e-01,3.692923643813e-02,1.315008114235e-05
"                 895",-1.147457325697e+00,2.537889751868e+01,-8.868885251344e-05,-6.591164648489e-01,2.541582546064e+01,-7.558675778885e-05,4.883408608477e-01,3.692794196129e-02,1.310209472459e-05
"                 896",-1.147375095506e+00,2.537886720763e+01,-8.868923104639e-05,-6.589847425490e-01,2.541579384268e+01,-7.563056884741e-05,4.883903529572e-01,3.692663505856e-02,1.305866219898e-05
"                 897",-1.147293167892e+00,2.537883706194e+01,-8.868962780299e-05,-6.588536377563e-01,2.541576238397e+01,-7.567059891879e-05,4.884395301355e-01,3.692532202340e-02,1.301902888419e-05
"                 898",-1.147211552848e+00,2.537880763394e+01,-8.869010275572e-05,-6.587231638519e-01,2.541573165211e+01,-7.570748498574e-05,4.884883889964e-01,3.692401817286e-02,1.298261776998e-05
"                 899",-1.147130259810e+00,2.537877852920e+01,-8.869063720653e-05,-6.585933298717e-01,2.541570125926e+01,-7.574105622879e-05,4.885369299382e-01,3.692273006156e-02,1.294958097774e-05
"                 900",-1.147049392547e+00,2.537874993740e+01,-8.869115090605e-05,-6.584642414287e-01,2.541567139728e+01,-7.577098990995e-05,4.885851511186e-01,3.692145987548e-02,1.292016099610e-05
"                 901",-1.146968946619e+00,2.537872064014e+01,-8.869157885010e-05,-6.583358938264e-01,2.541564084860e+01,-7.579739877781e-05,4.886330527927e-01,3.692020845673e-02,1.289418007229e-05
"                 902",-1.146888845365e+00,2.537869000867e+01,-8.869191159104e-05,-6.582082072309e-01,2.541560898209e+01,-7.582084729319e-05,4.886806381337e-01,3.691897342315e-02,1.287106429785e-05
"                 903",-1.146809026677e+00,2.537865847544e+01,-8.869217835410e-05,-6.580811152549e-01,2.541557623144e+01,-7.584188958645e-05,4.887279114223e-01,3.691775599189e-02,1.285028876765e-05
"                 904",-1.146729565427e+00,2.537862802139e+01,-8.869241504207e-05,-6.579546886171e-01,2.541554458541e+01,-7.586068598870e-05,4.887748768103e-01,3.691656401814e-02,1.283172905337e-05
"                 905",-1.146650484542e+00,2.537859916316e+01,-8.869264287927e-05,-6.578289439622e-01,2.541551456113e+01,-7.587697492832e-05,4.888215405795e-01,3.691539797065e-02,1.281566795095e-05
"                 906",-1.146571791488e+00,2.537857214436e+01,-8.869287938973e-05,-6.577038793425e-01,2.541548639863e+01,-7.589028614901e-05,4.888679121459e-01,3.691425426983e-02,1.280259324072e-05
"                 907",-1.146493517584e+00,2.537854840299e+01,-8.869313480541e-05,-6.575795130088e-01,2.541546153166e+01,-7.590005381899e-05,4.889140045750e-01,3.691312867425e-02,1.279308098643e-05
"                 908",-1.146415734168e+00,2.537852891501e+01,-8.869341294121e-05,-6.574559066668e-01,2.541544093914e+01,-7.590573704651e-05,4.889598275012e-01,3.691202413108e-02,1.278767589470e-05
"                 909",-1.146338397964e+00,2.537851182622e+01,-8.869369667107e-05,-6.573330102775e-01,2.541542277384e+01,-7.590727241012e-05,4.890053876870e-01,3.691094762458e-02,1.278642426095e-05
"                 910",-1.146261460933e+00,2.537849590889e+01,-8.869396688935e-05,-6.572107736258e-01,2.541540581651e+01,-7.590530506383e-05,4.890506873077e-01,3.690990762456e-02,1.278866182552e-05
"                 911",-1.146184932448e+00,2.537848092656e+01,-8.869421657272e-05,-6.570892027575e-01,2.541538983406e+01,-7.590081727599e-05,4.890957296910e-01,3.690890749641e-02,1.279339929673e-05
"                 912",-1.146108897661e+00,2.537846767216e+01,-8.869445033937e-05,-6.569683801284e-01,2.541537561785e+01,-7.589442057103e-05,4.891405175330e-01,3.690794568705e-02,1.280002976834e-05
"                 913",-1.146033418540e+00,2.537845712612e+01,-8.869467719094e-05,-6.568483657451e-01,2.541536413846e+01,-7.588630850210e-05,4.891850527950e-01,3.690701233185e-02,1.280836868885e-05
"                 914",-1.145958480915e+00,2.537844894644e+01,-8.869489830788e-05,-6.567291376293e-01,2.541535504074e+01,-7.587656519741e-05,4.892293432860e-01,3.690609430105e-02,1.281833311047e-05
"                 915",-1.145884059517e+00,2.537844344548e+01,-8.869511295396e-05,-6.566106612416e-01,2.541534863273e+01,-7.586549569624e-05,4.892733982752e-01,3.690518725622e-02,1.282961725772e-05
"                 916",-1.145810142431e+00,2.537843977126e+01,-8.869532643949e-05,-6.564929147701e-01,2.541534406533e+01,-7.585350710083e-05,4.893172276605e-01,3.690429406263e-02,1.284181933866e-05
"                 917",-1.145736661323e+00,2.537843584841e+01,-8.869554938745e-05,-6.563758254045e-01,2.541533926604e+01,-7.584094241766e-05,4.893608359188e-01,3.690341763244e-02,1.285460696980e-05
"                 918",-1.145663577561e+00,2.537843113900e+01,-8.869578849569e-05,-6.562593523882e-01,2.541533369571e+01,-7.582784579022e-05,4.894042251733e-01,3.690255671218e-02,1.286794270546e-05
"                 919",-1.145590876435e+00,2.537842655560e+01,-8.869604079547e-05,-6.561434837691e-01,2.541532826159e+01,-7.581424571095e-05,4.894473926659e-01,3.690170599428e-02,1.288179508452e-05
"                 920",-1.145518507629e+00,2.537842247434e+01,-8.869629423115e-05,-6.560281739784e-01,2.541532333006e+01,-7.580029099707e-05,4.894903336504e-01,3.690085572168e-02,1.289600323408e-05
"                 921",-1.145446487667e+00,2.537841912994e+01,-8.869654062955e-05,-6.559134433355e-01,2.541531912209e+01,-7.578645919472e-05,4.895330443320e-01,3.689999215206e-02,1.291008143483e-05
"                 922",-1.145374898502e+00,2.537841710075e+01,-8.869678128234e-05,-6.557993733042e-01,2.541531620027e+01,-7.577339241703e-05,4.895755251974e-01,3.689909952412e-02,1.292338886531e-05
"                 923",-1.145303807537e+00,2.537841694330e+01,-8.869700647690e-05,-6.556860330948e-01,2.541531511297e+01,-7.576171581623e-05,4.896177744422e-01,3.689816967363e-02,1.293529066067e-05
"                 924",-1.145233087393e+00,2.537841690687e+01,-8.869721421679e-05,-6.555733041767e-01,2.541531411245e+01,-7.575200882618e-05,4.896597832161e-01,3.689720557423e-02,1.294520539061e-05
"                 925",-1.145162499982e+00,2.537841447724e+01,-8.869742175524e-05,-6.554609604656e-01,2.541531069396e+01,-7.574484084530e-05,4.897015395168e-01,3.689621671954e-02,1.295258090994e-05
"                 926",-1.145091929762e+00,2.537840846057e+01,-8.869764370567e-05,-6.553488955449e-01,2.541530367260e+01,-7.574057879226e-05,4.897430342167e-01,3.689521202871e-02,1.295706491341e-05
"                 927",-1.145021456484e+00,2.537839875665e+01,-8.869787563772e-05,-6.552371917872e-01,2.541529295202e+01,-7.573934413464e-05,4.897842646972e-01,3.689419537554e-02,1.295853150308e-05
"                 928",-1.144951252045e+00,2.537838563763e+01,-8.869809328081e-05,-6.551260197913e-01,2.541527880101e+01,-7.574111308963e-05,4.898252322534e-01,3.689316337674e-02,1.295698019118e-05
"                 929",-1.144881338748e+00,2.537836832686e+01,-8.869827711505e-05,-6.550153990983e-01,2.541526043358e+01,-7.574587292908e-05,4.898659396495e-01,3.689210671861e-02,1.295240418597e-05
"                 930",-1.144811550183e+00,2.537834502147e+01,-8.869841278239e-05,-6.549051640488e-01,2.541523604170e+01,-7.575364444114e-05,4.899063861339e-01,3.689102023076e-02,1.294476834124e-05
"                 931",-1.144741725736e+00,2.537831496933e+01,-8.869848578298e-05,-6.547951569997e-01,2.541520487891e+01,-7.576461252033e-05,4.899465687366e-01,3.688990958080e-02,1.293387326265e-05
"                 932",-1.144671879459e+00,2.537827934895e+01,-8.869850655101e-05,-6.546853945209e-01,2.541516813714e+01,-7.577903629306e-05,4.899864849378e-01,3.688878819341e-02,1.291947025795e-05
"                 933",-1.144602075899e+00,2.537823920880e+01,-8.869851846377e-05,-6.545759440424e-01,2.541512686880e+01,-7.579700469325e-05,4.900261318570e-01,3.688766000282e-02,1.290151377052e-05
"                 934",-1.144532393262e+00,2.537819514388e+01,-8.869857571619e-05,-6.544668862287e-01,2.541508166691e+01,-7.581789865537e-05,4.900655070338e-01,3.688652303146e-02,1.288067706083e-05
"                 935",-1.144463091845e+00,2.537814838943e+01,-8.869870788908e-05,-6.543584814754e-01,2.541503376556e+01,-7.584035984058e-05,4.901046103692e-01,3.688537612987e-02,1.285834804850e-05
"                 936",-1.144393808215e+00,2.537809933702e+01,-8.869889356135e-05,-6.542503640594e-01,2.541498355677e+01,-7.586251197605e-05,4.901434441551e-01,3.688421975084e-02,1.283638158530e-05
"                 937",-1.144324628189e+00,2.537804771762e+01,-8.869907601301e-05,-6.541426175430e-01,2.541493077623e+01,-7.588302022663e-05,4.901820106456e-01,3.688305861591e-02,1.281605578638e-05
"                 938",-1.144255793874e+00,2.537799438785e+01,-8.869918580382e-05,-6.540354812036e-01,2.541487629091e+01,-7.590155669475e-05,4.902203126700e-01,3.688190305747e-02,1.279762910907e-05
"                 939",-1.144187417354e+00,2.537794063100e+01,-8.869919642732e-05,-6.539290675600e-01,2.541482139100e+01,-7.591883610901e-05,4.902583497936e-01,3.688076000462e-02,1.278036031831e-05
"                 940",-1.144119435060e+00,2.537788787257e+01,-8.869915123201e-05,-6.538233145609e-01,2.541476750185e+01,-7.593576013110e-05,4.902961204990e-01,3.687962927493e-02,1.276339110090e-05
"                 941",-1.144051710152e+00,2.537783657631e+01,-8.869910563436e-05,-6.537180883818e-01,2.541471508527e+01,-7.595253197231e-05,4.903336217699e-01,3.687850895298e-02,1.274657366205e-05
"                 942",-1.143984230097e+00,2.537778702973e+01,-8.869908542597e-05,-6.536133801346e-01,2.541466442982e+01,-7.596850308669e-05,4.903708499621e-01,3.687740008819e-02,1.273058233929e-05
"                 943",-1.143917085738e+00,2.537773949949e+01,-8.869908081360e-05,-6.535092814092e-01,2.541461580458e+01,-7.598278182828e-05,4.904078043286e-01,3.687630509200e-02,1.271629898532e-05
"                 944",-1.143850355732e+00,2.537769344277e+01,-8.869906615852e-05,-6.534058664132e-01,2.541456866909e+01,-7.599477135353e-05,4.904444893185e-01,3.687522632191e-02,1.270429480499e-05
"                 945",-1.143784019398e+00,2.537764773222e+01,-8.869902575422e-05,-6.533031066478e-01,2.541452189622e+01,-7.600443652487e-05,4.904809127505e-01,3.687416399949e-02,1.269458922935e-05
"                 946",-1.143717986579e+00,2.537760191816e+01,-8.869896548517e-05,-6.532009032958e-01,2.541447503657e+01,-7.601204334303e-05,4.905170832830e-01,3.687311840900e-02,1.268692214214e-05
"                 947",-1.143652216951e+00,2.537755730530e+01,-8.869889752362e-05,-6.530992094766e-01,2.541442939737e+01,-7.601775042925e-05,4.905530074741e-01,3.687209207146e-02,1.268114709438e-05
"                 948",-1.143586713641e+00,2.537751495423e+01,-8.869882987152e-05,-6.529980226704e-01,2.541438604277e+01,-7.602155991378e-05,4.905886909706e-01,3.687108854583e-02,1.267726995774e-05
"                 949",-1.143521535491e+00,2.537747557195e+01,-8.869875669516e-05,-6.528973976372e-01,2.541434568428e+01,-7.602348206289e-05,4.906241378536e-01,3.687011233305e-02,1.267527463227e-05
"                 950",-1.143456729687e+00,2.537743930249e+01,-8.869867126308e-05,-6.527973783654e-01,2.541430846958e+01,-7.602369478928e-05,4.906593513219e-01,3.686916709419e-02,1.267497647380e-05
"                 951",-1.143392311521e+00,2.537740670033e+01,-8.869856986410e-05,-6.526979786222e-01,2.541427495547e+01,-7.602257935446e-05,4.906943328986e-01,3.686825513807e-02,1.267599050964e-05
"                 952",-1.143328277858e+00,2.537737866942e+01,-8.869844593721e-05,-6.525991914922e-01,2.541424604539e+01,-7.602049243013e-05,4.907290863661e-01,3.686737597457e-02,1.267795350708e-05
"                 953",-1.143264676449e+00,2.537735625960e+01,-8.869829746974e-05,-6.525010615581e-01,2.541422278805e+01,-7.601777279561e-05,4.907636148904e-01,3.686652844838e-02,1.268052467413e-05
"                 954",-1.143201545567e+00,2.537733913825e+01,-8.869813151230e-05,-6.524036198999e-01,2.541420485069e+01,-7.601473255420e-05,4.907979256667e-01,3.686571244001e-02,1.268339895810e-05
"                 955",-1.143138902762e+00,2.537732548606e+01,-8.869796089225e-05,-6.523068773018e-01,2.541419041447e+01,-7.601160787556e-05,4.908320254607e-01,3.686492840650e-02,1.268635301669e-05
"                 956",-1.143076719067e+00,2.537731406765e+01,-8.869780458844e-05,-6.522108003106e-01,2.541417823882e+01,-7.600836915437e-05,4.908659187563e-01,3.686417117327e-02,1.268943543408e-05
"                 957",-1.143014963639e+00,2.537730448571e+01,-8.869767520010e-05,-6.521153534774e-01,2.541416792049e+01,-7.600482043559e-05,4.908996101615e-01,3.686343477565e-02,1.269285476451e-05
"                 958",-1.142953635866e+00,2.537729685160e+01,-8.869756892097e-05,-6.520205299641e-01,2.541415956241e+01,-7.600095210363e-05,4.909331059015e-01,3.686271080810e-02,1.269661681735e-05
"                 959",-1.142892762731e+00,2.537729122871e+01,-8.869746673260e-05,-6.519263520011e-01,2.541415321947e+01,-7.599708278194e-05,4.909664107302e-01,3.686199076454e-02,1.270038395065e-05
"                 960",-1.142832334708e+00,2.537728723475e+01,-8.869734995370e-05,-6.518328071165e-01,2.541414850554e+01,-7.599383765993e-05,4.909995275914e-01,3.686127079371e-02,1.270351229378e-05
"                 961",-1.142772313332e+00,2.537728458879e+01,-8.869720890516e-05,-6.517398560253e-01,2.541414514027e+01,-7.599204614290e-05,4.910324573064e-01,3.686055148408e-02,1.270516276225e-05
"                 962",-1.142712597358e+00,2.537728222387e+01,-8.869705503752e-05,-6.516473972828e-01,2.541414205651e+01,-7.599226156666e-05,4.910652000747e-01,3.685983264003e-02,1.270479347087e-05
"                 963",-1.142653175445e+00,2.537728027360e+01,-8.869690776863e-05,-6.515554197877e-01,2.541413938571e+01,-7.599471990905e-05,4.910977556572e-01,3.685911210646e-02,1.270218785957e-05
"                 964",-1.142594062704e+00,2.537727888817e+01,-8.869676598680e-05,-6.514639387919e-01,2.541413727266e+01,-7.599943167045e-05,4.911301239121e-01,3.685838448375e-02,1.269733431634e-05
"                 965",-1.142535275460e+00,2.537727763297e+01,-8.869662350207e-05,-6.513729687822e-01,2.541413527518e+01,-7.600648335668e-05,4.911623066776e-01,3.685764221400e-02,1.269014014538e-05
"                 966",-1.142476717011e+00,2.537727420813e+01,-8.869648229640e-05,-6.512824119683e-01,2.541413108620e+01,-7.601610828214e-05,4.911943050428e-01,3.685687807447e-02,1.268037401426e-05
"                 967",-1.142418263933e+00,2.537726745122e+01,-8.869635522976e-05,-6.511921513176e-01,2.541412354466e+01,-7.602850567597e-05,4.912261126150e-01,3.685609344056e-02,1.266784955379e-05
"                 968",-1.142359825169e+00,2.537725706366e+01,-8.869625462513e-05,-6.511021015803e-01,2.541411235590e+01,-7.604364861954e-05,4.912577235884e-01,3.685529224214e-02,1.265260600559e-05
"                 969",-1.142301413500e+00,2.537724267365e+01,-8.869619409194e-05,-6.510122810092e-01,2.541409715258e+01,-7.606127333734e-05,4.912891324909e-01,3.685447892726e-02,1.263492075460e-05
"                 970",-1.142243094870e+00,2.537722320952e+01,-8.869617679025e-05,-6.509227599458e-01,2.541407686114e+01,-7.608104987701e-05,4.913203349241e-01,3.685365162446e-02,1.261512691324e-05
"                 971",-1.142184892247e+00,2.537719784251e+01,-8.869618277241e-05,-6.508335658417e-01,2.541405064603e+01,-7.610272844455e-05,4.913513264058e-01,3.685280352395e-02,1.259345432786e-05
"                 972",-1.142126737077e+00,2.537716579481e+01,-8.869619630759e-05,-6.507446336456e-01,2.541401772550e+01,-7.612617742126e-05,4.913821034316e-01,3.685193068984e-02,1.257001888633e-05
"                 973",-1.142068590088e+00,2.537712764991e+01,-8.869621484265e-05,-6.506559241092e-01,2.541397868191e+01,-7.615128371650e-05,4.914126659785e-01,3.685103199774e-02,1.254493112615e-05
"                 974",-1.142010470960e+00,2.537708418839e+01,-8.869624228791e-05,-6.505674547802e-01,2.541393429562e+01,-7.617775060765e-05,4.914430161793e-01,3.685010722925e-02,1.251849168026e-05
"                 975",-1.141952428089e+00,2.537703627836e+01,-8.869627743965e-05,-6.504792751617e-01,2.541388544053e+01,-7.620514169985e-05,4.914731529273e-01,3.684916217583e-02,1.249113573980e-05
"                 976",-1.141894531976e+00,2.537698505116e+01,-8.869632061211e-05,-6.503914592333e-01,2.541383325888e+01,-7.623311746355e-05,4.915030727426e-01,3.684820771737e-02,1.246320314856e-05
"                 977",-1.141836857576e+00,2.537693195339e+01,-8.869637442084e-05,-6.503040852062e-01,2.541377920575e+01,-7.626144982882e-05,4.915327723697e-01,3.684725236592e-02,1.243492459202e-05
"                 978",-1.141779448001e+00,2.537687772094e+01,-8.869643893158e-05,-6.502172007635e-01,2.541372402093e+01,-7.628991259222e-05,4.915622472372e-01,3.684629999455e-02,1.240652633937e-05
"                 979",-1.141722340564e+00,2.537682268696e+01,-8.869650972298e-05,-6.501308478079e-01,2.541366804025e+01,-7.631828018708e-05,4.915914927558e-01,3.684535329456e-02,1.237822953590e-05
"                 980",-1.141665522141e+00,2.537676689894e+01,-8.869657371582e-05,-6.500450173326e-01,2.541361131232e+01,-7.634639981791e-05,4.916205048085e-01,3.684441338194e-02,1.235017389790e-05
"                 981",-1.141608951939e+00,2.537671001405e+01,-8.869662342630e-05,-6.499596696905e-01,2.541355349673e+01,-7.637426708908e-05,4.916492822489e-01,3.684348268679e-02,1.232235633722e-05
"                 982",-1.141552576274e+00,2.537665148606e+01,-8.869666390243e-05,-6.498747483025e-01,2.541349405112e+01,-7.640192825178e-05,4.916778279718e-01,3.684256506335e-02,1.229473565065e-05
"                 983",-1.141496416366e+00,2.537659178603e+01,-8.869670765452e-05,-6.497902671535e-01,2.541343344863e+01,-7.642925794141e-05,4.917061492128e-01,3.684166260558e-02,1.226744971311e-05
"                 984",-1.141440523501e+00,2.537653198117e+01,-8.869676617955e-05,-6.497062666228e-01,2.541337275452e+01,-7.645592386181e-05,4.917342568779e-01,3.684077334260e-02,1.224084231774e-05
"                 985",-1.141385158404e+00,2.537647265783e+01,-8.869683706190e-05,-6.496229994799e-01,2.541331255520e+01,-7.648143584552e-05,4.917621589242e-01,3.683989736884e-02,1.221540121638e-05
"                 986",-1.141329847612e+00,2.537641587707e+01,-8.869690741617e-05,-6.495399851333e-01,2.541325491140e+01,-7.650534421542e-05,4.917898624790e-01,3.683903433617e-02,1.219156320075e-05
"                 987",-1.141274709182e+00,2.537636190993e+01,-8.869697116404e-05,-6.494573355515e-01,2.541320009708e+01,-7.652746010356e-05,4.918173736304e-01,3.683818715045e-02,1.216951106047e-05
"                 988",-1.141219974420e+00,2.537631127229e+01,-8.869703394820e-05,-6.493752800479e-01,2.541314863270e+01,-7.654772408943e-05,4.918446943722e-01,3.683736040571e-02,1.214930985877e-05
"                 989",-1.141165722567e+00,2.537626424882e+01,-8.869710552786e-05,-6.492938974784e-01,2.541310080542e+01,-7.656601467046e-05,4.918718250887e-01,3.683655659700e-02,1.213109085739e-05
"                 990",-1.141111876789e+00,2.537622120646e+01,-8.869718908477e-05,-6.492131092520e-01,2.541305698342e+01,-7.658201859070e-05,4.918987675366e-01,3.683577696316e-02,1.211517049407e-05
"                 991",-1.141058350825e+00,2.537618286482e+01,-8.869728133347e-05,-6.491328265297e-01,2.541301788841e+01,-7.659559379738e-05,4.919255242956e-01,3.683502359458e-02,1.210168753609e-05
"                 992",-1.141005116638e+00,2.537614897239e+01,-8.869737332151e-05,-6.490530154541e-01,2.541298326961e+01,-7.660675141208e-05,4.919521011841e-01,3.683429722334e-02,1.209062190943e-05
"                 993",-1.140952221102e+00,2.537611871773e+01,-8.869745658916e-05,-6.489737195321e-01,2.541295231109e+01,-7.661574691702e-05,4.919785015702e-01,3.683359335780e-02,1.208170967214e-05
"                 994",-1.140899724680e+00,2.537609183841e+01,-8.869752750750e-05,-6.488949953862e-01,2.541292474427e+01,-7.662285451785e-05,4.920047292934e-01,3.683290586224e-02,1.207467298965e-05
"                 995",-1.140847621493e+00,2.537606875467e+01,-8.869758979205e-05,-6.488168333608e-01,2.541290098491e+01,-7.662834854284e-05,4.920307881327e-01,3.683223023208e-02,1.206924124921e-05
"                 996",-1.140795830730e+00,2.537604940381e+01,-8.869764870943e-05,-6.487391483125e-01,2.541288096709e+01,-7.663246113987e-05,4.920566824176e-01,3.683156327998e-02,1.206518756956e-05
"                 997",-1.140744276395e+00,2.537603276297e+01,-8.869770753565e-05,-6.486618610226e-01,2.541286366609e+01,-7.663522796790e-05,4.920824153724e-01,3.683090312639e-02,1.206247956775e-05
"                 998",-1.140692953671e+00,2.537601790378e+01,-8.869776996478e-05,-6.485849636488e-01,2.541284815148e+01,-7.663669099229e-05,4.921079900222e-01,3.683024770445e-02,1.206107897249e-05
"                 999",-1.140641909891e+00,2.537600425261e+01,-8.869783958703e-05,-6.485085029832e-01,2.541283384822e+01,-7.663689968281e-05,4.921334069075e-01,3.682959561439e-02,1.206093990422e-05
"                1000",-1.140591123744e+00,2.537599108242e+01,-8.869791380200e-05,-6.484324573358e-01,2.541282002832e+01,-7.663587910286e-05,4.921586664079e-01,3.682894590007e-02,1.206203469913e-05
