Time (s),PRESSURE_FORCE_X,PRESSURE_FORCE_Y,PRESSURE_FORCE_Z,TOTAL_FORCE_X,TOTAL_FORCE_Y,TOTAL_FORCE_Z,VISCOUS_FORCE_X,VISCOUS_FORCE_Y,VISCOUS_FORCE_Z
"                   1",2.683759658532e+01,3.975576861289e+02,8.144657478412e-07,2.758734789865e+01,3.977481446216e+02,6.831022645341e-07,7.497513133358e-01,1.904584927633e-01,-1.313634833071e-07
"                   2",1.635843046252e+01,2.819541466928e+02,-8.759093175072e-08,1.710081325195e+01,2.820793634528e+02,4.111202670264e-07,7.423827894230e-01,1.252167600048e-01,4.987111987772e-07
"                   3",-6.788257998839e+00,-2.908915521106e+01,-1.458402997912e-06,-6.071111178893e+00,-2.900892335304e+01,2.677715997936e-08,7.171468199459e-01,8.023185802808e-02,1.485180157891e-06
"                   4",-1.818082082920e+01,-1.792953630615e+02,-1.688462873369e-06,-1.753245649816e+01,-1.792345559555e+02,-6.094284122435e-07,6.483643310398e-01,6.080710596658e-02,1.079034461126e-06
"                   5",-1.149360986323e+01,-8.721470497637e+01,-1.511961302417e-06,-1.091227746585e+01,-8.715586281287e+01,2.446033850813e-08,5.813323973734e-01,5.884216349614e-02,1.536421640925e-06
"                   6",1.234545325946e+00,7.391804117319e+01,-1.184024693293e-06,1.773866165295e+00,7.397946645924e+01,2.318611862707e-07,5.393208393482e-01,6.142528605563e-02,1.415885879564e-06
"                   7",7.038720681920e+00,1.367272414849e+02,-3.495311664588e-07,7.559051397217e+00,1.367860185029e+02,8.147430530196e-07,5.203307152976e-01,5.877701799672e-02,1.164274219478e-06
"                   8",3.279388310347e+00,8.009808756804e+01,-3.124452127449e-07,3.789364625070e+00,8.014311323951e+01,4.005995763933e-07,5.099763147230e-01,4.502567146644e-02,7.130447891382e-07
"                   9",-3.726984217175e+00,-1.185279183751e+00,-3.866903863190e-07,-3.238166528088e+00,-1.150019669231e+00,1.624823925334e-07,4.888176890868e-01,3.525951451965e-02,5.491727788524e-07
"                  10",-7.342979927112e+00,-2.844320389683e+01,-1.392560367532e-07,-6.876419224685e+00,-2.841164992419e+01,1.735630005836e-07,4.665607024265e-01,3.155397264917e-02,3.128190373369e-07
"                  11",-5.546656501972e+00,2.839251590522e+00,7.397214813100e-08,-5.120552315455e+00,2.870869870257e+00,2.699179540024e-07,4.261041865174e-01,3.161827973461e-02,1.959458058714e-07
"                  12",-1.554828259994e+00,4.395506541176e+01,1.074903194272e-07,-1.156710691561e+00,4.398735343064e+01,1.464674194086e-07,3.981175684326e-01,3.228801887959e-02,3.897709998136e-08
"                  13",7.989907726095e-01,5.655552544997e+01,-6.600971512121e-08,1.179712443679e+00,5.658425182878e+01,-2.326319450253e-07,3.807216710699e-01,2.872637881413e-02,-1.666222299040e-07
"                  14",5.195740456707e-02,3.962247912408e+01,-3.353055213647e-07,3.913103464131e-01,3.963037015435e+01,3.262272137581e-07,3.393529418460e-01,7.891030265557e-03,6.615327351228e-07
"                  15",-2.294271430156e+00,1.820769329675e+01,-4.736643063339e-07,-1.948648380787e+00,1.822112927305e+01,-1.943692225633e-07,3.456230493680e-01,1.343597629823e-02,2.792950837707e-07
"                  16",-3.904316318446e+00,1.134839456499e+01,-3.850021520355e-07,-3.572662825187e+00,1.136180716191e+01,-6.180976638353e-08,3.316534932590e-01,1.341259691910e-02,3.231923856520e-07
"                  17",-3.570891423453e+00,1.960202844914e+01,-1.097263793139e-07,-3.257808933036e+00,1.961634018329e+01,-1.468428396819e-07,3.130824904161e-01,1.431173415684e-02,-3.711646036804e-08
"                  18",-1.989626696868e+00,3.076719602260e+01,1.883496497317e-07,-1.693643467091e+00,3.078218305169e+01,-3.742051125047e-08,2.959832297765e-01,1.498702909217e-02,-2.257701609822e-07
"                  19",-7.280089585905e-01,3.458538643189e+01,2.797020847346e-07,-4.433565125176e-01,3.460036132426e+01,1.173042922515e-07,2.846524460729e-01,1.497489236810e-02,-1.623977924831e-07
"                  20",-7.211681770746e-01,3.011842340172e+01,1.786203103932e-07,-4.470539294679e-01,3.013271889333e+01,1.651355413680e-07,2.741142476067e-01,1.429549160685e-02,-1.348476902527e-08
"                  21",-1.639712761802e+00,2.351523494287e+01,2.846143920489e-08,-1.377011775369e+00,2.352855475719e+01,1.458913035080e-07,2.627009864338e-01,1.331981432154e-02,1.174298643031e-07
"                  22",-2.430042453771e+00,2.074134539805e+01,-1.514488415436e-07,-2.179605767096e+00,2.075364752059e+01,-2.402618340007e-07,2.504366866748e-01,1.230212253977e-02,-8.881299245710e-08
"                  23",-2.367287450363e+00,2.262870648482e+01,-2.069718495001e-07,-2.128484628377e+00,2.264002206828e+01,-3.971996170427e-07,2.388028219862e-01,1.131558346466e-02,-1.902277675426e-07
"                  24",-1.623512291466e+00,2.578622152114e+01,-2.115838105364e-07,-1.394208551622e+00,2.579670964184e+01,-5.763776465517e-07,2.293037398437e-01,1.048812070110e-02,-3.647938360153e-07
"                  25",-8.963103873178e-01,2.667108556330e+01,-2.137111550705e-07,-6.746160401115e-01,2.668103725185e+01,6.638872100636e-08,2.216943472063e-01,9.951688551147e-03,2.800998760769e-07
"                  26",-6.690684507301e-01,2.481045131027e+01,-5.003603662552e-07,-4.538092519368e-01,2.481985726009e+01,5.955805138527e-07,2.152591987932e-01,9.405949828112e-03,1.095940880108e-06
"                  27",-8.912833671508e-01,2.175392751793e+01,-1.115174380308e-07,-6.832140010166e-01,2.176300093498e+01,1.078568879791e-06,2.080693661342e-01,9.073417053340e-03,1.190086317822e-06
"                  28",-1.144454280340e+00,1.972643193960e+01,6.687434629227e-08,-9.434696709938e-01,1.973510891674e+01,9.701900552440e-07,2.009846093462e-01,8.676977145219e-03,9.033157089518e-07
"                  29",-1.094245960479e+00,1.928063888166e+01,-2.837047419144e-08,-8.995237090500e-01,1.928907667639e+01,8.009164132382e-07,1.947222514294e-01,8.437794733939e-03,8.292868874297e-07
"                  30",-7.383010496156e-01,1.949622158403e+01,-1.905899278411e-09,-5.477539873819e-01,1.950467389945e+01,1.533986616882e-06,1.905470622337e-01,8.452315413700e-03,1.535892516160e-06
"                  31",-3.374364425493e-01,1.921475503457e+01,-3.318859206044e-08,-1.483371651553e-01,1.922340804893e+01,2.576008406091e-06,1.890992773940e-01,8.653014358657e-03,2.609196998152e-06
"                  32",-1.358002932201e-01,1.807282366125e+01,-5.989764793291e-08,5.227264633491e-02,1.808205707765e+01,2.390484767354e-06,1.880729395550e-01,9.233416400904e-03,2.450382415287e-06
"                  33",-1.544114953991e-01,1.659825084701e+01,-2.936995605139e-07,3.220141296532e-02,1.660854777912e+01,1.777422356521e-06,1.866129083644e-01,1.029693211120e-02,2.071121917035e-06
"                  34",-2.258265936807e-01,1.557641596159e+01,-4.233840008887e-07,-4.088227246867e-02,1.558792077646e+01,2.408906556721e-06,1.849443212121e-01,1.150481487428e-02,2.832290557610e-06
"                  35",-1.993493994525e-01,1.537237651925e+01,-4.503280588021e-07,-1.565979792144e-02,1.538486755962e+01,2.297436187435e-06,1.836896015311e-01,1.249104037124e-02,2.747764246237e-06
"                  36",-6.929845091485e-02,1.579002363217e+01,-4.190684306417e-07,1.143919922893e-01,1.580314986122e+01,1.110102626192e-06,1.836904432042e-01,1.312622904311e-02,1.529171056834e-06
"                  37",7.621119122563e-02,1.630864595499e+01,-3.559195279414e-07,2.604023389615e-01,1.632232315382e+01,8.507406332009e-08,1.841911477359e-01,1.367719883112e-02,4.409935912615e-07
"                  38",1.587995596835e-01,1.653838985493e+01,-2.260208799030e-07,3.430984511486e-01,1.655282836618e+01,1.528566640719e-06,1.842988914650e-01,1.443851125163e-02,1.754587520622e-06
"                  39",1.648287262489e-01,1.648204384680e+01,-4.336822499424e-07,3.486334641994e-01,1.649748932032e+01,1.695125568582e-06,1.838047379505e-01,1.544547352190e-02,2.128807818524e-06
"                  40",1.383217703448e-01,1.641799781659e+01,-6.973349175793e-07,3.213868824532e-01,1.643446788604e+01,1.912144228274e-06,1.830651121084e-01,1.647006945027e-02,2.609479145853e-06
"                  41",1.227852888663e-01,1.664666230206e+01,-9.426031126374e-07,3.047211009141e-01,1.666394929734e+01,1.485600992980e-06,1.819358120478e-01,1.728699527155e-02,2.428204105618e-06
"                  42",1.292668844607e-01,1.723218582780e+01,-1.228181292189e-06,3.102946901170e-01,1.725008957885e+01,1.008329716629e-06,1.810278056563e-01,1.790375105513e-02,2.236511008818e-06
"                  43",1.378009573145e-01,1.796296629192e+01,-1.332309791815e-06,3.189259339585e-01,1.798160577195e+01,6.970832210270e-07,1.811249766440e-01,1.863948002998e-02,2.029393012842e-06
"                  44",1.219748031824e-01,1.858647552868e+01,-1.245863678041e-06,3.040054110447e-01,1.860610059474e+01,3.751434858579e-07,1.820306078624e-01,1.962506606012e-02,1.621007163898e-06
"                  45",7.947072864246e-02,1.896628238575e+01,-1.224294630614e-06,2.631660569400e-01,1.898707139272e+01,2.642779243021e-07,1.836953282976e-01,2.078900696933e-02,1.488572554916e-06
"                  46",2.730983035331e-02,1.915983047953e+01,-1.130609222093e-06,2.132037939783e-01,1.918155088958e+01,1.653325696704e-08,1.858939636250e-01,2.172041005474e-02,1.147142479060e-06
"                  47",-1.551043932544e-02,1.927515016885e+01,-9.427741887772e-07,1.730835119888e-01,1.929742862705e+01,-1.178669179629e-07,1.885939513143e-01,2.227845820267e-02,8.249072708144e-07
"                  48",-4.208832890704e-02,1.943436226246e+01,-7.511433282627e-07,1.497977301049e-01,1.945691410839e+01,7.335584397998e-07,1.918860590120e-01,2.255184593010e-02,1.484701768063e-06
"                  49",-6.254409399647e-02,1.977416099751e+01,-4.876421683588e-07,1.329634246151e-01,1.979685551932e+01,1.214855436240e-06,1.955075186116e-01,2.269452181719e-02,1.702497604599e-06
"                  50",-8.848292106622e-02,2.027686952717e+01,-2.596017896244e-07,1.106824535949e-01,2.029978559690e+01,3.084574379528e-07,1.991653746611e-01,2.291606972836e-02,5.680592275772e-07
"                  51",-1.184067215021e-01,2.084398639911e+01,8.884469139410e-09,8.414556802803e-02,2.086720613130e+01,1.490429440090e-06,2.025522895301e-01,2.321973218482e-02,1.481544970951e-06
"                  52",-1.458100717322e-01,2.132052115858e+01,1.961198291148e-07,5.964176358644e-02,2.134414740824e+01,1.945765629396e-06,2.054518353186e-01,2.362624966382e-02,1.749645800281e-06
"                  53",-1.728474125130e-01,2.163271371921e+01,3.311759400574e-07,3.484618789952e-02,2.165684835070e+01,-1.691749882309e-06,2.076936004125e-01,2.413463148729e-02,-2.022925822366e-06
"                  54",-2.011528317663e-01,2.181906970168e+01,3.469993057615e-07,8.154685676821e-03,2.184372512777e+01,-2.421872072228e-06,2.093075174431e-01,2.465542609413e-02,-2.768871377990e-06
"                  55",-2.243132866033e-01,2.193980669875e+01,3.012731294606e-07,-1.416910854932e-02,2.196490883039e+01,-4.864644386164e-06,2.101441780540e-01,2.510213163703e-02,-5.165917515624e-06
"                  56",-2.386679794142e-01,2.208221208063e+01,2.376216735514e-07,-2.830523969653e-02,2.210759234154e+01,3.419994127931e-06,2.103627397176e-01,2.538026090318e-02,3.182372454380e-06
"                  57",-2.432371707251e-01,2.224180064208e+01,9.367619267927e-08,-3.304707767428e-02,2.226733400931e+01,-9.128630488625e-07,2.101900930508e-01,2.553336723304e-02,-1.006539241542e-06
"                  58",-2.456760054752e-01,2.239837127811e+01,-1.250395244073e-07,-3.594138565562e-02,2.242396577512e+01,-4.291469310784e-06,2.097346198196e-01,2.559449701498e-02,-4.166429786377e-06
"                  59",-2.525606619094e-01,2.256416466617e+01,-4.489701790988e-07,-4.340061396469e-02,2.258983047143e+01,-1.791546556560e-06,2.091600479447e-01,2.566580525292e-02,-1.342576377462e-06
"                  60",-2.644196190501e-01,2.273489888496e+01,-8.261507672705e-07,-5.585128544149e-02,2.276069577031e+01,-2.143313123734e-06,2.085683336087e-01,2.579688535531e-02,-1.317162356464e-06
"                  61",-2.803323504641e-01,2.290665174522e+01,-1.200790692660e-06,-7.241599057014e-02,2.293260317679e+01,-4.518929810510e-07,2.079163598940e-01,2.595143156320e-02,7.488977116087e-07
"                  62",-2.960844168909e-01,2.305158536299e+01,-1.526758918519e-06,-8.875636442533e-02,2.307763646370e+01,-1.083812124751e-07,2.073280524656e-01,2.605110070417e-02,1.418377706044e-06
"                  63",-3.098038175606e-01,2.316570966380e+01,-1.709792273494e-06,-1.029639904789e-01,2.319178841490e+01,-7.347989941471e-08,2.068398270817e-01,2.607875109817e-02,1.636312374079e-06
"                  64",-3.228876288798e-01,2.327292948638e+01,-1.779514248727e-06,-1.164402968775e-01,2.329899071358e+01,-7.859908512366e-07,2.064473320023e-01,2.606122719534e-02,9.935233974901e-07
"                  65",-3.391619228798e-01,2.336336500970e+01,-1.818373315349e-06,-1.329897055376e-01,2.338938890093e+01,-1.765340680375e-06,2.061722173421e-01,2.602389122854e-02,5.303263497381e-08
"                  66",-3.582821558281e-01,2.341900428714e+01,-1.852289383444e-06,-1.522605846181e-01,2.344499095348e+01,-2.483672659708e-06,2.060215712099e-01,2.598666634331e-02,-6.313832762643e-07
"                  67",-3.781801432426e-01,2.344622703155e+01,-1.931162123689e-06,-1.721169172892e-01,2.347218102594e+01,-3.246070067925e-06,2.060632259534e-01,2.595399439053e-02,-1.314907944237e-06
"                  68",-3.961693329464e-01,2.346033613720e+01,-2.042632516795e-06,-1.898666098851e-01,2.348621900812e+01,-4.048175903545e-06,2.063027230613e-01,2.588287091149e-02,-2.005543386749e-06
"                  69",-4.121196188969e-01,2.347653586078e+01,-2.169757433211e-06,-2.054083136474e-01,2.350227940326e+01,-5.780531965519e-06,2.067113052495e-01,2.574354248422e-02,-3.610774532307e-06
"                  70",-4.265422908567e-01,2.349633370657e+01,-2.274109961882e-06,-2.193566090069e-01,2.352185292841e+01,-6.087070928639e-06,2.071856818498e-01,2.551922183857e-02,-3.812960966757e-06
"                  71",-4.397378605661e-01,2.351545083603e+01,-2.374227549145e-06,-2.321098152841e-01,2.354067692559e+01,-6.542129408198e-06,2.076280452820e-01,2.522608955221e-02,-4.167901859053e-06
"                  72",-4.511688608590e-01,2.353400467733e+01,-2.464808792501e-06,-2.432336970966e-01,2.355891305134e+01,-6.415880270472e-06,2.079351637624e-01,2.490837401624e-02,-3.951071477971e-06
"                  73",-4.604840322222e-01,2.355975952178e+01,-2.512477293839e-06,-2.524447519797e-01,2.358436107658e+01,-5.502913813320e-06,2.080392802424e-01,2.460155479983e-02,-2.990436519481e-06
"                  74",-4.677549771805e-01,2.359681386232e+01,-2.523500044563e-06,-2.598817497906e-01,2.362113578417e+01,-4.605350869380e-06,2.078732273899e-01,2.432192184857e-02,-2.081850824817e-06
"                  75",-4.723513441223e-01,2.364199550364e+01,-2.501902996283e-06,-2.649091496983e-01,2.366605935092e+01,-6.204653359115e-06,2.074421944239e-01,2.406384728177e-02,-3.702750362833e-06
"                  76",-4.742572441678e-01,2.369030219908e+01,-2.439086872633e-06,-2.674609645597e-01,2.371412642971e+01,-7.527814682936e-06,2.067962796081e-01,2.382423062787e-02,-5.088727810304e-06
"                  77",-4.735799434931e-01,2.373805677834e+01,-2.332556897561e-06,-2.676642367049e-01,2.376166509894e+01,-7.593424505975e-06,2.059157067882e-01,2.360832059967e-02,-5.260867608414e-06
"                  78",-4.702254678319e-01,2.378439932657e+01,-2.231757344480e-06,-2.653315224833e-01,2.380782301986e+01,-5.315746472841e-06,2.048939453486e-01,2.342369328773e-02,-3.083989128361e-06
"                  79",-4.650714551645e-01,2.382183147503e+01,-2.123715630961e-06,-2.613264066743e-01,2.384510369859e+01,-2.647398264627e-06,2.037450484901e-01,2.327222355424e-02,-5.236826336654e-07
"                  80",-4.596412305151e-01,2.385183789793e+01,-2.042804984271e-06,-2.571348945020e-01,2.387499046600e+01,-1.497235938795e-06,2.025063360131e-01,2.315256807386e-02,5.455690454757e-07
"                  81",-4.553346168726e-01,2.387945980617e+01,-2.035932946472e-06,-2.541296921315e-01,2.390251426104e+01,-2.840035742625e-06,2.012049247411e-01,2.305445486195e-02,-8.041027961528e-07
"                  82",-4.520914683214e-01,2.390144594386e+01,-2.116597087251e-06,-2.522430223056e-01,2.392443632512e+01,-6.045927875407e-06,1.998484460158e-01,2.299038126476e-02,-3.929330788155e-06
"                  83",-4.486708308938e-01,2.391444090590e+01,-2.232507036291e-06,-2.501999967766e-01,2.393738971620e+01,-6.007990067404e-06,1.984708341173e-01,2.294881030034e-02,-3.775483031113e-06
"                  84",-4.440105016268e-01,2.391400632698e+01,-2.367849592402e-06,-2.468708416526e-01,2.393691661346e+01,-8.221096206036e-06,1.971396599742e-01,2.291028648255e-02,-5.853246613634e-06
"                  85",-4.380067303783e-01,2.390806109839e+01,-2.540405196931e-06,-2.421333039772e-01,2.393093556064e+01,-6.874131058779e-06,1.958734264011e-01,2.287446225115e-02,-4.333725861848e-06
"                  86",-4.312280948434e-01,2.391840085983e+01,-2.796324749303e-06,-2.364873795508e-01,2.394123715556e+01,-6.958217885438e-06,1.947407152926e-01,2.283629573022e-02,-4.161893136135e-06
"                  87",-4.236558994140e-01,2.395370113909e+01,-3.081833731357e-06,-2.298861377175e-01,2.397649569028e+01,-5.107923923756e-06,1.937697616966e-01,2.279455119177e-02,-2.026090192400e-06
"                  88",-4.158335081797e-01,2.400231444090e+01,-3.330345869534e-06,-2.229436641729e-01,2.402508313602e+01,-7.050074190042e-06,1.928898440068e-01,2.276869511926e-02,-3.719728320508e-06
"                  89",-4.087632447315e-01,2.404196278867e+01,-3.450622159646e-06,-2.166412611411e-01,2.406471149839e+01,-9.165722195871e-06,1.921219835904e-01,2.274870972022e-02,-5.715100036225e-06
"                  90",-4.028923205143e-01,2.406474584843e+01,-3.470359928779e-06,-2.114699926688e-01,2.408748595018e+01,-1.324808017793e-05,1.914223278454e-01,2.274010175353e-02,-9.777720249155e-06
"                  91",-3.975304968982e-01,2.408568576534e+01,-3.406225171451e-06,-2.067579364460e-01,2.410842770490e+01,-1.795737723832e-05,1.907725604522e-01,2.274193955197e-02,-1.455115206687e-05
"                  92",-3.911956058939e-01,2.412312197890e+01,-3.169930383131e-06,-2.010199127400e-01,2.414587768335e+01,-1.959888962721e-05,1.901756931539e-01,2.275570445378e-02,-1.642895924408e-05
"                  93",-3.836454355950e-01,2.417197812665e+01,-2.777982391665e-06,-1.939759749299e-01,2.419474862294e+01,-2.879830612632e-05,1.896694606651e-01,2.277049629678e-02,-2.602032373466e-05
"                  94",-3.749252283389e-01,2.422271215439e+01,-2.346566615955e-06,-1.856566293754e-01,2.424549033578e+01,-3.857697412374e-05,1.892685989635e-01,2.277818138919e-02,-3.623040750779e-05
"                  95",-3.667602603432e-01,2.427657088459e+01,-2.005994120684e-06,-1.777864607194e-01,2.429933502274e+01,-5.161029074673e-05,1.889737996239e-01,2.276413815215e-02,-4.960429662604e-05
"                  96",-3.607715569090e-01,2.432903922557e+01,-1.825012077926e-06,-1.719965071926e-01,2.435175719579e+01,-5.762962193723e-05,1.887750497164e-01,2.271797021310e-02,-5.580460985930e-05
"                  97",-3.587969176849e-01,2.435228414764e+01,-1.793011933965e-06,-1.701060067538e-01,2.437494086190e+01,-6.265165172747e-05,1.886909109311e-01,2.265671425256e-02,-6.085863979350e-05
"                  98",-3.608965527897e-01,2.432543263748e+01,-1.840536670736e-06,-1.721396904328e-01,2.434801158618e+01,-6.905294875208e-05,1.887568623569e-01,2.257894870123e-02,-6.721241208134e-05
"                  99",-3.671150889367e-01,2.423514589915e+01,-1.979649592420e-06,-1.780916201334e-01,2.425761171478e+01,-7.339663539345e-05,1.890234688034e-01,2.246581563707e-02,-7.141698580103e-05
"                 100",-3.785259878457e-01,2.407066202026e+01,-2.130032817903e-06,-1.890462533080e-01,2.409298670099e+01,-6.452548469649e-05,1.894797345376e-01,2.232468072957e-02,-6.239545187859e-05
"                 101",-3.944516245906e-01,2.382660011958e+01,-2.257122676430e-06,-2.042985940526e-01,2.384875559032e+01,-5.852419035421e-05,1.901530305380e-01,2.215547074169e-02,-5.626706767778e-05
"                 102",-4.125589401684e-01,2.351580756969e+01,-2.396490471315e-06,-2.215213315161e-01,2.353777973448e+01,-5.466410401256e-05,1.910376086522e-01,2.197216478970e-02,-5.226761354125e-05
"                 103",-4.309443872142e-01,2.316146020152e+01,-2.585628613568e-06,-2.387966455104e-01,2.318325379862e+01,-4.958332366804e-05,1.921477417038e-01,2.179359709133e-02,-4.699769505448e-05
"                 104",-4.502256591774e-01,2.276842186293e+01,-2.910517492516e-06,-2.567168366754e-01,2.279004464374e+01,-4.669551884470e-05,1.935088225020e-01,2.162278080621e-02,-4.378500135218e-05
"                 105",-4.707301295469e-01,2.232320918455e+01,-3.404834245018e-06,-2.756340353723e-01,2.234466357379e+01,-4.843228320212e-05,1.950960941746e-01,2.145438924423e-02,-4.502744895711e-05
"                 106",-4.894249903254e-01,2.187223384312e+01,-3.931388547649e-06,-2.925265276596e-01,2.189350494029e+01,-5.177274076144e-05,1.968984626659e-01,2.127109717442e-02,-4.784135221379e-05
"                 107",-5.066046745971e-01,2.144214483080e+01,-4.491731181779e-06,-3.076859787284e-01,2.146320080623e+01,-6.405246942237e-05,1.989186958687e-01,2.105597543539e-02,-5.956073824059e-05
"                 108",-5.242290468132e-01,2.104272139190e+01,-4.939762998755e-06,-3.230703049653e-01,2.106354221327e+01,-8.105355572688e-05,2.011587418479e-01,2.082082136627e-02,-7.611379272813e-05
"                 109",-5.417202562276e-01,2.067168800973e+01,-5.098940445021e-06,-3.381850870453e-01,2.069227725023e+01,-8.357727820132e-05,2.035351691824e-01,2.058924050551e-02,-7.847833775630e-05
"                 110",-5.571100235738e-01,2.036074800147e+01,-4.943158939875e-06,-3.510783381432e-01,2.038114068741e+01,-8.946923972931e-05,2.060316854306e-01,2.039268594313e-02,-8.452608078944e-05
"                 111",-5.672628327196e-01,2.017958730160e+01,-4.508729739360e-06,-3.587137327242e-01,2.019981802269e+01,-9.567690215663e-05,2.085490999954e-01,2.023072109061e-02,-9.116817241727e-05
"                 112",-5.737072055678e-01,2.013253893946e+01,-3.965472024094e-06,-3.626871598331e-01,2.015262130584e+01,-1.035409579924e-04,2.110200457347e-01,2.008236638273e-02,-9.957548596834e-05
"                 113",-5.813691951749e-01,2.014853981484e+01,-3.413916082169e-06,-3.680596430517e-01,2.016849568143e+01,-1.146579668616e-04,2.133095521232e-01,1.995586659244e-02,-1.112440507794e-04
"                 114",-5.904879332292e-01,2.018642439525e+01,-3.027555760193e-06,-3.751887329425e-01,2.020630835554e+01,-1.272962933770e-04,2.152992002867e-01,1.988396029477e-02,-1.242687376168e-04
"                 115",-5.981821409354e-01,2.024343562464e+01,-2.796548095063e-06,-3.812430395064e-01,2.026330498291e+01,-1.443769654227e-04,2.169391014290e-01,1.986935827104e-02,-1.415804173276e-04
"                 116",-6.022543294714e-01,2.034496262797e+01,-2.567063556468e-06,-3.840240341096e-01,2.036487816504e+01,-1.578688850711e-04,2.182302953618e-01,1.991553706859e-02,-1.553018215146e-04
"                 117",-6.030855887122e-01,2.050232451022e+01,-2.231260027049e-06,-3.839088050131e-01,2.052234588261e+01,-1.777599347250e-04,2.191767836991e-01,2.002137239352e-02,-1.755286746979e-04
"                 118",-6.058966487365e-01,2.065466696591e+01,-1.818914400225e-06,-3.860980177042e-01,2.067482208086e+01,-1.532277087610e-04,2.197986310323e-01,2.015511494498e-02,-1.514087943608e-04
"                 119",-6.141811020072e-01,2.072786038953e+01,-1.296617001436e-06,-3.940407580570e-01,2.074815490646e+01,-1.001665648029e-04,2.201403439502e-01,2.029451693279e-02,-9.886994780144e-05
"                 120",-6.231985394538e-01,2.072919389500e+01,-8.054976209921e-07,-4.029028139664e-01,2.074962131154e+01,-5.435990839800e-05,2.202957254873e-01,2.042741654099e-02,-5.355441077701e-05
"                 121",-6.280389921471e-01,2.070868965793e+01,-4.679562127903e-07,-4.076725726034e-01,2.072925153975e+01,-3.935067205786e-05,2.203664195437e-01,2.056188182114e-02,-3.888271584507e-05
"                 122",-6.278814246424e-01,2.070454050445e+01,-4.109237398301e-07,-4.074180477828e-01,2.072521766416e+01,-4.327093309798e-05,2.204633768596e-01,2.067715971633e-02,-4.286000935815e-05
"                 123",-6.254239955283e-01,2.072477745152e+01,-5.873331044840e-07,-4.047652714089e-01,2.074555564901e+01,-4.666622369337e-05,2.206587241194e-01,2.077819748665e-02,-4.607889058889e-05
"                 124",-6.235409631344e-01,2.075178022514e+01,-7.727423309661e-07,-4.025763569995e-01,2.077265436360e+01,-4.715675557067e-05,2.209646061350e-01,2.087413846044e-02,-4.638401323970e-05
"                 125",-6.233867564340e-01,2.076718950543e+01,-7.655419540116e-07,-4.020304432664e-01,2.078816245249e+01,-4.714414006223e-05,2.213563131676e-01,2.097294706758e-02,-4.637859810821e-05
"                 126",-6.246495108766e-01,2.076109367397e+01,-5.591338157477e-07,-4.028379166316e-01,2.078216574044e+01,-4.480307711021e-05,2.218115942450e-01,2.107206646469e-02,-4.424394329446e-05
"                 127",-6.259132207933e-01,2.074278987470e+01,-3.002416129482e-07,-4.035869774077e-01,2.076395097148e+01,-3.882975905852e-05,2.223262433856e-01,2.116109677762e-02,-3.852951744557e-05
"                 128",-6.264898955659e-01,2.072625502582e+01,-1.515775097870e-07,-4.035877546749e-01,2.074749049122e+01,-3.027795875380e-05,2.229021408910e-01,2.123546539340e-02,-3.012638124402e-05
"                 129",-6.266616431231e-01,2.071802650810e+01,-8.493074518415e-08,-4.031242245858e-01,2.073931874731e+01,-2.054286926230e-05,2.235374185373e-01,2.129223921633e-02,-2.045793851712e-05
"                 130",-6.270102479345e-01,2.072050750449e+01,-2.828559778826e-08,-4.027976842108e-01,2.074184290901e+01,-9.672281440304e-06,2.242125637237e-01,2.133540452061e-02,-9.643995842516e-06
"                 131",-6.279293132864e-01,2.073062780986e+01,5.509340356636e-08,-4.030281855821e-01,2.075199628816e+01,-7.707880323276e-07,2.249011277042e-01,2.136847830465e-02,-8.258814358940e-07
"                 132",-6.295159709434e-01,2.074305554308e+01,2.311008494287e-07,-4.039366456114e-01,2.076445070130e+01,5.795815112904e-06,2.255793253319e-01,2.139515822012e-02,5.564714263476e-06
"                 133",-6.311786529732e-01,2.075768062056e+01,4.530380853736e-07,-4.049381364687e-01,2.077909866256e+01,9.564159829499e-06,2.262405165046e-01,2.141804199611e-02,9.111121744125e-06
"                 134",-6.323673846883e-01,2.077877192127e+01,6.563698504194e-07,-4.054799924656e-01,2.080021116848e+01,1.013001372483e-05,2.268873922227e-01,2.143924721012e-02,9.473643874415e-06
"                 135",-6.333138841614e-01,2.080528557839e+01,7.850026649448e-07,-4.057974117152e-01,2.082674418386e+01,7.810004083355e-06,2.275164724461e-01,2.145860547104e-02,7.025001418410e-06
"                 136",-6.341993212116e-01,2.083658836342e+01,8.164955390966e-07,-4.060702186763e-01,2.085806183306e+01,4.715314762747e-06,2.281291025353e-01,2.147346964055e-02,3.898819223651e-06
"                 137",-6.349772250949e-01,2.087193208050e+01,7.857199279050e-07,-4.062528962559e-01,2.089341617681e+01,2.434609868259e-06,2.287243288390e-01,2.148409631830e-02,1.648889940354e-06
"                 138",-6.356798921835e-01,2.091152754933e+01,7.484497803738e-07,-4.063669908464e-01,2.093301905022e+01,2.164925279083e-06,2.293129013371e-01,2.149150088479e-02,1.416475498709e-06
"                 139",-6.365185562397e-01,2.095308646707e+01,7.128292518577e-07,-4.066108603484e-01,2.097458246340e+01,2.400512684952e-06,2.299076958914e-01,2.149599633149e-02,1.687683433094e-06
"                 140",-6.375724333700e-01,2.099277003682e+01,6.705409106098e-07,-4.070509065493e-01,2.101426974213e+01,2.364603563532e-06,2.305215268207e-01,2.149970530099e-02,1.694062652922e-06
"                 141",-6.389128334417e-01,2.102366585930e+01,6.085401484661e-07,-4.077498071141e-01,2.104517047399e+01,2.001301092148e-06,2.311630263276e-01,2.150461469006e-02,1.392760943682e-06
"                 142",-6.407520979853e-01,2.103924151827e+01,5.422426979693e-07,-4.089184085377e-01,2.106075354447e+01,1.710269334495e-06,2.318336894476e-01,2.151202619864e-02,1.168026636526e-06
"                 143",-6.430717244769e-01,2.103984373536e+01,4.780111669358e-07,-4.105375872055e-01,2.106136009290e+01,1.338341316782e-06,2.325341372714e-01,2.151635754318e-02,8.603301498463e-07
"                 144",-6.457308384976e-01,2.102865985875e+01,4.221470620869e-07,-4.124661558581e-01,2.105016911489e+01,1.260300405455e-06,2.332646826395e-01,2.150925614208e-02,8.381533433683e-07
"                 145",-6.485601747917e-01,2.101022902356e+01,3.731229957541e-07,-4.145356134329e-01,2.103171781973e+01,1.227049076620e-06,2.340245613588e-01,2.148879617267e-02,8.539260808657e-07
"                 146",-6.514875791848e-01,2.098689293285e+01,3.252834729248e-07,-4.166733527944e-01,2.100835274231e+01,1.105951856991e-06,2.348142263903e-01,2.145980945935e-02,7.806683840661e-07
"                 147",-6.545273624924e-01,2.096007890153e+01,2.806235913736e-07,-4.188968678020e-01,2.098149906648e+01,1.067072042418e-06,2.356304946904e-01,2.142016495194e-02,7.864484510442e-07
"                 148",-6.576883596739e-01,2.093086440704e+01,2.366482797888e-07,-4.212184072828e-01,2.095223283583e+01,1.640867748478e-06,2.364699523912e-01,2.136842879741e-02,1.404219468690e-06
"                 149",-6.609993648823e-01,2.090109894166e+01,1.861045748416e-07,-4.236769196763e-01,2.092241587623e+01,2.252296350468e-06,2.373224452060e-01,2.131693456656e-02,2.066191775626e-06
"                 150",-6.645091766382e-01,2.087303151039e+01,1.137428874084e-07,-4.263329067485e-01,2.089429917050e+01,2.851017298095e-06,2.381762698897e-01,2.126766011161e-02,2.737274410687e-06
"                 151",-6.681628800532e-01,2.084866931160e+01,4.623378178175e-08,-4.291486407438e-01,2.086989241013e+01,3.508646008514e-06,2.390142393094e-01,2.122309852770e-02,3.462412226732e-06
"                 152",-6.717221537224e-01,2.083250439518e+01,6.872984746952e-09,-4.318950341873e-01,2.085368742473e+01,3.496207249073e-06,2.398271195351e-01,2.118302954581e-02,3.489334264326e-06
"                 153",-6.748357776605e-01,2.083021689571e+01,-1.332698398038e-08,-4.342275340366e-01,2.085136085224e+01,3.272667651311e-06,2.406082436239e-01,2.114395653625e-02,3.285994635291e-06
"                 154",-6.772298114095e-01,2.084372011787e+01,-3.197970671567e-08,-4.358740721664e-01,2.086482780799e+01,3.136114124862e-06,2.413557392431e-01,2.110769011884e-02,3.168093831577e-06
"                 155",-6.791045303778e-01,2.086925714011e+01,-6.063928016562e-08,-4.370296098021e-01,2.089033765133e+01,2.921214683914e-06,2.420749205757e-01,2.108051122498e-02,2.981853964079e-06
"                 156",-6.809568456494e-01,2.089968464601e+01,-8.854979969515e-08,-4.381770196654e-01,2.092074766291e+01,2.702538724260e-06,2.427798259840e-01,2.106301690035e-02,2.791088523955e-06
"                 157",-6.829588012091e-01,2.092918996372e+01,-1.242611666617e-07,-4.394770707578e-01,2.095024046808e+01,2.607860352283e-06,2.434817304513e-01,2.105050436014e-02,2.732121518945e-06
"                 158",-6.849178773883e-01,2.095565189178e+01,-1.635317787010e-07,-4.407287828702e-01,2.097668811168e+01,2.751362351354e-06,2.441890945180e-01,2.103621989845e-02,2.914894130055e-06
"                 159",-6.867483375150e-01,2.097872253558e+01,-2.001402858964e-07,-4.418382675690e-01,2.099974057143e+01,2.934936533579e-06,2.449100699461e-01,2.101803584817e-02,3.135076819476e-06
"                 160",-6.885274869142e-01,2.099895811335e+01,-2.349745343497e-07,-4.428753960524e-01,2.101995658397e+01,3.082961704770e-06,2.456520908618e-01,2.099847062069e-02,3.317936239120e-06
"                 161",-6.903593727784e-01,2.101698498305e+01,-2.642631417787e-07,-4.439418776017e-01,2.103796236845e+01,3.088936186987e-06,2.464174951767e-01,2.097738540335e-02,3.353199328766e-06
"                 162",-6.922752347472e-01,2.103317668294e+01,-2.799082679951e-07,-4.450715156829e-01,2.105413259070e+01,3.013228276900e-06,2.472037190643e-01,2.095590775419e-02,3.293136544895e-06
"                 163",-6.941936790734e-01,2.104786915613e+01,-2.759845860318e-07,-4.461855545778e-01,2.106880269398e+01,2.808415231133e-06,2.480081244955e-01,2.093353785716e-02,3.084399817165e-06
"                 164",-6.960204339715e-01,2.106211107644e+01,-2.544529578896e-07,-4.471936594692e-01,2.108302281372e+01,2.637703062046e-06,2.488267745023e-01,2.091173727968e-02,2.892156019936e-06
"                 165",-6.977720618668e-01,2.107776612287e+01,-2.226267408897e-07,-4.481134711689e-01,2.109866115309e+01,2.479726748746e-06,2.496585906979e-01,2.089503022078e-02,2.702353489635e-06
"                 166",-6.995358381058e-01,2.109634149952e+01,-1.856123369354e-07,-4.490334178237e-01,2.111722820383e+01,2.311004578290e-06,2.505024202821e-01,2.088670431938e-02,2.496616915225e-06
"                 167",-7.013095871953e-01,2.111743349502e+01,-1.437359786430e-07,-4.499540825425e-01,2.113831982281e+01,2.155160626526e-06,2.513555046527e-01,2.088632778157e-02,2.298896605169e-06
"                 168",-7.030844679519e-01,2.114089777174e+01,-9.767794256837e-08,-4.508708600694e-01,2.116179126074e+01,2.101265807653e-06,2.522136078824e-01,2.089348899729e-02,2.198943750221e-06
"                 169",-7.048353480955e-01,2.116636398451e+01,-4.903822260593e-08,-4.517612526588e-01,2.118727146769e+01,2.280530306838e-06,2.530740954367e-01,2.090748318378e-02,2.329568529444e-06
"                 170",-7.065092688555e-01,2.119309975751e+01,-8.965742875642e-09,-4.525751632128e-01,2.121402280729e+01,2.627201756252e-06,2.539341056427e-01,2.092304978752e-02,2.636167499128e-06
"                 171",-7.081046738395e-01,2.122058374760e+01,1.955781608887e-08,-4.533114504638e-01,2.124152483025e+01,3.036747420425e-06,2.547932233757e-01,2.094108265230e-02,3.017189604336e-06
"                 172",-7.096489794804e-01,2.124843733150e+01,4.285708338519e-08,-4.539990780123e-01,2.126940258470e+01,3.349461683812e-06,2.556499014681e-01,2.096525319920e-02,3.306604600427e-06
"                 173",-7.111498491913e-01,2.127797121694e+01,6.336471812351e-08,-4.546503794767e-01,2.129897038872e+01,3.654999638224e-06,2.564994697146e-01,2.099917178234e-02,3.591634920100e-06
"                 174",-7.126311320887e-01,2.130994185763e+01,7.880270289197e-08,-4.552904549608e-01,2.133098768687e+01,3.914918718295e-06,2.573406771279e-01,2.104582923424e-02,3.836116015403e-06
"                 175",-7.141363208380e-01,2.134425241701e+01,8.659981298058e-08,-4.559659657924e-01,2.136535930854e+01,4.084573528591e-06,2.581703550456e-01,2.110689152897e-02,3.997973715611e-06
"                 176",-7.156808786466e-01,2.138055410443e+01,8.717836623566e-08,-4.566927085900e-01,2.140173553666e+01,4.156986826632e-06,2.589881700565e-01,2.118143222644e-02,4.069808460396e-06
"                 177",-7.172565861541e-01,2.141799049200e+01,7.888599118699e-08,-4.574549674432e-01,2.143925585672e+01,4.147187731897e-06,2.598016187110e-01,2.126536472779e-02,4.068301740710e-06
"                 178",-7.187857012268e-01,2.145621022581e+01,6.197692018821e-08,-4.581756685511e-01,2.147756460376e+01,4.044029513700e-06,2.606100326757e-01,2.135437795057e-02,3.982052593511e-06
"                 179",-7.202037594395e-01,2.149528383278e+01,3.894084069372e-08,-4.587902156379e-01,2.151672977984e+01,3.948435479580e-06,2.614135438015e-01,2.144594705788e-02,3.909494638887e-06
"                 180",-7.214911567312e-01,2.153498840085e+01,1.686272131366e-08,-4.592790761377e-01,2.155652672019e+01,3.852423598242e-06,2.622120805935e-01,2.153831933657e-02,3.835560876928e-06
"                 181",-7.226782802034e-01,2.157574329960e+01,-5.634658049581e-10,-4.596682744273e-01,2.159737421083e+01,3.854053090987e-06,2.630100057761e-01,2.163091123492e-02,3.854616556792e-06
"                 182",-7.237716523183e-01,2.161677106339e+01,-2.218160322330e-08,-4.599600427480e-01,2.163849626551e+01,4.065569243175e-06,2.638116095703e-01,2.172520212073e-02,4.087750846398e-06
"                 183",-7.247787977388e-01,2.165763591156e+01,-4.857231475280e-08,-4.601599869161e-01,2.167946137219e+01,4.486009068196e-06,2.646188108228e-01,2.182546063105e-02,4.534581382949e-06
"                 184",-7.257686059674e-01,2.169978469036e+01,-7.374622012351e-08,-4.603380720151e-01,2.172171341671e+01,4.942256501051e-06,2.654305339523e-01,2.192872634889e-02,5.016002721175e-06
"                 185",-7.267197075066e-01,2.174403618835e+01,-9.433517698283e-08,-4.604798311747e-01,2.176606516769e+01,5.433689937591e-06,2.662398763319e-01,2.202897933665e-02,5.528025114574e-06
"                 186",-7.276371046867e-01,2.178923750315e+01,-1.118397245169e-07,-4.605891556180e-01,2.181136656415e+01,5.971046326278e-06,2.670479490687e-01,2.212906099382e-02,6.082886050795e-06
"                 187",-7.285038422708e-01,2.183307486683e+01,-1.192366619175e-07,-4.606479156289e-01,2.185530709994e+01,6.569035665035e-06,2.678559266419e-01,2.223223310767e-02,6.688272326953e-06
"                 188",-7.293664805258e-01,2.187503143201e+01,-1.101898359982e-07,-4.606979045875e-01,2.189736844199e+01,7.107441955362e-06,2.686685759382e-01,2.233700998133e-02,7.217631791360e-06
"                 189",-7.303054567547e-01,2.191691245663e+01,-9.607868927424e-08,-4.608172605270e-01,2.193935404496e+01,7.532631781053e-06,2.694881962277e-01,2.244158832150e-02,7.628710470328e-06
"                 190",-7.312914326473e-01,2.195966383615e+01,-8.738489571186e-08,-4.609725235452e-01,2.198221180432e+01,7.890405589540e-06,2.703189091020e-01,2.254796817360e-02,7.977790485252e-06
"                 191",-7.323043487387e-01,2.200221151621e+01,-8.312778394029e-08,-4.611421430826e-01,2.202486893629e+01,8.217790067474e-06,2.711622056561e-01,2.265742008406e-02,8.300917851414e-06
"                 192",-7.333542742829e-01,2.204393961111e+01,-7.391335992604e-08,-4.613316918272e-01,2.206670860736e+01,8.390119874305e-06,2.720225824557e-01,2.276899624102e-02,8.464033234231e-06
"                 193",-7.344012131303e-01,2.208519956821e+01,-6.292398933401e-08,-4.615006915136e-01,2.210808236404e+01,8.418976206731e-06,2.729005216167e-01,2.288279583257e-02,8.481900196065e-06
"                 194",-7.353783450735e-01,2.212585583933e+01,-4.846220899293e-08,-4.615825352788e-01,2.214885675023e+01,8.390443010374e-06,2.737958097947e-01,2.300091089844e-02,8.438905219367e-06
"                 195",-7.362580425693e-01,2.216515674721e+01,-3.241489228013e-08,-4.615493176565e-01,2.218827971491e+01,8.164829781155e-06,2.747087249128e-01,2.312296770178e-02,8.197244673435e-06
"                 196",-7.370315506047e-01,2.220269405081e+01,-1.510766010981e-08,-4.613929724012e-01,2.222593859410e+01,7.757656618074e-06,2.756385782035e-01,2.324454329499e-02,7.772764278184e-06
"                 197",-7.377522330032e-01,2.223941843660e+01,6.596074701167e-09,-4.611660573972e-01,2.226277952054e+01,7.223028601229e-06,2.765861756060e-01,2.336108393342e-02,7.216432526527e-06
"                 198",-7.384646926203e-01,2.227554423005e+01,3.254435178061e-08,-4.609168605362e-01,2.229901658030e+01,6.643957286566e-06,2.775478320841e-01,2.347235025571e-02,6.611412934785e-06
"                 199",-7.391293557350e-01,2.231061141532e+01,5.901533593799e-08,-4.606082368723e-01,2.233419164940e+01,6.056466200708e-06,2.785211188627e-01,2.358023407621e-02,5.997450864770e-06
"                 200",-7.397580855628e-01,2.234464673542e+01,8.075403582142e-08,-4.602537344091e-01,2.236833239192e+01,5.560682322762e-06,2.795043511538e-01,2.368565650281e-02,5.479928286940e-06
"                 201",-7.403570089281e-01,2.237747429577e+01,1.021923192169e-07,-4.598641149503e-01,2.240126398076e+01,5.186378324254e-06,2.804928939778e-01,2.378968499217e-02,5.084186005038e-06
"                 202",-7.409394101661e-01,2.240890016960e+01,1.261046389127e-07,-4.594509004832e-01,2.243279522009e+01,4.889154702839e-06,2.814885096829e-01,2.389505049323e-02,4.763050063927e-06
"                 203",-7.414869335490e-01,2.243892399574e+01,1.512850511406e-07,-4.589966680324e-01,2.246292821613e+01,4.478732465402e-06,2.824902655166e-01,2.400422039148e-02,4.327447414262e-06
"                 204",-7.420130831313e-01,2.246855062849e+01,1.755179406259e-07,-4.585199799657e-01,2.249266833421e+01,3.810355443500e-06,2.834931031656e-01,2.411770572134e-02,3.634837502874e-06
"                 205",-7.425117634306e-01,2.249851329783e+01,1.972400361050e-07,-4.580164667670e-01,2.252274861664e+01,2.993359133552e-06,2.844952966636e-01,2.423531881085e-02,2.796119097447e-06
"                 206",-7.429325905648e-01,2.252790496480e+01,2.144653768708e-07,-4.574346357037e-01,2.255226101753e+01,2.270088006356e-06,2.854979548611e-01,2.435605272372e-02,2.055622629485e-06
"                 207",-7.432728760448e-01,2.255530617428e+01,2.303862971896e-07,-4.567685818063e-01,2.257978453415e+01,1.781882694629e-06,2.865042942385e-01,2.447835986824e-02,1.551496397439e-06
"                 208",-7.435724423616e-01,2.258034875236e+01,2.470825862871e-07,-4.560583708895e-01,2.260495152148e+01,1.534326145395e-06,2.875140714721e-01,2.460276911319e-02,1.287243559108e-06
"                 209",-7.438735711411e-01,2.260410619605e+01,2.659062705909e-07,-4.553447882706e-01,2.262883666598e+01,1.428169759946e-06,2.885287828705e-01,2.473046992477e-02,1.162263489355e-06
"                 210",-7.441193069041e-01,2.262731178890e+01,2.887851203179e-07,-4.545726720487e-01,2.265217176576e+01,1.318481667887e-06,2.895466348554e-01,2.485997685731e-02,1.029696547569e-06
"                 211",-7.442920833255e-01,2.265010658480e+01,3.151157444219e-07,-4.537255606926e-01,2.267509530164e+01,1.133014092693e-06,2.905665226329e-01,2.498871683476e-02,8.178983482707e-07
"                 212",-7.444430191459e-01,2.267223623432e+01,3.453743587893e-07,-4.528547587974e-01,2.269735157683e+01,9.257035501737e-07,2.915882603485e-01,2.511534250219e-02,5.803291913844e-07
"                 213",-7.446146708943e-01,2.269260445853e+01,3.804303618273e-07,-4.520009503593e-01,2.271784554486e+01,6.358538217587e-07,2.926137205350e-01,2.524108632729e-02,2.554234599314e-07
"                 214",-7.447564074759e-01,2.271096286215e+01,4.154774485252e-07,-4.511093266202e-01,2.273632944238e+01,3.522392638914e-07,2.936470808557e-01,2.536658023779e-02,-6.323818463375e-08
"                 215",-7.448485123185e-01,2.272852379540e+01,4.487892892813e-07,-4.501632471402e-01,2.275401505234e+01,3.071440678552e-07,2.946852651783e-01,2.549125693846e-02,-1.416452214261e-07
"                 216",-7.449467236156e-01,2.274606544453e+01,4.817780155491e-07,-4.492206130856e-01,2.277168135947e+01,4.551903367333e-07,2.957261105299e-01,2.561591493902e-02,-2.658767881577e-08
"                 217",-7.450782115314e-01,2.276332187673e+01,5.129606689643e-07,-4.483067023049e-01,2.278906351943e+01,7.371525796701e-07,2.967715092265e-01,2.574164269802e-02,2.241919107059e-07
"                 218",-7.452308571183e-01,2.277944660064e+01,5.431478880918e-07,-4.474055636310e-01,2.280531661366e+01,1.028931296091e-06,2.978252934873e-01,2.587001301555e-02,4.857834079987e-07
"                 219",-7.454083415637e-01,2.279409400750e+01,5.741802324280e-07,-4.465174326503e-01,2.282009604757e+01,1.283092957673e-06,2.988909089134e-01,2.600204006993e-02,7.089127252453e-07
"                 220",-7.456505319850e-01,2.280790148601e+01,6.067879097690e-07,-4.456828962459e-01,2.283403912554e+01,1.492713097936e-06,2.999676357391e-01,2.613763953221e-02,8.859251881670e-07
"                 221",-7.459748581465e-01,2.282120613672e+01,6.399525544739e-07,-4.449126774310e-01,2.284748279327e+01,1.559406620523e-06,3.010621807155e-01,2.627665654718e-02,9.194540660489e-07
"                 222",-7.463883065574e-01,2.283394858195e+01,6.719923506868e-07,-4.442101358963e-01,2.286036532026e+01,1.523758233232e-06,3.021781706611e-01,2.641673831573e-02,8.517658825451e-07
"                 223",-7.468897175622e-01,2.284602284032e+01,7.029747517242e-07,-4.435736000837e-01,2.287257763608e+01,1.454274636818e-06,3.033161174785e-01,2.655479576115e-02,7.512998850935e-07
"                 224",-7.474619409667e-01,2.285776639877e+01,7.339005982027e-07,-4.429876713572e-01,2.288445480688e+01,1.375647867833e-06,3.044742696095e-01,2.668840810965e-02,6.417472696301e-07
"                 225",-7.480781925808e-01,2.286912526446e+01,7.699766277237e-07,-4.424284893928e-01,2.289594153742e+01,1.296398496884e-06,3.056497031880e-01,2.681627295431e-02,5.264218691603e-07
"                 226",-7.487232375580e-01,2.287998095812e+01,8.124057905608e-07,-4.418836000533e-01,2.290692052418e+01,1.181628761689e-06,3.068396375046e-01,2.693956606404e-02,3.692229711282e-07
"                 227",-7.494228838670e-01,2.289052503547e+01,8.569680823295e-07,-4.413810393100e-01,2.291758434132e+01,9.920345093943e-07,3.080418445569e-01,2.705930585243e-02,1.350664270647e-07
"                 228",-7.501825147157e-01,2.290083454706e+01,9.018470868757e-07,-4.409287493850e-01,2.292801111230e+01,8.311997356388e-07,3.092537653306e-01,2.717656523790e-02,-7.064735123690e-08
"                 229",-7.509988056201e-01,2.291015845884e+01,9.457620836689e-07,-4.405239808816e-01,2.293745037841e+01,7.214629029454e-07,3.104748247385e-01,2.729191957665e-02,-2.242991807235e-07
"                 230",-7.518690725953e-01,2.291833390532e+01,9.893270407292e-07,-4.401643404591e-01,2.294574006659e+01,6.439972825012e-07,3.117047321361e-01,2.740616127366e-02,-3.453297582279e-07
"                 231",-7.527855840314e-01,2.292519105726e+01,1.036175223675e-06,-4.398437300545e-01,2.295271070432e+01,5.983831300329e-07,3.129418539769e-01,2.751964706119e-02,-4.377920936416e-07
"                 232",-7.537417016121e-01,2.293110384956e+01,1.087267773646e-06,-4.395583821067e-01,2.295873649482e+01,5.745712625694e-07,3.141833195054e-01,2.763264526266e-02,-5.126965110761e-07
"                 233",-7.547313546136e-01,2.293664042751e+01,1.139243314926e-06,-4.393043893555e-01,2.296438558098e+01,5.895680650459e-07,3.154269652580e-01,2.774515347422e-02,-5.496752498803e-07
"                 234",-7.557470963013e-01,2.294212431187e+01,1.183882084202e-06,-4.390761806490e-01,2.296998060538e+01,5.702807697268e-07,3.166709156523e-01,2.785629351018e-02,-6.136013144749e-07
"                 235",-7.567765836334e-01,2.294770018948e+01,1.219937784389e-06,-4.388643946092e-01,2.297566434505e+01,5.036004988571e-07,3.179121890242e-01,2.796415556798e-02,-7.163372855323e-07
"                 236",-7.577939955795e-01,2.295392707765e+01,1.251985777780e-06,-4.386475418606e-01,2.298199496804e+01,4.792651535339e-07,3.191464537189e-01,2.806789038526e-02,-7.727206242461e-07
"                 237",-7.587883172102e-01,2.296103840579e+01,1.281806300013e-06,-4.384176528279e-01,2.298920665595e+01,5.101669282052e-07,3.203706643823e-01,2.816825016249e-02,-7.716393718076e-07
"                 238",-7.597500783981e-01,2.296891664214e+01,1.310743771724e-06,-4.381677226357e-01,2.299718221424e+01,5.488661990922e-07,3.215823557624e-01,2.826557209877e-02,-7.618775726319e-07
"                 239",-7.606840267182e-01,2.297731745264e+01,1.338483870710e-06,-4.379044878836e-01,2.300567654784e+01,5.732229495795e-07,3.227795388346e-01,2.835909519278e-02,-7.652609211301e-07
"                 240",-7.615887872573e-01,2.298592287419e+01,1.362825484928e-06,-4.376305177955e-01,2.301437176816e+01,5.575835466411e-07,3.239582694618e-01,2.844889397600e-02,-8.052419382866e-07
"                 241",-7.624721680397e-01,2.299452777231e+01,1.382760108395e-06,-4.373554236170e-01,2.302306377807e+01,5.448450801046e-07,3.251167444227e-01,2.853600576159e-02,-8.379150282899e-07
"                 242",-7.633445322768e-01,2.300309581179e+01,1.397781394200e-06,-4.370913126792e-01,2.303171611582e+01,5.250640940593e-07,3.262532195976e-01,2.862030402720e-02,-8.727173001408e-07
"                 243",-7.642002890513e-01,2.301149066425e+01,1.409624610443e-06,-4.368342804196e-01,2.304019149693e+01,5.290858827426e-07,3.273660086317e-01,2.870083267596e-02,-8.805387277009e-07
"                 244",-7.650288141923e-01,2.301950479174e+01,1.424185050557e-06,-4.365754445295e-01,2.304828213630e+01,5.655450647636e-07,3.284533696628e-01,2.877734455522e-02,-8.586399857937e-07
"                 245",-7.658169860519e-01,2.302717493490e+01,1.440162260356e-06,-4.363037914941e-01,2.305602489873e+01,5.980862901265e-07,3.295131945578e-01,2.884996383135e-02,-8.420759702297e-07
"                 246",-7.665645940966e-01,2.303515379523e+01,1.457150561902e-06,-4.360221844951e-01,2.306407227494e+01,6.271109475732e-07,3.305424096015e-01,2.891847971352e-02,-8.300396143292e-07
"                 247",-7.672763898327e-01,2.304383815457e+01,1.474739439845e-06,-4.357348310954e-01,2.307282117241e+01,6.147709333145e-07,3.315415587373e-01,2.898301783691e-02,-8.599685065308e-07
"                 248",-7.679562073875e-01,2.305342407586e+01,1.493542400055e-06,-4.354457135155e-01,2.308246829248e+01,5.730620145002e-07,3.325104938720e-01,2.904421662266e-02,-9.204803855552e-07
"                 249",-7.685981990159e-01,2.306361989497e+01,1.514990934345e-06,-4.351465695551e-01,2.309272154765e+01,5.504107550833e-07,3.334516294608e-01,2.910165268203e-02,-9.645801792619e-07
"                 250",-7.691987131344e-01,2.307363483173e+01,1.538039773733e-06,-4.348303916480e-01,2.310279021848e+01,5.781379622944e-07,3.343683214864e-01,2.915538674565e-02,-9.599018114382e-07
"                 251",-7.697712338448e-01,2.308280953225e+01,1.562462515769e-06,-4.345069403175e-01,2.311201602309e+01,5.921204710871e-07,3.352642935273e-01,2.920649084446e-02,-9.703420446822e-07
"                 252",-7.703355521931e-01,2.309083356449e+01,1.586752135887e-06,-4.341924827925e-01,2.312009074748e+01,6.066195899581e-07,3.361430694006e-01,2.925718299121e-02,-9.801325459284e-07
"                 253",-7.708943589877e-01,2.309795884595e+01,1.609583521316e-06,-4.338887859795e-01,2.312726674580e+01,6.210168482716e-07,3.370055730082e-01,2.930789985237e-02,-9.885666730443e-07
"                 254",-7.714488294931e-01,2.310469636395e+01,1.630935838816e-06,-4.335963114099e-01,2.313405489860e+01,6.558872431435e-07,3.378525180832e-01,2.935853465181e-02,-9.750485956724e-07
"                 255",-7.720000463084e-01,2.311148320340e+01,1.651535662721e-06,-4.333152125748e-01,2.314089383346e+01,6.729622808531e-07,3.386848337335e-01,2.941063005954e-02,-9.785733818683e-07
"                 256",-7.725434800332e-01,2.311869177698e+01,1.670073625499e-06,-4.330400072869e-01,2.314815621954e+01,6.841232447846e-07,3.395034727463e-01,2.946444255164e-02,-9.859503807145e-07
"                 257",-7.730785027155e-01,2.312667753949e+01,1.687580632689e-06,-4.327685619498e-01,2.315619631239e+01,6.921415562947e-07,3.403099407657e-01,2.951877289829e-02,-9.954390763942e-07
"                 258",-7.736142568071e-01,2.313544027786e+01,1.703691440884e-06,-4.325081422551e-01,2.316501264451e+01,6.938460686646e-07,3.411061145520e-01,2.957236665612e-02,-1.009845372219e-06
"                 259",-7.741562303114e-01,2.314467611883e+01,1.717981353496e-06,-4.322635897449e-01,2.317430077717e+01,6.753082872744e-07,3.418926405665e-01,2.962465833952e-02,-1.042673066221e-06
"                 260",-7.747011094712e-01,2.315393507623e+01,1.730630020066e-06,-4.320310286860e-01,2.318361018413e+01,6.653609746491e-07,3.426700807853e-01,2.967510789735e-02,-1.065269045417e-06
"                 261",-7.752421930847e-01,2.316280895237e+01,1.741181673313e-06,-4.318033140585e-01,2.319253267504e+01,6.848738279372e-07,3.434388790262e-01,2.972372266880e-02,-1.056307845376e-06
"                 262",-7.757806916989e-01,2.317152021325e+01,1.749602026036e-06,-4.315809512202e-01,2.320129066764e+01,7.282786152212e-07,3.441997404787e-01,2.977045438533e-02,-1.021323410815e-06
"                 263",-7.763217929117e-01,2.318049014643e+01,1.755708742328e-06,-4.313681580584e-01,2.321030520176e+01,7.857413800397e-07,3.449536348533e-01,2.981505532429e-02,-9.699673622881e-07
"                 264",-7.768697427401e-01,2.318995524081e+01,1.757816339683e-06,-4.311684126156e-01,2.321981257182e+01,8.626923037197e-07,3.457013301245e-01,2.985733101128e-02,-8.951240359633e-07
"                 265",-7.774259940660e-01,2.319970863197e+01,1.755613562505e-06,-4.309829621987e-01,2.322960614365e+01,9.525085470429e-07,3.464430318673e-01,2.989751168173e-02,-8.031050154625e-07
"                 266",-7.779863014247e-01,2.320941043052e+01,1.749636170612e-06,-4.308070917491e-01,2.323934611649e+01,1.041882609097e-06,3.471792096756e-01,2.993568596364e-02,-7.077535615150e-07
"                 267",-7.785459300289e-01,2.321901316204e+01,1.740132047314e-06,-4.306357607078e-01,2.324898464376e+01,1.142933407404e-06,3.479101693211e-01,2.997148172052e-02,-5.971986399101e-07
"                 268",-7.791122645811e-01,2.322868237904e+01,1.728008236681e-06,-4.304757661763e-01,2.325868761078e+01,1.229126346745e-06,3.486364984048e-01,3.000523173754e-02,-4.988818899365e-07
"                 269",-7.796839536851e-01,2.323831441719e+01,1.713974845474e-06,-4.303255253625e-01,2.326835204083e+01,1.302549615371e-06,3.493584283226e-01,3.003762364237e-02,-4.114252301035e-07
"                 270",-7.802518357952e-01,2.324765252160e+01,1.697750777390e-06,-4.301760730145e-01,2.327772203866e+01,1.373725170005e-06,3.500757627807e-01,3.006951705561e-02,-3.240256073854e-07
"                 271",-7.808169931654e-01,2.325676013145e+01,1.678816683368e-06,-4.300285269700e-01,2.328686112651e+01,1.432881309471e-06,3.507884661954e-01,3.010099506485e-02,-2.459353738969e-07
"                 272",-7.813824645611e-01,2.326582196581e+01,1.655580743306e-06,-4.298858582528e-01,2.329595344295e+01,1.473817970283e-06,3.514966063082e-01,3.013147713765e-02,-1.817627730237e-07
"                 273",-7.819542687148e-01,2.327493582491e+01,1.629708539848e-06,-4.297538880936e-01,2.330509609063e+01,1.503350113251e-06,3.522003806211e-01,3.016026572246e-02,-1.263584265970e-07
"                 274",-7.825360096002e-01,2.328409214004e+01,1.602494203029e-06,-4.296362754490e-01,2.331427900737e+01,1.532813398607e-06,3.528997341512e-01,3.018686733793e-02,-6.968080442156e-08
"                 275",-7.831191290254e-01,2.329320359970e+01,1.574082182263e-06,-4.295246974922e-01,2.332341459646e+01,1.574685700591e-06,3.535944315332e-01,3.021099676062e-02,6.035183286913e-10
"                 276",-7.836957765368e-01,2.330227454836e+01,1.544752333950e-06,-4.294111965286e-01,2.333250709322e+01,1.636508806295e-06,3.542845800082e-01,3.023254485232e-02,9.175647234493e-08
"                 277",-7.842616950213e-01,2.331138020293e+01,1.513895624564e-06,-4.292918334991e-01,2.334163281200e+01,1.717297661857e-06,3.549698615222e-01,3.025260906695e-02,2.034020372928e-07
"                 278",-7.848180464303e-01,2.332056851086e+01,1.481729553093e-06,-4.291678493859e-01,2.335084048770e+01,1.799832822325e-06,3.556501970445e-01,3.027197684257e-02,3.181032692325e-07
"                 279",-7.853684969082e-01,2.332990163428e+01,1.449581980231e-06,-4.290428859188e-01,2.336019296363e+01,1.872079868885e-06,3.563256109894e-01,3.029132934690e-02,4.224978886542e-07
"                 280",-7.859118167598e-01,2.333939594319e+01,1.417958549099e-06,-4.289161196621e-01,2.336970609126e+01,1.903782256657e-06,3.569956970977e-01,3.031014806845e-02,4.858237075578e-07
"                 281",-7.864464844647e-01,2.334910139335e+01,1.386266990187e-06,-4.287864748066e-01,2.337942974041e+01,1.894520020393e-06,3.576600096581e-01,3.032834705894e-02,5.082530302058e-07
"                 282",-7.869770776009e-01,2.335902697678e+01,1.353787033785e-06,-4.286587835655e-01,2.338937301750e+01,1.869123489467e-06,3.583182940354e-01,3.034604072079e-02,5.153364556827e-07
"                 283",-7.875081949052e-01,2.336910310156e+01,1.322118067768e-06,-4.285378732929e-01,2.339946609115e+01,1.838173232616e-06,3.589703216123e-01,3.036298959258e-02,5.160551648476e-07
"                 284",-7.880371077817e-01,2.337921389730e+01,1.291654916271e-06,-4.284208594997e-01,2.340959265630e+01,1.798246448838e-06,3.596162482821e-01,3.037875900324e-02,5.065915325667e-07
"                 285",-7.885594697635e-01,2.338929522635e+01,1.262590748102e-06,-4.283031199038e-01,2.341968917639e+01,1.752930808161e-06,3.602563498598e-01,3.039395003599e-02,4.903400600594e-07
"                 286",-7.890687081272e-01,2.339932051607e+01,1.234943493226e-06,-4.281779939685e-01,2.342972935290e+01,1.701399357669e-06,3.608907141587e-01,3.040883682889e-02,4.664558644433e-07
"                 287",-7.895636764766e-01,2.340931841496e+01,1.208056220088e-06,-4.280443392150e-01,2.343974166926e+01,1.648687509496e-06,3.615193372616e-01,3.042325429761e-02,4.406312894082e-07
"                 288",-7.900574272616e-01,2.341930306513e+01,1.181937985202e-06,-4.279149273466e-01,2.344974018237e+01,1.601783605219e-06,3.621424999150e-01,3.043711724384e-02,4.198456200179e-07
"                 289",-7.905550188412e-01,2.342929700953e+01,1.157087576419e-06,-4.277949393087e-01,2.345974743433e+01,1.561823548989e-06,3.627600795324e-01,3.045042479217e-02,4.047359725698e-07
"                 290",-7.910546178221e-01,2.343937401154e+01,1.133600594013e-06,-4.276825500780e-01,2.346983704567e+01,1.531687977376e-06,3.633720677441e-01,3.046303412725e-02,3.980873833628e-07
"                 291",-7.915488357595e-01,2.344949641531e+01,1.111001523708e-06,-4.275703292308e-01,2.347997131550e+01,1.508120417420e-06,3.639785065287e-01,3.047490019090e-02,3.971188937114e-07
"                 292",-7.920302419012e-01,2.345953343054e+01,1.089132559043e-06,-4.274508125055e-01,2.349001979081e+01,1.489664338658e-06,3.645794293958e-01,3.048636026686e-02,4.005317796156e-07
"                 293",-7.925183846868e-01,2.346951535472e+01,1.067353774469e-06,-4.273435696661e-01,2.350001301669e+01,1.478566040405e-06,3.651748150207e-01,3.049766196654e-02,4.112122659363e-07
"                 294",-7.930398879378e-01,2.347964002326e+01,1.045756114663e-06,-4.272753920955e-01,2.351014899337e+01,1.475176059613e-06,3.657644958423e-01,3.050897010890e-02,4.294199449492e-07
"                 295",-7.935580502462e-01,2.348968816474e+01,1.025103274137e-06,-4.272097396380e-01,2.352020875231e+01,1.485884163905e-06,3.663483106081e-01,3.052058757441e-02,4.607808897677e-07
"                 296",-7.940698668249e-01,2.349969686523e+01,1.006254432290e-06,-4.271437678078e-01,2.353022848310e+01,1.522362150827e-06,3.669260990170e-01,3.053161787340e-02,5.161077185364e-07
"                 297",-7.945734729800e-01,2.350970901165e+01,9.887515650666e-07,-4.270757792410e-01,2.354025040828e+01,1.564245984443e-06,3.674976937390e-01,3.054139663618e-02,5.754944193763e-07
"                 298",-7.950942688518e-01,2.351974345820e+01,9.723839053756e-07,-4.270302096020e-01,2.355029517170e+01,1.589623795162e-06,3.680640592499e-01,3.055171349904e-02,6.172398897862e-07
"                 299",-7.956146491920e-01,2.352954628827e+01,9.576214133917e-07,-4.269892185708e-01,2.356010504207e+01,1.613611944919e-06,3.686254306211e-01,3.055875379994e-02,6.559905315270e-07
"                 300",-7.960889061044e-01,2.353901896037e+01,9.437106062995e-07,-4.269068945475e-01,2.356958018932e+01,1.620791669818e-06,3.691820115569e-01,3.056122895230e-02,6.770810635185e-07
"                 301",-7.965020906014e-01,2.354815631550e+01,9.301279313813e-07,-4.267682214440e-01,2.357871788724e+01,1.613557916758e-06,3.697338691574e-01,3.056157173977e-02,6.834299853767e-07
"                 302",-7.968837791068e-01,2.355721949280e+01,9.163275463437e-07,-4.266029845204e-01,2.358778081414e+01,1.601877616481e-06,3.702807945864e-01,3.056132133860e-02,6.855500701369e-07
"                 303",-7.972418259347e-01,2.356602650651e+01,9.026726688187e-07,-4.264192374924e-01,2.359658662575e+01,1.591002417195e-06,3.708225884423e-01,3.056011923797e-02,6.883297483760e-07
"                 304",-7.975677096853e-01,2.357443967352e+01,8.893670095519e-07,-4.262084281576e-01,2.360499696375e+01,1.588406928047e-06,3.713592815277e-01,3.055729022506e-02,6.990399184955e-07
"                 305",-7.978403057664e-01,2.358231304852e+01,8.766960635408e-07,-4.259491861287e-01,2.361286637914e+01,1.628840493212e-06,3.718911196376e-01,3.055333062133e-02,7.521444296708e-07
"                 306",-7.980542995496e-01,2.358975249943e+01,8.651830022563e-07,-4.256354147139e-01,2.362030249811e+01,1.665582343959e-06,3.724188848356e-01,3.054999868343e-02,8.003993417024e-07
"                 307",-7.983005747918e-01,2.359754048428e+01,8.553899259140e-07,-4.253566792563e-01,2.362809141607e+01,1.679679326726e-06,3.729438955355e-01,3.055093179307e-02,8.242894008119e-07
"                 308",-7.986943180496e-01,2.360655911661e+01,8.464241844439e-07,-4.252273678206e-01,2.363711590705e+01,1.673082012878e-06,3.734669502290e-01,3.055679044579e-02,8.266578284346e-07
"                 309",-7.991229078854e-01,2.361569546280e+01,8.376283266080e-07,-4.251368085457e-01,2.364625561415e+01,1.653952485144e-06,3.739860993397e-01,3.056015134387e-02,8.163241585359e-07
"                 310",-7.994977100730e-01,2.362406160008e+01,8.288407987713e-07,-4.249960028854e-01,2.365462279930e+01,1.616474115846e-06,3.745017071876e-01,3.056119922645e-02,7.876333170748e-07
"                 311",-7.998251461010e-01,2.363190670767e+01,8.198725861459e-07,-4.248114477218e-01,2.366246787680e+01,1.568107512497e-06,3.750136983792e-01,3.056116913461e-02,7.482349263512e-07
"                 312",-8.001717774373e-01,2.364021132638e+01,8.100266173898e-07,-4.246492666322e-01,2.367077274150e+01,1.529916296147e-06,3.755225108051e-01,3.056141512117e-02,7.198896787577e-07
"                 313",-8.005780632696e-01,2.364941220705e+01,7.966321903567e-07,-4.245488214222e-01,2.367997681757e+01,1.506671871703e-06,3.760292418474e-01,3.056461052209e-02,7.100396813465e-07
"                 314",-8.010278019839e-01,2.365907409127e+01,7.836712237434e-07,-4.244943566629e-01,2.368964502280e+01,1.501722809287e-06,3.765334453210e-01,3.057093153159e-02,7.180515855432e-07
"                 315",-8.014681044238e-01,2.366833881075e+01,7.727422801239e-07,-4.244351649522e-01,2.369891485090e+01,1.507842956549e-06,3.770329394715e-01,3.057604015110e-02,7.351006764255e-07
"                 316",-8.018589733361e-01,2.367699806756e+01,7.625596250952e-07,-4.243316428577e-01,2.370757609336e+01,1.492463643287e-06,3.775273304784e-01,3.057802579895e-02,7.299040181919e-07
"                 317",-8.022297583396e-01,2.368539021659e+01,7.523171808611e-07,-4.242118374766e-01,2.371597176666e+01,1.442657269109e-06,3.780179208630e-01,3.058155007123e-02,6.903400882477e-07
"                 318",-8.026232433543e-01,2.369400456202e+01,7.423795761985e-07,-4.241185988472e-01,2.372459217915e+01,1.392657496357e-06,3.785046445071e-01,3.058761713203e-02,6.502779201582e-07
"                 319",-8.030486651316e-01,2.370276081205e+01,7.335659022241e-07,-4.240616012651e-01,2.373335497510e+01,1.344578915797e-06,3.789870638665e-01,3.059416305466e-02,6.110130135725e-07
"                 320",-8.034803864688e-01,2.371121837432e+01,7.251520510650e-07,-4.240162214500e-01,2.374181704245e+01,1.289896589430e-06,3.794641650188e-01,3.059866812519e-02,5.647445383646e-07
"                 321",-8.038991641717e-01,2.371932065202e+01,7.162754195179e-07,-4.239632949543e-01,2.374992112646e+01,1.219265318593e-06,3.799358692174e-01,3.060047444231e-02,5.029898990748e-07
"                 322",-8.042984470349e-01,2.372741780665e+01,7.068651023459e-07,-4.238958197713e-01,2.375801809845e+01,1.142738548871e-06,3.804026272637e-01,3.060029180449e-02,4.358734465253e-07
"                 323",-8.046855245401e-01,2.373579292735e+01,6.970821485339e-07,-4.238202939063e-01,2.376639195084e+01,1.079566206914e-06,3.808652306338e-01,3.059902349626e-02,3.824840583798e-07
"                 324",-8.050651929012e-01,2.374423398256e+01,6.876069227532e-07,-4.237416374154e-01,2.377483084002e+01,1.028906726112e-06,3.813235554858e-01,3.059685746756e-02,3.412998033588e-07
"                 325",-8.054486109391e-01,2.375238937171e+01,6.787530560777e-07,-4.236709379140e-01,2.378298377420e+01,9.857482768378e-07,3.817776730251e-01,3.059440248718e-02,3.069952207600e-07
"                 326",-8.058436581314e-01,2.376015663090e+01,6.698163606678e-07,-4.236158283812e-01,2.379074880677e+01,9.436972441808e-07,3.822278297502e-01,3.059217587202e-02,2.738808835130e-07
"                 327",-8.062485081150e-01,2.376763741732e+01,6.610068805498e-07,-4.235744067740e-01,2.379822791046e+01,9.069022797672e-07,3.826741013410e-01,3.059049314248e-02,2.458953992175e-07
"                 328",-8.066538029441e-01,2.377500904660e+01,6.536298455208e-07,-4.235370456622e-01,2.380559816097e+01,8.807797545975e-07,3.831167572819e-01,3.058911436463e-02,2.271499090767e-07
"                 329",-8.070449108575e-01,2.378247940444e+01,6.482441502912e-07,-4.234900259492e-01,2.381306738688e+01,8.549833807305e-07,3.835548849084e-01,3.058798244038e-02,2.067392304393e-07
"                 330",-8.074213477729e-01,2.379009115929e+01,6.441885156179e-07,-4.234325704613e-01,2.382067898179e+01,8.254507403087e-07,3.839887773116e-01,3.058782249739e-02,1.812622246908e-07
"                 331",-8.077948636020e-01,2.379778817845e+01,6.407448378173e-07,-4.233761158036e-01,2.382837718033e+01,7.917239147686e-07,3.844187477985e-01,3.058900188431e-02,1.509790769513e-07
"                 332",-8.081720531431e-01,2.380539464419e+01,6.379050851597e-07,-4.233272323402e-01,2.383598567626e+01,7.658667713959e-07,3.848448208029e-01,3.059103206116e-02,1.279616862361e-07
"                 333",-8.085490072470e-01,2.381274788485e+01,6.359332964439e-07,-4.232819779948e-01,2.384334142970e+01,7.510414796629e-07,3.852670292522e-01,3.059354485802e-02,1.151081832190e-07
"                 334",-8.089199238746e-01,2.381976340535e+01,6.346482386412e-07,-4.232345489031e-01,2.385035951222e+01,7.384865632212e-07,3.856853749715e-01,3.059610686540e-02,1.038383245800e-07
"                 335",-8.092836888871e-01,2.382649173816e+01,6.334595383063e-07,-4.231836453670e-01,2.385709023721e+01,7.222411001927e-07,3.861000435202e-01,3.059849904457e-02,8.878156188648e-08
"                 336",-8.096429282871e-01,2.383311378771e+01,6.320991175363e-07,-4.231317985086e-01,2.386371444586e+01,7.018661529430e-07,3.865111297784e-01,3.060065814594e-02,6.976703540672e-08
"                 337",-8.099990723385e-01,2.383974823044e+01,6.303687048253e-07,-4.230807180550e-01,2.387035043291e+01,6.784405134049e-07,3.869183542835e-01,3.060220247196e-02,4.807180857960e-08
"                 338",-8.103538199410e-01,2.384641443976e+01,6.289308523301e-07,-4.230323783009e-01,2.387701737105e+01,6.546329381588e-07,3.873214416402e-01,3.060293129076e-02,2.570208582868e-08
"                 339",-8.107060092892e-01,2.385308444622e+01,6.279717653136e-07,-4.229857115417e-01,2.388368741271e+01,6.438627668245e-07,3.877202977475e-01,3.060296649048e-02,1.589100151090e-08
"                 340",-8.110551974793e-01,2.385973925092e+01,6.254631196939e-07,-4.229400531504e-01,2.389034231602e+01,6.472504429465e-07,3.881151443289e-01,3.060306510033e-02,2.178732325256e-08
"                 341",-8.114005730970e-01,2.386645933264e+01,6.242364033191e-07,-4.228943194053e-01,2.389706303134e+01,6.652069758582e-07,3.885062536918e-01,3.060369870330e-02,4.097057253910e-08
"                 342",-8.117403952700e-01,2.387329971715e+01,6.223542555972e-07,-4.228466038841e-01,2.390390440696e+01,6.962114321355e-07,3.888937913858e-01,3.060468981354e-02,7.385717653826e-08
"                 343",-8.120763484288e-01,2.388021026656e+01,6.189390507705e-07,-4.227985952718e-01,2.391081599794e+01,7.318499768114e-07,3.892777531571e-01,3.060573137799e-02,1.129109260409e-07
"                 344",-8.124129214875e-01,2.388714050455e+01,6.166389572446e-07,-4.227547229624e-01,2.391774727355e+01,7.784649224532e-07,3.896581985251e-01,3.060676900255e-02,1.618259652086e-07
"                 345",-8.127526530671e-01,2.389405046005e+01,6.200081768280e-07,-4.227175013418e-01,2.392465816596e+01,8.200888270460e-07,3.900351517253e-01,3.060770590255e-02,2.000806502180e-07
"                 346",-8.130959055340e-01,2.390095482993e+01,6.239894298781e-07,-4.226873396123e-01,2.393156306035e+01,8.395712929537e-07,3.904085659218e-01,3.060823042255e-02,2.155818630756e-07
"                 347",-8.134396562674e-01,2.390783318570e+01,6.277738290770e-07,-4.226612602185e-01,2.393844105999e+01,8.150671858360e-07,3.907783960489e-01,3.060787429189e-02,1.872933567589e-07
"                 348",-8.137827641019e-01,2.391456252303e+01,6.293041230610e-07,-4.226380275893e-01,2.394516883178e+01,7.673289914657e-07,3.911447365126e-01,3.060630875721e-02,1.380248684047e-07
"                 349",-8.141242003270e-01,2.392100556112e+01,6.274243742078e-07,-4.226160908682e-01,2.395160921507e+01,7.271316631269e-07,3.915081094588e-01,3.060365395278e-02,9.970728891909e-08
"                 350",-8.144708500430e-01,2.392728032083e+01,6.248743854938e-07,-4.226016605902e-01,2.395788053404e+01,7.303579836682e-07,3.918691894528e-01,3.060021321197e-02,1.054835981745e-07
"                 351",-8.148260102350e-01,2.393355651888e+01,6.287177670159e-07,-4.225977176848e-01,2.396415280956e+01,7.631861334145e-07,3.922282925503e-01,3.059629067456e-02,1.344683663986e-07
"                 352",-8.151845867668e-01,2.393986465052e+01,6.360308450009e-07,-4.225989622402e-01,2.397045664584e+01,7.601617267992e-07,3.925856245266e-01,3.059199532478e-02,1.241308817983e-07
"                 353",-8.155408591683e-01,2.394612391567e+01,6.366487776520e-07,-4.225996296105e-01,2.397671127275e+01,7.048268063370e-07,3.929412295579e-01,3.058735708639e-02,6.817802868500e-08
"                 354",-8.158944091837e-01,2.395228023094e+01,6.277283795085e-07,-4.225993424877e-01,2.398286270183e+01,6.435660427465e-07,3.932950666960e-01,3.058247088747e-02,1.583766323803e-08
"                 355",-8.162495511592e-01,2.395838732570e+01,6.131977570086e-07,-4.226025197660e-01,2.398896480820e+01,6.340338785602e-07,3.936470313932e-01,3.057748250080e-02,2.083612155162e-08
"                 356",-8.166106231087e-01,2.396449409858e+01,6.011857826231e-07,-4.226136917107e-01,2.399506654655e+01,6.935152979762e-07,3.939969313980e-01,3.057244796763e-02,9.232951535309e-08
"                 357",-8.169795186722e-01,2.397053159802e+01,5.961251422670e-07,-4.226349952348e-01,2.400109898302e+01,7.776722204035e-07,3.943445234374e-01,3.056738500598e-02,1.815470781365e-07
"                 358",-8.173539896558e-01,2.397641546321e+01,5.968161031692e-07,-4.226644741402e-01,2.400697762133e+01,8.350861784448e-07,3.946895155156e-01,3.056215811734e-02,2.382700752756e-07
"                 359",-8.177290202263e-01,2.398214458321e+01,5.991014608011e-07,-4.226973904729e-01,2.401270112549e+01,8.460146137915e-07,3.950316297534e-01,3.055654228110e-02,2.469131529905e-07
"                 360",-8.181024797544e-01,2.398777937322e+01,5.995890445124e-07,-4.227318215009e-01,2.401832992149e+01,8.236916112674e-07,3.953706582535e-01,3.055054827069e-02,2.241025667550e-07
"                 361",-8.184760259878e-01,2.399332597886e+01,5.970529019945e-07,-4.227695674506e-01,2.402387021707e+01,7.962324242689e-07,3.957064585372e-01,3.054423821108e-02,1.991795222744e-07
"                 362",-8.188522031891e-01,2.399878465754e+01,5.924263358991e-07,-4.228131786867e-01,2.402932230795e+01,7.811172133856e-07,3.960390245024e-01,3.053765041685e-02,1.886908774866e-07
"                 363",-8.192316432158e-01,2.400415162649e+01,5.881275187903e-07,-4.228631721327e-01,2.403468239954e+01,7.749069954995e-07,3.963684710831e-01,3.053077304411e-02,1.867794767093e-07
"                 364",-8.196124758333e-01,2.400944697943e+01,5.842571600731e-07,-4.229175003176e-01,2.403997056814e+01,7.617131917697e-07,3.966949755157e-01,3.052358870505e-02,1.774560316966e-07
"                 365",-8.199912659697e-01,2.401472925236e+01,5.803389423431e-07,-4.229725009039e-01,2.404524535261e+01,7.352662424280e-07,3.970187650658e-01,3.051610024742e-02,1.549273000849e-07
"                 366",-8.203648535597e-01,2.402005194326e+01,5.754010161149e-07,-4.230248633459e-01,2.405056020699e+01,6.995332896519e-07,3.973399902138e-01,3.050826372907e-02,1.241322735370e-07
"                 367",-8.207331607457e-01,2.402543216065e+01,5.692543945097e-07,-4.230744301974e-01,2.405593221482e+01,6.648214544859e-07,3.976587305483e-01,3.050005417721e-02,9.556705997618e-08
"                 368",-8.210991000896e-01,2.403083848420e+01,5.623050574546e-07,-4.231241250393e-01,2.406132995239e+01,6.380072167661e-07,3.979749750502e-01,3.049146818635e-02,7.570215931143e-08
"                 369",-8.214638079771e-01,2.403622713430e+01,5.549576122649e-07,-4.231751835080e-01,2.406670963349e+01,6.172473025710e-07,3.982886244691e-01,3.048249918887e-02,6.228969030608e-08
"                 370",-8.218263640057e-01,2.404157611454e+01,5.473506430492e-07,-4.232267768699e-01,2.407204934669e+01,5.976239340483e-07,3.985995871358e-01,3.047323215531e-02,5.027329099917e-08
"                 371",-8.221854847344e-01,2.404688437628e+01,5.393272536225e-07,-4.232777224413e-01,2.407734812773e+01,5.763042449738e-07,3.989077622930e-01,3.046375145535e-02,3.697699135132e-08
"                 372",-8.225403207953e-01,2.405214933489e+01,5.305944817799e-07,-4.233272630077e-01,2.408260346302e+01,5.511364620766e-07,3.992130577876e-01,3.045412813580e-02,2.054198029668e-08
"                 373",-8.228909879106e-01,2.405737905832e+01,5.205917487799e-07,-4.233755716395e-01,2.408782347360e+01,5.235185174447e-07,3.995154162711e-01,3.044441527841e-02,2.926768664798e-09
"                 374",-8.232374548702e-01,2.406258233068e+01,5.097479718490e-07,-4.234226943272e-01,2.409301698099e+01,4.944497965906e-07,3.998147605430e-01,3.043465031297e-02,-1.529817525833e-08
"                 375",-8.235804298111e-01,2.406777867569e+01,4.982081198517e-07,-4.234693182234e-01,2.409820363524e+01,4.639575524998e-07,4.001111115876e-01,3.042495955704e-02,-3.425056735182e-08
"                 376",-8.239216174538e-01,2.407295182295e+01,4.856340321425e-07,-4.235171762595e-01,2.410336718399e+01,4.334084995763e-07,4.004044411944e-01,3.041536104049e-02,-5.222553256616e-08
"                 377",-8.242626010519e-01,2.407806956757e+01,4.719264363170e-07,-4.235678627157e-01,2.410847537541e+01,4.064910586368e-07,4.006947383362e-01,3.040580783562e-02,-6.543537768021e-08
"                 378",-8.246022618825e-01,2.408312413733e+01,4.573607716010e-07,-4.236202470855e-01,2.411352029275e+01,3.866754577855e-07,4.009820147970e-01,3.039615542178e-02,-7.068531381544e-08
"                 379",-8.249393320967e-01,2.408812000274e+01,4.426707276220e-07,-4.236730105491e-01,2.411850619064e+01,3.741190826252e-07,4.012663215476e-01,3.038618790123e-02,-6.855164499677e-08
"                 380",-8.252743872066e-01,2.409306769271e+01,4.283416000117e-07,-4.237266693958e-01,2.412344345791e+01,3.677251480459e-07,4.015477178107e-01,3.037576520112e-02,-6.061645196579e-08
"                 381",-8.256084603070e-01,2.409798893194e+01,4.145386518315e-07,-4.237821791896e-01,2.412835381806e+01,3.661148157273e-07,4.018262811174e-01,3.036488612015e-02,-4.842383610420e-08
"                 382",-8.259403274771e-01,2.410292999432e+01,4.013363133408e-07,-4.238382890166e-01,2.413328356742e+01,3.684094447613e-07,4.021020384605e-01,3.035357310601e-02,-3.292686857944e-08
"                 383",-8.262661185973e-01,2.410793114563e+01,3.885728613815e-07,-4.238911694696e-01,2.413827297288e+01,3.753872491356e-07,4.023749491276e-01,3.034182725644e-02,-1.318561224586e-08
"                 384",-8.265847371593e-01,2.411300064554e+01,3.762268097653e-07,-4.239397978512e-01,2.414333030612e+01,3.875124688827e-07,4.026449393081e-01,3.032966057977e-02,1.128565911740e-08
"                 385",-8.268996758428e-01,2.411809764960e+01,3.642120221509e-07,-4.239877701221e-01,2.414841474508e+01,4.054617223763e-07,4.029119057207e-01,3.031709548618e-02,4.124970022533e-08
"                 386",-8.272125880829e-01,2.412319356226e+01,3.524566885269e-07,-4.240368462271e-01,2.415349777735e+01,4.271065301706e-07,4.031757418558e-01,3.030421509254e-02,7.464984164368e-08
"                 387",-8.275218317549e-01,2.412829963468e+01,3.408964512277e-07,-4.240854939589e-01,2.415859083275e+01,4.520013787497e-07,4.034363377960e-01,3.029119807866e-02,1.111049275220e-07
"                 388",-8.278261392971e-01,2.413343166604e+01,3.299277505344e-07,-4.241324854880e-01,2.416370989961e+01,4.836674907063e-07,4.036936538092e-01,3.027823356132e-02,1.537397401719e-07
"                 389",-8.281261765833e-01,2.413859698925e+01,3.200188206640e-07,-4.241784436846e-01,2.416886250487e+01,5.244038791190e-07,4.039477328987e-01,3.026551562187e-02,2.043850584550e-07
"                 390",-8.284231728507e-01,2.414379409886e+01,3.112985306619e-07,-4.242245597422e-01,2.417404719947e+01,5.685324874242e-07,4.041986131084e-01,3.025310061705e-02,2.572339567623e-07
"                 391",-8.287176128479e-01,2.414902170665e+01,3.032214352500e-07,-4.242713003136e-01,2.417926268795e+01,6.115698623044e-07,4.044463125344e-01,3.024098129682e-02,3.083484270544e-07
"                 392",-8.290098626817e-01,2.415427166350e+01,2.952371598637e-07,-4.243190370013e-01,2.418450076509e+01,6.513806534842e-07,4.046908256804e-01,3.022910159275e-02,3.561434936204e-07
"                 393",-8.293001516197e-01,2.415951996190e+01,2.875027089199e-07,-4.243679739998e-01,2.418973731625e+01,6.886804868840e-07,4.049321776199e-01,3.021735435120e-02,4.011777779641e-07
"                 394",-8.295888574748e-01,2.416475341172e+01,2.797816785167e-07,-4.244184112389e-01,2.419495903702e+01,7.234703028877e-07,4.051704462359e-01,3.020562529256e-02,4.436886243710e-07
"                 395",-8.298763289026e-01,2.416997444585e+01,2.715837859179e-07,-4.244705672453e-01,2.420016828528e+01,7.526956691698e-07,4.054057616574e-01,3.019383943251e-02,4.811118832518e-07
"                 396",-8.301624870315e-01,2.417517985236e+01,2.632293601021e-07,-4.245242264285e-01,2.420536179554e+01,7.765499416012e-07,4.056382606030e-01,3.018194318264e-02,5.133205814992e-07
"                 397",-8.304474657543e-01,2.418035834163e+01,2.546185625707e-07,-4.245793571936e-01,2.421052825523e+01,7.943211727509e-07,4.058681085607e-01,3.016991359807e-02,5.397026101802e-07
"                 398",-8.307303726597e-01,2.418552543544e+01,2.461183218193e-07,-4.246349404679e-01,2.421568315095e+01,8.090962726184e-07,4.060954321918e-01,3.015771551145e-02,5.629779507991e-07
"                 399",-8.310085356417e-01,2.419072527547e+01,2.385421118939e-07,-4.246882498715e-01,2.422087064496e+01,8.238696733456e-07,4.063202857703e-01,3.014536948606e-02,5.853275614517e-07
"                 400",-8.312824169409e-01,2.419595637578e+01,2.321384708634e-07,-4.247397649490e-01,2.422608930221e+01,8.395898672846e-07,4.065426519919e-01,3.013292642154e-02,6.074513964212e-07
"                 401",-8.315543116339e-01,2.420119990574e+01,2.270292633000e-07,-4.247917696187e-01,2.423132041207e+01,8.542264132678e-07,4.067625420152e-01,3.012050632304e-02,6.271971499678e-07
"                 402",-8.318255524554e-01,2.420643307036e+01,2.227427275669e-07,-4.248456397847e-01,2.423654135743e+01,8.629295825826e-07,4.069799126708e-01,3.010828706547e-02,6.401868550158e-07
"                 403",-8.320954749629e-01,2.421163788601e+01,2.186192772880e-07,-4.249007722276e-01,2.424173430924e+01,8.622710416786e-07,4.071947027354e-01,3.009642323085e-02,6.436517643906e-07
"                 404",-8.323620200213e-01,2.421682247485e+01,2.141981514279e-07,-4.249551770880e-01,2.424690748631e+01,8.538272345422e-07,4.074068429333e-01,3.008501146361e-02,6.396290831144e-07
"                 405",-8.326260433225e-01,2.422199628757e+01,2.094849243765e-07,-4.250097464058e-01,2.425207036973e+01,8.413032221914e-07,4.076162969167e-01,3.007408215950e-02,6.318182978149e-07
"                 406",-8.328881655027e-01,2.422716258423e+01,2.046855011929e-07,-4.250650870702e-01,2.425722618708e+01,8.269420409056e-07,4.078230784325e-01,3.006360284871e-02,6.222565397127e-07
"                 407",-8.331485413959e-01,2.423232217929e+01,1.998568868792e-07,-4.251213873116e-01,2.426237564432e+01,8.111287093141e-07,4.080271540843e-01,3.005346503860e-02,6.112718224349e-07
"                 408",-8.334076857801e-01,2.423746617432e+01,1.950101581327e-07,-4.251791930345e-01,2.426750968684e+01,7.947534313781e-07,4.082284927457e-01,3.004351252469e-02,5.997432732454e-07
"                 409",-8.336652253715e-01,2.424259605415e+01,1.899931030471e-07,-4.252381579400e-01,2.427262958594e+01,7.784850218698e-07,4.084270674315e-01,3.003353179466e-02,5.884919188227e-07
"                 410",-8.339210813812e-01,2.424771195027e+01,1.848084316538e-07,-4.252981821074e-01,2.427773530449e+01,7.652538762768e-07,4.086228992739e-01,3.002335422549e-02,5.804454446230e-07
"                 411",-8.341755746903e-01,2.425280526940e+01,1.796710117175e-07,-4.253595592992e-01,2.428281811841e+01,7.577333928635e-07,4.088160153911e-01,3.001284900873e-02,5.780623811460e-07
"                 412",-8.344285344618e-01,2.425788451046e+01,1.750084356983e-07,-4.254220501030e-01,2.428788644671e+01,7.565059417966e-07,4.090064843588e-01,3.000193625087e-02,5.814975060983e-07
"                 413",-8.346795970997e-01,2.426295016992e+01,1.709703817417e-07,-4.254851681737e-01,2.429294078228e+01,7.610751733127e-07,4.091944289260e-01,2.999061236029e-02,5.901047915710e-07
"                 414",-8.349281999251e-01,2.426800576519e+01,1.671952026278e-07,-4.255483002725e-01,2.429798472304e+01,7.698132357575e-07,4.093798996526e-01,2.997895785637e-02,6.026180331297e-07
"                 415",-8.351742807495e-01,2.427305543430e+01,1.634448464184e-07,-4.256113784057e-01,2.430302250672e+01,7.818090286170e-07,4.095629023438e-01,2.996707241627e-02,6.183641821986e-07
"                 416",-8.354177183923e-01,2.427808949999e+01,1.596104800606e-07,-4.256743040803e-01,2.430804457519e+01,7.948332472538e-07,4.097434143121e-01,2.995507520315e-02,6.352227671932e-07
"                 417",-8.356589072622e-01,2.428310568351e+01,1.553060378240e-07,-4.257374778499e-01,2.431304882199e+01,8.067814376001e-07,4.099214294123e-01,2.994313848272e-02,6.514753997761e-07
"                 418",-8.358976707953e-01,2.428809715418e+01,1.505077870237e-07,-4.258006831569e-01,2.431802858948e+01,8.159969834113e-07,4.100969876384e-01,2.993143530380e-02,6.654891963876e-07
"                 419",-8.361337337739e-01,2.429306734280e+01,1.452566535273e-07,-4.258636456058e-01,2.432298748850e+01,8.217814247793e-07,4.102700881682e-01,2.992014570430e-02,6.765247712520e-07
"                 420",-8.363676566815e-01,2.429801832426e+01,1.400206493270e-07,-4.259268844031e-01,2.432792774890e+01,8.250843720208e-07,4.104407722784e-01,2.990942464345e-02,6.850637226938e-07
"                 421",-8.365999428717e-01,2.430294370096e+01,1.348709844323e-07,-4.259908334484e-01,2.433284305999e+01,8.271801803685e-07,4.106091094232e-01,2.989935902572e-02,6.923091959363e-07
"                 422",-8.368312628637e-01,2.430784228100e+01,1.295013416013e-07,-4.260561426932e-01,2.433773222134e+01,8.284117676326e-07,4.107751201705e-01,2.988994033493e-02,6.989104260313e-07
"                 423",-8.370619519736e-01,2.431271242215e+01,1.235603726847e-07,-4.261231171226e-01,2.434259351513e+01,8.282293841795e-07,4.109388348510e-01,2.988109297822e-02,7.046690114948e-07
"                 424",-8.372921189734e-01,2.431754456506e+01,1.169603681158e-07,-4.261918317838e-01,2.434741722670e+01,8.282239861345e-07,4.111002871896e-01,2.987266164665e-02,7.112636180187e-07
"                 425",-8.375215938689e-01,2.432233012345e+01,1.098841263594e-07,-4.262621120061e-01,2.435219451429e+01,8.309671682245e-07,4.112594818627e-01,2.986439084716e-02,7.210830418651e-07
"                 426",-8.377506699921e-01,2.432705964809e+01,1.025708927230e-07,-4.263342736163e-01,2.435691561008e+01,8.371685941066e-07,4.114163963758e-01,2.985596198795e-02,7.345977013836e-07
"                 427",-8.379790151109e-01,2.433173510115e+01,9.520714118684e-08,-4.264079731981e-01,2.436158225086e+01,8.446511001244e-07,4.115710419128e-01,2.984714971574e-02,7.494439589376e-07
"                 428",-8.382061521098e-01,2.433636842394e+01,8.844022944473e-08,-4.264827197816e-01,2.436620621419e+01,8.512495206721e-07,4.117234323282e-01,2.983779025054e-02,7.628092912273e-07
"                 429",-8.384317582505e-01,2.434097171833e+01,8.245366318303e-08,-4.265581600298e-01,2.437079953265e+01,8.553964188084e-07,4.118735982207e-01,2.982781431630e-02,7.729427556253e-07
"                 430",-8.386560248715e-01,2.434553377414e+01,7.717982978885e-08,-4.266344343878e-01,2.437535107394e+01,8.568302398930e-07,4.120215904837e-01,2.981729979142e-02,7.796504101041e-07
"                 431",-8.388794071432e-01,2.435003483912e+01,7.230923237048e-08,-4.267119904247e-01,2.437984116087e+01,8.557814123893e-07,4.121674167185e-01,2.980632175251e-02,7.834721800188e-07
"                 432",-8.391005543157e-01,2.435446103650e+01,6.762440019510e-08,-4.267895293249e-01,2.438425606145e+01,8.524136982949e-07,4.123110249908e-01,2.979502495193e-02,7.847892980998e-07
"                 433",-8.393177956364e-01,2.435882906206e+01,6.320495946194e-08,-4.268654236816e-01,2.438861269595e+01,8.442777852092e-07,4.124523719548e-01,2.978363389525e-02,7.810728257473e-07
"                 434",-8.395311444703e-01,2.436317818227e+01,5.881306021962e-08,-4.269397499875e-01,2.439295059207e+01,8.302057734112e-07,4.125913944828e-01,2.977240979754e-02,7.713927131915e-07
"                 435",-8.397417145798e-01,2.436753428270e+01,5.427270407430e-08,-4.270136441740e-01,2.439729582421e+01,8.110534010625e-07,4.127280704058e-01,2.976154151578e-02,7.567806969882e-07
"                 436",-8.399498826419e-01,2.437188274972e+01,4.978876276983e-08,-4.270875076667e-01,2.440163383513e+01,7.892573781643e-07,4.128623749752e-01,2.975108540753e-02,7.394686153944e-07
"                 437",-8.401555870706e-01,2.437618812590e+01,4.542541703479e-08,-4.271612781155e-01,2.440592916998e+01,7.676950769782e-07,4.129943089551e-01,2.974104408033e-02,7.222696599434e-07
"                 438",-8.403588328595e-01,2.438044279833e+01,4.116531748117e-08,-4.272349096914e-01,2.441017423689e+01,7.488424466975e-07,4.131239231681e-01,2.973143855948e-02,7.076771292163e-07
"                 439",-8.405598939655e-01,2.438466371860e+01,3.716166321596e-08,-4.273085587137e-01,2.441438597212e+01,7.340873833906e-07,4.132513352518e-01,2.972225352497e-02,6.969257201746e-07
"                 440",-8.407594916213e-01,2.438885539857e+01,3.336592446680e-08,-4.273828308686e-01,2.441856886710e+01,7.233767590861e-07,4.133766607526e-01,2.971346852874e-02,6.900108346193e-07
"                 441",-8.409584881652e-01,2.439301327772e+01,2.976916877927e-08,-4.274584799393e-01,2.442271830669e+01,7.158255916682e-07,4.135000082260e-01,2.970502897335e-02,6.860564228889e-07
"                 442",-8.411575315025e-01,2.439712832676e+01,2.639449506795e-08,-4.275360491604e-01,2.442682514575e+01,7.122669436305e-07,4.136214823421e-01,2.969681898961e-02,6.858724485626e-07
"                 443",-8.413559412535e-01,2.440119500258e+01,2.321877572285e-08,-4.276147759302e-01,2.443088367747e+01,7.123353311113e-07,4.137411653232e-01,2.968867489825e-02,6.891165553885e-07
"                 444",-8.415525811736e-01,2.440520048834e+01,2.012149326624e-08,-4.276934672547e-01,2.443488095765e+01,7.173009822127e-07,4.138591139189e-01,2.968046931286e-02,6.971794889464e-07
"                 445",-8.417467412522e-01,2.440913733984e+01,1.705905375168e-08,-4.277713983642e-01,2.443880941198e+01,7.294287952154e-07,4.139753428879e-01,2.967207213220e-02,7.123697414637e-07
"                 446",-8.419378335931e-01,2.441300498260e+01,1.405759728844e-08,-4.278480238214e-01,2.444266830716e+01,7.474093394780e-07,4.140898097717e-01,2.966332456388e-02,7.333517421896e-07
"                 447",-8.421251590129e-01,2.441680171253e+01,1.114682589917e-08,-4.279226285070e-01,2.444645598364e+01,7.678886738185e-07,4.142025305058e-01,2.965427110519e-02,7.567418479194e-07
"                 448",-8.423078674421e-01,2.442052371006e+01,8.277132162191e-09,-4.279943546568e-01,2.445016880149e+01,7.897089394074e-07,4.143135127853e-01,2.964509143785e-02,7.814318072452e-07
"                 449",-8.424878491464e-01,2.442418248590e+01,5.456626954785e-09,-4.280651763919e-01,2.445381840182e+01,8.126324621856e-07,4.144226727545e-01,2.963591591933e-02,8.071758352308e-07
"                 450",-8.426664054230e-01,2.442779758500e+01,2.706209825224e-09,-4.281365320485e-01,2.445742427912e+01,8.366258304678e-07,4.145298733745e-01,2.962669411455e-02,8.339196206425e-07
"                 451",-8.428438247042e-01,2.443138028110e+01,2.766380433997e-10,-4.282087205179e-01,2.446099775894e+01,8.606854197428e-07,4.146351041863e-01,2.961747783524e-02,8.604087816994e-07
"                 452",-8.430202361315e-01,2.443494338851e+01,-1.913413735093e-09,-4.282818325072e-01,2.446455176419e+01,8.805402092257e-07,4.147384036243e-01,2.960837567698e-02,8.824536229608e-07
"                 453",-8.431953999666e-01,2.443849701689e+01,-4.113275288388e-09,-4.283556092533e-01,2.446809647722e+01,8.940995158450e-07,4.148397907133e-01,2.959946033370e-02,8.982127911334e-07
"                 454",-8.433673087984e-01,2.444204051625e+01,-6.423698572017e-09,-4.284280360535e-01,2.447163128708e+01,9.016468708212e-07,4.149392727448e-01,2.959077082896e-02,9.080705693932e-07
"                 455",-8.435353109168e-01,2.444557876156e+01,-8.726586241221e-09,-4.284984340247e-01,2.447516108230e+01,9.039104442913e-07,4.150368768921e-01,2.958232073647e-02,9.126370305325e-07
"                 456",-8.436995436652e-01,2.444911598456e+01,-1.084151052781e-08,-4.285668584284e-01,2.447869009735e+01,9.014290609160e-07,4.151326852368e-01,2.957411278536e-02,9.122705714438e-07
"                 457",-8.438613663748e-01,2.445264204461e+01,-1.275717980719e-08,-4.286345702476e-01,2.448220818801e+01,8.950652688948e-07,4.152267961272e-01,2.956614339882e-02,9.078224487020e-07
"                 458",-8.440222264717e-01,2.445615402319e+01,-1.471629996448e-08,-4.287029332026e-01,2.448571237612e+01,8.856261757970e-07,4.153192932691e-01,2.955835293339e-02,9.003424757615e-07
"                 459",-8.441828772757e-01,2.445965802959e+01,-1.673751567422e-08,-4.287726225659e-01,2.448920868306e+01,8.757988769484e-07,4.154102547097e-01,2.955065347082e-02,8.925363926226e-07
"                 460",-8.443432237486e-01,2.446315392870e+01,-1.877281466831e-08,-4.288434671760e-01,2.449269690403e+01,8.677563150879e-07,4.154997565726e-01,2.954297532849e-02,8.865291297562e-07
"                 461",-8.445032260993e-01,2.446662709068e+01,-2.059482348916e-08,-4.289153545636e-01,2.449616236205e+01,8.617859931709e-07,4.155878715357e-01,2.953527137417e-02,8.823808166600e-07
"                 462",-8.446626816440e-01,2.447005936696e+01,-2.209702738629e-08,-4.289880297325e-01,2.449958686673e+01,8.550109576091e-07,4.156746519115e-01,2.952749976982e-02,8.771079849954e-07
"                 463",-8.448209225682e-01,2.447343512308e+01,-2.330705171969e-08,-4.290607870238e-01,2.450295478140e+01,8.449962700187e-07,4.157601355444e-01,2.951965831837e-02,8.683033217384e-07
"                 464",-8.449773760125e-01,2.447675908314e+01,-2.426585863215e-08,-4.291330698721e-01,2.450627084208e+01,8.302267442347e-07,4.158443061404e-01,2.951175894364e-02,8.544926028669e-07
"                 465",-8.451313775749e-01,2.448003752184e+01,-2.506812634405e-08,-4.292043012274e-01,2.450954130598e+01,8.103936860083e-07,4.159270763474e-01,2.950378414045e-02,8.354618123523e-07
"                 466",-8.452814222448e-01,2.448326716336e+01,-2.576578214291e-08,-4.292730616413e-01,2.451276290856e+01,7.865664887733e-07,4.160083606035e-01,2.949574519790e-02,8.123322709162e-07
"                 467",-8.454279846123e-01,2.448644783734e+01,-2.650699178287e-08,-4.293399099430e-01,2.451593550206e+01,7.597039297472e-07,4.160880746693e-01,2.948766471977e-02,7.862109215301e-07
"                 468",-8.455728994712e-01,2.448959341547e+01,-2.735226974968e-08,-4.294067127442e-01,2.451907308046e+01,7.305255835171e-07,4.161661867270e-01,2.947966498635e-02,7.578778532668e-07
"                 469",-8.457176854407e-01,2.449270759280e+01,-2.826380538747e-08,-4.294749591517e-01,2.452217951970e+01,6.994575837257e-07,4.162427262891e-01,2.947192690150e-02,7.277213891132e-07
"                 470",-8.458633035173e-01,2.449579111043e+01,-2.921143628425e-08,-4.295455759961e-01,2.452525567448e+01,6.685568510934e-07,4.163177275212e-01,2.946456405758e-02,6.977682873777e-07
"                 471",-8.460098476924e-01,2.449885068178e+01,-3.018659467010e-08,-4.296186345333e-01,2.452830825967e+01,6.401178020249e-07,4.163912131591e-01,2.945757789664e-02,6.703043966950e-07
"                 472",-8.461562253944e-01,2.450189785498e+01,-3.120541745529e-08,-4.296930100024e-01,2.453134877133e+01,6.157120434942e-07,4.164632153919e-01,2.945091635720e-02,6.469174609495e-07
"                 473",-8.463013904262e-01,2.450494567095e+01,-3.218544570662e-08,-4.297676206222e-01,2.453439017725e+01,5.959038329062e-07,4.165337698040e-01,2.944450630030e-02,6.280892786129e-07
"                 474",-8.464451365735e-01,2.450799474220e+01,-3.301716531832e-08,-4.298421997847e-01,2.453743298407e+01,5.802638426736e-07,4.166029367888e-01,2.943824186574e-02,6.132810079919e-07
"                 475",-8.465879851429e-01,2.451103663519e+01,-3.375324565461e-08,-4.299171811270e-01,2.454046864943e+01,5.681795132402e-07,4.166708040159e-01,2.943201424088e-02,6.019327588948e-07
"                 476",-8.467302444303e-01,2.451406114185e+01,-3.451755697599e-08,-4.299927797415e-01,2.454348687898e+01,5.592656588684e-07,4.167374646888e-01,2.942573713884e-02,5.937832158444e-07
"                 477",-8.468715299175e-01,2.451706660575e+01,-3.540438296094e-08,-4.300685215282e-01,2.454648597693e+01,5.539558542669e-07,4.168030083893e-01,2.941937118377e-02,5.893602372278e-07
"                 478",-8.470109284622e-01,2.452005072640e+01,-3.635545987866e-08,-4.301434233177e-01,2.454946362923e+01,5.529526983027e-07,4.168675051445e-01,2.941290282410e-02,5.893081581813e-07
"                 479",-8.471478419348e-01,2.452300477970e+01,-3.704369718007e-08,-4.302168486977e-01,2.455241111524e+01,5.559881659382e-07,4.169309932370e-01,2.940633553850e-02,5.930318631182e-07
"                 480",-8.472827343194e-01,2.452592731057e+01,-3.739859169151e-08,-4.302892469381e-01,2.455532702165e+01,5.614175878755e-07,4.169934873813e-01,2.939971107946e-02,5.988161795670e-07
"                 481",-8.474164471444e-01,2.452882637554e+01,-3.748611781263e-08,-4.303614593468e-01,2.455821951109e+01,5.682937414764e-07,4.170549877975e-01,2.939313555137e-02,6.057798592890e-07
"                 482",-8.475494306210e-01,2.453170689011e+01,-3.740531423187e-08,-4.304339558996e-01,2.456109360971e+01,5.763678522225e-07,4.171154747214e-01,2.938671959493e-02,6.137731664543e-07
"                 483",-8.476815370768e-01,2.453456208916e+01,-3.733794370095e-08,-4.305066127754e-01,2.456394264659e+01,5.842635179045e-07,4.171749243014e-01,2.938055742490e-02,6.216014616055e-07
"                 484",-8.478125126606e-01,2.453738471947e+01,-3.741806819331e-08,-4.305791947554e-01,2.456675943587e+01,5.900332098893e-07,4.172333179052e-01,2.937471639211e-02,6.274512780826e-07
"                 485",-8.479423251488e-01,2.454017547676e+01,-3.779888876685e-08,-4.306517261331e-01,2.456954465271e+01,5.917088029415e-07,4.172905990157e-01,2.936917594207e-02,6.295076917083e-07
"                 486",-8.480706032780e-01,2.454293484106e+01,-3.862017358112e-08,-4.307239321600e-01,2.457229865348e+01,5.886737398716e-07,4.173466711181e-01,2.936381241796e-02,6.272939134527e-07
"                 487",-8.481974974100e-01,2.454566413638e+01,-3.992921074739e-08,-4.307959663977e-01,2.457502274372e+01,5.817854252528e-07,4.174015310122e-01,2.935860733543e-02,6.217146360002e-07
"                 488",-8.483237058151e-01,2.454836650156e+01,-4.160474227860e-08,-4.308684690756e-01,2.457772009105e+01,5.729685324726e-07,4.174552367395e-01,2.935358949178e-02,6.145732747512e-07
"                 489",-8.484495993167e-01,2.455104280768e+01,-4.337509035448e-08,-4.309417723339e-01,2.458039150690e+01,5.639987718297e-07,4.175078269828e-01,2.934869922146e-02,6.073738621842e-07
"                 490",-8.485748222854e-01,2.455369876263e+01,-4.493985284394e-08,-4.310155291859e-01,2.458304250028e+01,5.560543075839e-07,4.175592930995e-01,2.934373765469e-02,6.009941604279e-07
"                 491",-8.486987067643e-01,2.455632308230e+01,-4.613493894504e-08,-4.310890934467e-01,2.458566153911e+01,5.493481940683e-07,4.176096133176e-01,2.933845680154e-02,5.954831330134e-07
"                 492",-8.488216026964e-01,2.455890256520e+01,-4.689917687315e-08,-4.311627316316e-01,2.458823538903e+01,5.429723103760e-07,4.176588710648e-01,2.933282383485e-02,5.898714872491e-07
"                 493",-8.489437181558e-01,2.456144008850e+01,-4.730471052063e-08,-4.312365920832e-01,2.459076695170e+01,5.365246360934e-07,4.177071260726e-01,2.932686320180e-02,5.838293466140e-07
"                 494",-8.490639615269e-01,2.456394790994e+01,-4.751404410645e-08,-4.313095523673e-01,2.459326853119e+01,5.305319985765e-07,4.177544091596e-01,2.932062124850e-02,5.780460426830e-07
"                 495",-8.491812114080e-01,2.456643598597e+01,-4.769727800151e-08,-4.313804876964e-01,2.459575015856e+01,5.254330722039e-07,4.178007237116e-01,2.931417258758e-02,5.731303502054e-07
"                 496",-8.492956592216e-01,2.456891062420e+01,-4.796003615938e-08,-4.314495782130e-01,2.459821825636e+01,5.213249895568e-07,4.178460810086e-01,2.930763215347e-02,5.692850257162e-07
"                 497",-8.494079576677e-01,2.457136889074e+01,-4.832305257397e-08,-4.315174883935e-01,2.460067001337e+01,5.178747614411e-07,4.178904692741e-01,2.930112262470e-02,5.661978140151e-07
"                 498",-8.495187416309e-01,2.457380440689e+01,-4.874400075414e-08,-4.315848791296e-01,2.460309914689e+01,5.134577829022e-07,4.179338625014e-01,2.929474000506e-02,5.622017836563e-07
"                 499",-8.496271703627e-01,2.457620644369e+01,-4.902848319444e-08,-4.316509606439e-01,2.460549497104e+01,5.068405079966e-07,4.179762097188e-01,2.928852735040e-02,5.558689911910e-07
"                 500",-8.497337795749e-01,2.457857854921e+01,-4.943777198130e-08,-4.317163141522e-01,2.460786111495e+01,4.980866890997e-07,4.180174654227e-01,2.928256573818e-02,5.475244610810e-07
"                 501",-8.498385602248e-01,2.458092736445e+01,-5.034828874049e-08,-4.317809282200e-01,2.461020436594e+01,4.880283803273e-07,4.180576320048e-01,2.927700148416e-02,5.383766690678e-07
"                 502",-8.499430956049e-01,2.458326077922e+01,-5.150177352258e-08,-4.318463552084e-01,2.461253272844e+01,4.797623113729e-07,4.180967403965e-01,2.927194922524e-02,5.312640848955e-07
"                 503",-8.500485896662e-01,2.458557898321e+01,-5.253788327612e-08,-4.319137386379e-01,2.461484638914e+01,4.745174897607e-07,4.181348510282e-01,2.926740592734e-02,5.270553730369e-07
"                 504",-8.501551095351e-01,2.458787628111e+01,-5.336660121825e-08,-4.319830690751e-01,2.461713956697e+01,4.716064631350e-07,4.181720404600e-01,2.926328586142e-02,5.249730643532e-07
"                 505",-8.502619489952e-01,2.459014407829e+01,-5.407227321382e-08,-4.320535440364e-01,2.461940352590e+01,4.689971895320e-07,4.182084049588e-01,2.925944761655e-02,5.230694627458e-07
"                 506",-8.503681425663e-01,2.459237261397e+01,-5.466777452575e-08,-4.321241284209e-01,2.462162832217e+01,4.660778988303e-07,4.182440141454e-01,2.925570820189e-02,5.207456733560e-07
"                 507",-8.504726758627e-01,2.459455718840e+01,-5.506008785348e-08,-4.321938128845e-01,2.462380901283e+01,4.618633331552e-07,4.182788629783e-01,2.925182442718e-02,5.169234210086e-07
"                 508",-8.505742047016e-01,2.459668331966e+01,-5.523439340984e-08,-4.322612848663e-01,2.462593087109e+01,4.550662607322e-07,4.183129198353e-01,2.924755142943e-02,5.103006541420e-07
"                 509",-8.506723602865e-01,2.459875479074e+01,-5.522040007278e-08,-4.323261769863e-01,2.462799755952e+01,4.450842536328e-07,4.183461833002e-01,2.924276877660e-02,5.003046537056e-07
"                 510",-8.507666104148e-01,2.460078272424e+01,-5.516566661628e-08,-4.323880000998e-01,2.463002014986e+01,4.322656963870e-07,4.183786103151e-01,2.923742562350e-02,4.874313630033e-07
"                 511",-8.508571602357e-01,2.460278479567e+01,-5.520789055917e-08,-4.324469217891e-01,2.463201649217e+01,4.171544857013e-07,4.184102384465e-01,2.923169649829e-02,4.723623762604e-07
"                 512",-8.509449459824e-01,2.460475448807e+01,-5.541160644764e-08,-4.325038645431e-01,2.463398023181e+01,4.014531006648e-07,4.184410814393e-01,2.922574373994e-02,4.568647071124e-07
"                 513",-8.510308035629e-01,2.460667709908e+01,-5.563025326986e-08,-4.325596832585e-01,2.463589677147e+01,3.864648830430e-07,4.184711203044e-01,2.921967239255e-02,4.420951363129e-07
"                 514",-8.511142971199e-01,2.460854945964e+01,-5.569704481988e-08,-4.326139908361e-01,2.463776300448e+01,3.707394036890e-07,4.185003062838e-01,2.921354483858e-02,4.264364485089e-07
"                 515",-8.511942784032e-01,2.461039032612e+01,-5.561094697024e-08,-4.326656718877e-01,2.463959777550e+01,3.520429961227e-07,4.185286065155e-01,2.920744937864e-02,4.076539430929e-07
"                 516",-8.512703796920e-01,2.461222896173e+01,-5.559479541544e-08,-4.327143736760e-01,2.464143044337e+01,3.289764011548e-07,4.185560060161e-01,2.920148164306e-02,3.845711965703e-07
"                 517",-8.513434987670e-01,2.461407685812e+01,-5.567981391275e-08,-4.327609947247e-01,2.464327257996e+01,3.022124333054e-07,4.185825040424e-01,2.919572183519e-02,3.578922472182e-07
"                 518",-8.514152422534e-01,2.461592371942e+01,-5.579106334876e-08,-4.328071273099e-01,2.464511394150e+01,2.737430137440e-07,4.186081149435e-01,2.919022207640e-02,3.295340770928e-07
"                 519",-8.514868444319e-01,2.461775056242e+01,-5.589704237226e-08,-4.328539526402e-01,2.464693559615e+01,2.460091504361e-07,4.186328917918e-01,2.918503373261e-02,3.019061928084e-07
"                 520",-8.515580897364e-01,2.461954478668e+01,-5.594641540332e-08,-4.329011686658e-01,2.464872494824e+01,2.205409046536e-07,4.186569210706e-01,2.918016156601e-02,2.764873200569e-07
"                 521",-8.516277113670e-01,2.462130428836e+01,-5.585587565180e-08,-4.329474131450e-01,2.465047981193e+01,1.959691601157e-07,4.186802982220e-01,2.917552356342e-02,2.518250357675e-07
"                 522",-8.516953001105e-01,2.462303752047e+01,-5.563421329418e-08,-4.329921679684e-01,2.465220859375e+01,1.704951584154e-07,4.187031321421e-01,2.917107328260e-02,2.261293717096e-07
"                 523",-8.517618368030e-01,2.462475686744e+01,-5.541811468954e-08,-4.330363436219e-01,2.465392355427e+01,1.438216604997e-07,4.187254931811e-01,2.916668682711e-02,1.992397751892e-07
"                 524",-8.518283610441e-01,2.462646384170e+01,-5.534869764723e-08,-4.330809041659e-01,2.465562616444e+01,1.165388944813e-07,4.187474568782e-01,2.916232273857e-02,1.718875921285e-07
"                 525",-8.518951138367e-01,2.462815074813e+01,-5.543046008846e-08,-4.331260217174e-01,2.465730873459e+01,8.945537061584e-08,4.187690921194e-01,2.915798645949e-02,1.448858307043e-07
"                 526",-8.519613372318e-01,2.462980801450e+01,-5.554638296434e-08,-4.331708871671e-01,2.465896172424e+01,6.285068196665e-08,4.187904500646e-01,2.915370974804e-02,1.183970649310e-07
"                 527",-8.520249825802e-01,2.463142495799e+01,-5.562110773597e-08,-4.332134677272e-01,2.466057439667e+01,3.706677435102e-08,4.188115148530e-01,2.914943867522e-02,9.268788208699e-08
"                 528",-8.520865294358e-01,2.463300804548e+01,-5.565640643156e-08,-4.332543274182e-01,2.466215314319e+01,1.259016962674e-08,4.188322020176e-01,2.914509770938e-02,6.824657605830e-08
"                 529",-8.521467001408e-01,2.463456426835e+01,-5.560697156840e-08,-4.332942260626e-01,2.466370499711e+01,-9.340165521082e-09,4.188524740782e-01,2.914072875915e-02,4.626680604732e-08
"                 530",-8.522077625694e-01,2.463610994430e+01,-5.544236213838e-08,-4.333354410149e-01,2.466524640841e+01,-2.928758394711e-08,4.188723215545e-01,2.913646411318e-02,2.615477819127e-08
"                 531",-8.522703258035e-01,2.463763477720e+01,-5.522453281737e-08,-4.333785897057e-01,2.466676712922e+01,-4.863413421068e-08,4.188917360978e-01,2.913235202074e-02,6.590398606684e-09
"                 532",-8.523336106760e-01,2.463913328406e+01,-5.508859546881e-08,-4.334229618400e-01,2.466826159256e+01,-6.864419794783e-08,4.189106488360e-01,2.912830850268e-02,-1.355560247902e-08
"                 533",-8.523954589772e-01,2.464060073049e+01,-5.512509914708e-08,-4.334664774519e-01,2.466972494901e+01,-8.832155273215e-08,4.189289815253e-01,2.912421851998e-02,-3.319645358507e-08
"                 534",-8.524550623519e-01,2.464204095517e+01,-5.533399711266e-08,-4.335083122048e-01,2.467116107373e+01,-1.036354919673e-07,4.189467501471e-01,2.912011856403e-02,-4.830149485459e-08
"                 535",-8.525124564944e-01,2.464344992763e+01,-5.557354301915e-08,-4.335484448911e-01,2.467256601031e+01,-1.121602597498e-07,4.189640116033e-01,2.911608267961e-02,-5.658671673060e-08
"                 536",-8.525684527158e-01,2.464483206548e+01,-5.566470282851e-08,-4.335876117171e-01,2.467394428379e+01,-1.151795837231e-07,4.189808409987e-01,2.911221830891e-02,-5.951488089462e-08
"                 537",-8.526236390874e-01,2.464620866084e+01,-5.556105669644e-08,-4.336263290761e-01,2.467531726082e+01,-1.150617653129e-07,4.189973100113e-01,2.910859997832e-02,-5.950070861648e-08
"                 538",-8.526760049977e-01,2.464759146757e+01,-5.533772540898e-08,-4.336625286733e-01,2.467669665708e+01,-1.133854281291e-07,4.190134763243e-01,2.910518950104e-02,-5.804770272014e-08
"                 539",-8.527260478248e-01,2.464898541285e+01,-5.515515858988e-08,-4.336966328257e-01,2.467808738907e+01,-1.115227777024e-07,4.190294149991e-01,2.910197622263e-02,-5.636761911256e-08
"                 540",-8.527766751437e-01,2.465039193785e+01,-5.510759266724e-08,-4.337314819101e-01,2.467949089147e+01,-1.097409102150e-07,4.190451932336e-01,2.909895362161e-02,-5.463331754773e-08
"                 541",-8.528308465556e-01,2.465180841856e+01,-5.514168606260e-08,-4.337699695611e-01,2.468090454261e+01,-1.066533385230e-07,4.190608769945e-01,2.909612405527e-02,-5.151165246037e-08
"                 542",-8.528877744518e-01,2.465322315420e+01,-5.513261326467e-08,-4.338112712717e-01,2.468231647124e+01,-1.011891894256e-07,4.190765031801e-01,2.909331704670e-02,-4.605657616089e-08
"                 543",-8.529444595138e-01,2.465461726579e+01,-5.497404698688e-08,-4.338523469005e-01,2.468370769847e+01,-9.257488871355e-08,4.190921126134e-01,2.909043267773e-02,-3.760084172668e-08
"                 544",-8.529980508460e-01,2.465597848722e+01,-5.466823401625e-08,-4.338903391323e-01,2.468506601913e+01,-8.094390975038e-08,4.191077117137e-01,2.908753191408e-02,-2.627567573413e-08
"                 545",-8.530497942223e-01,2.465731258960e+01,-5.425039342655e-08,-4.339265157706e-01,2.468639728176e+01,-6.657439241838e-08,4.191232784517e-01,2.908469215923e-02,-1.232399899183e-08
"                 546",-8.531018372482e-01,2.465862255024e+01,-5.378166510464e-08,-4.339630619288e-01,2.468770450754e+01,-4.984447842681e-08,4.191387753194e-01,2.908195730269e-02,3.937186677825e-09
"                 547",-8.531548391631e-01,2.465990768628e+01,-5.329003490063e-08,-4.340007051008e-01,2.468898699159e+01,-3.139703492685e-08,4.191541340623e-01,2.907930531260e-02,2.189299997379e-08
"                 548",-8.532081462598e-01,2.466116457914e+01,-5.275657176590e-08,-4.340388817090e-01,2.469024123662e+01,-1.235491547839e-08,4.191692645508e-01,2.907665748058e-02,4.040165628751e-08
"                 549",-8.532610286757e-01,2.466239455685e+01,-5.190607872783e-08,-4.340769404763e-01,2.469146851996e+01,5.679345087823e-09,4.191840881994e-01,2.907396310976e-02,5.758542381566e-08
"                 550",-8.533132817049e-01,2.466360368784e+01,-5.106388734100e-08,-4.341147231092e-01,2.469267491644e+01,2.033807926624e-08,4.191985585957e-01,2.907122859983e-02,7.140196660724e-08
"                 551",-8.533646817959e-01,2.466479521640e+01,-5.039386343775e-08,-4.341520387071e-01,2.469386367203e+01,3.065276611277e-08,4.192126430888e-01,2.906845562681e-02,8.104662955052e-08
"                 552",-8.534147049830e-01,2.466596659842e+01,-4.976722273680e-08,-4.341883721707e-01,2.469503222329e+01,3.752193953997e-08,4.192263328123e-01,2.906562487114e-02,8.728916227676e-08
"                 553",-8.534629651870e-01,2.466711527038e+01,-4.902735479689e-08,-4.342233186491e-01,2.469617796346e+01,4.228631116427e-08,4.192396465379e-01,2.906269308175e-02,9.131366596116e-08
"                 554",-8.535091534081e-01,2.466824549953e+01,-4.808202733406e-08,-4.342565458093e-01,2.469730510752e+01,4.561842763114e-08,4.192526075988e-01,2.905960799636e-02,9.370045496520e-08
"                 555",-8.535534770592e-01,2.466935741970e+01,-4.699340109232e-08,-4.342882337418e-01,2.469841375636e+01,4.821116406211e-08,4.192652433174e-01,2.905633665736e-02,9.520456515443e-08
"                 556",-8.535964176597e-01,2.467044975293e+01,-4.589491481243e-08,-4.343188170346e-01,2.469950266437e+01,5.075615232629e-08,4.192776006252e-01,2.905291143811e-02,9.665106713872e-08
"                 557",-8.536385193831e-01,2.467152319116e+01,-4.483222753987e-08,-4.343488067015e-01,2.470057255088e+01,5.305161127024e-08,4.192897126816e-01,2.904935972873e-02,9.788383881011e-08
"                 558",-8.536787385489e-01,2.467255917848e+01,-4.372423271515e-08,-4.343772135061e-01,2.470160475715e+01,5.418663650275e-08,4.193015250427e-01,2.904557866689e-02,9.791086921790e-08
"                 559",-8.537165357030e-01,2.467354907381e+01,-4.265915540267e-08,-4.344035300019e-01,2.470259062416e+01,5.297345806075e-08,4.193130057012e-01,2.904155035259e-02,9.563261346342e-08
"                 560",-8.537528032422e-01,2.467451037497e+01,-4.183073629147e-08,-4.344286336672e-01,2.470354777788e+01,4.764205014346e-08,4.193241695750e-01,2.903740290531e-02,8.947278643493e-08
"                 561",-8.537882900333e-01,2.467546212359e+01,-4.118859770970e-08,-4.344532216035e-01,2.470449544998e+01,4.047970187899e-08,4.193350684298e-01,2.903332639039e-02,8.166829958869e-08
"                 562",-8.538228837918e-01,2.467640297155e+01,-4.054268818907e-08,-4.344772339474e-01,2.470543226041e+01,3.271573319369e-08,4.193456498444e-01,2.902928885309e-02,7.325842138276e-08
"                 563",-8.538556660233e-01,2.467729451505e+01,-3.974314733013e-08,-4.344998270017e-01,2.470631967951e+01,2.423061570846e-08,4.193558390216e-01,2.902516445509e-02,6.397376303859e-08
"                 564",-8.538871750419e-01,2.467811785774e+01,-3.888187524437e-08,-4.345215129370e-01,2.470713900104e+01,1.466415279757e-08,4.193656621049e-01,2.902114330277e-02,5.354602804194e-08
"                 565",-8.539179510635e-01,2.467889746504e+01,-3.810930780632e-08,-4.345427606909e-01,2.470791490719e+01,5.467025949490e-09,4.193751903726e-01,2.901744214234e-02,4.357633375581e-08
"                 566",-8.539474360934e-01,2.467969507318e+01,-3.735479079475e-08,-4.345629850524e-01,2.470870921546e+01,-4.465088029637e-09,4.193844510410e-01,2.901414227900e-02,3.288970276511e-08
"                 567",-8.539747573812e-01,2.468055684302e+01,-3.641775415322e-08,-4.345813640209e-01,2.470956792211e+01,-1.189553906877e-08,4.193933933602e-01,2.901107909004e-02,2.452221508445e-08
"                 568",-8.539996573108e-01,2.468148214481e+01,-3.525286601626e-08,-4.345976832143e-01,2.471049018788e+01,-1.923844261158e-08,4.194019740965e-01,2.900804306556e-02,1.601442340467e-08
"                 569",-8.540240783765e-01,2.468245117166e+01,-3.401093369541e-08,-4.346138010766e-01,2.471145624423e+01,-2.723264920548e-08,4.194102772999e-01,2.900507257373e-02,6.778284489931e-09
"                 570",-8.540500550262e-01,2.468344777782e+01,-3.284846999119e-08,-4.346316213122e-01,2.471245004875e+01,-3.493638959940e-08,4.194184337140e-01,2.900227092979e-02,-2.087919608217e-09
"                 571",-8.540776196641e-01,2.468444797682e+01,-3.181330125850e-08,-4.346510417627e-01,2.471344766127e+01,-4.152754455688e-08,4.194265779014e-01,2.899968444740e-02,-9.714243298384e-09
"                 572",-8.541042217282e-01,2.468540470427e+01,-3.082265343314e-08,-4.346693997561e-01,2.471440195728e+01,-4.792933101594e-08,4.194348219721e-01,2.899725300830e-02,-1.710667758280e-08
"                 573",-8.541271537077e-01,2.468626833399e+01,-2.959680316070e-08,-4.346838321587e-01,2.471526335784e+01,-5.446868209469e-08,4.194433215489e-01,2.899502385317e-02,-2.487187893400e-08
"                 574",-8.541473877628e-01,2.468710700122e+01,-2.820073472174e-08,-4.346950689028e-01,2.471610016647e+01,-6.184075529847e-08,4.194523188601e-01,2.899316525109e-02,-3.364002057673e-08
"                 575",-8.541660350713e-01,2.468799745106e+01,-2.687305062377e-08,-4.347040234109e-01,2.471698925392e+01,-6.688085755635e-08,4.194620116604e-01,2.899180286292e-02,-4.000780693258e-08
"                 576",-8.541843251347e-01,2.468894394728e+01,-2.562702548706e-08,-4.347120663470e-01,2.471793461863e+01,-7.700981238321e-08,4.194722587876e-01,2.899067135526e-02,-5.138278689615e-08
"                 577",-8.542009222266e-01,2.468986007766e+01,-2.429409350776e-08,-4.347184626942e-01,2.471884914137e+01,-8.255130087000e-08,4.194824595325e-01,2.898906371520e-02,-5.825720736224e-08
"                 578",-8.542155007032e-01,2.469063563779e+01,-2.275515149869e-08,-4.347230189459e-01,2.471962254026e+01,-9.051514096711e-08,4.194924817573e-01,2.898690246622e-02,-6.775998946841e-08
"                 579",-8.542307624173e-01,2.469125814169e+01,-2.114574010183e-08,-4.347283836184e-01,2.472024254510e+01,-9.510610461602e-08,4.195023787990e-01,2.898440340709e-02,-7.396036451418e-08
"                 580",-8.542453972929e-01,2.469181730082e+01,-1.954956829477e-08,-4.347335978600e-01,2.472079861084e+01,-1.016209290993e-07,4.195117994329e-01,2.898131001680e-02,-8.207136080454e-08
"                 581",-8.542584032895e-01,2.469242431645e+01,-1.802811077338e-08,-4.347376443395e-01,2.472140230331e+01,-1.110721509080e-07,4.195207589500e-01,2.897798685896e-02,-9.304404013467e-08
"                 582",-8.542738508532e-01,2.469310864203e+01,-1.654054780131e-08,-4.347444869251e-01,2.472208342745e+01,-1.192011270768e-07,4.195293639281e-01,2.897478542105e-02,-1.026605792755e-07
"                 583",-8.542945466475e-01,2.469380475057e+01,-1.496747162426e-08,-4.347569132808e-01,2.472277644457e+01,-1.293175970342e-07,4.195376333667e-01,2.897169400198e-02,-1.143501254099e-07
"                 584",-8.543194832485e-01,2.469448479135e+01,-1.333668622334e-08,-4.347738070114e-01,2.472345363870e+01,-1.409495712782e-07,4.195456762371e-01,2.896884734986e-02,-1.276128850548e-07
"                 585",-8.543446425306e-01,2.469510870424e+01,-1.174666144380e-08,-4.347910238153e-01,2.472407497807e+01,-1.539332597481e-07,4.195536187153e-01,2.896627383563e-02,-1.421865983043e-07
"                 586",-8.543670449992e-01,2.469570654886e+01,-1.018061197836e-08,-4.348054205284e-01,2.472467056577e+01,-1.664548760466e-07,4.195616244707e-01,2.896401690526e-02,-1.562742640682e-07
"                 587",-8.543857503343e-01,2.469635410534e+01,-8.574378069678e-09,-4.348160272290e-01,2.472531606320e+01,-1.735413870527e-07,4.195697231053e-01,2.896195786392e-02,-1.649670089830e-07
"                 588",-8.543996885295e-01,2.469709139841e+01,-6.996750415200e-09,-4.348218720430e-01,2.472605131548e+01,-1.780406270135e-07,4.195778164865e-01,2.895991706889e-02,-1.710438765983e-07
"                 589",-8.544130007236e-01,2.469790412766e+01,-5.511877399908e-09,-4.348270433816e-01,2.472686225984e+01,-1.814406760874e-07,4.195859573421e-01,2.895813217673e-02,-1.759287986875e-07
"                 590",-8.544311289823e-01,2.469874503417e+01,-4.120772106270e-09,-4.348369408199e-01,2.472770176587e+01,-1.835423662718e-07,4.195941881624e-01,2.895673170135e-02,-1.794215941655e-07
"                 591",-8.544553867152e-01,2.469955035978e+01,-2.670129890307e-09,-4.348528349502e-01,2.472850607077e+01,-1.837775556300e-07,4.196025517650e-01,2.895571098381e-02,-1.811074257397e-07
"                 592",-8.544832848346e-01,2.470026574150e+01,-1.101131504864e-09,-4.348721726606e-01,2.472922075105e+01,-1.833242254150e-07,4.196111121740e-01,2.895500954656e-02,-1.822230939101e-07
"                 593",-8.545132836065e-01,2.470093140006e+01,3.894983020550e-10,-4.348932847916e-01,2.472988606453e+01,-1.836933164363e-07,4.196199988149e-01,2.895466446129e-02,-1.840828147383e-07
"                 594",-8.545455393189e-01,2.470158911159e+01,2.035736183560e-09,-4.349161099267e-01,2.473054404504e+01,-1.831478760988e-07,4.196294293922e-01,2.895493344607e-02,-1.851836122824e-07
"                 595",-8.545808979162e-01,2.470222792858e+01,3.627298822459e-09,-4.349413962382e-01,2.473118384711e+01,-1.843714016413e-07,4.196395016780e-01,2.895591853411e-02,-1.879987004638e-07
"                 596",-8.546200653391e-01,2.470285761431e+01,4.969936926102e-09,-4.349702751524e-01,2.473181476990e+01,-1.845751597084e-07,4.196497901867e-01,2.895715559179e-02,-1.895450966345e-07
"                 597",-8.546583551013e-01,2.470343370730e+01,6.269379005583e-09,-4.349987151318e-01,2.473239158364e+01,-1.877605456729e-07,4.196596399695e-01,2.895787634147e-02,-1.940299246785e-07
"                 598",-8.546955200336e-01,2.470390194927e+01,7.718232076722e-09,-4.350264593220e-01,2.473286012197e+01,-1.938717779877e-07,4.196690607116e-01,2.895817270417e-02,-2.015900100644e-07
"                 599",-8.547325293511e-01,2.470430386521e+01,9.333689838007e-09,-4.350547713695e-01,2.473326153992e+01,-2.023268506727e-07,4.196777579816e-01,2.895767470421e-02,-2.116605405107e-07
"                 600",-8.547705883121e-01,2.470471300441e+01,1.096396747666e-08,-4.350848656814e-01,2.473366956566e+01,-2.137179610539e-07,4.196857226307e-01,2.895656124178e-02,-2.246819285305e-07
"                 601",-8.548113088886e-01,2.470515988946e+01,1.227127774017e-08,-4.351181350079e-01,2.473411521303e+01,-2.294326641363e-07,4.196931738808e-01,2.895532356583e-02,-2.417039418765e-07
"                 602",-8.548535198262e-01,2.470559843591e+01,1.325792651560e-08,-4.351533446325e-01,2.473455240682e+01,-2.444348766947e-07,4.197001751936e-01,2.895397090668e-02,-2.576928032103e-07
"                 603",-8.548941735771e-01,2.470604067520e+01,1.416994346732e-08,-4.351873679998e-01,2.473499302788e+01,-2.564313571827e-07,4.197068055773e-01,2.895235267995e-02,-2.706013006501e-07
"                 604",-8.549314893998e-01,2.470656570416e+01,1.517170549283e-08,-4.352183261609e-01,2.473551626279e+01,-2.676728715728e-07,4.197131632389e-01,2.895055862514e-02,-2.828445770657e-07
"                 605",-8.549648031431e-01,2.470711370740e+01,1.617762777975e-08,-4.352454636506e-01,2.473606240586e+01,-2.791937148321e-07,4.197193394925e-01,2.894869845971e-02,-2.953713426119e-07
"                 606",-8.549963376509e-01,2.470764947605e+01,1.706690044618e-08,-4.352709513241e-01,2.473659635114e+01,-2.940513146565e-07,4.197253863268e-01,2.894687509235e-02,-3.111182151027e-07
"                 607",-8.550254184428e-01,2.470820368871e+01,1.782223677238e-08,-4.352941807557e-01,2.473714874251e+01,-3.114150363300e-07,4.197312376871e-01,2.894505379942e-02,-3.292372731024e-07
"                 608",-8.550499457611e-01,2.470882281220e+01,1.849829116802e-08,-4.353131341088e-01,2.473776595234e+01,-3.303398442330e-07,4.197368116522e-01,2.894314014312e-02,-3.488381354010e-07
"                 609",-8.550692306447e-01,2.470950308956e+01,1.916678697031e-08,-4.353272072089e-01,2.473844410067e+01,-3.462030304308e-07,4.197420234358e-01,2.894101111447e-02,-3.653698174011e-07
"                 610",-8.550867849569e-01,2.471021111535e+01,1.984711796060e-08,-4.353398713932e-01,2.473914992900e+01,-3.561790015529e-07,4.197469135636e-01,2.893881364192e-02,-3.760261195135e-07
"                 611",-8.551066538969e-01,2.471089792206e+01,2.049667452111e-08,-4.353551100910e-01,2.473983466253e+01,-3.640223473239e-07,4.197515438059e-01,2.893674046173e-02,-3.845190218450e-07
"                 612",-8.551295799519e-01,2.471149152735e+01,2.103916400503e-08,-4.353736086392e-01,2.474042644999e+01,-3.705660207992e-07,4.197559713127e-01,2.893492264408e-02,-3.916051848042e-07
"                 613",-8.551536930780e-01,2.471197738087e+01,2.158700614901e-08,-4.353933337137e-01,2.474091089188e+01,-3.747543340553e-07,4.197603593643e-01,2.893351100977e-02,-3.963413402043e-07
"                 614",-8.551760300026e-01,2.471237370453e+01,2.218068725301e-08,-4.354110585064e-01,2.474130647370e+01,-3.791825907034e-07,4.197649714962e-01,2.893276917485e-02,-4.013632779564e-07
"                 615",-8.551964221508e-01,2.471275846176e+01,2.269936843189e-08,-4.354265389969e-01,2.474169118886e+01,-3.844950555878e-07,4.197698831540e-01,2.893272709828e-02,-4.071944240196e-07
"                 616",-8.552154233172e-01,2.471320286400e+01,2.299436482078e-08,-4.354407948978e-01,2.474213568091e+01,-3.900789383793e-07,4.197746284193e-01,2.893281691852e-02,-4.130733032001e-07
"                 617",-8.552327834401e-01,2.471367024173e+01,2.303567388438e-08,-4.354538329139e-01,2.474260277515e+01,-3.936989941156e-07,4.197789505261e-01,2.893253342050e-02,-4.167346680000e-07
"                 618",-8.552501220275e-01,2.471410193703e+01,2.295701351130e-08,-4.354671033171e-01,2.474303393464e+01,-3.948018435184e-07,4.197830187103e-01,2.893199760801e-02,-4.177588570297e-07
"                 619",-8.552667126921e-01,2.471443600809e+01,2.293080087328e-08,-4.354800553540e-01,2.474336688502e+01,-3.927262506543e-07,4.197866573381e-01,2.893087693274e-02,-4.156570515276e-07
"                 620",-8.552812353993e-01,2.471470239692e+01,2.301972388274e-08,-4.354916136902e-01,2.474363124208e+01,-3.874952690077e-07,4.197896217091e-01,2.892884516246e-02,-4.105149928905e-07
"                 621",-8.552941231645e-01,2.471499677466e+01,2.324646185824e-08,-4.355020860110e-01,2.474392290252e+01,-3.800657646994e-07,4.197920371536e-01,2.892612786445e-02,-4.033122265576e-07
"                 622",-8.553063891063e-01,2.471538660306e+01,2.351190222586e-08,-4.355124229094e-01,2.474430949851e+01,-3.711292086230e-07,4.197939661969e-01,2.892289545175e-02,-3.946411108488e-07
"                 623",-8.553185119377e-01,2.471580756351e+01,2.371669201373e-08,-4.355230392482e-01,2.474472689771e+01,-3.608081788110e-07,4.197954726895e-01,2.891933419640e-02,-3.845248708248e-07
"                 624",-8.553323451250e-01,2.471615215450e+01,2.382625663690e-08,-4.355356159343e-01,2.474506801899e+01,-3.505953443791e-07,4.197967291908e-01,2.891586448864e-02,-3.744216010160e-07
"                 625",-8.553472527718e-01,2.471643035479e+01,2.373494566885e-08,-4.355493391619e-01,2.474534308352e+01,-3.413432484347e-07,4.197979136099e-01,2.891272873121e-02,-3.650781941036e-07
"                 626",-8.553597154651e-01,2.471675959914e+01,2.341061655454e-08,-4.355605495508e-01,2.474566978539e+01,-3.321750870030e-07,4.197991659143e-01,2.891018625365e-02,-3.555857035576e-07
"                 627",-8.553664019057e-01,2.471721909831e+01,2.286305932282e-08,-4.355658438324e-01,2.474612751829e+01,-3.237349989947e-07,4.198005580733e-01,2.890841998310e-02,-3.465980583175e-07
"                 628",-8.553692449106e-01,2.471777451238e+01,2.221276039363e-08,-4.355671234050e-01,2.474668197864e+01,-3.164440084006e-07,4.198021215056e-01,2.890746625853e-02,-3.386567687942e-07
"                 629",-8.553729747277e-01,2.471829540065e+01,2.156587818831e-08,-4.355689728230e-01,2.474720277057e+01,-3.092989656188e-07,4.198040019047e-01,2.890736991263e-02,-3.308648438071e-07
"                 630",-8.553819260914e-01,2.471874173526e+01,2.104046280085e-08,-4.355754528891e-01,2.474765007104e+01,-3.026648834002e-07,4.198064732023e-01,2.890833578345e-02,-3.237053462011e-07
"                 631",-8.553954260807e-01,2.471916201035e+01,2.063544486814e-08,-4.355856702187e-01,2.474807245007e+01,-2.988066103651e-07,4.198097558620e-01,2.891043972170e-02,-3.194420552333e-07
"                 632",-8.554100179795e-01,2.471961080891e+01,2.025057122293e-08,-4.355963438975e-01,2.474852400906e+01,-2.895374266973e-07,4.198136740820e-01,2.891320014489e-02,-3.097879979203e-07
"                 633",-8.554201810714e-01,2.471997220403e+01,1.987070283991e-08,-4.356027738935e-01,2.474888773437e+01,-2.799281755479e-07,4.198174071780e-01,2.891553033849e-02,-2.997988783878e-07
"                 634",-8.554275999985e-01,2.472011529777e+01,1.924575973978e-08,-4.356068337814e-01,2.474903194503e+01,-2.743889325937e-07,4.198207662172e-01,2.891664725975e-02,-2.936346923335e-07
"                 635",-8.554346319643e-01,2.472008762649e+01,1.835546162265e-08,-4.356112545867e-01,2.474900344197e+01,-2.668121540278e-07,4.198233773776e-01,2.891581547626e-02,-2.851676156505e-07
"                 636",-8.554427053384e-01,2.472008477182e+01,1.742777597910e-08,-4.356173033518e-01,2.474899836790e+01,-2.530047909122e-07,4.198254019866e-01,2.891359608559e-02,-2.704325668913e-07
"                 637",-8.554535248599e-01,2.472024486061e+01,1.664996923008e-08,-4.356264843705e-01,2.474915578208e+01,-2.329058392994e-07,4.198270404894e-01,2.891092147344e-02,-2.495558085295e-07
"                 638",-8.554684775334e-01,2.472054514303e+01,1.600798368358e-08,-4.356400968198e-01,2.474945336870e+01,-2.116595254183e-07,4.198283807135e-01,2.890822566826e-02,-2.276675091019e-07
"                 639",-8.554877366661e-01,2.472092962516e+01,1.532931611517e-08,-4.356582752065e-01,2.474983527578e+01,-1.934372914094e-07,4.198294614596e-01,2.890565062244e-02,-2.087666075246e-07
"                 640",-8.555096524941e-01,2.472128009124e+01,1.466671050223e-08,-4.356791901881e-01,2.475018338936e+01,-1.796264568237e-07,4.198304623060e-01,2.890329811569e-02,-1.942931673259e-07
"                 641",-8.555299224773e-01,2.472155078874e+01,1.388338988714e-08,-4.356985206119e-01,2.475045187423e+01,-1.681235326884e-07,4.198314018654e-01,2.890108549502e-02,-1.820069225755e-07
"                 642",-8.555433261151e-01,2.472182304612e+01,1.301409516050e-08,-4.357110652901e-01,2.475072205415e+01,-1.579726577016e-07,4.198322608250e-01,2.889900803442e-02,-1.709867528621e-07
"                 643",-8.555456977495e-01,2.472211547939e+01,1.215823230835e-08,-4.357126096729e-01,2.475101268276e+01,-1.483762109448e-07,4.198330880765e-01,2.889720336357e-02,-1.605344432532e-07
"                 644",-8.555411128131e-01,2.472244188279e+01,1.151915749228e-08,-4.357070918433e-01,2.475133787022e+01,-1.403290550030e-07,4.198340209699e-01,2.889598742447e-02,-1.518482124953e-07
"                 645",-8.555381525813e-01,2.472279478986e+01,1.117029625680e-08,-4.357028366643e-01,2.475169061915e+01,-1.345290894729e-07,4.198353159171e-01,2.889582929491e-02,-1.456993857297e-07
"                 646",-8.555435489837e-01,2.472317077549e+01,1.104284998685e-08,-4.357063200762e-01,2.475206784862e+01,-1.305663372584e-07,4.198372289075e-01,2.889707313594e-02,-1.416091872452e-07
"                 647",-8.555583672608e-01,2.472356946610e+01,1.099011903146e-08,-4.357184247695e-01,2.475246926059e+01,-1.245445619346e-07,4.198399424913e-01,2.889979449379e-02,-1.355346809661e-07
"                 648",-8.555775573051e-01,2.472397657038e+01,1.091310745247e-08,-4.357344439352e-01,2.475287974895e+01,-1.275548391979e-07,4.198431133700e-01,2.890317856979e-02,-1.384679466504e-07
"                 649",-8.555914985987e-01,2.472428178718e+01,1.087957049733e-08,-4.357455304065e-01,2.475318778406e+01,-1.312277739031e-07,4.198459681922e-01,2.890599687814e-02,-1.421073444005e-07
"                 650",-8.556006875497e-01,2.472439234892e+01,1.088719458190e-08,-4.357521116278e-01,2.475330037579e+01,-1.299355122278e-07,4.198485759218e-01,2.890802686894e-02,-1.408227068097e-07
"                 651",-8.556107976757e-01,2.472439283632e+01,1.087561442263e-08,-4.357600247542e-01,2.475330175725e+01,-1.302692794492e-07,4.198507729214e-01,2.890892093007e-02,-1.411448938718e-07
"                 652",-8.556253647652e-01,2.472443783746e+01,1.084677134769e-08,-4.357728712710e-01,2.475334665460e+01,-1.329051647882e-07,4.198524934942e-01,2.890881713525e-02,-1.437519361359e-07
"                 653",-8.556439867452e-01,2.472454535888e+01,1.079974469095e-08,-4.357901719363e-01,2.475345342282e+01,-1.386550045556e-07,4.198538148088e-01,2.890806393662e-02,-1.494547492466e-07
"                 654",-8.556656385050e-01,2.472466815499e+01,1.081125573197e-08,-4.358107651061e-01,2.475357520711e+01,-1.473463631849e-07,4.198548733989e-01,2.890705211999e-02,-1.581576189169e-07
"                 655",-8.556889394317e-01,2.472484746937e+01,1.102333304469e-08,-4.358330850968e-01,2.475375366173e+01,-1.577660476222e-07,4.198558543350e-01,2.890619235618e-02,-1.687893806669e-07
"                 656",-8.557125197670e-01,2.472505353659e+01,1.150449907027e-08,-4.358556072265e-01,2.475395921463e+01,-1.671491416759e-07,4.198569125406e-01,2.890567804262e-02,-1.786536407461e-07
"                 657",-8.557358158960e-01,2.472523217405e+01,1.199908983483e-08,-4.358776837268e-01,2.475413770725e+01,-1.758280621092e-07,4.198581321692e-01,2.890553320351e-02,-1.878271519440e-07
"                 658",-8.557568408003e-01,2.472543652046e+01,1.233462866534e-08,-4.358973930377e-01,2.475434221119e+01,-1.872196584497e-07,4.198594477626e-01,2.890569073629e-02,-1.995542871150e-07
"                 659",-8.557729521559e-01,2.472576876655e+01,1.255553960816e-08,-4.359121938911e-01,2.475467484828e+01,-1.988327278405e-07,4.198607582648e-01,2.890608173031e-02,-2.113882674487e-07
"                 660",-8.557838565740e-01,2.472624805779e+01,1.282212223311e-08,-4.359218476254e-01,2.475515473666e+01,-2.084880463321e-07,4.198620089486e-01,2.890667887202e-02,-2.213101685652e-07
"                 661",-8.557939381229e-01,2.472679501153e+01,1.321635839210e-08,-4.359307382264e-01,2.475570256914e+01,-2.144473061757e-07,4.198631998965e-01,2.890755760323e-02,-2.276636645678e-07
"                 662",-8.558082763802e-01,2.472727764850e+01,1.374363884342e-08,-4.359439136366e-01,2.475618643923e+01,-2.162611947444e-07,4.198643627436e-01,2.890879073320e-02,-2.300048335878e-07
"                 663",-8.558287964455e-01,2.472759120336e+01,1.424052530592e-08,-4.359632061094e-01,2.475650164634e+01,-2.143024050003e-07,4.198655903361e-01,2.891044298479e-02,-2.285429303063e-07
"                 664",-8.558527947938e-01,2.472778934876e+01,1.465778398371e-08,-4.359857417311e-01,2.475670195151e+01,-2.105537486508e-07,4.198670530627e-01,2.891260274691e-02,-2.252115326345e-07
"                 665",-8.558755947560e-01,2.472800101205e+01,1.504157001317e-08,-4.360066163669e-01,2.475691641055e+01,-2.060498410884e-07,4.198689783891e-01,2.891539849762e-02,-2.210914111016e-07
"                 666",-8.558958264202e-01,2.472825700734e+01,1.550577136260e-08,-4.360242821255e-01,2.475717583364e+01,-2.056035411547e-07,4.198715442948e-01,2.891882630741e-02,-2.211093125173e-07
"                 667",-8.559169391828e-01,2.472853641649e+01,1.603577397481e-08,-4.360425096577e-01,2.475745878755e+01,-1.922000816560e-07,4.198744295251e-01,2.892237105899e-02,-2.082358556308e-07
"                 668",-8.559393040812e-01,2.472879083673e+01,1.660040047215e-08,-4.360621351545e-01,2.475771607315e+01,-1.766169807498e-07,4.198771689267e-01,2.892523641585e-02,-1.932173812220e-07
"                 669",-8.559631127192e-01,2.472900950054e+01,1.714982453025e-08,-4.360832758859e-01,2.475793701835e+01,-1.628785040721e-07,4.198798368334e-01,2.892751781123e-02,-1.800283286024e-07
"                 670",-8.559880824190e-01,2.472920901133e+01,1.766941177826e-08,-4.361057342247e-01,2.475813814068e+01,-1.459961884048e-07,4.198823481943e-01,2.892912934778e-02,-1.636656001831e-07
"                 671",-8.560109795325e-01,2.472935079707e+01,1.819258081871e-08,-4.361266354282e-01,2.475828051150e+01,-1.275765291488e-07,4.198843441044e-01,2.892971442829e-02,-1.457691099675e-07
"                 672",-8.560330823537e-01,2.472945818464e+01,1.874597333690e-08,-4.361470990148e-01,2.475838794806e+01,-1.085069064229e-07,4.198859833389e-01,2.892976342103e-02,-1.272528797598e-07
"                 673",-8.560555176721e-01,2.472958645122e+01,1.932135945975e-08,-4.361681783452e-01,2.475851601886e+01,-8.891942145108e-08,4.198873393269e-01,2.892956764010e-02,-1.082407809108e-07
"                 674",-8.560777600165e-01,2.472978326220e+01,1.999304982724e-08,-4.361892778445e-01,2.475871249895e+01,-6.866091565049e-08,4.198884821719e-01,2.892923674453e-02,-8.865396547774e-08
"                 675",-8.560990761265e-01,2.472996322007e+01,2.076043488210e-08,-4.362095735571e-01,2.475889212510e+01,-4.740237075575e-08,4.198895025694e-01,2.892890503413e-02,-6.816280563785e-08
"                 676",-8.561198762242e-01,2.473006226039e+01,2.149347634327e-08,-4.362293932958e-01,2.475899099937e+01,-2.571823918801e-08,4.198904829284e-01,2.892873898268e-02,-4.721171553128e-08
"                 677",-8.561390841742e-01,2.473011938298e+01,2.216005375508e-08,-4.362475922435e-01,2.475904825443e+01,-3.259430068927e-09,4.198914919307e-01,2.892887145146e-02,-2.541948382401e-08
"                 678",-8.561549785483e-01,2.473022996136e+01,2.281303651620e-08,-4.362624651556e-01,2.475915929146e+01,2.082982487453e-08,4.198925133927e-01,2.892933009783e-02,-1.983211641671e-09
"                 679",-8.561668159665e-01,2.473044274979e+01,2.347519238625e-08,-4.362733871166e-01,2.475937273783e+01,4.624657237959e-08,4.198934288499e-01,2.892998804035e-02,2.277137999334e-08
"                 680",-8.561771336957e-01,2.473070976494e+01,2.420577369893e-08,-4.362829337903e-01,2.475964057392e+01,7.365453262533e-08,4.198941999054e-01,2.893080897899e-02,4.944875892641e-08
"                 681",-8.561900562352e-01,2.473097461946e+01,2.495955226583e-08,-4.362952022626e-01,2.475990637861e+01,1.023741283704e-07,4.198948539725e-01,2.893175915763e-02,7.741457610456e-08
"                 682",-8.562079771736e-01,2.473124059206e+01,2.566970905984e-08,-4.363124375159e-01,2.476017355152e+01,1.291539263916e-07,4.198955396576e-01,2.893295945230e-02,1.034842173318e-07
"                 683",-8.562307029898e-01,2.473153533755e+01,2.637689789117e-08,-4.363342274401e-01,2.476047000098e+01,1.567550087491e-07,4.198964755497e-01,2.893466342771e-02,1.303781108579e-07
"                 684",-8.562568849880e-01,2.473185612895e+01,2.713098697050e-08,-4.363590789473e-01,2.476079309001e+01,1.849702756079e-07,4.198978060407e-01,2.893696106190e-02,1.578392886374e-07
"                 685",-8.562863477087e-01,2.473218182307e+01,2.795494619405e-08,-4.363867293733e-01,2.476112153778e+01,2.229761248237e-07,4.198996183353e-01,2.893971471480e-02,1.950211786297e-07
"                 686",-8.563180432571e-01,2.473246415681e+01,2.883327224864e-08,-4.364163696094e-01,2.476140659669e+01,2.465726118357e-07,4.199016736477e-01,2.894243988006e-02,2.177393395870e-07
"                 687",-8.563481005439e-01,2.473266720996e+01,2.966187288180e-08,-4.364445248796e-01,2.476161162464e+01,2.761345233145e-07,4.199035756642e-01,2.894441467948e-02,2.464726504327e-07
"                 688",-8.563767354350e-01,2.473285496189e+01,3.031942505029e-08,-4.364714186040e-01,2.476180053927e+01,3.020814033764e-07,4.199053168310e-01,2.894557738261e-02,2.717619783261e-07
"                 689",-8.564057461004e-01,2.473310066712e+01,3.093236791029e-08,-4.364987194313e-01,2.476204690872e+01,3.356143414201e-07,4.199070266691e-01,2.894624160053e-02,3.046819735098e-07
"                 690",-8.564339979254e-01,2.473337671603e+01,3.159140267925e-08,-4.365254392206e-01,2.476232309410e+01,3.678250892503e-07,4.199085587048e-01,2.894637806696e-02,3.362336865711e-07
"                 691",-8.564629307823e-01,2.473361925971e+01,3.236177372728e-08,-4.365532816964e-01,2.476256507080e+01,3.991859970405e-07,4.199096490859e-01,2.894581108331e-02,3.668242233132e-07
"                 692",-8.564925967191e-01,2.473377887878e+01,3.310964050196e-08,-4.365822302577e-01,2.476272374110e+01,4.298087020863e-07,4.199103664615e-01,2.894486231416e-02,3.966990615844e-07
"                 693",-8.565205364521e-01,2.473387855836e+01,3.383403905542e-08,-4.366097246172e-01,2.476282240056e+01,4.617009244569e-07,4.199108118349e-01,2.894384219863e-02,4.278668854015e-07
"                 694",-8.565443011938e-01,2.473395150067e+01,3.452059944653e-08,-4.366332617619e-01,2.476289439965e+01,4.904686015901e-07,4.199110394319e-01,2.894289898555e-02,4.559480021436e-07
"                 695",-8.565636571721e-01,2.473399807584e+01,3.517300778142e-08,-4.366525619263e-01,2.476294016274e+01,5.160664054471e-07,4.199110952458e-01,2.894208690139e-02,4.808933976656e-07
"                 696",-8.565812363219e-01,2.473402794860e+01,3.582670439253e-08,-4.366702361575e-01,2.476296940916e+01,5.381042075660e-07,4.199110001644e-01,2.894146056377e-02,5.022775031735e-07
"                 697",-8.565999040373e-01,2.473407536812e+01,3.652408250415e-08,-4.366890882505e-01,2.476301649734e+01,5.572714654856e-07,4.199108157867e-01,2.894112921955e-02,5.207473829815e-07
"                 698",-8.566187297394e-01,2.473416337324e+01,3.717702853131e-08,-4.367080747105e-01,2.476310449876e+01,5.772164488226e-07,4.199106550290e-01,2.894112552703e-02,5.400394202913e-07
"                 699",-8.566363703694e-01,2.473431774605e+01,3.781380166883e-08,-4.367257535741e-01,2.476325911313e+01,5.964539599270e-07,4.199106167953e-01,2.894136707634e-02,5.586401582582e-07
"                 700",-8.566536977463e-01,2.473452965167e+01,3.856335914071e-08,-4.367429167651e-01,2.476347133852e+01,6.148232903395e-07,4.199107809812e-01,2.894168685360e-02,5.762599311988e-07
"                 701",-8.566733406983e-01,2.473475487734e+01,3.937604079381e-08,-4.367621067886e-01,2.476369695670e+01,6.312222248604e-07,4.199112339097e-01,2.894207935986e-02,5.918461840666e-07
"                 702",-8.566940968193e-01,2.473493630534e+01,4.015012085176e-08,-4.367821037784e-01,2.476387885861e+01,6.456112056394e-07,4.199119930409e-01,2.894255326981e-02,6.054610847877e-07
"                 703",-8.567120510370e-01,2.473504456222e+01,4.041110703457e-08,-4.367989876879e-01,2.476398772658e+01,6.593949969444e-07,4.199130633491e-01,2.894316435013e-02,6.189838899098e-07
"                 704",-8.567261874906e-01,2.473510754646e+01,4.031750874458e-08,-4.368117419320e-01,2.476405152464e+01,6.730699692701e-07,4.199144455586e-01,2.894397818556e-02,6.327524605256e-07
"                 705",-8.567397316196e-01,2.473517624246e+01,4.022737528850e-08,-4.368235504499e-01,2.476412122892e+01,6.871454848069e-07,4.199161811698e-01,2.894498645888e-02,6.469181095184e-07
"                 706",-8.567547842955e-01,2.473525622275e+01,4.062449696022e-08,-4.368364852502e-01,2.476420239926e+01,6.999145120249e-07,4.199182990454e-01,2.894617651197e-02,6.592900150647e-07
"                 707",-8.567711680387e-01,2.473532938626e+01,4.143897569610e-08,-4.368503299612e-01,2.476427698610e+01,7.044208662201e-07,4.199208380775e-01,2.894759984631e-02,6.629818905240e-07
"                 708",-8.567863898453e-01,2.473537870630e+01,4.232274179238e-08,-4.368625282131e-01,2.476432806403e+01,6.880766098837e-07,4.199238616322e-01,2.894935773585e-02,6.457538680913e-07
"                 709",-8.567997613382e-01,2.473541071028e+01,4.307347739326e-08,-4.368724203831e-01,2.476436214623e+01,6.601341993273e-07,4.199273409551e-01,2.895143595862e-02,6.170607219340e-07
"                 710",-8.568114010826e-01,2.473543240070e+01,4.376450189531e-08,-4.368802883154e-01,2.476438603559e+01,6.302826229034e-07,4.199311127672e-01,2.895363488502e-02,5.865181210081e-07
"                 711",-8.568243316957e-01,2.473546391442e+01,4.451645682469e-08,-4.368892847043e-01,2.476441973083e+01,6.017203332712e-07,4.199350469913e-01,2.895581640238e-02,5.572038764465e-07
"                 712",-8.568387910181e-01,2.473550283211e+01,4.527089929862e-08,-4.368997587573e-01,2.476446067944e+01,5.792331175986e-07,4.199390322608e-01,2.895784732827e-02,5.339622182999e-07
"                 713",-8.568509169010e-01,2.473554378876e+01,4.584837710838e-08,-4.369078981790e-01,2.476450341579e+01,5.589600828448e-07,4.199430187220e-01,2.895962703360e-02,5.131117057364e-07
"                 714",-8.568608461409e-01,2.473564396554e+01,4.622060680936e-08,-4.369140592976e-01,2.476460452016e+01,5.406767157411e-07,4.199467868433e-01,2.896055462117e-02,4.944561089318e-07
"                 715",-8.568674348164e-01,2.473580136083e+01,4.668206907858e-08,-4.369174472074e-01,2.476476109912e+01,5.277843560423e-07,4.199499876090e-01,2.895973828811e-02,4.811022869637e-07
"                 716",-8.568584174710e-01,2.473584477666e+01,4.721494005670e-08,-4.369058358225e-01,2.476480202268e+01,5.222453893657e-07,4.199525816485e-01,2.895724602767e-02,4.750304493090e-07
"                 717",-8.568291364910e-01,2.473566966921e+01,4.754999589578e-08,-4.368742940482e-01,2.476462373735e+01,5.296259631332e-07,4.199548424428e-01,2.895406814447e-02,4.820759672374e-07
"                 718",-8.568011607208e-01,2.473545711196e+01,4.767057775532e-08,-4.368438804604e-01,2.476440890827e+01,5.845351790713e-07,4.199572802605e-01,2.895179631631e-02,5.368646013159e-07
"                 719",-8.567877741013e-01,2.473535801996e+01,4.766668524475e-08,-4.368274069028e-01,2.476430935693e+01,6.373660156876e-07,4.199603671986e-01,2.895133697322e-02,5.896993304428e-07
"                 720",-8.567751429188e-01,2.473526729179e+01,4.785850029718e-08,-4.368107216027e-01,2.476421995115e+01,7.021889172656e-07,4.199644213161e-01,2.895265935919e-02,6.543304169684e-07
"                 721",-8.567582721955e-01,2.473511174515e+01,4.829514604372e-08,-4.367886198089e-01,2.476406757206e+01,7.800274377865e-07,4.199696523866e-01,2.895582691492e-02,7.317322917428e-07
"                 722",-8.567485485845e-01,2.473499677931e+01,4.861081610125e-08,-4.367732242332e-01,2.476395546099e+01,8.003616386590e-07,4.199753243513e-01,2.895868168257e-02,7.517508225577e-07
"                 723",-8.567494407213e-01,2.473498157397e+01,4.855927460169e-08,-4.367687615858e-01,2.476394141103e+01,8.267263129658e-07,4.199806791354e-01,2.895983706129e-02,7.781670383642e-07
"                 724",-8.567582172076e-01,2.473498665428e+01,4.842978658796e-08,-4.367726715220e-01,2.476394671023e+01,8.504726588104e-07,4.199855456856e-01,2.896005595621e-02,8.020428722224e-07
"                 725",-8.567713809553e-01,2.473486089196e+01,4.821161972301e-08,-4.367813292857e-01,2.476382128938e+01,8.686374684712e-07,4.199900516695e-01,2.896039741955e-02,8.204258487482e-07
"                 726",-8.567812689169e-01,2.473451238922e+01,4.800234209479e-08,-4.367869323402e-01,2.476347386574e+01,8.771432699541e-07,4.199943365767e-01,2.896147652274e-02,8.291409278593e-07
"                 727",-8.567870134050e-01,2.473414143754e+01,4.774333174749e-08,-4.367888891964e-01,2.476310441322e+01,8.941242283197e-07,4.199981242086e-01,2.896297568396e-02,8.463808965722e-07
"                 728",-8.567911263213e-01,2.473406578551e+01,4.781310812344e-08,-4.367902619014e-01,2.476302946347e+01,8.992766723259e-07,4.200008644200e-01,2.896367796100e-02,8.514635642025e-07
"                 729",-8.567928644464e-01,2.473434716821e+01,4.846761987102e-08,-4.367904618949e-01,2.476330992034e+01,9.104507298851e-07,4.200024025515e-01,2.896275212907e-02,8.619831100141e-07
"                 730",-8.567987703329e-01,2.473478031599e+01,4.977343385240e-08,-4.367954328386e-01,2.476374146443e+01,9.113997252889e-07,4.200033374943e-01,2.896114844541e-02,8.616262914365e-07
"                 731",-8.568150905130e-01,2.473512091713e+01,5.108347916003e-08,-4.368108628936e-01,2.476408065087e+01,8.874674955164e-07,4.200042276194e-01,2.895973373786e-02,8.363840163564e-07
"                 732",-8.568398244079e-01,2.473530044636e+01,5.196570631202e-08,-4.368343204472e-01,2.476425944470e+01,8.742108517694e-07,4.200055039607e-01,2.895899833735e-02,8.222451454574e-07
"                 733",-8.568617432331e-01,2.473538199922e+01,5.250810089460e-08,-4.368543672808e-01,2.476434100891e+01,8.483511768156e-07,4.200073759523e-01,2.895900968785e-02,7.958430759210e-07
"                 734",-8.568670281275e-01,2.473541574835e+01,5.297734977792e-08,-4.368571448178e-01,2.476437516442e+01,8.316709276483e-07,4.200098833096e-01,2.895941607131e-02,7.786935778704e-07
"                 735",-8.568547332566e-01,2.473549840525e+01,5.341893779637e-08,-4.368418119057e-01,2.476445857780e+01,8.054864983999e-07,4.200129213509e-01,2.896017254255e-02,7.520675606035e-07
"                 736",-8.568371919544e-01,2.473570866888e+01,5.416357320450e-08,-4.368211961064e-01,2.476466984930e+01,7.773348004210e-07,4.200159958480e-01,2.896118041688e-02,7.231712272165e-07
"                 737",-8.568281509486e-01,2.473591477176e+01,5.537061104041e-08,-4.368095337724e-01,2.476487691998e+01,7.602619963211e-07,4.200186171762e-01,2.896214822253e-02,7.048913852807e-07
"                 738",-8.568365019668e-01,2.473598757956e+01,5.608765387593e-08,-4.368156528138e-01,2.476495080380e+01,7.327850069608e-07,4.200208491530e-01,2.896322424352e-02,6.766973530849e-07
"                 739",-8.568607271970e-01,2.473596485150e+01,5.608255369185e-08,-4.368379446378e-01,2.476492950727e+01,7.059066387438e-07,4.200227825592e-01,2.896465576137e-02,6.498240850519e-07
"                 740",-8.568882841512e-01,2.473589132685e+01,5.594158018325e-08,-4.368639208598e-01,2.476485779508e+01,6.858203140117e-07,4.200243632914e-01,2.896646822941e-02,6.298787338284e-07
"                 741",-8.569079116704e-01,2.473578726504e+01,5.596589507923e-08,-4.368824217481e-01,2.476475561004e+01,6.505033325249e-07,4.200254899223e-01,2.896834499711e-02,5.945374374457e-07
"                 742",-8.569180306673e-01,2.473570687900e+01,5.617233978188e-08,-4.368917906281e-01,2.476467704255e+01,6.077429250047e-07,4.200262400392e-01,2.897016355006e-02,5.515705852228e-07
"                 743",-8.569233589282e-01,2.473573934219e+01,5.640143994026e-08,-4.368966286802e-01,2.476471117003e+01,5.683127257504e-07,4.200267302480e-01,2.897182783810e-02,5.119112858102e-07
"                 744",-8.569263659253e-01,2.473597825217e+01,5.657032433219e-08,-4.368996126511e-01,2.476495106884e+01,5.449780553371e-07,4.200267532742e-01,2.897281667324e-02,4.884077310049e-07
"                 745",-8.569270901836e-01,2.473642282498e+01,5.710761956091e-08,-4.369011473470e-01,2.476539547713e+01,5.311330269534e-07,4.200259428366e-01,2.897265214836e-02,4.740254073925e-07
"                 746",-8.569257655476e-01,2.473689091844e+01,5.804936437369e-08,-4.369018287763e-01,2.476586193799e+01,5.286030965750e-07,4.200239367713e-01,2.897101954618e-02,4.705537322013e-07
"                 747",-8.569252179082e-01,2.473718903565e+01,5.883287046068e-08,-4.369044623249e-01,2.476615730909e+01,5.432269521047e-07,4.200207555833e-01,2.896827343436e-02,4.843940816440e-07
"                 748",-8.569295453215e-01,2.473734572491e+01,5.914701688589e-08,-4.369126343856e-01,2.476631126112e+01,5.702091996387e-07,4.200169109358e-01,2.896553621667e-02,5.110621827528e-07
"                 749",-8.569355219080e-01,2.473749293656e+01,5.922958749402e-08,-4.369227714422e-01,2.476645620335e+01,5.796439246770e-07,4.200127504658e-01,2.896326678247e-02,5.204143371829e-07
"                 750",-8.569368265431e-01,2.473768424774e+01,5.966275151392e-08,-4.369282759275e-01,2.476664568977e+01,5.749544804144e-07,4.200085506156e-01,2.896144203067e-02,5.152917289005e-07
"                 751",-8.569314688615e-01,2.473785036226e+01,6.022138056906e-08,-4.369267808060e-01,2.476681046204e+01,5.700016238311e-07,4.200046880554e-01,2.896009977265e-02,5.097802432620e-07
"                 752",-8.569245833182e-01,2.473794852009e+01,6.035231071938e-08,-4.369228494714e-01,2.476690818868e+01,5.799471043871e-07,4.200017338468e-01,2.895966858718e-02,5.195947936677e-07
"                 753",-8.569216301071e-01,2.473803992995e+01,6.006118181378e-08,-4.369214295144e-01,2.476700060201e+01,6.014623076428e-07,4.200002005926e-01,2.896067206349e-02,5.414011258290e-07
"                 754",-8.569243885494e-01,2.473820095542e+01,5.960387650646e-08,-4.369238538788e-01,2.476716460220e+01,6.305815421322e-07,4.200005346706e-01,2.896364677814e-02,5.709776656257e-07
"                 755",-8.569314987626e-01,2.473842566614e+01,5.937498614539e-08,-4.369289471264e-01,2.476739396279e+01,6.509838859625e-07,4.200025516361e-01,2.896829665219e-02,5.916088998171e-07
"                 756",-8.569363580728e-01,2.473858364037e+01,5.960628842007e-08,-4.369312069290e-01,2.476755649114e+01,6.512175915548e-07,4.200051511438e-01,2.897285076246e-02,5.916113031348e-07
"                 757",-8.569318648040e-01,2.473852705016e+01,6.011636337169e-08,-4.369243822511e-01,2.476750311869e+01,6.892606720144e-07,4.200074825529e-01,2.897606852640e-02,6.291443086427e-07
"                 758",-8.569195537968e-01,2.473828184891e+01,6.009349279390e-08,-4.369098990518e-01,2.476726036200e+01,7.288531214554e-07,4.200096547450e-01,2.897851308614e-02,6.687596286615e-07
"                 759",-8.569084487390e-01,2.473802252998e+01,5.979409831023e-08,-4.368964546411e-01,2.476700352974e+01,7.529716112960e-07,4.200119940980e-01,2.898099976158e-02,6.931775129858e-07
"                 760",-8.569022204379e-01,2.473781206919e+01,5.980089150180e-08,-4.368879486544e-01,2.476679490750e+01,7.726578448359e-07,4.200142717835e-01,2.898283831509e-02,7.128569533341e-07
"                 761",-8.569010519992e-01,2.473761592312e+01,6.030287464827e-08,-4.368847914771e-01,2.476659937306e+01,7.697438382886e-07,4.200162605221e-01,2.898344994411e-02,7.094409636404e-07
"                 762",-8.569038102111e-01,2.473743027584e+01,6.105411877936e-08,-4.368859507844e-01,2.476641315055e+01,7.554483280776e-07,4.200178594267e-01,2.898287470649e-02,6.943942092982e-07
"                 763",-8.569077328139e-01,2.473731696680e+01,6.188612718671e-08,-4.368886647015e-01,2.476629833185e+01,7.380891839862e-07,4.200190681123e-01,2.898136504659e-02,6.762030567995e-07
"                 764",-8.569087024349e-01,2.473733396278e+01,6.251580176448e-08,-4.368887939897e-01,2.476631323906e+01,7.171132693931e-07,4.200199084452e-01,2.897927627520e-02,6.545974676286e-07
"                 765",-8.569056413979e-01,2.473753187424e+01,6.291257082807e-08,-4.368851195860e-01,2.476650902213e+01,6.993891470546e-07,4.200205218119e-01,2.897714788776e-02,6.364765762266e-07
"                 766",-8.569001201074e-01,2.473789005280e+01,6.329271576137e-08,-4.368791707522e-01,2.476686535444e+01,6.798832022420e-07,4.200209493552e-01,2.897530164186e-02,6.165904864806e-07
"                 767",-8.568952713234e-01,2.473835164431e+01,6.358770288340e-08,-4.368740961668e-01,2.476732546144e+01,6.519469082281e-07,4.200211751566e-01,2.897381712347e-02,5.883592053447e-07
"                 768",-8.568932606097e-01,2.473885786782e+01,6.364613592349e-08,-4.368720183377e-01,2.476783056742e+01,6.213202891242e-07,4.200212422719e-01,2.897269959866e-02,5.576741532007e-07
"                 769",-8.568938819922e-01,2.473929107690e+01,6.383712474798e-08,-4.368726081977e-01,2.476826301707e+01,5.916725544770e-07,4.200212737945e-01,2.897194016719e-02,5.278354297290e-07
"                 770",-8.568972216261e-01,2.473958336689e+01,6.384532869750e-08,-4.368756741378e-01,2.476855503508e+01,5.621220130040e-07,4.200215474883e-01,2.897166819298e-02,4.982766843065e-07
"                 771",-8.569027217855e-01,2.473972204459e+01,6.367533735014e-08,-4.368803678945e-01,2.476869412580e+01,5.375978641824e-07,4.200223538911e-01,2.897208120474e-02,4.739225268323e-07
"                 772",-8.569080207035e-01,2.473971051563e+01,6.355925901868e-08,-4.368841968824e-01,2.476868374256e+01,5.206498603670e-07,4.200238238211e-01,2.897322692617e-02,4.570906013483e-07
"                 773",-8.569108166886e-01,2.473951351519e+01,6.332055340534e-08,-4.368849164806e-01,2.476848844721e+01,5.044239056654e-07,4.200259002080e-01,2.897493202167e-02,4.411033522601e-07
"                 774",-8.569110073883e-01,2.473922748563e+01,6.289478606671e-08,-4.368828589789e-01,2.476820403637e+01,4.918108654307e-07,4.200281484094e-01,2.897655074451e-02,4.289160793640e-07
"                 775",-8.569083467386e-01,2.473899678924e+01,6.236493936296e-08,-4.368783086849e-01,2.476797425314e+01,4.907587496809e-07,4.200300380537e-01,2.897746389818e-02,4.283938103179e-07
"                 776",-8.569056040929e-01,2.473890276314e+01,6.196036049261e-08,-4.368741262415e-01,2.476788063109e+01,5.044171738200e-07,4.200314778513e-01,2.897786794956e-02,4.424568133274e-07
"                 777",-8.569064997653e-01,2.473888838057e+01,6.185778600678e-08,-4.368741684363e-01,2.476786629186e+01,5.161779654166e-07,4.200323313291e-01,2.897791128891e-02,4.543201794098e-07
"                 778",-8.569102013582e-01,2.473880328465e+01,6.188024886445e-08,-4.368778543022e-01,2.476778064695e+01,5.275254348655e-07,4.200323470560e-01,2.897736230400e-02,4.656451860010e-07
"                 779",-8.569145706610e-01,2.473862146517e+01,6.148834495356e-08,-4.368827262265e-01,2.476759809635e+01,5.393158940448e-07,4.200318444345e-01,2.897663118802e-02,4.778275490912e-07
"                 780",-8.569185500300e-01,2.473846790867e+01,6.071409398996e-08,-4.368872072041e-01,2.476744413717e+01,5.584029004577e-07,4.200313428259e-01,2.897622849764e-02,4.976888064677e-07
"                 781",-8.569213493421e-01,2.473845841090e+01,5.988784886025e-08,-4.368903097763e-01,2.476743470685e+01,5.765752130760e-07,4.200310395657e-01,2.897629594821e-02,5.166873642158e-07
"                 782",-8.569220781720e-01,2.473858933584e+01,5.918505151919e-08,-4.368912467388e-01,2.476756593746e+01,5.979335716471e-07,4.200308314332e-01,2.897660162211e-02,5.387485201279e-07
"                 783",-8.569209236303e-01,2.473877927071e+01,5.857824663459e-08,-4.368902578604e-01,2.476775616843e+01,6.158682901297e-07,4.200306657699e-01,2.897689771736e-02,5.572900434951e-07
"                 784",-8.569179452692e-01,2.473897161489e+01,5.793695686733e-08,-4.368875432055e-01,2.476794848803e+01,6.314933654649e-07,4.200304020637e-01,2.897687313954e-02,5.735564085976e-07
"                 785",-8.569120735910e-01,2.473917869526e+01,5.727631039872e-08,-4.368820497070e-01,2.476815515368e+01,6.460834005235e-07,4.200300238840e-01,2.897645842639e-02,5.888070901248e-07
"                 786",-8.569024694799e-01,2.473937599567e+01,5.693430771500e-08,-4.368728794755e-01,2.476835192242e+01,6.609042687245e-07,4.200295900044e-01,2.897592675658e-02,6.039699610095e-07
"                 787",-8.568919562503e-01,2.473953661866e+01,5.663684401410e-08,-4.368627489099e-01,2.476851224095e+01,6.743713128992e-07,4.200292073404e-01,2.897562229696e-02,6.177344688850e-07
"                 788",-8.568841239010e-01,2.473969341364e+01,5.633947293798e-08,-4.368552117910e-01,2.476866912620e+01,6.841832865057e-07,4.200289121101e-01,2.897571255493e-02,6.278438135677e-07
"                 789",-8.568795504344e-01,2.473986669423e+01,5.621613288990e-08,-4.368508399152e-01,2.476884291973e+01,6.899936907424e-07,4.200287105192e-01,2.897622549613e-02,6.337775578525e-07
"                 790",-8.568779173111e-01,2.474003424813e+01,5.630859547381e-08,-4.368492545090e-01,2.476901145488e+01,6.918080033214e-07,4.200286628022e-01,2.897720675575e-02,6.354994078476e-07
"                 791",-8.568783196044e-01,2.474011686781e+01,5.663068576330e-08,-4.368494768202e-01,2.476909548242e+01,6.903326390947e-07,4.200288427842e-01,2.897861460591e-02,6.337019533314e-07
"                 792",-8.568803179506e-01,2.474007879278e+01,5.691308082106e-08,-4.368508802774e-01,2.476905930201e+01,6.880041758411e-07,4.200294376732e-01,2.898050923695e-02,6.310910950200e-07
"                 793",-8.568834288980e-01,2.473994996307e+01,5.681289996643e-08,-4.368527233269e-01,2.476893302414e+01,6.825817297313e-07,4.200307055711e-01,2.898306107554e-02,6.257688297649e-07
"                 794",-8.568871655783e-01,2.473984067495e+01,5.648016463258e-08,-4.368543378427e-01,2.476882696386e+01,6.856220256533e-07,4.200328277356e-01,2.898628890402e-02,6.291418610207e-07
"                 795",-8.568902689301e-01,2.473982048809e+01,5.634306916661e-08,-4.368546189448e-01,2.476881034044e+01,6.682934487757e-07,4.200356499854e-01,2.898985235181e-02,6.119503796090e-07
"                 796",-8.568913158995e-01,2.473985666343e+01,5.667782199749e-08,-4.368525790273e-01,2.476884973173e+01,6.484437859838e-07,4.200387368722e-01,2.899306830329e-02,5.917659639863e-07
"                 797",-8.568914948537e-01,2.473988385237e+01,5.724839926332e-08,-4.368496475166e-01,2.476887925252e+01,6.312544181576e-07,4.200418473371e-01,2.899540015848e-02,5.740060188942e-07
"                 798",-8.568919184335e-01,2.473986669381e+01,5.777322537192e-08,-4.368472397799e-01,2.476886301726e+01,6.125094575690e-07,4.200446786537e-01,2.899632344819e-02,5.547362321971e-07
"                 799",-8.568918900809e-01,2.473979274028e+01,5.822855190908e-08,-4.368449166490e-01,2.476878835993e+01,6.010474101469e-07,4.200469734318e-01,2.899561965401e-02,5.428188582379e-07
"                 800",-8.568907331268e-01,2.473966669795e+01,5.860565078925e-08,-4.368421555373e-01,2.476866025150e+01,5.980044339578e-07,4.200485775895e-01,2.899355355414e-02,5.393987831686e-07
"                 801",-8.568889715185e-01,2.473955486338e+01,5.891568594286e-08,-4.368393808858e-01,2.476854560002e+01,5.949272997933e-07,4.200495906327e-01,2.899073664010e-02,5.360116138505e-07
"                 802",-8.568892661970e-01,2.473952272852e+01,5.923405920715e-08,-4.368388580851e-01,2.476851072229e+01,5.784453991800e-07,4.200504081119e-01,2.898799377275e-02,5.192113399728e-07
"                 803",-8.568919943793e-01,2.473951531876e+01,5.974649119931e-08,-4.368407846838e-01,2.476850102184e+01,5.649686158554e-07,4.200512096955e-01,2.898570308172e-02,5.052221246561e-07
"                 804",-8.568958500516e-01,2.473947034894e+01,6.034218634759e-08,-4.368437616644e-01,2.476845431778e+01,5.617172929781e-07,4.200520883872e-01,2.898396884589e-02,5.013751066305e-07
"                 805",-8.568964341709e-01,2.473942819706e+01,6.079602509721e-08,-4.368434854158e-01,2.476841078553e+01,5.627218916058e-07,4.200529487552e-01,2.898258846292e-02,5.019258665085e-07
"                 806",-8.568891485159e-01,2.473947171392e+01,6.098625875595e-08,-4.368354334267e-01,2.476845322408e+01,5.637429144569e-07,4.200537150892e-01,2.898151016319e-02,5.027566557009e-07
"                 807",-8.568747511216e-01,2.473963546435e+01,6.106541201024e-08,-4.368203270708e-01,2.476861634285e+01,5.644036074462e-07,4.200544240507e-01,2.898087850832e-02,5.033381954359e-07
"                 808",-8.568608694825e-01,2.473986285678e+01,6.113315977227e-08,-4.368056310731e-01,2.476884379397e+01,5.632466415909e-07,4.200552384094e-01,2.898093718565e-02,5.021134818186e-07
"                 809",-8.568544771896e-01,2.474006272875e+01,6.113303361232e-08,-4.367982373514e-01,2.476904437153e+01,5.611484672988e-07,4.200562398382e-01,2.898164277913e-02,5.000154336865e-07
"                 810",-8.568560579450e-01,2.474014485915e+01,6.137503090571e-08,-4.367985852709e-01,2.476912759574e+01,5.610444950652e-07,4.200574726741e-01,2.898273659156e-02,4.996694641594e-07
"                 811",-8.568604645006e-01,2.474007495906e+01,6.164235092103e-08,-4.368014533458e-01,2.476905897830e+01,5.613288635877e-07,4.200590111548e-01,2.898401924825e-02,4.996865126666e-07
"                 812",-8.568630590020e-01,2.473988425833e+01,6.149019307144e-08,-4.368020465497e-01,2.476886974177e+01,5.586649538621e-07,4.200610124523e-01,2.898548344268e-02,4.971747607906e-07
"                 813",-8.568633613305e-01,2.473966415910e+01,6.079082245311e-08,-4.367998774730e-01,2.476865125957e+01,5.548776622645e-07,4.200634838575e-01,2.898710046315e-02,4.940868398114e-07
"                 814",-8.568621543361e-01,2.473946998130e+01,6.019834930292e-08,-4.367961811203e-01,2.476845816902e+01,5.557194070233e-07,4.200659732158e-01,2.898818771746e-02,4.955210577204e-07
"                 815",-8.568590905392e-01,2.473928126930e+01,5.985166590235e-08,-4.367910988317e-01,2.476826947210e+01,5.629386192669e-07,4.200679917075e-01,2.898820279869e-02,5.030869533646e-07
"                 816",-8.568573642529e-01,2.473910063706e+01,5.952526139468e-08,-4.367876405368e-01,2.476808838667e+01,5.692813642360e-07,4.200697237161e-01,2.898774960600e-02,5.097561028413e-07
"                 817",-8.568601157441e-01,2.473895783731e+01,5.911555253850e-08,-4.367888221214e-01,2.476794512001e+01,5.741629694435e-07,4.200712936227e-01,2.898728270515e-02,5.150474169050e-07
"                 818",-8.568635121795e-01,2.473881528262e+01,5.868892829481e-08,-4.367910980520e-01,2.476780184877e+01,5.775772458195e-07,4.200724141275e-01,2.898656615045e-02,5.188883175247e-07
"                 819",-8.568640742247e-01,2.473865518500e+01,5.812650134964e-08,-4.367909898237e-01,2.476764089467e+01,5.855000995241e-07,4.200730844010e-01,2.898570966531e-02,5.273735981745e-07
"                 820",-8.568617935612e-01,2.473852822458e+01,5.746484917189e-08,-4.367883285003e-01,2.476751313493e+01,5.948367539364e-07,4.200734650609e-01,2.898491034505e-02,5.373719047645e-07
"                 821",-8.568575078305e-01,2.473848522748e+01,5.681201585901e-08,-4.367839939471e-01,2.476746937673e+01,6.038172839856e-07,4.200735138833e-01,2.898414925191e-02,5.470052681266e-07
"                 822",-8.568517107198e-01,2.473853021793e+01,5.620528977526e-08,-4.367784896394e-01,2.476751366579e+01,6.173777558213e-07,4.200732210804e-01,2.898344785482e-02,5.611724660461e-07
"                 823",-8.568449234094e-01,2.473862751670e+01,5.567299111702e-08,-4.367722958225e-01,2.476761041125e+01,6.310383395358e-07,4.200726275869e-01,2.898289454935e-02,5.753653484188e-07
"                 824",-8.568379896094e-01,2.473873608030e+01,5.517507023055e-08,-4.367661875714e-01,2.476771862683e+01,6.420351756598e-07,4.200718020380e-01,2.898254652687e-02,5.868601054293e-07
"                 825",-8.568307423567e-01,2.473884182988e+01,5.474552230942e-08,-4.367599247985e-01,2.476782431313e+01,6.520423876503e-07,4.200708175582e-01,2.898248325043e-02,5.972968653409e-07
"                 826",-8.568222600990e-01,2.473890848147e+01,5.444458912871e-08,-4.367524766627e-01,2.476789121763e+01,6.581310965541e-07,4.200697834363e-01,2.898273615984e-02,6.036865074254e-07
"                 827",-8.568129401018e-01,2.473892319277e+01,5.405733812842e-08,-4.367441803185e-01,2.476790635591e+01,6.597495714347e-07,4.200687597832e-01,2.898316313956e-02,6.056922333063e-07
"                 828",-8.568039277940e-01,2.473892925638e+01,5.352580323060e-08,-4.367361062450e-01,2.476791288359e+01,6.610884278235e-07,4.200678215490e-01,2.898362720993e-02,6.075626245929e-07
"                 829",-8.567965078563e-01,2.473897909655e+01,5.305833683752e-08,-4.367294356327e-01,2.476796328858e+01,6.620516515733e-07,4.200670722237e-01,2.898419202329e-02,6.089933147358e-07
"                 830",-8.567915553849e-01,2.473907986293e+01,5.281472919972e-08,-4.367249631513e-01,2.476806477928e+01,6.607082634712e-07,4.200665922336e-01,2.898491634908e-02,6.078935342715e-07
"                 831",-8.567894969857e-01,2.473919547202e+01,5.277184313293e-08,-4.367230520015e-01,2.476818132276e+01,6.560336990401e-07,4.200664449842e-01,2.898585074487e-02,6.032618559071e-07
"                 832",-8.567898935478e-01,2.473928527881e+01,5.281735176526e-08,-4.367231911228e-01,2.476827231362e+01,6.480656376765e-07,4.200667024250e-01,2.898703481067e-02,5.952482859112e-07
"                 833",-8.567912678024e-01,2.473930583053e+01,5.278523023603e-08,-4.367237952281e-01,2.476829437760e+01,6.375305302923e-07,4.200674725742e-01,2.898854707249e-02,5.847453000563e-07
"                 834",-8.567928525633e-01,2.473927327537e+01,5.270340571374e-08,-4.367239988997e-01,2.476826369821e+01,6.259255635308e-07,4.200688536636e-01,2.899042284679e-02,5.732221578171e-07
"                 835",-8.567935354701e-01,2.473918795151e+01,5.251651659612e-08,-4.367226095732e-01,2.476818060557e+01,6.233930478557e-07,4.200709258969e-01,2.899265405217e-02,5.708765312596e-07
"                 836",-8.567940659953e-01,2.473910927901e+01,5.234682586758e-08,-4.367204007925e-01,2.476810452004e+01,6.063402790437e-07,4.200736652027e-01,2.899524102397e-02,5.539934531761e-07
"                 837",-8.567943741828e-01,2.473907985704e+01,5.236439886899e-08,-4.367175301063e-01,2.476807780281e+01,5.909621294357e-07,4.200768440765e-01,2.899794577113e-02,5.385977305667e-07
"                 838",-8.567933360259e-01,2.473908078416e+01,5.258749712770e-08,-4.367132010810e-01,2.476808107577e+01,5.681738863154e-07,4.200801349449e-01,2.900029160585e-02,5.155863891877e-07
"                 839",-8.567909686893e-01,2.473907151753e+01,5.280449183016e-08,-4.367077010346e-01,2.476807332793e+01,5.513789073351e-07,4.200832676547e-01,2.900181039458e-02,4.985744155050e-07
"                 840",-8.567878474361e-01,2.473902476690e+01,5.293736532503e-08,-4.367018656181e-01,2.476802696531e+01,5.336173005134e-07,4.200859818179e-01,2.900219840222e-02,4.806799351884e-07
"                 841",-8.567840649242e-01,2.473894660530e+01,5.302615715595e-08,-4.366960752199e-01,2.476794791375e+01,5.192178762227e-07,4.200879897043e-01,2.900130844704e-02,4.661917190668e-07
"                 842",-8.567794116969e-01,2.473886538029e+01,5.314952549032e-08,-4.366902687128e-01,2.476786469578e+01,5.124074223982e-07,4.200891429840e-01,2.899931548663e-02,4.592578969079e-07
"                 843",-8.567742078241e-01,2.473878569838e+01,5.345738780526e-08,-4.366846419072e-01,2.476778242535e+01,5.091766364212e-07,4.200895659169e-01,2.899672696575e-02,4.557192486160e-07
"                 844",-8.567702803026e-01,2.473870409010e+01,5.382683946960e-08,-4.366807071963e-01,2.476769822422e+01,5.017946041206e-07,4.200895731063e-01,2.899413412273e-02,4.479677646510e-07
"                 845",-8.567686742567e-01,2.473863095788e+01,5.399029356132e-08,-4.366790748880e-01,2.476762304083e+01,4.846564040696e-07,4.200895993688e-01,2.899208295069e-02,4.306661105083e-07
"                 846",-8.567694674588e-01,2.473858286737e+01,5.404448047339e-08,-4.366796352651e-01,2.476757351607e+01,4.790730096919e-07,4.200898321937e-01,2.899064870368e-02,4.250285292185e-07
"                 847",-8.567669990887e-01,2.473858095495e+01,5.408952647420e-08,-4.366768065448e-01,2.476757046921e+01,4.785195671024e-07,4.200901925440e-01,2.898951425666e-02,4.244300406282e-07
"                 848",-8.567581649205e-01,2.473863494515e+01,5.414867160964e-08,-4.366674628615e-01,2.476762357678e+01,4.763591006316e-07,4.200907020590e-01,2.898863162987e-02,4.222104290219e-07
"                 849",-8.567448706134e-01,2.473875384148e+01,5.418780783430e-08,-4.366533888589e-01,2.476774194810e+01,4.748159474384e-07,4.200914817545e-01,2.898810662574e-02,4.206281396041e-07
"                 850",-8.567324185256e-01,2.473890261303e+01,5.415835051737e-08,-4.366398328592e-01,2.476789061373e+01,4.742920601416e-07,4.200925856664e-01,2.898800070166e-02,4.201337096242e-07
"                 851",-8.567252327186e-01,2.473903913862e+01,5.396671436346e-08,-4.366312014629e-01,2.476802745341e+01,4.739362003967e-07,4.200940312556e-01,2.898831478203e-02,4.199694860332e-07
"                 852",-8.567229775701e-01,2.473909280684e+01,5.396808475075e-08,-4.366271581385e-01,2.476808177172e+01,4.725331289114e-07,4.200958194316e-01,2.898896487317e-02,4.185650441607e-07
"                 853",-8.567222117260e-01,2.473897556429e+01,5.400042685603e-08,-4.366241827366e-01,2.476796552149e+01,4.693198988597e-07,4.200980289894e-01,2.898995719283e-02,4.153194720037e-07
"                 854",-8.567215555037e-01,2.473872387197e+01,5.356224525421e-08,-4.366208963488e-01,2.476771512219e+01,4.655705289575e-07,4.201006591549e-01,2.899125022533e-02,4.120082837033e-07
"                 855",-8.567198085539e-01,2.473845446955e+01,5.270957887350e-08,-4.366164670768e-01,2.476744678813e+01,4.626663867760e-07,4.201033414771e-01,2.899231858230e-02,4.099568079025e-07
"                 856",-8.567148393280e-01,2.473821263878e+01,5.191500894279e-08,-4.366092893487e-01,2.476720524241e+01,4.671782647333e-07,4.201055499793e-01,2.899260362819e-02,4.152632557905e-07
"                 857",-8.567091845492e-01,2.473797658697e+01,5.129967741640e-08,-4.366018372839e-01,2.476696909185e+01,4.755440726190e-07,4.201073472653e-01,2.899250488443e-02,4.242443952026e-07
"                 858",-8.567077634168e-01,2.473773898578e+01,5.074704560088e-08,-4.365988015236e-01,2.476673155479e+01,4.830815688432e-07,4.201089618931e-01,2.899256900813e-02,4.323345232423e-07
"                 859",-8.567107656258e-01,2.473750488803e+01,5.025835901940e-08,-4.366004815261e-01,2.476649753608e+01,4.903864757944e-07,4.201102840997e-01,2.899264804418e-02,4.401281167750e-07
"                 860",-8.567116594804e-01,2.473725959170e+01,4.973343960044e-08,-4.366006127716e-01,2.476625191106e+01,4.973637458975e-07,4.201110467087e-01,2.899231935648e-02,4.476303062970e-07
"                 861",-8.567082902106e-01,2.473705910170e+01,4.913099013301e-08,-4.365968614275e-01,2.476605083329e+01,5.100272348146e-07,4.201114287831e-01,2.899173158408e-02,4.608962446816e-07
"                 862",-8.567020617530e-01,2.473695475419e+01,4.851421096022e-08,-4.365905975992e-01,2.476594565189e+01,5.225437663629e-07,4.201114641538e-01,2.899089770525e-02,4.740295554027e-07
"                 863",-8.566952373778e-01,2.473694609378e+01,4.786949132603e-08,-4.365840976070e-01,2.476593594333e+01,5.382647153044e-07,4.201111397708e-01,2.898984955686e-02,4.903952239784e-07
"                 864",-8.566893993907e-01,2.473699305269e+01,4.720309234376e-08,-4.365788336325e-01,2.476598179472e+01,5.536925053046e-07,4.201105657582e-01,2.898874202639e-02,5.064894129608e-07
"                 865",-8.566843665627e-01,2.473704962616e+01,4.652199351655e-08,-4.365745258390e-01,2.476603729559e+01,5.666449604491e-07,4.201098407238e-01,2.898766942837e-02,5.201229669325e-07
"                 866",-8.566781237092e-01,2.473710870550e+01,4.587547253413e-08,-4.365691225729e-01,2.476609538013e+01,5.764487693986e-07,4.201090011363e-01,2.898667463469e-02,5.305732968644e-07
"                 867",-8.566685228314e-01,2.473713907095e+01,4.542019377560e-08,-4.365604762668e-01,2.476612489154e+01,5.835029176446e-07,4.201080465646e-01,2.898582059275e-02,5.380827238690e-07
"                 868",-8.566566572680e-01,2.473711731380e+01,4.494899402876e-08,-4.365496561850e-01,2.476610252624e+01,5.887778744819e-07,4.201070010830e-01,2.898521244290e-02,5.438288804532e-07
"                 869",-8.566451984243e-01,2.473709500162e+01,4.439624934773e-08,-4.365392928569e-01,2.476607985595e+01,5.928188944262e-07,4.201059055673e-01,2.898485432783e-02,5.484226450785e-07
"                 870",-8.566351640614e-01,2.473710962606e+01,4.393488676489e-08,-4.365303599813e-01,2.476609432470e+01,5.959596286690e-07,4.201048040801e-01,2.898469863720e-02,5.520247419041e-07
"                 871",-8.566271276873e-01,2.473715233366e+01,4.370003391455e-08,-4.365233480935e-01,2.476613721521e+01,5.973554553631e-07,4.201037795938e-01,2.898488154690e-02,5.536554214485e-07
"                 872",-8.566216485440e-01,2.473719787399e+01,4.364482021837e-08,-4.365187223908e-01,2.476618339353e+01,5.950133144009e-07,4.201029261531e-01,2.898551954683e-02,5.513684941825e-07
"                 873",-8.566185725542e-01,2.473723235947e+01,4.362930006841e-08,-4.365162260642e-01,2.476621903267e+01,5.875486484153e-07,4.201023464900e-01,2.898667320183e-02,5.439193483469e-07
"                 874",-8.566165887836e-01,2.473723307366e+01,4.355391191933e-08,-4.365144381909e-01,2.476622141784e+01,5.765980025238e-07,4.201021505928e-01,2.898834418270e-02,5.330440906045e-07
"                 875",-8.566146440472e-01,2.473719026960e+01,4.347012613889e-08,-4.365121708360e-01,2.476618077036e+01,5.638698983881e-07,4.201024732112e-01,2.899050075774e-02,5.203997722493e-07
"                 876",-8.566127099060e-01,2.473713178666e+01,4.338579784322e-08,-4.365092426864e-01,2.476612488012e+01,5.589737260275e-07,4.201034672195e-01,2.899309345096e-02,5.155879281843e-07
"                 877",-8.566111691375e-01,2.473707584415e+01,4.318768616384e-08,-4.365059831549e-01,2.476607188688e+01,5.422072383711e-07,4.201051859825e-01,2.899604272934e-02,4.990195522073e-07
"                 878",-8.566103352183e-01,2.473703961270e+01,4.305202013524e-08,-4.365028063589e-01,2.476603871701e+01,5.263177666643e-07,4.201075288594e-01,2.899910431484e-02,4.832657465291e-07
"                 879",-8.566092441350e-01,2.473702712257e+01,4.309311868005e-08,-4.364990594092e-01,2.476602884768e+01,5.029657848536e-07,4.201101847259e-01,2.900172511170e-02,4.598726661735e-07
"                 880",-8.566065111136e-01,2.473701327243e+01,4.323640642410e-08,-4.364936242171e-01,2.476601667475e+01,4.831129421753e-07,4.201128868965e-01,2.900340232735e-02,4.398765357512e-07
"                 881",-8.566026913298e-01,2.473697722619e+01,4.336206406014e-08,-4.364872026921e-01,2.476598123804e+01,4.658676106775e-07,4.201154886378e-01,2.900401185632e-02,4.225055466174e-07
"                 882",-8.565986507212e-01,2.473691431985e+01,4.347604568284e-08,-4.364809642175e-01,2.476591769020e+01,4.507131910010e-07,4.201176865037e-01,2.900337034837e-02,4.072371453182e-07
"                 883",-8.565937350495e-01,2.473682576064e+01,4.358982957578e-08,-4.364745774841e-01,2.476582716873e+01,4.380837421639e-07,4.201191575653e-01,2.900140809089e-02,3.944939125881e-07
"                 884",-8.565878558349e-01,2.473673293445e+01,4.380447965565e-08,-4.364679924633e-01,2.476573150807e+01,4.334437321288e-07,4.201198633716e-01,2.899857362788e-02,3.896392524731e-07
"                 885",-8.565813458054e-01,2.473664120892e+01,4.411310046454e-08,-4.364614560524e-01,2.476563660500e+01,4.287626431574e-07,4.201198897530e-01,2.899539607399e-02,3.846495426928e-07
"                 886",-8.565753251497e-01,2.473654619125e+01,4.439065237150e-08,-4.364558547727e-01,2.476553859536e+01,4.217886027710e-07,4.201194703770e-01,2.899240411513e-02,3.773979503995e-07
"                 887",-8.565711779538e-01,2.473646105756e+01,4.454859842848e-08,-4.364521944236e-01,2.476545119842e+01,4.113181755956e-07,4.201189835301e-01,2.899014086160e-02,3.667695771671e-07
"                 888",-8.565675042051e-01,2.473640812168e+01,4.471663730498e-08,-4.364489230068e-01,2.476539681859e+01,4.084655672939e-07,4.201185811983e-01,2.898869691150e-02,3.637489299889e-07
"                 889",-8.565608273640e-01,2.473640033359e+01,4.490529990957e-08,-4.364425428723e-01,2.476538826393e+01,4.067555049924e-07,4.201182844917e-01,2.898793033718e-02,3.618502050828e-07
"                 890",-8.565496466253e-01,2.473645435886e+01,4.510373635399e-08,-4.364314866756e-01,2.476544215519e+01,4.025048372933e-07,4.201181599497e-01,2.898779633119e-02,3.574011009394e-07
"                 891",-8.565355819574e-01,2.473655762584e+01,4.527771036970e-08,-4.364172939287e-01,2.476554578542e+01,3.987440965791e-07,4.201182880288e-01,2.898815957783e-02,3.534663862094e-07
"                 892",-8.565233968975e-01,2.473667144478e+01,4.534203967110e-08,-4.364046554936e-01,2.476566033177e+01,3.975596812730e-07,4.201187414039e-01,2.898888699429e-02,3.522176416019e-07
"                 893",-8.565163331249e-01,2.473676306603e+01,4.527052350499e-08,-4.363967364631e-01,2.476575298923e+01,3.967853378816e-07,4.201195966617e-01,2.898992319972e-02,3.515148143766e-07
"                 894",-8.565135964369e-01,2.473674630717e+01,4.547262376510e-08,-4.363926249919e-01,2.476573754943e+01,3.942881383857e-07,4.201209714449e-01,2.899124226333e-02,3.488155146206e-07
"                 895",-8.565129997455e-01,2.473658182826e+01,4.547742355243e-08,-4.363900582743e-01,2.476557461289e+01,3.909841342728e-07,4.201229414712e-01,2.899278462039e-02,3.455067107203e-07
"                 896",-8.565133399483e-01,2.473633096048e+01,4.511511763232e-08,-4.363880429676e-01,2.476532508595e+01,3.882678468749e-07,4.201252969807e-01,2.899412547185e-02,3.431527292426e-07
"                 897",-8.565113821073e-01,2.473606917724e+01,4.463273879452e-08,-4.363838436527e-01,2.476506378703e+01,3.895582254249e-07,4.201275384546e-01,2.899460978435e-02,3.449254866304e-07
"                 898",-8.565053139494e-01,2.473583198543e+01,4.423902375050e-08,-4.363758948927e-01,2.476482620893e+01,3.960483223595e-07,4.201294190567e-01,2.899422349473e-02,3.518092986090e-07
"                 899",-8.565000679185e-01,2.473559026831e+01,4.387851574833e-08,-4.363689168360e-01,2.476458392721e+01,4.046507118995e-07,4.201311510825e-01,2.899365889646e-02,3.607721961512e-07
"                 900",-8.565004109751e-01,2.473533796141e+01,4.354524031130e-08,-4.363677134709e-01,2.476433109826e+01,4.140301483435e-07,4.201326975042e-01,2.899313685207e-02,3.704849080322e-07
"                 901",-8.565021518349e-01,2.473505552569e+01,4.327221335718e-08,-4.363684433151e-01,2.476404784437e+01,4.228735657531e-07,4.201337085198e-01,2.899231867592e-02,3.796013523959e-07
"                 902",-8.565003786218e-01,2.473477625351e+01,4.297895211031e-08,-4.363662018852e-01,2.476376754417e+01,4.338293727709e-07,4.201341767367e-01,2.899129065577e-02,3.908504206606e-07
"                 903",-8.564941740100e-01,2.473457473692e+01,4.263931618844e-08,-4.363599739032e-01,2.476356495589e+01,4.456919152550e-07,4.201342001068e-01,2.899021897396e-02,4.030525990665e-07
"                 904",-8.564855362606e-01,2.473448062601e+01,4.226306115516e-08,-4.363517746035e-01,2.476346979448e+01,4.604594141962e-07,4.201337616571e-01,2.898916847199e-02,4.181963530410e-07
"                 905",-8.564771993375e-01,2.473447186854e+01,4.188462537579e-08,-4.363442466990e-01,2.476346016968e+01,4.767622380409e-07,4.201329526385e-01,2.898830114184e-02,4.348776126651e-07
"                 906",-8.564703881043e-01,2.473449870000e+01,4.153175411944e-08,-4.363384877402e-01,2.476348639788e+01,4.917804923006e-07,4.201319003641e-01,2.898769788595e-02,4.502487381811e-07
"                 907",-8.564647616183e-01,2.473453029009e+01,4.118795683051e-08,-4.363340594399e-01,2.476351762295e+01,5.043488476904e-07,4.201307021784e-01,2.898733286488e-02,4.631608908599e-07
"                 908",-8.564569245736e-01,2.473454234114e+01,4.103332337418e-08,-4.363275044861e-01,2.476352949345e+01,5.141840677695e-07,4.201294200874e-01,2.898715230191e-02,4.731507443953e-07
"                 909",-8.564457939761e-01,2.473450216233e+01,4.084472007700e-08,-4.363176815469e-01,2.476348929141e+01,5.209960049027e-07,4.201281124291e-01,2.898712907766e-02,4.801512848257e-07
"                 910",-8.564338202483e-01,2.473445531891e+01,4.049670533988e-08,-4.363069706677e-01,2.476344257455e+01,5.265824540751e-07,4.201268495807e-01,2.898725564387e-02,4.860857487352e-07
"                 911",-8.564233843219e-01,2.473446160039e+01,4.014796660992e-08,-4.362976893503e-01,2.476344904448e+01,5.327828698759e-07,4.201256949716e-01,2.898744409142e-02,4.926349032659e-07
"                 912",-8.564151828592e-01,2.473450713415e+01,4.001336458010e-08,-4.362904802053e-01,2.476349476370e+01,5.381106646031e-07,4.201247026539e-01,2.898762954665e-02,4.980973000230e-07
"                 913",-8.564097077860e-01,2.473455155723e+01,4.013015806480e-08,-4.362857488312e-01,2.476353947839e+01,5.403625183126e-07,4.201239589548e-01,2.898792116194e-02,5.002323602478e-07
"                 914",-8.564066606485e-01,2.473457502093e+01,4.033545190312e-08,-4.362831246176e-01,2.476356344123e+01,5.379385684986e-07,4.201235360309e-01,2.898842030100e-02,4.976031165955e-07
"                 915",-8.564045386165e-01,2.473457832963e+01,4.049585416600e-08,-4.362810519032e-01,2.476356753813e+01,5.316571697532e-07,4.201234867133e-01,2.898920850183e-02,4.911613155872e-07
"                 916",-8.564017692894e-01,2.473454309902e+01,4.056915540061e-08,-4.362778951725e-01,2.476353347082e+01,5.232040272841e-07,4.201238741169e-01,2.899037179680e-02,4.826348718835e-07
"                 917",-8.563984860458e-01,2.473447829919e+01,4.068338247606e-08,-4.362736972371e-01,2.476347029002e+01,5.196964673833e-07,4.201247888087e-01,2.899199083073e-02,4.790130849073e-07
"                 918",-8.563956758596e-01,2.473439865108e+01,4.075114255030e-08,-4.362694012480e-01,2.476339276652e+01,5.102769518569e-07,4.201262746115e-01,2.899411544254e-02,4.695258093066e-07
"                 919",-8.563935894892e-01,2.473432231138e+01,4.071944746683e-08,-4.362652596618e-01,2.476331901191e+01,4.955569302183e-07,4.201283298274e-01,2.899670052980e-02,4.548374827515e-07
"                 920",-8.563918187532e-01,2.473426890535e+01,4.074570450154e-08,-4.362610792090e-01,2.476326830771e+01,4.784994543197e-07,4.201307395441e-01,2.899940236001e-02,4.377537498182e-07
"                 921",-8.563885237326e-01,2.473422653422e+01,4.093371398407e-08,-4.362553516702e-01,2.476322814001e+01,4.585346770525e-07,4.201331720623e-01,2.900160578432e-02,4.176009630685e-07
"                 922",-8.563836221184e-01,2.473417681621e+01,4.117421754350e-08,-4.362481541302e-01,2.476317984095e+01,4.450238187508e-07,4.201354679882e-01,2.900302473790e-02,4.038496012073e-07
"                 923",-8.563784178757e-01,2.473411035881e+01,4.138968477137e-08,-4.362409530232e-01,2.476311384573e+01,4.312497619681e-07,4.201374648525e-01,2.900348692154e-02,3.898600771967e-07
"                 924",-8.563733025014e-01,2.473401881901e+01,4.158595754257e-08,-4.362343916432e-01,2.476302163172e+01,4.211403873184e-07,4.201389108582e-01,2.900281270327e-02,3.795544297758e-07
"                 925",-8.563681075132e-01,2.473391411697e+01,4.179586541968e-08,-4.362284088599e-01,2.476291522635e+01,4.148954247126e-07,4.201396986533e-01,2.900110938100e-02,3.730995592929e-07
"                 926",-8.563627075494e-01,2.473382301317e+01,4.205847330370e-08,-4.362228431956e-01,2.476282174169e+01,4.135577443152e-07,4.201398643538e-01,2.899872852674e-02,3.714992710115e-07
"                 927",-8.563573331431e-01,2.473374208732e+01,4.235357655920e-08,-4.362177755184e-01,2.476273813835e+01,4.110435983127e-07,4.201395576247e-01,2.899605103340e-02,3.686900217535e-07
"                 928",-8.563529876369e-01,2.473365952689e+01,4.260585193575e-08,-4.362139034649e-01,2.476265306565e+01,4.068396935812e-07,4.201390841720e-01,2.899353876770e-02,3.642338416455e-07
"                 929",-8.563499676217e-01,2.473358765513e+01,4.284944262162e-08,-4.362112139266e-01,2.476257921693e+01,4.048790210180e-07,4.201387536951e-01,2.899156179072e-02,3.620295783964e-07
"                 930",-8.563456659305e-01,2.473354744982e+01,4.307491042516e-08,-4.362070504439e-01,2.476253752031e+01,4.070225893510e-07,4.201386154866e-01,2.899007048182e-02,3.639476789259e-07
"                 931",-8.563371852548e-01,2.473355867119e+01,4.324779380230e-08,-4.361985212158e-01,2.476254770774e+01,4.075058750885e-07,4.201386640390e-01,2.898903655203e-02,3.642580812862e-07
"                 932",-8.563246242026e-01,2.473362682031e+01,4.338553075708e-08,-4.361856963719e-01,2.476261531826e+01,4.065541210210e-07,4.201389278306e-01,2.898849794501e-02,3.631685902640e-07
"                 933",-8.563113969079e-01,2.473372010509e+01,4.347004584049e-08,-4.361719725204e-01,2.476270848974e+01,4.067042180495e-07,4.201394243875e-01,2.898838465362e-02,3.632341722090e-07
"                 934",-8.563012727798e-01,2.473379008214e+01,4.346364934929e-08,-4.361610908150e-01,2.476277877094e+01,4.095670693893e-07,4.201401819648e-01,2.898868880206e-02,3.661034200400e-07
"                 935",-8.562955783462e-01,2.473379780363e+01,4.350303831488e-08,-4.361542818783e-01,2.476278729954e+01,4.119492077270e-07,4.201412964679e-01,2.898949591209e-02,3.684461694121e-07
"                 936",-8.562928745673e-01,2.473367854744e+01,4.354162539183e-08,-4.361499808994e-01,2.476266940003e+01,4.131681521350e-07,4.201428936679e-01,2.899085259341e-02,3.696265267432e-07
"                 937",-8.562916697830e-01,2.473345130521e+01,4.334419392088e-08,-4.361467888280e-01,2.476244381645e+01,4.146883071384e-07,4.201448809551e-01,2.899251124618e-02,3.713441132175e-07
"                 938",-8.562896620466e-01,2.473319094626e+01,4.300386273479e-08,-4.361427932748e-01,2.476218475381e+01,4.161820108958e-07,4.201468687718e-01,2.899380755711e-02,3.731781481610e-07
"                 939",-8.562838065796e-01,2.473294031429e+01,4.262046817553e-08,-4.361353347053e-01,2.476193461732e+01,4.230044520419e-07,4.201484718743e-01,2.899430303489e-02,3.803839838664e-07
"                 940",-8.562778580511e-01,2.473269138603e+01,4.229865173404e-08,-4.361279854514e-01,2.476168583793e+01,4.330899216204e-07,4.201498725997e-01,2.899445189756e-02,3.907912698863e-07
"                 941",-8.562761529487e-01,2.473243357465e+01,4.199369027378e-08,-4.361249499870e-01,2.476142818570e+01,4.445802866453e-07,4.201512029617e-01,2.899461104806e-02,4.025865963715e-07
"                 942",-8.562782163106e-01,2.473217309671e+01,4.170996902241e-08,-4.361259531707e-01,2.476116765250e+01,4.552216429655e-07,4.201522631399e-01,2.899455579695e-02,4.135116739431e-07
"                 943",-8.562783470533e-01,2.473189588939e+01,4.142474424297e-08,-4.361255233213e-01,2.476088985104e+01,4.667342947421e-07,4.201528237320e-01,2.899396165169e-02,4.253095504991e-07
"                 944",-8.562746176822e-01,2.473166288290e+01,4.112607849044e-08,-4.361215887246e-01,2.476065590290e+01,4.799684552483e-07,4.201530289576e-01,2.899301999481e-02,4.388423767579e-07
"                 945",-8.562679343618e-01,2.473152159818e+01,4.081704343950e-08,-4.361150454372e-01,2.476051337729e+01,4.947167589926e-07,4.201528889247e-01,2.899177911144e-02,4.538997155531e-07
"                 946",-8.562603814955e-01,2.473148103270e+01,4.048439100109e-08,-4.361079479645e-01,2.476047145552e+01,5.108064860653e-07,4.201524335310e-01,2.899042282577e-02,4.703220950642e-07
"                 947",-8.562537796219e-01,2.473149548537e+01,4.015482478107e-08,-4.361020304396e-01,2.476048460215e+01,5.263759770957e-07,4.201517491824e-01,2.898911677720e-02,4.862211523146e-07
"                 948",-8.562481110523e-01,2.473151825589e+01,3.985232007385e-08,-4.360972152842e-01,2.476050621368e+01,5.396372030673e-07,4.201508957680e-01,2.898795779006e-02,4.997848829935e-07
"                 949",-8.562407705204e-01,2.473154496636e+01,3.966651505653e-08,-4.360908851096e-01,2.476053196750e+01,5.499968398822e-07,4.201498854107e-01,2.898700113877e-02,5.103303248257e-07
"                 950",-8.562302810472e-01,2.473150210971e+01,3.956382680220e-08,-4.360815525905e-01,2.476048842529e+01,5.573490224689e-07,4.201487284567e-01,2.898631558814e-02,5.177851956667e-07
"                 951",-8.562181900828e-01,2.473141206247e+01,3.935866883970e-08,-4.360707093132e-01,2.476039804625e+01,5.619278558121e-07,4.201474807696e-01,2.898598377595e-02,5.225691869724e-07
"                 952",-8.562064689091e-01,2.473135950431e+01,3.907486894277e-08,-4.360602633966e-01,2.476034552727e+01,5.661289283328e-07,4.201462055125e-01,2.898602296510e-02,5.270540593900e-07
"                 953",-8.561959563859e-01,2.473137239870e+01,3.892541248786e-08,-4.360510002275e-01,2.476035875057e+01,5.700727707040e-07,4.201449561585e-01,2.898635187409e-02,5.311473582161e-07
"                 954",-8.561877515230e-01,2.473140764386e+01,3.904558094905e-08,-4.360439271696e-01,2.476039462853e+01,5.716710023089e-07,4.201438243534e-01,2.898698466927e-02,5.326254213599e-07
"                 955",-8.561828329627e-01,2.473142559479e+01,3.933707404470e-08,-4.360399039898e-01,2.476041355472e+01,5.691772512976e-07,4.201429289730e-01,2.898795993139e-02,5.298401772529e-07
"                 956",-8.561803389600e-01,2.473142357217e+01,3.965072969302e-08,-4.360379645919e-01,2.476041283310e+01,5.625440608880e-07,4.201423743681e-01,2.898926093557e-02,5.228933311950e-07
"                 957",-8.561777880697e-01,2.473138911836e+01,3.991085547374e-08,-4.360355278591e-01,2.476037999437e+01,5.531260213105e-07,4.201422602106e-01,2.899087601349e-02,5.132151658368e-07
"                 958",-8.561749683825e-01,2.473133252419e+01,4.017941548331e-08,-4.360322630858e-01,2.476032532832e+01,5.459747712680e-07,4.201427052967e-01,2.899280412559e-02,5.057953557847e-07
"                 959",-8.561724494767e-01,2.473126962801e+01,4.039536749775e-08,-4.360286571709e-01,2.476026466932e+01,5.386129731130e-07,4.201437923057e-01,2.899504130987e-02,4.982176056153e-07
"                 960",-8.561706057825e-01,2.473120640622e+01,4.045820287398e-08,-4.360250209438e-01,2.476020395357e+01,5.208703684352e-07,4.201455848387e-01,2.899754735081e-02,4.804121655612e-07
"                 961",-8.561695903023e-01,2.473115749797e+01,4.047665587949e-08,-4.360216328108e-01,2.476015760838e+01,5.051511091702e-07,4.201479574915e-01,2.900011040960e-02,4.646744532907e-07
"                 962",-8.561678491644e-01,2.473112112938e+01,4.062563262943e-08,-4.360172688376e-01,2.476012329296e+01,4.825025128100e-07,4.201505803268e-01,2.900216358207e-02,4.418768801805e-07
"                 963",-8.561637962439e-01,2.473107719871e+01,4.087986952831e-08,-4.360106354922e-01,2.476008048205e+01,4.676993563951e-07,4.201531607517e-01,2.900328333308e-02,4.268194868668e-07
"                 964",-8.561586844966e-01,2.473101562482e+01,4.116304246448e-08,-4.360031003319e-01,2.476001912517e+01,4.531206335443e-07,4.201555841647e-01,2.900350035515e-02,4.119575910798e-07
"                 965",-8.561535129487e-01,2.473092803563e+01,4.145194713001e-08,-4.359959754836e-01,2.475993071228e+01,4.413856912282e-07,4.201575374652e-01,2.900267665392e-02,3.999337440982e-07
"                 966",-8.561479018498e-01,2.473081117529e+01,4.170210770428e-08,-4.359891306719e-01,2.475981200877e+01,4.315213487934e-07,4.201587711779e-01,2.900083348097e-02,3.898192410891e-07
"                 967",-8.561416232437e-01,2.473069226644e+01,4.192751591844e-08,-4.359823493987e-01,2.475969063207e+01,4.279933770234e-07,4.201592738450e-01,2.899836563362e-02,3.860658611050e-07
"                 968",-8.561348712850e-01,2.473059069059e+01,4.216650221222e-08,-4.359757499425e-01,2.475958638387e+01,4.248794710576e-07,4.201591213426e-01,2.899569327225e-02,3.827129688453e-07
"                 969",-8.561286542302e-01,2.473048932275e+01,4.242486057205e-08,-4.359701186745e-01,2.475948252893e+01,4.216585821684e-07,4.201585355558e-01,2.899320617418e-02,3.792337215963e-07
"                 970",-8.561238905286e-01,2.473038688834e+01,4.268422907302e-08,-4.359660619202e-01,2.475937821533e+01,4.185633955572e-07,4.201578286083e-01,2.899132698247e-02,3.758791664842e-07
"                 971",-8.561198047809e-01,2.473031166988e+01,4.294202872418e-08,-4.359625274115e-01,2.475930188368e+01,4.202328013434e-07,4.201572773694e-01,2.899021379571e-02,3.772907726192e-07
"                 972",-8.561130321461e-01,2.473028353641e+01,4.312734257728e-08,-4.359561287271e-01,2.475927317796e+01,4.229661181585e-07,4.201569034190e-01,2.898964154958e-02,3.798387755812e-07
"                 973",-8.561021307205e-01,2.473032141384e+01,4.322550128283e-08,-4.359453698656e-01,2.475931097072e+01,4.234873668177e-07,4.201567608549e-01,2.898955688148e-02,3.802618655349e-07
"                 974",-8.560891439819e-01,2.473040861230e+01,4.327190506829e-08,-4.359322322139e-01,2.475939844974e+01,4.251075171053e-07,4.201569117680e-01,2.898983743563e-02,3.818356120370e-07
"                 975",-8.560781081565e-01,2.473050067447e+01,4.326370955467e-08,-4.359207002263e-01,2.475949104675e+01,4.286765982517e-07,4.201574079302e-01,2.899037228004e-02,3.854128886970e-07
"                 976",-8.560716052624e-01,2.473055949036e+01,4.321732083846e-08,-4.359132701695e-01,2.475955065082e+01,4.345502617814e-07,4.201583350928e-01,2.899116045860e-02,3.913329409429e-07
"                 977",-8.560688936583e-01,2.473052012366e+01,4.329904741681e-08,-4.359090692003e-01,2.475951237128e+01,4.401359577807e-07,4.201598244580e-01,2.899224761385e-02,3.968369103639e-07
"                 978",-8.560678279964e-01,2.473035033712e+01,4.320719903900e-08,-4.359059519433e-01,2.475934385184e+01,4.459919921756e-07,4.201618760532e-01,2.899351471774e-02,4.027847931366e-07
"                 979",-8.560669653564e-01,2.473011028246e+01,4.289540321675e-08,-4.359027803339e-01,2.475910478601e+01,4.491924951924e-07,4.201641850225e-01,2.899450354656e-02,4.062970919756e-07
"                 980",-8.560624498322e-01,2.472985788394e+01,4.252588966353e-08,-4.358962122006e-01,2.475885252704e+01,4.589722590805e-07,4.201662376317e-01,2.899464309613e-02,4.164463694169e-07
"                 981",-8.560560641287e-01,2.472961397008e+01,4.218982387363e-08,-4.358881036154e-01,2.475860817228e+01,4.708217770257e-07,4.201679605133e-01,2.899420220236e-02,4.286319531521e-07
"                 982",-8.560518809882e-01,2.472935716718e+01,4.188605774550e-08,-4.358823477791e-01,2.475835097068e+01,4.849114241844e-07,4.201695332091e-01,2.899380349582e-02,4.430253664389e-07
"                 983",-8.560522321823e-01,2.472909280070e+01,4.160265482902e-08,-4.358813582338e-01,2.475808632881e+01,4.991437184107e-07,4.201708739486e-01,2.899352811205e-02,4.575410635817e-07
"                 984",-8.560522255942e-01,2.472880070290e+01,4.133227480111e-08,-4.358806128004e-01,2.475779364137e+01,5.134308044747e-07,4.201716127938e-01,2.899293847123e-02,4.720985296736e-07
"                 985",-8.560487306148e-01,2.472851806399e+01,4.104010471103e-08,-4.358769128709e-01,2.475751022744e+01,5.284251371610e-07,4.201718177440e-01,2.899216344302e-02,4.873850324500e-07
"                 986",-8.560420911595e-01,2.472831497103e+01,4.072944401158e-08,-4.358704994542e-01,2.475730630219e+01,5.451288553267e-07,4.201715917053e-01,2.899133116048e-02,5.043994113151e-07
"                 987",-8.560341840717e-01,2.472822335055e+01,4.038662673392e-08,-4.358632143491e-01,2.475721386239e+01,5.633148227375e-07,4.201709697227e-01,2.899051184040e-02,5.229281960036e-07
"                 988",-8.560267796507e-01,2.472821549496e+01,4.005877181449e-08,-4.358567140469e-01,2.475720529142e+01,5.818821287487e-07,4.201700656038e-01,2.898979646214e-02,5.418233569342e-07
"                 989",-8.560208422755e-01,2.472823399244e+01,3.977118600621e-08,-4.358518514033e-01,2.475722319101e+01,5.989579638978e-07,4.201689908721e-01,2.898919856475e-02,5.591867778916e-07
"                 990",-8.560147204901e-01,2.472826565168e+01,3.950927882633e-08,-4.358469027089e-01,2.475725433931e+01,6.133483666874e-07,4.201678177812e-01,2.898868763687e-02,5.738390878611e-07
"                 991",-8.560065456869e-01,2.472825465371e+01,3.949058540685e-08,-4.358399589346e-01,2.475724291415e+01,6.248510749564e-07,4.201665867523e-01,2.898826043793e-02,5.853604895495e-07
"                 992",-8.559962334118e-01,2.472818494372e+01,3.941799844451e-08,-4.358308802108e-01,2.475717288366e+01,6.330049377071e-07,4.201653532010e-01,2.898793994097e-02,5.935869392625e-07
"                 993",-8.559851785742e-01,2.472812437840e+01,3.918113790997e-08,-4.358209866263e-01,2.475711214057e+01,6.391030131288e-07,4.201641919479e-01,2.898776217096e-02,5.999218752189e-07
"                 994",-8.559747636714e-01,2.472812697776e+01,3.896955842245e-08,-4.358116145614e-01,2.475711466613e+01,6.455960322217e-07,4.201631491101e-01,2.898768837283e-02,6.066264737992e-07
"                 995",-8.559659871556e-01,2.472816490924e+01,3.897876180180e-08,-4.358037403063e-01,2.475715257371e+01,6.514523694114e-07,4.201622468493e-01,2.898766447260e-02,6.124736076096e-07
"                 996",-8.559601123663e-01,2.472818932649e+01,3.921131749395e-08,-4.357985610736e-01,2.475717714104e+01,6.543036262581e-07,4.201615512927e-01,2.898781454766e-02,6.150923087641e-07
"                 997",-8.559569626617e-01,2.472818634357e+01,3.949658888961e-08,-4.357958413720e-01,2.475717459963e+01,6.530103536224e-07,4.201611212896e-01,2.898825605929e-02,6.135137647328e-07
"                 998",-8.559541233941e-01,2.472815243340e+01,3.974755558418e-08,-4.357931122631e-01,2.475714151959e+01,6.485771994587e-07,4.201610111310e-01,2.898908619466e-02,6.088296438745e-07
"                 999",-8.559505868245e-01,2.472809032706e+01,3.993095817498e-08,-4.357892874332e-01,2.475708071742e+01,6.449778798395e-07,4.201612993913e-01,2.899039035657e-02,6.050469216645e-07
"                1000",-8.559466028411e-01,2.472801244063e+01,4.013069856246e-08,-4.357845414353e-01,2.475700465665e+01,6.433480660763e-07,4.201620614058e-01,2.899221601788e-02,6.032173675138e-07
