Time (s),PRESSURE_FORCE_X,PRESSURE_FORCE_Y,PRESSURE_FORCE_Z,TOTAL_FORCE_X,TOTAL_FORCE_Y,TOTAL_FORCE_Z,VISCOUS_FORCE_X,VISCOUS_FORCE_Y,VISCOUS_FORCE_Z
"                   1",4.683549276683e+01,6.310579397409e+02,-6.291895994912e-05,4.832880014828e+01,6.314386700427e+02,-6.093445336885e-05,1.493307381458e+00,3.807303017931e-01,1.984506580263e-06
"                   2",2.422978584990e+01,3.991216167069e+02,-4.046626394140e-05,2.543069270351e+01,3.991958649325e+02,-3.007006912044e-05,1.200906853615e+00,7.424822561355e-02,1.039619482096e-05
"                   3",-1.565512799774e+01,-1.137970694473e+02,5.624044527649e-06,-1.465379999669e+01,-1.139103254412e+02,1.698445176459e-05,1.001328001051e+00,-1.132559938836e-01,1.136040723694e-05
"                   4",-3.042800386721e+01,-3.233398996118e+02,3.391716570228e-05,-2.951570654166e+01,-3.234223531386e+02,3.864078305421e-05,9.122973255471e-01,-8.245352677226e-02,4.723617351936e-06
"                   5",-1.424994182125e+01,-1.281506025584e+02,3.214022802907e-05,-1.344744760498e+01,-1.281240742174e+02,2.978073691799e-05,8.024942162644e-01,2.652834103728e-02,-2.359491111087e-06
"                   6",7.804108614302e+00,1.470013900348e+02,1.484402647960e-05,8.539735042649e+00,1.471158374796e+02,1.178974567017e-05,7.356264283473e-01,1.144474447591e-01,-3.054280809432e-06
"                   7",1.341976314392e+01,2.190496638961e+02,3.147045225119e-06,1.409688453715e+01,2.191504809458e+02,4.869690495683e-06,6.771213932292e-01,1.008170496615e-01,1.722645270563e-06
"                   8",2.748461315046e+00,9.111334002551e+01,3.835708506857e-06,3.356068820247e+00,9.116264832698e+01,8.595090385807e-06,6.076075052014e-01,4.930830147001e-02,4.759381878950e-06
"                   9",-9.312825257257e+00,-4.638980228370e+01,1.166080094283e-05,-8.784546262230e+00,-4.639142958097e+01,1.824400442508e-05,5.282789950271e-01,-1.627297276641e-03,6.583203482244e-06
"                  10",-1.138050508585e+01,-6.081060945106e+01,1.728796085534e-05,-1.092354457648e+01,-6.081704530648e+01,2.013358127272e-05,4.569605093666e-01,-6.435855417625e-03,2.845620417384e-06
"                  11",-5.015730637305e+00,1.863827585644e+01,1.687072256442e-05,-4.612541803552e+00,1.865100356016e+01,1.746118281096e-05,4.031888337533e-01,1.272770371785e-02,5.904602465479e-07
"                  12",1.200812637908e+00,8.749898693443e+01,1.370100735434e-05,1.571592217835e+00,8.752752005729e+01,1.681054125155e-05,3.707795799270e-01,2.853312285594e-02,3.109533897209e-06
"                  13",1.643588053452e+00,8.534758940977e+01,1.196183058086e-05,2.001222936626e+00,8.538349882739e+01,1.718977948292e-05,3.576348831746e-01,3.590941762697e-02,5.227948902061e-06
"                  14",-2.275106296921e+00,3.856529350284e+01,1.292690565391e-05,-1.938057589707e+00,3.859852111895e+01,1.665455754772e-05,3.370487072141e-01,3.322761611459e-02,3.727651893813e-06
"                  15",-5.763513061035e+00,5.506365179184e+00,1.489457006163e-05,-5.454991783661e+00,5.534662104407e+00,1.460026505269e-05,3.085212773741e-01,2.829692522305e-02,-2.943050089404e-07
"                  16",-5.940218872499e+00,1.271970998697e+01,1.603734538667e-05,-5.656321236805e+00,1.274591053521e+01,1.460211362430e-05,2.838976356942e-01,2.620054823628e-02,-1.435231762369e-06
"                  17",-3.779772693546e+00,4.048409050599e+01,1.615983795935e-05,-3.512249676249e+00,4.051177729513e+01,1.800610642373e-05,2.675230172970e-01,2.768678914405e-02,1.846268464378e-06
"                  18",-1.987952827593e+00,5.684334981657e+01,1.629339873451e-05,-1.732842962879e+00,5.687254045451e+01,2.242431872596e-05,2.551098647140e-01,2.919063794311e-02,6.130919991443e-06
"                  19",-2.075684744147e+00,5.064218309157e+01,1.687217950708e-05,-1.828347287616e+00,5.067156097461e+01,2.306846182859e-05,2.473374565316e-01,2.937788303802e-02,6.196282321510e-06
"                  20",-3.458478898344e+00,3.525998256235e+01,1.771218354647e-05,-3.223501055121e+00,3.528818165828e+01,1.944879577206e-05,2.349778432228e-01,2.819909593280e-02,1.736612225588e-06
"                  21",-4.634615993102e+00,2.825459772048e+01,1.816777315040e-05,-4.413487175705e+00,2.828242508600e+01,1.518372685870e-05,2.211288173975e-01,2.782736551983e-02,-2.984046291704e-06
"                  22",-4.722460179588e+00,3.375530095187e+01,1.824655148374e-05,-4.513119497882e+00,3.378332698950e+01,1.464997143351e-05,2.093406817059e-01,2.802603763525e-02,-3.596580050228e-06
"                  23",-4.030576873499e+00,4.306967765319e+01,1.826286878752e-05,-3.828750597487e+00,4.309837044172e+01,1.832829098144e-05,2.018262760114e-01,2.869278852679e-02,6.542219391817e-08
"                  24",-3.450665093643e+00,4.682491411519e+01,1.840872327818e-05,-3.254505149785e+00,4.685430521065e+01,2.233117994677e-05,1.961599438582e-01,2.939109546132e-02,3.922456668599e-06
"                  25",-3.507324550848e+00,4.374099270212e+01,1.884099224722e-05,-3.317580797076e+00,4.377089777683e+01,2.369081046329e-05,1.897437537725e-01,2.990507470235e-02,4.849818216066e-06
"                  26",-4.022927938566e+00,3.916079354173e+01,1.930190544514e-05,-3.841449199017e+00,3.919082177311e+01,2.231234281594e-05,1.814787395486e-01,3.002823138090e-02,3.010437370800e-06
"                  27",-4.497418867753e+00,3.804751329078e+01,1.966676917827e-05,-4.323010072726e+00,3.807751802923e+01,2.130111699595e-05,1.744087950275e-01,3.000473845014e-02,1.634347817685e-06
"                  28",-4.610875417300e+00,4.059729405714e+01,1.991167496160e-05,-4.443355294213e+00,4.062698866886e+01,2.140843212301e-05,1.675201230873e-01,2.969461172286e-02,1.496757161414e-06
"                  29",-4.434931156567e+00,4.357388255219e+01,2.002325941822e-05,-4.272669413007e+00,4.360317538587e+01,2.174158637690e-05,1.622617435597e-01,2.929283368333e-02,1.718326958680e-06
"                  30",-4.256146688242e+00,4.448778038746e+01,1.991006112356e-05,-4.099039980187e+00,4.451692553029e+01,2.148087684485e-05,1.571067080548e-01,2.914514282977e-02,1.570815721286e-06
"                  31",-4.287381946561e+00,4.358726807643e+01,1.903923200704e-05,-4.135513548232e+00,4.361641330826e+01,1.937707485801e-05,1.518683983289e-01,2.914523183616e-02,3.378428509717e-07
"                  32",-4.504851335580e+00,4.265190929961e+01,1.980085797792e-05,-4.359365744965e+00,4.268078591512e+01,1.850626278088e-05,1.454855906149e-01,2.887661551341e-02,-1.294595197031e-06
"                  33",-4.744414845014e+00,4.291755980714e+01,2.067915408033e-05,-4.604523849243e+00,4.294537893622e+01,2.039733142990e-05,1.398909957705e-01,2.781912907489e-02,-2.818226504322e-07
"                  34",-4.859877713155e+00,4.406724858511e+01,2.087096054583e-05,-4.725333549847e+00,4.409344779454e+01,2.287579383856e-05,1.345441633089e-01,2.619920942683e-02,2.004833292728e-06
"                  35",-4.848634278490e+00,4.507598962469e+01,2.055764133078e-05,-4.718711306248e+00,4.510069777962e+01,2.318539546187e-05,1.299229722424e-01,2.470815493408e-02,2.627754131089e-06
"                  36",-4.830879995785e+00,4.539356051651e+01,2.091796007849e-05,-4.705903659023e+00,4.541670819566e+01,2.299022172731e-05,1.249763367617e-01,2.314767914693e-02,2.072261648817e-06
"                  37",-4.885239954642e+00,4.527366156423e+01,2.079104355603e-05,-4.764987509567e+00,4.529581764253e+01,2.290365379581e-05,1.202524450747e-01,2.215607829846e-02,2.112610239773e-06
"                  38",-5.005881701105e+00,4.530484647669e+01,2.098169123865e-05,-4.890516591673e+00,4.532656738509e+01,2.359716144689e-05,1.153651094319e-01,2.172090839572e-02,2.615470208242e-06
"                  39",-5.130639220240e+00,4.574915320537e+01,2.114423442973e-05,-5.019655382191e+00,4.577051825587e+01,2.516570482105e-05,1.109838380486e-01,2.136505050165e-02,4.021470391316e-06
"                  40",-5.208812224241e+00,4.641075953938e+01,2.132781240750e-05,-5.101376381395e+00,4.643181038531e+01,2.655514100619e-05,1.074358428458e-01,2.105084592239e-02,5.227328598692e-06
"                  41",-5.241506808090e+00,4.692401045719e+01,2.141808981896e-05,-5.137291506309e+00,4.694486382257e+01,2.666628071414e-05,1.042153017812e-01,2.085336537898e-02,5.248190895179e-06
"                  42",-5.266324435295e+00,4.716847279483e+01,2.181345913854e-05,-5.165144592674e+00,4.718908883003e+01,2.580290299363e-05,1.011798426209e-01,2.061603519495e-02,3.989443855085e-06
"                  43",-5.315539060620e+00,4.725473161125e+01,2.179435774963e-05,-5.217833813154e+00,4.727514250743e+01,2.708583135734e-05,9.770524746565e-02,2.041089617944e-02,5.291473607706e-06
"                  44",-5.391466503868e+00,4.737938543949e+01,2.213759813060e-05,-5.297255520019e+00,4.739962705938e+01,2.905185820175e-05,9.421098384921e-02,2.024161988816e-02,6.914260071159e-06
"                  45",-5.473304082940e+00,4.766885228872e+01,2.195352104872e-05,-5.381867058659e+00,4.768917933919e+01,2.818845945269e-05,9.143702428028e-02,2.032705047743e-02,6.234938403977e-06
"                  46",-5.536450718009e+00,4.806459580278e+01,2.273289840890e-05,-5.447176674935e+00,4.808517992658e+01,2.610639095889e-05,8.927404307336e-02,2.058412380428e-02,3.373492549993e-06
"                  47",-5.575172658425e+00,4.846597808571e+01,2.373953868926e-05,-5.487729261285e+00,4.848688786967e+01,2.391758078519e-05,8.744339714032e-02,2.090978395075e-02,1.780420959290e-07
"                  48",-5.606406713558e+00,4.874106763005e+01,2.389433898359e-05,-5.520832362436e+00,4.876227236711e+01,2.221119970601e-05,8.557435112220e-02,2.120473706336e-02,-1.683139277575e-06
"                  49",-5.644520473601e+00,4.889941796581e+01,2.432537861714e-05,-5.560979523503e+00,4.892082353217e+01,2.234252225713e-05,8.354095009846e-02,2.140556636828e-02,-1.982856360011e-06
"                  50",-5.697376222725e+00,4.900960254887e+01,2.406909297402e-05,-5.615795348704e+00,4.903110100411e+01,2.293489829705e-05,8.158087402052e-02,2.149845524501e-02,-1.134194676972e-06
"                  51",-5.758378396027e+00,4.918664876608e+01,2.429610599755e-05,-5.678729404091e+00,4.920821329713e+01,2.146993461264e-05,7.964899193582e-02,2.156453105119e-02,-2.826171384907e-06
"                  52",-5.817809672729e+00,4.946417897870e+01,2.464638680879e-05,-5.739915704662e+00,4.948583121901e+01,1.964216284674e-05,7.789396806606e-02,2.165224031150e-02,-5.004223962048e-06
"                  53",-5.868806637950e+00,4.977822844173e+01,2.496240571640e-05,-5.792309320577e+00,4.980005860806e+01,1.728296547438e-05,7.649731737325e-02,2.183016633267e-02,-7.679440242022e-06
"                  54",-5.913290595607e+00,5.003657947994e+01,2.524153370999e-05,-5.838026241934e+00,5.005863043306e+01,1.433577023899e-05,7.526435367331e-02,2.205095312048e-02,-1.090576347101e-05
"                  55",-5.957790879889e+00,5.020844825108e+01,2.547077939520e-05,-5.883704385911e+00,5.023069616592e+01,1.225173917204e-05,7.408649397809e-02,2.224791484432e-02,-1.321904022315e-05
"                  56",-6.005204379033e+00,5.033828136294e+01,2.543519533902e-05,-5.932219150284e+00,5.036066245097e+01,1.011549498601e-05,7.298522874897e-02,2.238108802898e-02,-1.531970035301e-05
"                  57",-6.055213419052e+00,5.049495642579e+01,2.549043463276e-05,-5.983340449188e+00,5.051740482293e+01,1.060413620123e-05,7.187296986444e-02,2.244839714422e-02,-1.488629843154e-05
"                  58",-6.104100320074e+00,5.071693758035e+01,2.603630285250e-05,-6.033465128760e+00,5.073942407512e+01,7.136459916295e-06,7.063519131406e-02,2.248649477038e-02,-1.889984293621e-05
"                  59",-6.150617450251e+00,5.099637008784e+01,2.704830645737e-05,-6.081121395110e+00,5.101891857858e+01,3.065011553769e-06,6.949605514143e-02,2.254849073969e-02,-2.398329490360e-05
"                  60",-6.196021801414e+00,5.127548711694e+01,2.810046742998e-05,-6.127672599597e+00,5.129806086067e+01,-8.004240525286e-07,6.834920181738e-02,2.257374373146e-02,-2.890089148251e-05
"                  61",-6.239805818409e+00,5.149627560583e+01,2.887929921177e-05,-6.172620533345e+00,5.151873408719e+01,-5.584158726207e-06,6.718528506407e-02,2.245848135285e-02,-3.446345793797e-05
"                  62",-6.277965439866e+00,5.166129744325e+01,2.909314841339e-05,-6.211901694961e+00,5.168342889125e+01,-1.402240757759e-05,6.606374490488e-02,2.213144799526e-02,-4.311555599098e-05
"                  63",-6.314531100070e+00,5.180676538550e+01,2.914571474106e-05,-6.249250010646e+00,5.182849619595e+01,-1.844930742082e-05,6.528108942462e-02,2.173081044408e-02,-4.759502216188e-05
"                  64",-6.353353841864e+00,5.198293039666e+01,2.863791729102e-05,-6.288880512577e+00,5.200425168439e+01,-1.498938667161e-05,6.447332928765e-02,2.132128773538e-02,-4.362730396263e-05
"                  65",-6.392176493200e+00,5.220485881992e+01,2.808021880504e-05,-6.328527510343e+00,5.222583396328e+01,-4.826189570111e-06,6.364898285735e-02,2.097514335840e-02,-3.290640837515e-05
"                  66",-6.425911863640e+00,5.246840645343e+01,2.625519801859e-05,-6.363257411154e+00,5.248907635078e+01,-1.076599983645e-05,6.265445248530e-02,2.066989735881e-02,-3.702119785504e-05
"                  67",-6.453090229492e+00,5.272991190700e+01,2.397180753818e-05,-6.391485723567e+00,5.275027699144e+01,-1.908422181168e-05,6.160450592531e-02,2.036508444343e-02,-4.305602934985e-05
"                  68",-6.475250468743e+00,5.293436590429e+01,2.195987763433e-05,-6.414737849535e+00,5.295431987914e+01,-3.107509475077e-05,6.051261920807e-02,1.995397484413e-02,-5.303497238510e-05
"                  69",-6.498351060311e+00,5.308352716154e+01,2.060425427535e-05,-6.438783908346e+00,5.310306640214e+01,-2.473729927235e-05,5.956715196447e-02,1.953924060896e-02,-4.534155354770e-05
"                  70",-6.523086492039e+00,5.321873190297e+01,1.897670467053e-05,-6.464368318648e+00,5.323785274459e+01,-6.820706605506e-06,5.871817339128e-02,1.912084161968e-02,-2.579741127604e-05
"                  71",-6.549530628723e+00,5.338447986143e+01,1.726278185454e-05,-6.491542719271e+00,5.340323899721e+01,4.666507091876e-06,5.798790945243e-02,1.875913578070e-02,-1.259627476266e-05
"                  72",-6.574230388587e+00,5.359508343093e+01,1.622751718251e-05,-6.516822604197e+00,5.361347389159e+01,3.473164066582e-06,5.740778439000e-02,1.839046065740e-02,-1.275435311593e-05
"                  73",-6.594316175829e+00,5.382962297761e+01,1.564953482700e-05,-6.537392949854e+00,5.384754455471e+01,4.028311228235e-06,5.692322597466e-02,1.792157709875e-02,-1.162122359876e-05
"                  74",-6.610666271674e+00,5.403998069786e+01,1.579475328000e-05,-6.554069481554e+00,5.405739996443e+01,9.501578153385e-06,5.659679012055e-02,1.741926656511e-02,-6.293175126617e-06
"                  75",-6.627876786381e+00,5.419244218790e+01,1.561143492379e-05,-6.571396241551e+00,5.420934268738e+01,2.738245025222e-05,5.648054483038e-02,1.690049948083e-02,1.177101532843e-05
"                  76",-6.647542852724e+00,5.429232761583e+01,1.469518054249e-05,-6.590854603162e+00,5.430879536412e+01,2.984037201892e-05,5.668824956201e-02,1.646774829652e-02,1.514519147644e-05
"                  77",-6.664620047926e+00,5.438329714291e+01,1.457113331546e-05,-6.607429641870e+00,5.439940864124e+01,4.012907744595e-05,5.719040605569e-02,1.611149833129e-02,2.555794413049e-05
"                  78",-6.676756084214e+00,5.449115247417e+01,1.568641364098e-05,-6.618995428945e+00,5.450695273032e+01,5.550412506365e-05,5.776065526860e-02,1.580025614768e-02,3.981771142266e-05
"                  79",-6.692319308244e+00,5.463240365394e+01,1.783261975032e-05,-6.633778520410e+00,5.464803586798e+01,7.901031204850e-05,5.854078783441e-02,1.563221404361e-02,6.117769229818e-05
"                  80",-6.713052655674e+00,5.479541467201e+01,2.060009271206e-05,-6.653676962575e+00,5.481099121858e+01,1.120318957045e-04,5.937569309933e-02,1.557654657712e-02,9.143180299245e-05
"                  81",-6.734403248644e+00,5.495788042760e+01,2.269317419213e-05,-6.674334949227e+00,5.497340388566e+01,1.433997165371e-04,6.006829941706e-02,1.552345805856e-02,1.207065423450e-04
"                  82",-6.754306411651e+00,5.511218000333e+01,2.352671417306e-05,-6.693800091647e+00,5.512754444823e+01,1.563847803764e-04,6.050632000373e-02,1.536444489514e-02,1.328580662033e-04
"                  83",-6.771977281143e+00,5.524764311751e+01,2.410769213603e-05,-6.711143165605e+00,5.526271792405e+01,1.661596455014e-04,6.083411553775e-02,1.507480654369e-02,1.420519533654e-04
"                  84",-6.788337480371e+00,5.536968438954e+01,2.461383038134e-05,-6.727087095012e+00,5.538430848921e+01,1.591547213274e-04,6.125038535813e-02,1.462409967022e-02,1.345408909461e-04
"                  85",-6.804210261917e+00,5.548667040140e+01,2.451400582449e-05,-6.742397444670e+00,5.550067310412e+01,1.609395010744e-04,6.181281724676e-02,1.400270272357e-02,1.364254952500e-04
"                  86",-6.816156653726e+00,5.559235704933e+01,2.350727831476e-05,-6.753559168323e+00,5.560579121435e+01,1.562324498947e-04,6.259748540315e-02,1.343416502147e-02,1.327251715799e-04
"                  87",-6.824635232034e+00,5.569259123645e+01,2.314563157569e-05,-6.761311193311e+00,5.570557916967e+01,1.345398695311e-04,6.332403872331e-02,1.298793322626e-02,1.113942379554e-04
"                  88",-6.830508806502e+00,5.579265018470e+01,2.235230213183e-05,-6.766565853390e+00,5.580526294889e+01,1.193928550808e-04,6.394295311237e-02,1.261276418531e-02,9.704055294901e-05
"                  89",-6.833472053056e+00,5.589892293426e+01,1.989284937520e-05,-6.769239837836e+00,5.591123609890e+01,8.918848780472e-05,6.423221521992e-02,1.231316463809e-02,6.929563842952e-05
"                  90",-6.830944176001e+00,5.601458412395e+01,1.724933527039e-05,-6.766666031742e+00,5.602664002678e+01,4.675981719302e-05,6.427814425888e-02,1.205590282668e-02,2.951048192263e-05
"                  91",-6.827138388052e+00,5.612186742572e+01,1.515408620888e-05,-6.762939984518e+00,5.613368530196e+01,1.152431097990e-05,6.419840353402e-02,1.181787623767e-02,-3.629775228981e-06
"                  92",-6.824573933893e+00,5.622303914553e+01,1.411070002151e-05,-6.760687940038e+00,5.623471535090e+01,4.442893039731e-06,6.388599385446e-02,1.167620537001e-02,-9.667806981780e-06
"                  93",-6.822014251192e+00,5.634051324872e+01,1.393121645178e-05,-6.758715340394e+00,5.635210195005e+01,3.497913842184e-06,6.329891079786e-02,1.158870132462e-02,-1.043330260960e-05
"                  94",-6.817901801892e+00,5.648679817592e+01,1.326394757745e-05,-6.755327812287e+00,5.649827872262e+01,2.442675766991e-05,6.257398960484e-02,1.148054669847e-02,1.116281009245e-05
"                  95",-6.812476294894e+00,5.664958158941e+01,1.143630725505e-05,-6.750636351299e+00,5.666088185944e+01,6.805508601020e-05,6.183994359506e-02,1.130027003803e-02,5.661877875515e-05
"                  96",-6.807435558922e+00,5.679810624926e+01,8.860632477467e-06,-6.746184438995e+00,5.680923782497e+01,1.085473769542e-04,6.125111992733e-02,1.113157571313e-02,9.968674447677e-05
"                  97",-6.802816622541e+00,5.692121661414e+01,6.045232534931e-06,-6.742049666721e+00,5.693230266475e+01,1.355469081924e-04,6.076695582000e-02,1.108605061492e-02,1.295016756575e-04
"                  98",-6.796819846876e+00,5.703787809321e+01,4.252033066185e-06,-6.736389770120e+00,5.704912509048e+01,1.523616510322e-04,6.043007675666e-02,1.124699726908e-02,1.481096179660e-04
"                  99",-6.786706785935e+00,5.716957049915e+01,3.607869301604e-06,-6.726472128168e+00,5.718101226050e+01,1.594029277961e-04,6.023465776695e-02,1.144176134497e-02,1.557950584945e-04
"                 100",-6.772881810032e+00,5.731602989614e+01,5.021176466224e-06,-6.712707657549e+00,5.732754043358e+01,1.681224301743e-04,6.017415248315e-02,1.151053743838e-02,1.631012537081e-04
"                 101",-6.758118579619e+00,5.746803818541e+01,7.255129717007e-06,-6.697955305263e+00,5.747937660681e+01,1.846659791832e-04,6.016327435566e-02,1.133842139685e-02,1.774108494662e-04
"                 102",-6.744136874766e+00,5.761053046063e+01,7.631351042602e-06,-6.683968876195e+00,5.762157130657e+01,2.016607358149e-04,6.016799857125e-02,1.104084593953e-02,1.940293847723e-04
"                 103",-6.732555754315e+00,5.773830108663e+01,5.695981835260e-06,-6.672224465565e+00,5.774918207373e+01,2.292053861540e-04,6.033128875054e-02,1.088098710250e-02,2.235094043187e-04
"                 104",-6.723770529265e+00,5.786389558696e+01,2.777886613796e-06,-6.663219925659e+00,5.787480349818e+01,2.650153424726e-04,6.055060360658e-02,1.090791121268e-02,2.622374558588e-04
"                 105",-6.716578357435e+00,5.799574413398e+01,1.460814471287e-06,-6.655950186814e+00,5.800685898871e+01,2.993778509390e-04,6.062817062062e-02,1.111485472613e-02,2.979170364677e-04
"                 106",-6.707768244784e+00,5.811695734128e+01,2.875329705298e-06,-6.647177656936e+00,5.812826222325e+01,3.376478993521e-04,6.059058784814e-02,1.130488197586e-02,3.347725696468e-04
"                 107",-6.694449560085e+00,5.821431098377e+01,6.639035335492e-06,-6.633873156989e+00,5.822567823892e+01,3.701037480618e-04,6.057640309629e-02,1.136725514956e-02,3.634647127263e-04
"                 108",-6.679094965768e+00,5.829577962948e+01,1.279566850227e-05,-6.618626910561e+00,5.830711930437e+01,3.946351889549e-04,6.046805520664e-02,1.133967488900e-02,3.818395204527e-04
"                 109",-6.663526465048e+00,5.839229134762e+01,1.923297220150e-05,-6.603384136860e+00,5.840365352246e+01,4.298647330881e-04,6.014232818798e-02,1.136217483717e-02,4.106317608866e-04
"                 110",-6.649085845249e+00,5.852472766598e+01,2.698041743149e-05,-6.589514603391e+00,5.853620009840e+01,4.519519422770e-04,5.957124185835e-02,1.147243242169e-02,4.249715248455e-04
"                 111",-6.637939256716e+00,5.868519143322e+01,3.780628414185e-05,-6.579364247485e+00,5.869681352137e+01,4.696712484577e-04,5.857500923101e-02,1.162208814502e-02,4.318649643158e-04
"                 112",-6.625029115481e+00,5.883271925272e+01,5.268710402381e-05,-6.567691224470e+00,5.884442571725e+01,4.706030025970e-04,5.733789101069e-02,1.170646453479e-02,4.179158985732e-04
"                 113",-6.608196070334e+00,5.894276698038e+01,6.964616979311e-05,-6.552265888088e+00,5.895436749572e+01,4.509897302238e-04,5.593018224541e-02,1.160051534078e-02,3.813435604307e-04
"                 114",-6.587177937277e+00,5.901503673974e+01,8.803043766397e-05,-6.532871501462e+00,5.902644322635e+01,4.203361871118e-04,5.430643581543e-02,1.140648661210e-02,3.323057494479e-04
"                 115",-6.561272604431e+00,5.906618843072e+01,1.057341803901e-04,-6.508890456605e+00,5.907747071071e+01,3.817454828839e-04,5.238214782580e-02,1.128227999483e-02,2.760113024939e-04
"                 116",-6.535943201036e+00,5.913269981241e+01,1.222989586165e-04,-6.485671498337e+00,5.914388558940e+01,3.038937859043e-04,5.027170269894e-02,1.118577698397e-02,1.815948272878e-04
"                 117",-6.509265013020e+00,5.920774177610e+01,1.364273021923e-04,-6.461179190446e+00,5.921887360895e+01,2.067097219231e-04,4.808582257467e-02,1.113183284463e-02,7.028241973080e-05
"                 118",-6.486770750815e+00,5.928753914307e+01,1.499855670180e-04,-6.440705330724e+00,5.929867171813e+01,1.213718923263e-04,4.606542009146e-02,1.113257506814e-02,-2.861367469171e-05
"                 119",-6.468396123374e+00,5.937670769205e+01,1.595833443892e-04,-6.423848880219e+00,5.938793942614e+01,4.827317180241e-05,4.454724315519e-02,1.123173408911e-02,-1.113101725868e-04
"                 120",-6.444944156697e+00,5.943456261885e+01,1.648889805000e-04,-6.401425263926e+00,5.944591645408e+01,-7.628025017866e-05,4.351889277020e-02,1.135383522582e-02,-2.411692306787e-04
"                 121",-6.410919011265e+00,5.944224984132e+01,1.669917524810e-04,-6.367900592268e+00,5.945364050694e+01,-1.897585871455e-04,4.301841899708e-02,1.139066561407e-02,-3.567503396265e-04
"                 122",-6.372839273949e+00,5.938919164260e+01,1.660722226426e-04,-6.329944526367e+00,5.940036345944e+01,-2.670199727370e-04,4.289474758220e-02,1.117181684479e-02,-4.330921953796e-04
"                 123",-6.336892484593e+00,5.930139177275e+01,1.630739487242e-04,-6.293928805060e+00,5.931220025406e+01,-3.716773617118e-04,4.296367953310e-02,1.080848131018e-02,-5.347513104361e-04
"                 124",-6.303161694597e+00,5.922158352923e+01,1.585241806780e-04,-6.260054450748e+00,5.923188529180e+01,-4.630557994770e-04,4.310724384932e-02,1.030176257185e-02,-6.215799801550e-04
"                 125",-6.269505251750e+00,5.915655620908e+01,1.526659521048e-04,-6.226198128623e+00,5.916639591759e+01,-5.293369916139e-04,4.330712312751e-02,9.839708502026e-03,-6.820029437187e-04
"                 126",-6.235217927989e+00,5.905394179701e+01,1.434295119040e-04,-6.191694279176e+00,5.906350273513e+01,-6.201252966328e-04,4.352364881234e-02,9.560938117253e-03,-7.635548085369e-04
"                 127",-6.205652639383e+00,5.888033587941e+01,1.306509321580e-04,-6.161908513980e+00,5.888976456533e+01,-7.633413036867e-04,4.374412540290e-02,9.428685920329e-03,-8.939922358447e-04
"                 128",-6.180566270318e+00,5.861660956564e+01,1.154291053604e-04,-6.136788111285e+00,5.862591888998e+01,-9.293054060605e-04,4.377815903318e-02,9.309324332865e-03,-1.044734511421e-03
"                 129",-6.149118438795e+00,5.831319851781e+01,1.002084904774e-04,-6.105221229769e+00,5.832232457751e+01,-1.147290013563e-03,4.389720902535e-02,9.126059700348e-03,-1.247498504040e-03
"                 130",-6.099329214174e+00,5.802954078768e+01,8.627736345316e-05,-6.055647263388e+00,5.803833351362e+01,-1.384808689451e-03,4.368195078657e-02,8.792725934213e-03,-1.471086052904e-03
"                 131",-6.036056407955e+00,5.773588516624e+01,7.313020630258e-05,-5.992653426296e+00,5.774424908295e+01,-1.606555414676e-03,4.340298165938e-02,8.363916708815e-03,-1.679685620978e-03
"                 132",-5.976929848279e+00,5.741013919297e+01,6.150961782202e-05,-5.933839503594e+00,5.741813114189e+01,-1.799816027485e-03,4.309034468465e-02,7.991948922946e-03,-1.861325645307e-03
"                 133",-5.930096816836e+00,5.705412262019e+01,5.269275011902e-05,-5.887037080867e+00,5.706191442819e+01,-1.953347597745e-03,4.305973596950e-02,7.791808003524e-03,-2.006040347864e-03
"                 134",-5.891397500236e+00,5.670820814464e+01,4.658182674119e-05,-5.848213762802e+00,5.671592388132e+01,-2.053408226957e-03,4.318373743408e-02,7.715736678286e-03,-2.099990053698e-03
"                 135",-5.848182530572e+00,5.643389668902e+01,4.354945902483e-05,-5.804690570928e+00,5.644161879861e+01,-2.157180632652e-03,4.349195964452e-02,7.722109587324e-03,-2.200730091676e-03
"                 136",-5.796607506461e+00,5.624085158259e+01,4.287536065827e-05,-5.752797598434e+00,5.624862444017e+01,-2.224399349883e-03,4.380990802757e-02,7.772857585451e-03,-2.267274710541e-03
"                 137",-5.736701150573e+00,5.607520941759e+01,4.244188020432e-05,-5.692464930443e+00,5.608295870601e+01,-2.317174028783e-03,4.423622013026e-02,7.749288424124e-03,-2.359615908987e-03
"                 138",-5.675417399992e+00,5.589674735998e+01,4.347064463505e-05,-5.630861309109e+00,5.590439875421e+01,-2.381304922842e-03,4.455609088369e-02,7.651394230535e-03,-2.424775567477e-03
"                 139",-5.613732379619e+00,5.574719249881e+01,4.649612774097e-05,-5.568892311875e+00,5.575471670976e+01,-2.415951166309e-03,4.484006774439e-02,7.524210953842e-03,-2.462447294050e-03
"                 140",-5.548316274746e+00,5.566919414160e+01,5.280377516332e-05,-5.503300581604e+00,5.567665540047e+01,-2.442620153061e-03,4.501569314216e-02,7.461258870467e-03,-2.495423928224e-03
"                 141",-5.470598651563e+00,5.566866048070e+01,6.158384300812e-05,-5.425421446842e+00,5.567621108673e+01,-2.436428700856e-03,4.517720472088e-02,7.550606032959e-03,-2.498012543864e-03
"                 142",-5.383368848561e+00,5.568021461140e+01,6.994170220571e-05,-5.338136558889e+00,5.568796970593e+01,-2.462465989898e-03,4.523228967231e-02,7.755094531377e-03,-2.532407692104e-03
"                 143",-5.295311674500e+00,5.571633421808e+01,7.618314041103e-05,-5.250032224968e+00,5.572426124245e+01,-2.503964708158e-03,4.527944953221e-02,7.927024365903e-03,-2.580147848569e-03
"                 144",-5.214969073424e+00,5.576379841129e+01,8.108846871496e-05,-5.169603048580e+00,5.577192721434e+01,-2.558228255811e-03,4.536602484400e-02,8.128803052404e-03,-2.639316724526e-03
"                 145",-5.139709729848e+00,5.581192370380e+01,8.599825774031e-05,-5.094304229678e+00,5.582031333873e+01,-2.636343301807e-03,4.540550017019e-02,8.389634930798e-03,-2.722341559547e-03
"                 146",-5.065158775965e+00,5.577667951672e+01,9.058017220903e-05,-5.019678235618e+00,5.578540100889e+01,-2.741919385339e-03,4.548054034683e-02,8.721492169767e-03,-2.832499557548e-03
"                 147",-4.986737370536e+00,5.570801082185e+01,9.381501816860e-05,-4.940995637434e+00,5.571704915349e+01,-2.879597195071e-03,4.574173310208e-02,9.038331640216e-03,-2.973412213239e-03
"                 148",-4.901498567059e+00,5.566425729739e+01,9.534609422787e-05,-4.855368151360e+00,5.567352147098e+01,-3.007525586831e-03,4.613041569891e-02,9.264173594176e-03,-3.102871681059e-03
"                 149",-4.815887969174e+00,5.559255091812e+01,9.472023784190e-05,-4.769158925175e+00,5.560200329179e+01,-3.151148182973e-03,4.672904399910e-02,9.452373663858e-03,-3.245868420815e-03
"                 150",-4.728217017288e+00,5.542318523571e+01,9.266726101274e-05,-4.680835503485e+00,5.543285191186e+01,-3.274859645481e-03,4.738151380310e-02,9.666676148184e-03,-3.367526906494e-03
"                 151",-4.637303751118e+00,5.507708448210e+01,9.002571028761e-05,-4.589102792133e+00,5.508694645507e+01,-3.442156433395e-03,4.820095898423e-02,9.861972965480e-03,-3.532182143683e-03
"                 152",-4.549338388261e+00,5.463660547191e+01,8.722515776771e-05,-4.500012686804e+00,5.464662598636e+01,-3.585735976069e-03,4.932570145688e-02,1.002051445350e-02,-3.672961133837e-03
"                 153",-4.469177104929e+00,5.419270889405e+01,8.342730946425e-05,-4.418253743965e+00,5.420284162212e+01,-3.698302030639e-03,5.092336096451e-02,1.013272807340e-02,-3.781729340104e-03
"                 154",-4.399415751869e+00,5.376341820658e+01,7.834164801344e-05,-4.346470227502e+00,5.377365593478e+01,-3.838427151314e-03,5.294552436744e-02,1.023772820226e-02,-3.916768799327e-03
"                 155",-4.332970033821e+00,5.332057634965e+01,7.268985811538e-05,-4.277771468866e+00,5.333093657944e+01,-3.976120777118e-03,5.519856495532e-02,1.036022979009e-02,-4.048810635233e-03
"                 156",-4.261576069500e+00,5.283632220833e+01,6.773803416221e-05,-4.204136753266e+00,5.284682314574e+01,-4.110335344837e-03,5.743931623336e-02,1.050093740822e-02,-4.178073379000e-03
"                 157",-4.193024200568e+00,5.229151672923e+01,6.350119446185e-05,-4.133263707592e+00,5.230213853700e+01,-4.242912153803e-03,5.976049297588e-02,1.062180776181e-02,-4.306413348265e-03
"                 158",-4.130694228429e+00,5.170887350424e+01,5.952749887270e-05,-4.068549133357e+00,5.171955992445e+01,-4.364678555182e-03,6.214509507278e-02,1.068642020165e-02,-4.424206054055e-03
"                 159",-4.066285627256e+00,5.117495037908e+01,5.639997465821e-05,-4.001722225588e+00,5.118562318921e+01,-4.458401493596e-03,6.456340166801e-02,1.067281013516e-02,-4.514801468254e-03
"                 160",-3.988443557072e+00,5.069774296183e+01,5.412415530384e-05,-3.921475647096e+00,5.070839109149e+01,-4.524086448583e-03,6.696790997600e-02,1.064812966867e-02,-4.578210603887e-03
"                 161",-3.900228631568e+00,5.028438531915e+01,5.281466124945e-05,-3.830974513133e+00,5.029504361292e+01,-4.593498453489e-03,6.925411843496e-02,1.065829376750e-02,-4.646313114738e-03
"                 162",-3.810364915953e+00,4.990590310656e+01,5.282921334258e-05,-3.738963690731e+00,4.991665493225e+01,-4.683544686425e-03,7.140122522185e-02,1.075182568931e-02,-4.736373899768e-03
"                 163",-3.722226084101e+00,4.956102680210e+01,5.484259968660e-05,-3.648922558013e+00,4.957191568021e+01,-4.771513163651e-03,7.330352608807e-02,1.088887811779e-02,-4.826355763338e-03
"                 164",-3.642962455607e+00,4.923809355150e+01,5.978661447066e-05,-3.567968523924e+00,4.924913001136e+01,-4.791543030668e-03,7.499393168253e-02,1.103645986414e-02,-4.851329645138e-03
"                 165",-3.560968659125e+00,4.897209511056e+01,6.680721657377e-05,-3.484552121989e+00,4.898327765775e+01,-4.703781500105e-03,7.641653713615e-02,1.118254719320e-02,-4.770588716678e-03
"                 166",-3.473351595109e+00,4.883267384471e+01,7.525680438034e-05,-3.395728303449e+00,4.884399407825e+01,-4.531582675313e-03,7.762329166044e-02,1.132023354407e-02,-4.606839479693e-03
"                 167",-3.385592296315e+00,4.878274098897e+01,8.434060428407e-05,-3.306941708965e+00,4.879418507282e+01,-4.294292376553e-03,7.865058735001e-02,1.144408384778e-02,-4.378632980837e-03
"                 168",-3.306414644542e+00,4.874312511932e+01,9.400546094017e-05,-3.226940351618e+00,4.875469260000e+01,-3.992462660900e-03,7.947429292363e-02,1.156748068006e-02,-4.086468121840e-03
"                 169",-3.225925493406e+00,4.869049906258e+01,1.048131915276e-04,-3.145843275570e+00,4.870216951945e+01,-3.631827428164e-03,8.008221783587e-02,1.167045687520e-02,-3.736640619691e-03
"                 170",-3.135728767577e+00,4.872363189971e+01,1.159868159419e-04,-3.055211162867e+00,4.873542675769e+01,-3.273587545324e-03,8.051760470979e-02,1.179485798583e-02,-3.389574361266e-03
"                 171",-3.038880105916e+00,4.888707945431e+01,1.262375157715e-04,-2.958159583002e+00,4.889902329546e+01,-2.951296064668e-03,8.072052291334e-02,1.194384115400e-02,-3.077533580439e-03
"                 172",-2.944695210184e+00,4.910718008060e+01,1.354476043945e-04,-2.863957110311e+00,4.911933623034e+01,-2.639454479208e-03,8.073809987295e-02,1.215614974075e-02,-2.774902083603e-03
"                 173",-2.852056860837e+00,4.935569339075e+01,1.435378850477e-04,-2.771513199907e+00,4.936810965408e+01,-2.331421003326e-03,8.054366093031e-02,1.241626333149e-02,-2.474958888374e-03
"                 174",-2.756063645546e+00,4.969175812845e+01,1.513247412704e-04,-2.675897255108e+00,4.970449065287e+01,-2.042912829030e-03,8.016639043787e-02,1.273252441887e-02,-2.194237570300e-03
"                 175",-2.654011731336e+00,5.009205789179e+01,1.585840765407e-04,-2.574264720973e+00,5.010513902516e+01,-1.813358728251e-03,7.974701036305e-02,1.308113336958e-02,-1.971942804792e-03
"                 176",-2.553725613614e+00,5.051694269167e+01,1.648125989545e-04,-2.474362232458e+00,5.053037628976e+01,-1.647025731567e-03,7.936338115579e-02,1.343359808629e-02,-1.811838330521e-03
"                 177",-2.456614157522e+00,5.098658049616e+01,1.700842510390e-04,-2.377587872553e+00,5.100036881500e+01,-1.552271306044e-03,7.902628496915e-02,1.378831884357e-02,-1.722355557083e-03
"                 178",-2.362118357203e+00,5.149582220361e+01,1.752022379732e-04,-2.283374493419e+00,5.150998804206e+01,-1.485368691933e-03,7.874386378364e-02,1.416583844982e-02,-1.660570929906e-03
"                 179",-2.268731345472e+00,5.197116338549e+01,1.805333683613e-04,-2.190271709598e+00,5.198574858940e+01,-1.412148475450e-03,7.845963587417e-02,1.458520391212e-02,-1.592681843811e-03
"                 180",-2.174541508705e+00,5.232582997045e+01,1.857062911933e-04,-2.096285792186e+00,5.234084722910e+01,-1.319394566553e-03,7.825571651967e-02,1.501725864863e-02,-1.505100857746e-03
"                 181",-2.073027634126e+00,5.255956289497e+01,1.907699219628e-04,-1.994789733152e+00,5.257499599159e+01,-1.174395126138e-03,7.823790097367e-02,1.543309662367e-02,-1.365165048101e-03
"                 182",-1.955981781680e+00,5.265594795114e+01,1.954639488889e-04,-1.877366297516e+00,5.267176602161e+01,-1.030041440707e-03,7.861548416411e-02,1.581807046589e-02,-1.225505389596e-03
"                 183",-1.830603284542e+00,5.257922070748e+01,2.000929556129e-04,-1.751073822723e+00,5.259537196297e+01,-9.399950810271e-04,7.952946181858e-02,1.615125549354e-02,-1.140088036640e-03
"                 184",-1.705605552266e+00,5.236270779107e+01,2.038407703043e-04,-1.624838246683e+00,5.237916231406e+01,-8.654563776149e-04,8.076730558266e-02,1.645452299597e-02,-1.069297147919e-03
"                 185",-1.592153755865e+00,5.208723964912e+01,2.065525714520e-04,-1.509750685492e+00,5.210395105365e+01,-7.894139879337e-04,8.240307037316e-02,1.671140453197e-02,-9.959665593858e-04
"                 186",-1.490874642124e+00,5.180870926004e+01,2.091477177163e-04,-1.406564418115e+00,5.182563730282e+01,-6.727473512437e-04,8.431022400970e-02,1.692804277977e-02,-8.818950689600e-04
"                 187",-1.395413714254e+00,5.153921511025e+01,2.123577386029e-04,-1.309303328597e+00,5.155639313114e+01,-4.996251789467e-04,8.611038565720e-02,1.717802089899e-02,-7.119829175496e-04
"                 188",-1.297864025513e+00,5.134093620851e+01,2.163595192555e-04,-1.210174887058e+00,5.135833879527e+01,-2.490978403873e-04,8.768913845471e-02,1.740258675886e-02,-4.654573596429e-04
"                 189",-1.200025992864e+00,5.127165240991e+01,2.201447461379e-04,-1.111091817150e+00,5.128928562796e+01,4.370729221139e-05,8.893417571420e-02,1.763321805330e-02,-1.764374539265e-04
"                 190",-1.104163021809e+00,5.134020186168e+01,2.231242630377e-04,-1.014277025206e+00,5.135811210969e+01,4.173748899396e-04,8.988599660255e-02,1.791024801639e-02,1.942506269019e-04
"                 191",-1.016295366220e+00,5.143509673127e+01,2.248318283341e-04,-9.257036384144e-01,5.145327853663e+01,9.040508745562e-04,9.059172780515e-02,1.818180535817e-02,6.792190462221e-04
"                 192",-9.498860837858e-01,5.142252402424e+01,2.256882205251e-04,-8.587909102086e-01,5.144092639433e+01,1.479367990470e-03,9.109517357720e-02,1.840237008884e-02,1.253679769945e-03
"                 193",-9.045079269209e-01,5.131403716182e+01,2.254048136048e-04,-8.131363899956e-01,5.133262956952e+01,2.045074405964e-03,9.137153692529e-02,1.859240770062e-02,1.819669592359e-03
"                 194",-8.621629681325e-01,5.125043267861e+01,2.239841460172e-04,-7.706833505285e-01,5.126920820377e+01,2.584335126124e-03,9.147961760405e-02,1.877552515670e-02,2.360350980106e-03
"                 195",-8.102814404891e-01,5.132193403704e+01,2.215550054968e-04,-7.187650025953e-01,5.134088335959e+01,3.109292751246e-03,9.151643789378e-02,1.894932255137e-02,2.887737745749e-03
"                 196",-7.563585822532e-01,5.146907420078e+01,2.190620294060e-04,-6.647743908692e-01,5.148821922511e+01,3.588196566134e-03,9.158419138402e-02,1.914502432519e-02,3.369134536728e-03
"                 197",-7.201469026459e-01,5.155164050973e+01,2.169892854169e-04,-6.283575963380e-01,5.157100531404e+01,4.003062419256e-03,9.178930630795e-02,1.936480430998e-02,3.786073133839e-03
"                 198",-7.081157163829e-01,5.150424088212e+01,2.158806160783e-04,-6.159719142381e-01,5.152382734606e+01,4.246500657218e-03,9.214380214477e-02,1.958646393732e-02,4.030620041139e-03
"                 199",-7.041013554518e-01,5.136720547272e+01,2.150031303224e-04,-6.114706179026e-01,5.138695810316e+01,4.326369917843e-03,9.263073754922e-02,1.975263043376e-02,4.111366787521e-03
"                 200",-6.891523239803e-01,5.118911838615e+01,2.129281601504e-04,-5.958301283315e-01,5.120898442229e+01,4.290807097377e-03,9.332219564885e-02,1.986603614279e-02,4.077878937226e-03
"                 201",-6.641797521417e-01,5.097332713779e+01,2.101920522493e-04,-5.698393660886e-01,5.099328717563e+01,4.157622753065e-03,9.434038605308e-02,1.996003783230e-02,3.947430700816e-03
"                 202",-6.360945404162e-01,5.063396162029e+01,2.069663893249e-04,-5.403914248946e-01,5.065401776456e+01,3.949088597415e-03,9.570311552164e-02,2.005614427618e-02,3.742122208090e-03
"                 203",-6.155994126023e-01,5.009678877885e+01,2.026583510783e-04,-5.183116075527e-01,5.011696951794e+01,3.627460824776e-03,9.728780504966e-02,2.018073908877e-02,3.424802473697e-03
"                 204",-6.049877128881e-01,4.940502418420e+01,1.977560919160e-04,-5.058185867258e-01,4.942537427315e+01,3.222356178712e-03,9.916912616229e-02,2.035008894843e-02,3.024600086797e-03
"                 205",-5.988362541260e-01,4.863835436615e+01,1.931845820107e-04,-4.974867205345e-01,4.865888387548e+01,2.777338534725e-03,1.013495335914e-01,2.052950933886e-02,2.584153952714e-03
"                 206",-5.889428409384e-01,4.790532021245e+01,1.900778078941e-04,-4.852219188646e-01,4.792600732015e+01,2.339717649502e-03,1.037209220738e-01,2.068710769893e-02,2.149639841608e-03
"                 207",-5.700505333139e-01,4.716809225212e+01,1.881639485711e-04,-4.638447858896e-01,4.718892800262e+01,1.905542726986e-03,1.062057474243e-01,2.083575050627e-02,1.717378778415e-03
"                 208",-5.460656054894e-01,4.626970328062e+01,1.855466962174e-04,-4.371038558678e-01,4.629061076332e+01,1.447827983244e-03,1.089617496216e-01,2.090748269831e-02,1.262281287027e-03
"                 209",-5.230865429838e-01,4.520060027465e+01,1.817150176213e-04,-4.111199895719e-01,4.522151737645e+01,1.019033270178e-03,1.119665534119e-01,2.091710179455e-02,8.373182525571e-04
"                 210",-5.027324763807e-01,4.407716868427e+01,1.767047194952e-04,-3.875186520318e-01,4.409804166797e+01,7.083999200301e-04,1.152138243489e-01,2.087298370022e-02,5.316952005349e-04
"                 211",-4.798750927261e-01,4.305456105811e+01,1.699087603667e-04,-3.612610100804e-01,4.307534105024e+01,5.381170680447e-04,1.186140826458e-01,2.077999213771e-02,3.682083076780e-04
"                 212",-4.516652298888e-01,4.219039617518e+01,1.616767508306e-04,-3.295892344785e-01,4.221106061583e+01,4.697587938888e-04,1.220759954102e-01,2.066444065450e-02,3.080820430582e-04
"                 213",-4.261040530487e-01,4.143202131839e+01,1.534155345012e-04,-3.006634965684e-01,4.145256984378e+01,4.506384178708e-04,1.254405564803e-01,2.054852539458e-02,2.972228833696e-04
"                 214",-4.100208047961e-01,4.072176554347e+01,1.454911530457e-04,-2.814520871578e-01,4.074218835246e+01,4.705213683565e-04,1.285687176384e-01,2.042280898594e-02,3.250302153108e-04
"                 215",-4.013526891343e-01,4.011855498334e+01,1.375951862950e-04,-2.699781563149e-01,4.013887411275e+01,5.641698222888e-04,1.313745328194e-01,2.031912940394e-02,4.265746359938e-04
"                 216",-3.977573014606e-01,3.960267424339e+01,1.290872823638e-04,-2.639404974955e-01,3.962293137585e+01,7.650320767657e-04,1.338168039651e-01,2.025713245471e-02,6.359447944019e-04
"                 217",-3.949029391159e-01,3.916044979327e+01,1.204423914795e-04,-2.589569490087e-01,3.918070310220e+01,1.043496446044e-03,1.359459901071e-01,2.025330892917e-02,9.230540545642e-04
"                 218",-3.867320941217e-01,3.886079863626e+01,1.123467191626e-04,-2.489917755971e-01,3.888106163317e+01,1.359528064746e-03,1.377403185246e-01,2.026299690788e-02,1.247181345583e-03
"                 219",-3.834235034796e-01,3.867646590153e+01,1.040107544746e-04,-2.442305312302e-01,3.869673773018e+01,1.603444333442e-03,1.391929722495e-01,2.027182864541e-02,1.499433578968e-03
"                 220",-3.907125864404e-01,3.852769269944e+01,9.592840793490e-05,-2.504941693039e-01,3.854798773615e+01,1.756801586172e-03,1.402184171365e-01,2.029503670817e-02,1.660873178237e-03
"                 221",-4.077159170752e-01,3.840050948824e+01,8.786209703319e-05,-2.668292605042e-01,3.842089088931e+01,1.837671415241e-03,1.408866565710e-01,2.038140106632e-02,1.749809318208e-03
"                 222",-4.236686709209e-01,3.841944386012e+01,7.939872241175e-05,-2.825598101109e-01,3.843989333652e+01,1.838253638177e-03,1.411088608100e-01,2.044947639288e-02,1.758854915765e-03
"                 223",-4.427026042649e-01,3.856586768712e+01,7.088696705429e-05,-3.016467791014e-01,3.858641219003e+01,1.748778160723e-03,1.410558251635e-01,2.054450290876e-02,1.677891193669e-03
"                 224",-4.669518245417e-01,3.887178065049e+01,6.220530792624e-05,-3.262170108576e-01,3.889246938331e+01,1.598854711432e-03,1.407348136840e-01,2.068873281885e-02,1.536649403506e-03
"                 225",-4.967248080359e-01,3.920166311883e+01,5.409632387672e-05,-3.565844641360e-01,3.922254357956e+01,1.429181178939e-03,1.401403438999e-01,2.088046073375e-02,1.375084855062e-03
"                 226",-5.295722166145e-01,3.956273939499e+01,4.584341925567e-05,-3.903544253317e-01,3.958380376056e+01,1.273197367708e-03,1.392177912828e-01,2.106436556981e-02,1.227353948452e-03
"                 227",-5.569906994158e-01,3.993964391504e+01,3.750284484428e-05,-4.188861463470e-01,3.996084095889e+01,1.136777204705e-03,1.381045530688e-01,2.119704385004e-02,1.099274359861e-03
"                 228",-5.698339628841e-01,4.039791838738e+01,2.956148732076e-05,-4.329129609236e-01,4.041922539645e+01,1.024686187596e-03,1.369210019605e-01,2.130700907370e-02,9.951247002748e-04
"                 229",-5.765958930056e-01,4.090463006437e+01,2.157663659746e-05,-4.410018500314e-01,4.092599131409e+01,8.841654905957e-04,1.355940429742e-01,2.136124972016e-02,8.625888539982e-04
"                 230",-5.815530604666e-01,4.138126594223e+01,1.284909112229e-05,-4.473180826926e-01,4.140266366851e+01,6.834606935543e-04,1.342349777739e-01,2.139772627927e-02,6.706116024321e-04
"                 231",-5.925295474696e-01,4.169499746777e+01,2.894838447219e-06,-4.594418155821e-01,4.171644236218e+01,4.570983809675e-04,1.330877318875e-01,2.144489441607e-02,4.542035425203e-04
"                 232",-6.086791431193e-01,4.178587733679e+01,-8.249826870338e-06,-4.764643548442e-01,4.180739022819e+01,2.050107350829e-04,1.322147882751e-01,2.151289139981e-02,2.132605619532e-04
"                 233",-6.211570432970e-01,4.168111365380e+01,-1.989860614278e-05,-4.894868078242e-01,4.170265420837e+01,-6.482382670889e-05,1.316702354729e-01,2.154055456444e-02,-4.492522056611e-05
"                 234",-6.264165090854e-01,4.147685375333e+01,-3.081615326936e-05,-4.948738327895e-01,4.149838250788e+01,-3.276730184596e-04,1.315426762959e-01,2.152875455672e-02,-2.968568651903e-04
"                 235",-6.287752982539e-01,4.121640888839e+01,-3.996872023107e-05,-4.969196144943e-01,4.123785249796e+01,-6.187483208670e-04,1.318556837596e-01,2.144360956864e-02,-5.787796006360e-04
"                 236",-6.374485018301e-01,4.083866703251e+01,-4.753566023931e-05,-5.047451446588e-01,4.085995616987e+01,-9.271456464497e-04,1.327033571713e-01,2.128913735705e-02,-8.796099862104e-04
"                 237",-6.550848271375e-01,4.020337496366e+01,-5.357540437291e-05,-5.210637297900e-01,4.022441447944e+01,-1.181954718797e-03,1.340210973475e-01,2.103951577967e-02,-1.128379314424e-03
"                 238",-6.769000009478e-01,3.931782212600e+01,-5.837002072895e-05,-5.411830383191e-01,3.933856220105e+01,-1.322941989631e-03,1.357169626287e-01,2.074007505265e-02,-1.264571968902e-03
"                 239",-7.009105768830e-01,3.829530485866e+01,-6.322588869406e-05,-5.631965471201e-01,3.831570896840e+01,-1.385021375626e-03,1.377140297630e-01,2.040410974264e-02,-1.321795486932e-03
"                 240",-7.225247204807e-01,3.729204501073e+01,-6.769494836489e-05,-5.826540504240e-01,3.731214094779e+01,-1.444757758063e-03,1.398706700567e-01,2.009593705455e-02,-1.377062809699e-03
"                 241",-7.400939362410e-01,3.645776337549e+01,-7.153790138733e-05,-5.981101474538e-01,3.647759112493e+01,-1.558623318917e-03,1.419837887872e-01,1.982774943669e-02,-1.487085417529e-03
"                 242",-7.527412178792e-01,3.591372882264e+01,-7.349716023941e-05,-6.089422421449e-01,3.593334262872e+01,-1.728438197394e-03,1.437989757344e-01,1.961380608731e-02,-1.654941037155e-03
"                 243",-7.596997508022e-01,3.568315559248e+01,-7.321207724998e-05,-6.144207131091e-01,3.570259203543e+01,-1.942942447516e-03,1.452790376931e-01,1.943644294576e-02,-1.869730370266e-03
"                 244",-7.708739042291e-01,3.563276515980e+01,-7.119146419059e-05,-6.245487586491e-01,3.565207734017e+01,-2.171690634647e-03,1.463251455799e-01,1.931218036995e-02,-2.100499170456e-03
"                 245",-7.917631287688e-01,3.566932200755e+01,-6.898003357607e-05,-6.447947469742e-01,3.568856431254e+01,-2.376098944343e-03,1.469683817946e-01,1.924230498918e-02,-2.307118910767e-03
"                 246",-8.159012962859e-01,3.578610195371e+01,-6.690482472834e-05,-6.686617528803e-01,3.580529962974e+01,-2.541090799627e-03,1.472395434056e-01,1.919767603714e-02,-2.474185974898e-03
"                 247",-8.402580382602e-01,3.598370768974e+01,-6.472797709144e-05,-6.930257860866e-01,3.600286753975e+01,-2.657711081928e-03,1.472322521736e-01,1.915985001081e-02,-2.592983104837e-03
"                 248",-8.662844869833e-01,3.620871559057e+01,-6.262256975764e-05,-7.191886814706e-01,3.622786203361e+01,-2.702278684553e-03,1.470958055128e-01,1.914644303609e-02,-2.639656114795e-03
"                 249",-8.966153631628e-01,3.637562314231e+01,-5.963949912079e-05,-7.496619313063e-01,3.639477253196e+01,-2.694620158512e-03,1.469534318565e-01,1.914938964874e-02,-2.634980659391e-03
"                 250",-9.329394952712e-01,3.641118337353e+01,-5.567627792013e-05,-7.860532262504e-01,3.643035092354e+01,-2.651665923237e-03,1.468862690208e-01,1.916755001352e-02,-2.595989645317e-03
"                 251",-9.738944376625e-01,3.634519323562e+01,-5.137648839945e-05,-8.269939455168e-01,3.636439074416e+01,-2.619344372039e-03,1.469004921457e-01,1.919750853994e-02,-2.567967883640e-03
"                 252",-1.015606145027e+00,3.626758538246e+01,-4.758849740347e-05,-8.686541498231e-01,3.628682645364e+01,-2.633893846052e-03,1.469519952043e-01,1.924107117563e-02,-2.586305348648e-03
"                 253",-1.054013563747e+00,3.623430765202e+01,-4.401656444837e-05,-9.069978303106e-01,3.625360867739e+01,-2.639051576310e-03,1.470157334366e-01,1.930102536848e-02,-2.595035011862e-03
"                 254",-1.088721862819e+00,3.625428799497e+01,-3.999185089260e-05,-9.416265873228e-01,3.627364375699e+01,-2.611982521425e-03,1.470952754960e-01,1.935576201913e-02,-2.571990670532e-03
"                 255",-1.123740867468e+00,3.631082489212e+01,-3.576121047387e-05,-9.765894899946e-01,3.633022799964e+01,-2.555354090683e-03,1.471513774737e-01,1.940310751500e-02,-2.519592880210e-03
"                 256",-1.159541315435e+00,3.636904223072e+01,-3.062379816989e-05,-1.012308423634e+00,3.638853179608e+01,-2.485096350553e-03,1.472328918014e-01,1.948956535841e-02,-2.454472552383e-03
"                 257",-1.196965386427e+00,3.638269538503e+01,-2.541540837989e-05,-1.049574551543e+00,3.640229806614e+01,-2.411712408588e-03,1.473908348832e-01,1.960268110243e-02,-2.386297000209e-03
"                 258",-1.230563993252e+00,3.631977599542e+01,-2.140813294387e-05,-1.082873833894e+00,3.633949328845e+01,-2.350599973944e-03,1.476901593584e-01,1.971729303799e-02,-2.329191841000e-03
"                 259",-1.256670786933e+00,3.616821266219e+01,-1.852685170825e-05,-1.108541595873e+00,3.618803899272e+01,-2.298545340374e-03,1.481291910601e-01,1.982633052470e-02,-2.280018488666e-03
"                 260",-1.276682529247e+00,3.593491032940e+01,-1.558798450557e-05,-1.127972000410e+00,3.595485795193e+01,-2.242544751184e-03,1.487105288368e-01,1.994762252824e-02,-2.226956766678e-03
"                 261",-1.297478741595e+00,3.560918071460e+01,-1.223603661282e-05,-1.147998659380e+00,3.562922860842e+01,-2.171212478671e-03,1.494800822143e-01,2.004789381526e-02,-2.158976442058e-03
"                 262",-1.324000705285e+00,3.520637329351e+01,-9.343707642278e-06,-1.173648557704e+00,3.522650400699e+01,-2.074537643589e-03,1.503521475811e-01,2.013071348432e-02,-2.065193935947e-03
"                 263",-1.349864018907e+00,3.477060560270e+01,-7.510097798478e-06,-1.198631437383e+00,3.479078828139e+01,-1.968847203703e-03,1.512325815232e-01,2.018267869431e-02,-1.961337105905e-03
"                 264",-1.368454963370e+00,3.433775690876e+01,-6.108238033562e-06,-1.216300959535e+00,3.435797749952e+01,-1.850134441805e-03,1.521540038344e-01,2.022059075551e-02,-1.844026203771e-03
"                 265",-1.383393214704e+00,3.395426615738e+01,-4.071330569287e-06,-1.230276184718e+00,3.397453864328e+01,-1.707154319740e-03,1.531170299853e-01,2.027248590243e-02,-1.703082989170e-03
"                 266",-1.396545276040e+00,3.365457648939e+01,-1.479808782864e-06,-1.242509602711e+00,3.367491090894e+01,-1.565203648724e-03,1.540356733284e-01,2.033441954621e-02,-1.563723839942e-03
"                 267",-1.411188371511e+00,3.347013975058e+01,1.370284921139e-06,-1.256359839218e+00,3.349054013345e+01,-1.440185386948e-03,1.548285322926e-01,2.040038287650e-02,-1.441555671869e-03
"                 268",-1.423944417585e+00,3.344148769198e+01,3.955662009593e-06,-1.268566893955e+00,3.346197055692e+01,-1.325514692128e-03,1.553775236301e-01,2.048286494238e-02,-1.329470354137e-03
"                 269",-1.433938344121e+00,3.355883409813e+01,6.027349713114e-06,-1.278331054299e+00,3.357942497456e+01,-1.228970782386e-03,1.556072898215e-01,2.059087643094e-02,-1.234998132100e-03
"                 270",-1.444033631598e+00,3.379386016117e+01,7.553493709160e-06,-1.288458097935e+00,3.381459810303e+01,-1.135531380350e-03,1.555755336635e-01,2.073794185828e-02,-1.143084874059e-03
"                 271",-1.453458087843e+00,3.416186292834e+01,8.713756185314e-06,-1.298196401490e+00,3.418278684877e+01,-1.022691361578e-03,1.552616863530e-01,2.092392043400e-02,-1.031405117763e-03
"                 272",-1.463932459784e+00,3.464689649567e+01,9.259257420699e-06,-1.309259953052e+00,3.466803842649e+01,-8.954995631997e-04,1.546725067325e-01,2.114193081174e-02,-9.047588206204e-04
"                 273",-1.475946899250e+00,3.517498771412e+01,9.606544613742e-06,-1.322065613525e+00,3.519635565347e+01,-7.439967180221e-04,1.538812857241e-01,2.136793935743e-02,-7.536032626358e-04
"                 274",-1.488889605894e+00,3.565840729644e+01,9.791652990508e-06,-1.335913737069e+00,3.567999670486e+01,-5.696904933979e-04,1.529758688244e-01,2.158940841726e-02,-5.794821463884e-04
"                 275",-1.503463619738e+00,3.607139369414e+01,9.561944041035e-06,-1.351453435170e+00,3.609319663745e+01,-3.608058433294e-04,1.520101845675e-01,2.180294330846e-02,-3.703677873704e-04
"                 276",-1.520673969794e+00,3.639972735994e+01,9.602271575849e-06,-1.369541042091e+00,3.642173348009e+01,-1.018166194947e-04,1.511329277027e-01,2.200612015590e-02,-1.114188910706e-04
"                 277",-1.538474440969e+00,3.663184905681e+01,1.035878676146e-05,-1.388112398738e+00,3.665404742319e+01,2.388956746841e-04,1.503620422306e-01,2.219836637751e-02,2.285368879226e-04
"                 278",-1.554931842426e+00,3.677692688061e+01,1.137930278879e-05,-1.405197077446e+00,3.679930726181e+01,6.739806452015e-04,1.497347649800e-01,2.238038120665e-02,6.626013424127e-04
"                 279",-1.572282346380e+00,3.684025136816e+01,1.163348337676e-05,-1.423048483681e+00,3.686280384385e+01,1.169758467105e-03,1.492338626985e-01,2.255247568665e-02,1.158124983728e-03
"                 280",-1.592226248450e+00,3.686803344715e+01,1.096074281127e-05,-1.443374935494e+00,3.689074786711e+01,1.723215393422e-03,1.488513129562e-01,2.271441995839e-02,1.712254650611e-03
"                 281",-1.616331089999e+00,3.688688799345e+01,9.664850905954e-06,-1.467745113147e+00,3.690976108052e+01,2.310072451475e-03,1.485859768518e-01,2.287308706534e-02,2.300407600569e-03
"                 282",-1.641375535324e+00,3.689279741457e+01,8.570048537739e-06,-1.492989785921e+00,3.691582885493e+01,2.904139458301e-03,1.483857494029e-01,2.303144036641e-02,2.895569409763e-03
"                 283",-1.667802932233e+00,3.688367529346e+01,7.835982103357e-06,-1.519528896617e+00,3.690687881480e+01,3.491918097874e-03,1.482740356153e-01,2.320352134559e-02,3.484082115771e-03
"                 284",-1.696400524371e+00,3.684688371634e+01,7.649707958836e-06,-1.548090365286e+00,3.687027261876e+01,4.055460710347e-03,1.483101590852e-01,2.338890241836e-02,4.047811002388e-03
"                 285",-1.727486047492e+00,3.679132949816e+01,8.151127206656e-06,-1.579071474722e+00,3.681490185162e+01,4.604486420074e-03,1.484145727700e-01,2.357235346093e-02,4.596335292868e-03
"                 286",-1.758741757253e+00,3.675620026867e+01,8.934602652995e-06,-1.610163327158e+00,3.677993260018e+01,5.127988870619e-03,1.485784300952e-01,2.373233150903e-02,5.119054267966e-03
"                 287",-1.788367366907e+00,3.675300704929e+01,9.642781031162e-06,-1.639609006106e+00,3.677685893570e+01,5.621810420513e-03,1.487583608017e-01,2.385188641027e-02,5.612167639482e-03
"                 288",-1.815401229056e+00,3.676949410309e+01,1.035315503474e-05,-1.666425952638e+00,3.679344156736e+01,6.086700140394e-03,1.489752764185e-01,2.394746427562e-02,6.076346985360e-03
"                 289",-1.840202806428e+00,3.678282040389e+01,1.075478069469e-05,-1.690945852508e+00,3.680686387714e+01,6.534120322493e-03,1.492569539200e-01,2.404347325310e-02,6.523365541799e-03
"                 290",-1.862330106044e+00,3.676988701233e+01,1.060988243377e-05,-1.712752583060e+00,3.679403226525e+01,6.948407060598e-03,1.495775229832e-01,2.414525292438e-02,6.937797178164e-03
"                 291",-1.883557981679e+00,3.674656724290e+01,9.872191374722e-06,-1.733596983811e+00,3.677080959195e+01,7.310353503737e-03,1.499609978679e-01,2.424234905020e-02,7.300481312362e-03
"                 292",-1.905551696680e+00,3.672035729026e+01,8.742540624271e-06,-1.755136768813e+00,3.674468273630e+01,7.605215801736e-03,1.504149278669e-01,2.432544603519e-02,7.596473261112e-03
"                 293",-1.930469990463e+00,3.667279488496e+01,7.522163160515e-06,-1.779524877550e+00,3.669720505637e+01,7.830452463230e-03,1.509451129127e-01,2.441017141531e-02,7.822930300070e-03
"                 294",-1.957676052966e+00,3.659530594229e+01,6.422869687591e-06,-1.806151729336e+00,3.661979623895e+01,8.004687492558e-03,1.515243236301e-01,2.449029665297e-02,7.998264622871e-03
"                 295",-1.982525656288e+00,3.647352704004e+01,5.359348224988e-06,-1.830351031937e+00,3.649810398743e+01,8.139528490274e-03,1.521746243516e-01,2.457694739043e-02,8.134169142049e-03
"                 296",-2.004868983337e+00,3.632757162414e+01,3.823081496002e-06,-1.851979220354e+00,3.635224560776e+01,8.241159690406e-03,1.528897629827e-01,2.467398362486e-02,8.237336608910e-03
"                 297",-2.030327707827e+00,3.617432525087e+01,2.065405256125e-06,-1.876698916176e+00,3.619907888820e+01,8.309731078670e-03,1.536287916503e-01,2.475363733348e-02,8.307665673414e-03
"                 298",-2.055966349093e+00,3.603369765715e+01,4.252672229631e-07,-1.901620638596e+00,3.605852132756e+01,8.351727433339e-03,1.543457104973e-01,2.482367041266e-02,8.351302166116e-03
"                 299",-2.076280974327e+00,3.593119253281e+01,-1.103474796886e-06,-1.921234698108e+00,3.595607210529e+01,8.357413587086e-03,1.550462762193e-01,2.487957248355e-02,8.358517061883e-03
"                 300",-2.092150788861e+00,3.587120185161e+01,-2.654679407324e-06,-1.936401866385e+00,3.589613175438e+01,8.339967696359e-03,1.557489224762e-01,2.492990276832e-02,8.342622375766e-03
"                 301",-2.111015341912e+00,3.585933584113e+01,-5.011035029936e-06,-1.954600180403e+00,3.588431601032e+01,8.281151523989e-03,1.564151615084e-01,2.498016918766e-02,8.286162559019e-03
"                 302",-2.131203194118e+00,3.589786810116e+01,-7.987578796775e-06,-1.974192661091e+00,3.592291630253e+01,8.169822347411e-03,1.570105330274e-01,2.504820137301e-02,8.177809926208e-03
"                 303",-2.149887528597e+00,3.599462303540e+01,-1.099014390588e-05,-1.992381435634e+00,3.601975793999e+01,7.996510666951e-03,1.575060929621e-01,2.513490458637e-02,8.007500810857e-03
"                 304",-2.164598176398e+00,3.615338442924e+01,-1.369681161431e-05,-2.006698854912e+00,3.617860929238e+01,7.776703549865e-03,1.578993214860e-01,2.522486314493e-02,7.790400361479e-03
"                 305",-2.176768460646e+00,3.637645456879e+01,-1.601662654548e-05,-2.018569508149e+00,3.640177076825e+01,7.528710626569e-03,1.581989524970e-01,2.531619945296e-02,7.544727253114e-03
"                 306",-2.187666578934e+00,3.665379548084e+01,-1.785834533773e-05,-2.029213666603e+00,3.667921279101e+01,7.236080040899e-03,1.584529123310e-01,2.541731017233e-02,7.253938386237e-03
"                 307",-2.198435766450e+00,3.696074632309e+01,-1.945620754434e-05,-2.039743864431e+00,3.698629062025e+01,6.901322105475e-03,1.586919020189e-01,2.554429716356e-02,6.920778313019e-03
"                 308",-2.211252727602e+00,3.725765612511e+01,-2.107223229079e-05,-2.052305298618e+00,3.728336771038e+01,6.537332518452e-03,1.589474289832e-01,2.571158526812e-02,6.558404750742e-03
"                 309",-2.224259818052e+00,3.752620527996e+01,-2.290386163971e-05,-2.065042344345e+00,3.755210561130e+01,6.157948714075e-03,1.592174737067e-01,2.590033134020e-02,6.180852575715e-03
"                 310",-2.233901269410e+00,3.775381365595e+01,-2.505792294177e-05,-2.074411278346e+00,3.777991724916e+01,5.760943546300e-03,1.594899910638e-01,2.610359321141e-02,5.786001469242e-03
"                 311",-2.240170424807e+00,3.793482599317e+01,-2.730547959102e-05,-2.080396933593e+00,3.796113541663e+01,5.367716218412e-03,1.597734912140e-01,2.630942345966e-02,5.395021698003e-03
"                 312",-2.245983792054e+00,3.806326513389e+01,-2.870245209245e-05,-2.085879847442e+00,3.808975386674e+01,4.989130926259e-03,1.601039446128e-01,2.648873284251e-02,5.017833378352e-03
"                 313",-2.253991247485e+00,3.812136060014e+01,-2.909930347037e-05,-2.093419934204e+00,3.814800049690e+01,4.637297089837e-03,1.605713132803e-01,2.663989676172e-02,4.666396393307e-03
"                 314",-2.261752773225e+00,3.812733328269e+01,-2.917066385367e-05,-2.100592851556e+00,3.815411256088e+01,4.319669944605e-03,1.611599216689e-01,2.677927819415e-02,4.348840608459e-03
"                 315",-2.266405720372e+00,3.811396596680e+01,-2.938699030653e-05,-2.104532213903e+00,3.814088742494e+01,4.043520945988e-03,1.618735064689e-01,2.692145813610e-02,4.072907936295e-03
"                 316",-2.267811672320e+00,3.809721894127e+01,-3.010188695841e-05,-2.105142217518e+00,3.812428708738e+01,3.819957222815e-03,1.626694548022e-01,2.706814611112e-02,3.850059109774e-03
"                 317",-2.268700814645e+00,3.808465491799e+01,-3.152459538627e-05,-2.105189034440e+00,3.811185507559e+01,3.646488633625e-03,1.635117802051e-01,2.720015760006e-02,3.678013229011e-03
"                 318",-2.270891121007e+00,3.807395269009e+01,-3.278869825740e-05,-2.106549266705e+00,3.810126363038e+01,3.510271363468e-03,1.643418543027e-01,2.731094028663e-02,3.543060061726e-03
"                 319",-2.275331950321e+00,3.807410696705e+01,-3.288371642330e-05,-2.110180971468e+00,3.810153194964e+01,3.413173118132e-03,1.651509788539e-01,2.742498259341e-02,3.446056834555e-03
"                 320",-2.279841590798e+00,3.810387498828e+01,-3.236526688601e-05,-2.113899965807e+00,3.813141745635e+01,3.373737152812e-03,1.659416249917e-01,2.754246806809e-02,3.406102419698e-03
"                 321",-2.281695044418e+00,3.816958931801e+01,-3.184271295917e-05,-2.114985735337e+00,3.819722762388e+01,3.388375115631e-03,1.667093090804e-01,2.763830586540e-02,3.420217828590e-03
"                 322",-2.283119134580e+00,3.825544988929e+01,-3.108138212970e-05,-2.115682407908e+00,3.828315883449e+01,3.448961180565e-03,1.674367266718e-01,2.770894519510e-02,3.480042562695e-03
"                 323",-2.288091367487e+00,3.834434128581e+01,-2.913543324729e-05,-2.119986515161e+00,3.837209844210e+01,3.538061771951e-03,1.681048523256e-01,2.775715628598e-02,3.567197205198e-03
"                 324",-2.296569228133e+00,3.842659650445e+01,-2.628266284196e-05,-2.127874377702e+00,3.845436747778e+01,3.643747660113e-03,1.686948504307e-01,2.777097333009e-02,3.670030322955e-03
"                 325",-2.306336240199e+00,3.849847346684e+01,-2.300449149663e-05,-2.137112878867e+00,3.852623905133e+01,3.759754388531e-03,1.692233613319e-01,2.776558448574e-02,3.782758880028e-03
"                 326",-2.316632826243e+00,3.855665043451e+01,-1.941923522743e-05,-2.146935342395e+00,3.858440845790e+01,3.889432655715e-03,1.696974838478e-01,2.775802338372e-02,3.908851890943e-03
"                 327",-2.329075679503e+00,3.859180174173e+01,-1.563989713643e-05,-2.158947043482e+00,3.861952807673e+01,4.021757719274e-03,1.701286360208e-01,2.772633500468e-02,4.037397616410e-03
"                 328",-2.346972007878e+00,3.859201807573e+01,-1.155476058922e-05,-2.176437508248e+00,3.861969971268e+01,4.169167782327e-03,1.705344996299e-01,2.768163695495e-02,4.180722542916e-03
"                 329",-2.369392530072e+00,3.855192571592e+01,-6.938711690083e-06,-2.198473433359e+00,3.857955262907e+01,4.342261338686e-03,1.709190967122e-01,2.762691315271e-02,4.349200050376e-03
"                 330",-2.393080842733e+00,3.846920078190e+01,-2.723870637429e-06,-2.221767682416e+00,3.849677211520e+01,4.546365853757e-03,1.713131603169e-01,2.757133330184e-02,4.549089724394e-03
"                 331",-2.417005041590e+00,3.833990205067e+01,1.347545623767e-06,-2.245313076630e+00,3.836742416413e+01,4.799434738275e-03,1.716919649607e-01,2.752211346010e-02,4.798087192651e-03
"                 332",-2.441475124306e+00,3.816523727952e+01,4.915214005404e-06,-2.269418223943e+00,3.819271120011e+01,5.104806524987e-03,1.720569003628e-01,2.747392059068e-02,5.099891310981e-03
"                 333",-2.466797090981e+00,3.795003371122e+01,8.361231411392e-06,-2.294313727191e+00,3.797747316367e+01,5.440913018835e-03,1.724833637902e-01,2.743945244950e-02,5.432551787424e-03
"                 334",-2.494710268408e+00,3.769252844425e+01,1.203905193632e-05,-2.321714783848e+00,3.771992549550e+01,5.780954504013e-03,1.729954845605e-01,2.739705124408e-02,5.768915452076e-03
"                 335",-2.524903951534e+00,3.739793171950e+01,1.612213516118e-05,-2.351346175720e+00,3.742526611124e+01,6.113542033628e-03,1.735577758143e-01,2.733439174165e-02,6.097419898467e-03
"                 336",-2.556477578966e+00,3.706679028883e+01,2.012185103602e-05,-2.382312447502e+00,3.709403745573e+01,6.448054413831e-03,1.741651314637e-01,2.724716689824e-02,6.427932562795e-03
"                 337",-2.588586436111e+00,3.670891392845e+01,2.378022775415e-05,-2.413758555219e+00,3.673606889922e+01,6.785613111067e-03,1.748278808917e-01,2.715497076981e-02,6.761832883313e-03
"                 338",-2.620499950924e+00,3.634271602372e+01,2.712666238660e-05,-2.444974673473e+00,3.636979241699e+01,7.112470434674e-03,1.755252774508e-01,2.707639326690e-02,7.085343772287e-03
"                 339",-2.651025569235e+00,3.598865913136e+01,3.049679620646e-05,-2.474767829671e+00,3.601569635985e+01,7.410382907549e-03,1.762577395636e-01,2.703722848826e-02,7.379886111343e-03
"                 340",-2.679434621076e+00,3.566516558407e+01,3.364019827865e-05,-2.502411057015e+00,3.569217694575e+01,7.666190465540e-03,1.770235640613e-01,2.701136167512e-02,7.632550267261e-03
"                 341",-2.706037915104e+00,3.539794980093e+01,3.628855059743e-05,-2.528248281904e+00,3.542493515438e+01,7.883808871982e-03,1.777896331999e-01,2.698535345247e-02,7.847520321385e-03
"                 342",-2.732361275209e+00,3.519731954290e+01,3.844909926095e-05,-2.553825722729e+00,3.522428521399e+01,8.064601454593e-03,1.785355524802e-01,2.696567108561e-02,8.026152355332e-03
"                 343",-2.758291183428e+00,3.505524641296e+01,4.039231065618e-05,-2.579074531063e+00,3.508219187470e+01,8.204636270572e-03,1.792166523653e-01,2.694546174330e-02,8.164243959916e-03
"                 344",-2.782800654312e+00,3.497152922680e+01,4.233788267537e-05,-2.602972828382e+00,3.499844995962e+01,8.306094980692e-03,1.798278259296e-01,2.692073282335e-02,8.263757098016e-03
"                 345",-2.805263346448e+00,3.495401255866e+01,4.411887409904e-05,-2.624899735804e+00,3.498093961089e+01,8.370759227052e-03,1.803636106445e-01,2.692705222613e-02,8.326640352953e-03
"                 346",-2.825788092278e+00,3.501180319254e+01,4.572186844138e-05,-2.644996121861e+00,3.503877491904e+01,8.389113588881e-03,1.807919704174e-01,2.697172649078e-02,8.343391720440e-03
"                 347",-2.845160363596e+00,3.514599550431e+01,4.721270107077e-05,-2.664068880068e+00,3.517300306164e+01,8.376899673590e-03,1.810914835283e-01,2.700755732913e-02,8.329686972519e-03
"                 348",-2.864475096001e+00,3.533716867258e+01,4.868799405549e-05,-2.683206983988e+00,3.536419006072e+01,8.331081941130e-03,1.812681120130e-01,2.702138814531e-02,8.282393947075e-03
"                 349",-2.884556469864e+00,3.555706591617e+01,4.994798877925e-05,-2.703210502586e+00,3.558408617489e+01,8.241994008724e-03,1.813459672778e-01,2.702025871900e-02,8.192046019945e-03
"                 350",-2.904713144952e+00,3.579188863660e+01,5.089862656435e-05,-2.723367405254e+00,3.581891224312e+01,8.120038943292e-03,1.813457396978e-01,2.702360651648e-02,8.069140316728e-03
"                 351",-2.926214812264e+00,3.601522914543e+01,5.168806876269e-05,-2.744915615520e+00,3.604228004503e+01,7.990775875310e-03,1.812991967447e-01,2.705089960372e-02,7.939087806548e-03
"                 352",-2.950267597133e+00,3.622181335393e+01,5.251723952800e-05,-2.769057257585e+00,3.624890860174e+01,7.867585062399e-03,1.812103395477e-01,2.709524781366e-02,7.815067822871e-03
"                 353",-2.977591164832e+00,3.644201527541e+01,5.333112817458e-05,-2.796534476036e+00,3.646917829002e+01,7.751806577088e-03,1.810566887955e-01,2.716301460434e-02,7.698475448914e-03
"                 354",-3.005773350579e+00,3.669604917689e+01,5.401060415135e-05,-2.824944912058e+00,3.672329608336e+01,7.645766043947e-03,1.808284385210e-01,2.724690646589e-02,7.591755439796e-03
"                 355",-3.032117408231e+00,3.698213749376e+01,5.461503034976e-05,-2.851593641741e+00,3.700945491333e+01,7.566285567090e-03,1.805237664900e-01,2.731741957353e-02,7.511670536740e-03
"                 356",-3.055318430298e+00,3.729889169524e+01,5.505098676892e-05,-2.875171616721e+00,3.732628364638e+01,7.511228732661e-03,1.801468135768e-01,2.739195114697e-02,7.456177745892e-03
"                 357",-3.076959594255e+00,3.763816278335e+01,5.549538441228e-05,-2.897238930201e+00,3.766565555183e+01,7.475394398897e-03,1.797206640542e-01,2.749276847812e-02,7.419899014484e-03
"                 358",-3.098902165148e+00,3.798564257905e+01,5.589444883296e-05,-2.919650475918e+00,3.801323556643e+01,7.465162759253e-03,1.792516892295e-01,2.759298737987e-02,7.409268310420e-03
"                 359",-3.122518328959e+00,3.831916760015e+01,5.614109547870e-05,-2.943774353268e+00,3.834685485416e+01,7.479985434708e-03,1.787439756912e-01,2.768725401291e-02,7.423844339229e-03
"                 360",-3.145940221047e+00,3.862616829914e+01,5.620078127339e-05,-2.967730075452e+00,3.865394809289e+01,7.510913801026e-03,1.782101455950e-01,2.777979375749e-02,7.454713019753e-03
"                 361",-3.168395715827e+00,3.889566785012e+01,5.598217174225e-05,-2.990741953043e+00,3.892351735563e+01,7.542906691040e-03,1.776537627833e-01,2.784950551027e-02,7.486924519298e-03
"                 362",-3.189774280111e+00,3.912137721779e+01,5.577595155805e-05,-3.012700485972e+00,3.914927117917e+01,7.562037987888e-03,1.770737941389e-01,2.789396137490e-02,7.506262036330e-03
"                 363",-3.210512733833e+00,3.929254250729e+01,5.564584269954e-05,-3.033980706220e+00,3.932046117915e+01,7.563971771966e-03,1.765320276128e-01,2.791867186178e-02,7.508325929266e-03
"                 364",-3.230958913503e+00,3.939930471649e+01,5.546427317373e-05,-3.054889853007e+00,3.942722692488e+01,7.555755845839e-03,1.760690604963e-01,2.792220839776e-02,7.500291572666e-03
"                 365",-3.251017691451e+00,3.944743693548e+01,5.506862243113e-05,-3.075324962780e+00,3.947536472107e+01,7.529013070281e-03,1.756927286703e-01,2.792778558421e-02,7.473944447850e-03
"                 366",-3.270586500207e+00,3.943547195078e+01,5.450983371312e-05,-3.095162898372e+00,3.946340812126e+01,7.475837411193e-03,1.754236018352e-01,2.793617048714e-02,7.421327577480e-03
"                 367",-3.289365636063e+00,3.937376732307e+01,5.373161089678e-05,-3.114096086668e+00,3.940171331276e+01,7.391098608729e-03,1.752695493950e-01,2.794598969132e-02,7.337366997832e-03
"                 368",-3.307144061392e+00,3.926453897618e+01,5.244156908089e-05,-3.131901452492e+00,3.929248290530e+01,7.270585417122e-03,1.752426088997e-01,2.794392912530e-02,7.218143848041e-03
"                 369",-3.323864433583e+00,3.911375085881e+01,5.082665766500e-05,-3.148524396304e+00,3.914170359078e+01,7.126103237218e-03,1.753400372795e-01,2.795273196731e-02,7.075276579553e-03
"                 370",-3.339139208479e+00,3.894833688623e+01,4.916018036722e-05,-3.163598560487e+00,3.897630392862e+01,6.949620974684e-03,1.755406479921e-01,2.796704239085e-02,6.900460794317e-03
"                 371",-3.352222470389e+00,3.880151619995e+01,4.734449638980e-05,-3.176444996445e+00,3.882950560272e+01,6.757974833054e-03,1.757774739441e-01,2.798940276973e-02,6.710630336664e-03
"                 372",-3.361951614883e+00,3.869837863856e+01,4.528142492513e-05,-3.185934128760e+00,3.872640604497e+01,6.565870996797e-03,1.760174861227e-01,2.802740641566e-02,6.520589571872e-03
"                 373",-3.369637903620e+00,3.864558229310e+01,4.322648406018e-05,-3.193396166538e+00,3.867365796718e+01,6.372938808023e-03,1.762417370815e-01,2.807567407268e-02,6.329712323962e-03
"                 374",-3.377022245401e+00,3.864775302577e+01,4.139001658602e-05,-3.200575294227e+00,3.867587874059e+01,6.165026416786e-03,1.764469511734e-01,2.812571481538e-02,6.123636400200e-03
"                 375",-3.384745730808e+00,3.868493197043e+01,3.961574468974e-05,-3.208091507683e+00,3.871311941798e+01,5.953642581281e-03,1.766542231251e-01,2.818744755189e-02,5.914026836591e-03
"                 376",-3.391432074021e+00,3.874867228166e+01,3.806934620740e-05,-3.214581537469e+00,3.877694099108e+01,5.762263021698e-03,1.768505365519e-01,2.826870941313e-02,5.724193675490e-03
"                 377",-3.396434631961e+00,3.884950049013e+01,3.683738129534e-05,-3.219421935731e+00,3.887785497177e+01,5.588677043905e-03,1.770126962297e-01,2.835448163111e-02,5.551839662609e-03
"                 378",-3.401445347621e+00,3.899274026574e+01,3.563924992967e-05,-3.224282929861e+00,3.902119909738e+01,5.413682933774e-03,1.771624177595e-01,2.845883164019e-02,5.378043683845e-03
"                 379",-3.408386755735e+00,3.915320749134e+01,3.436788455394e-05,-3.231073042469e+00,3.918176488236e+01,5.232924320494e-03,1.773137132663e-01,2.855739102676e-02,5.198556435940e-03
"                 380",-3.416345026281e+00,3.929818110638e+01,3.266521071378e-05,-3.238888175434e+00,3.932683835475e+01,5.052307141844e-03,1.774568508468e-01,2.865724836628e-02,5.019641931131e-03
"                 381",-3.423043888932e+00,3.941691465752e+01,3.077008794683e-05,-3.245446644346e+00,3.944567579964e+01,4.877786891004e-03,1.775972445862e-01,2.876114211298e-02,4.847016803057e-03
"                 382",-3.430703635739e+00,3.951422046339e+01,2.921170961234e-05,-3.252966668837e+00,3.954308673805e+01,4.692024158429e-03,1.777369669017e-01,2.886627465788e-02,4.662812448817e-03
"                 383",-3.439681221552e+00,3.958943452333e+01,2.803831126885e-05,-3.261769380985e+00,3.961840628192e+01,4.482952251888e-03,1.779118405667e-01,2.897175859185e-02,4.454913940620e-03
"                 384",-3.448828186216e+00,3.961415787634e+01,2.700821088588e-05,-3.270689966332e+00,3.964321455405e+01,4.237137094712e-03,1.781382198839e-01,2.905667770746e-02,4.210128883826e-03
"                 385",-3.459255243908e+00,3.957452582642e+01,2.595807134867e-05,-3.280800625376e+00,3.960363863963e+01,3.974700688022e-03,1.784546185322e-01,2.911281320514e-02,3.948742616674e-03
"                 386",-3.470569330099e+00,3.948062298061e+01,2.500234704946e-05,-3.291690646619e+00,3.950976538507e+01,3.706209043028e-03,1.788786834803e-01,2.914240446315e-02,3.681206695979e-03
"                 387",-3.481854679626e+00,3.934301684623e+01,2.381344888527e-05,-3.302493835784e+00,3.937217233606e+01,3.447577693027e-03,1.793608438417e-01,2.915548982458e-02,3.423764244141e-03
"                 388",-3.492592959512e+00,3.918473285172e+01,2.234793597380e-05,-3.312702011572e+00,3.921389058266e+01,3.202740399342e-03,1.798909479408e-01,2.915773093911e-02,3.180392463368e-03
"                 389",-3.502960588918e+00,3.905256742380e+01,2.103720228814e-05,-3.322503918828e+00,3.908172171323e+01,2.966433045545e-03,1.804566700901e-01,2.915428942855e-02,2.945395843257e-03
"                 390",-3.512270214449e+00,3.897102122124e+01,2.011707266179e-05,-3.331239051616e+00,3.900018160823e+01,2.743713479147e-03,1.810311628328e-01,2.916038698286e-02,2.723596406486e-03
"                 391",-3.520471253438e+00,3.894398959607e+01,1.960767415727e-05,-3.338887574728e+00,3.897316171766e+01,2.523449056178e-03,1.815836787094e-01,2.917212159412e-02,2.503841382021e-03
"                 392",-3.528871703334e+00,3.895278414222e+01,1.918118377783e-05,-3.346797268141e+00,3.898198930669e+01,2.299252600545e-03,1.820744351935e-01,2.920516446492e-02,2.280071416767e-03
"                 393",-3.538263259663e+00,3.897908947441e+01,1.862028561207e-05,-3.355733155788e+00,3.900834517081e+01,2.070258665098e-03,1.825301038754e-01,2.925569639418e-02,2.051638379486e-03
"                 394",-3.547373091827e+00,3.901777810001e+01,1.805620015513e-05,-3.364434963110e+00,3.904708929061e+01,1.838563436592e-03,1.829381287170e-01,2.931119059883e-02,1.820507236437e-03
"                 395",-3.556532257764e+00,3.907655013675e+01,1.778682515956e-05,-3.373256217343e+00,3.910590984045e+01,1.629705160018e-03,1.832760404209e-01,2.935970370366e-02,1.611918334859e-03
"                 396",-3.567097871785e+00,3.916901255032e+01,1.798618153997e-05,-3.383520652026e+00,3.919842925211e+01,1.442601932956e-03,1.835772197586e-01,2.941670178587e-02,1.424615751416e-03
"                 397",-3.580732191669e+00,3.927656956157e+01,1.898363666493e-05,-3.396838476230e+00,3.930605427878e+01,1.280623019992e-03,1.838937154387e-01,2.948471720830e-02,1.261639383327e-03
"                 398",-3.596697914719e+00,3.936999285983e+01,2.076616214711e-05,-3.412482585855e+00,3.939954720372e+01,1.144749746740e-03,1.842153288637e-01,2.955434388338e-02,1.123983584593e-03
"                 399",-3.612831826447e+00,3.944312186856e+01,2.309405790740e-05,-3.428302041116e+00,3.947275114128e+01,1.037011348196e-03,1.845297853310e-01,2.962927272169e-02,1.013917290289e-03
"                 400",-3.629187245993e+00,3.950190957838e+01,2.564276869287e-05,-3.444332877680e+00,3.953161743232e+01,9.450923825160e-04,1.848543683135e-01,2.970785394581e-02,9.194496138231e-04
"                 401",-3.647432169451e+00,3.953999059174e+01,2.838925268977e-05,-3.462231460768e+00,3.956978480673e+01,8.572403179399e-04,1.852007086828e-01,2.979421498617e-02,8.288510652501e-04
"                 402",-3.666341233420e+00,3.954433801203e+01,3.103374432765e-05,-3.480769220668e+00,3.957423855328e+01,7.773247182237e-04,1.855720127521e-01,2.990054124877e-02,7.462909738961e-04
"                 403",-3.684781645203e+00,3.951134496196e+01,3.355046996117e-05,-3.498793512801e+00,3.954136878118e+01,7.075988947195e-04,1.859881324018e-01,3.002381921953e-02,6.740484247584e-04
"                 404",-3.702197605139e+00,3.943789371233e+01,3.582058207687e-05,-3.515749331811e+00,3.946803267484e+01,6.292796362357e-04,1.864482733283e-01,3.013896250521e-02,5.934590541588e-04
"                 405",-3.718652813128e+00,3.932925168436e+01,3.785436750400e-05,-3.531699478279e+00,3.935948837209e+01,5.515898451786e-04,1.869533348489e-01,3.023668772374e-02,5.137354776746e-04
"                 406",-3.735542043976e+00,3.919101550177e+01,3.970408753312e-05,-3.548018225005e+00,3.922131038735e+01,4.840124531541e-04,1.875238189718e-01,3.029488557809e-02,4.443083656210e-04
"                 407",-3.752739043009e+00,3.904830481342e+01,4.132332423565e-05,-3.564597510847e+00,3.907863186055e+01,4.360437478491e-04,1.881415321617e-01,3.032704713100e-02,3.947204236135e-04
"                 408",-3.769730909215e+00,3.890536985103e+01,4.249184113354e-05,-3.580943417272e+00,3.893572915985e+01,3.951019040402e-04,1.887874919431e-01,3.035930881646e-02,3.526100629066e-04
"                 409",-3.786720216626e+00,3.877063913997e+01,4.290717909696e-05,-3.597321801579e+00,3.880102436692e+01,3.746537771985e-04,1.893984150469e-01,3.038522694985e-02,3.317465981015e-04
"                 410",-3.803505139392e+00,3.866576264902e+01,4.230752541956e-05,-3.613577521385e+00,3.869616557593e+01,3.780748403179e-04,1.899276180066e-01,3.040292690296e-02,3.357673148984e-04
"                 411",-3.818957947737e+00,3.861346883109e+01,4.118313153414e-05,-3.628592669197e+00,3.864388266373e+01,4.257602642411e-04,1.903652785399e-01,3.041383263355e-02,3.845771327069e-04
"                 412",-3.833609986389e+00,3.862820410309e+01,4.021300680207e-05,-3.642910450960e+00,3.865862316841e+01,5.258318687910e-04,1.906995354285e-01,3.041906532103e-02,4.856188619890e-04
"                 413",-3.847370697740e+00,3.871806532214e+01,3.939361162413e-05,-3.656457178753e+00,3.874849301926e+01,6.640156541683e-04,1.909135189872e-01,3.042769712593e-02,6.246220425442e-04
"                 414",-3.859149120928e+00,3.886656538849e+01,3.892037131769e-05,-3.668144048862e+00,3.889701268172e+01,8.385884287480e-04,1.910050720654e-01,3.044729322476e-02,7.996680574303e-04
"                 415",-3.871127679093e+00,3.904587584178e+01,3.873343878846e-05,-3.680149714279e+00,3.907634393474e+01,1.050492869230e-03,1.909779648142e-01,3.046809295825e-02,1.011759430442e-03
"                 416",-3.884428811620e+00,3.923124478689e+01,3.865627760793e-05,-3.693588928880e+00,3.926172756809e+01,1.283753935263e-03,1.908398827401e-01,3.048278120186e-02,1.245097657655e-03
"                 417",-3.897598471708e+00,3.941255746923e+01,3.839847500674e-05,-3.706969399298e+00,3.944305594637e+01,1.512399218802e-03,1.906290724104e-01,3.049847714378e-02,1.474000743795e-03
"                 418",-3.907378991701e+00,3.960537557386e+01,3.829940444456e-05,-3.717008558631e+00,3.963589692015e+01,1.716285913396e-03,1.903704330697e-01,3.052134629084e-02,1.677986508951e-03
"                 419",-3.914131163594e+00,3.980513231487e+01,3.808208669779e-05,-3.724039142201e+00,3.983566471097e+01,1.886167732196e-03,1.900920213929e-01,3.053239609836e-02,1.848085645498e-03
"                 420",-3.921384893305e+00,3.998894864309e+01,3.789273512785e-05,-3.731569053374e+00,4.001946894714e+01,2.009572615825e-03,1.898158399309e-01,3.052030404469e-02,1.971679880697e-03
"                 421",-3.931743246033e+00,4.013213918845e+01,3.799190191075e-05,-3.742182163627e+00,4.016263787878e+01,2.089920813056e-03,1.895610824068e-01,3.049869032779e-02,2.051928911145e-03
"                 422",-3.941940916312e+00,4.022795076645e+01,3.854869285945e-05,-3.752593808864e+00,4.025843735372e+01,2.130347016132e-03,1.893471074485e-01,3.048658726328e-02,2.091798323273e-03
"                 423",-3.948579306985e+00,4.029000966167e+01,3.968546634673e-05,-3.759382711540e+00,4.032049782405e+01,2.135221672182e-03,1.891965954448e-01,3.048816238124e-02,2.095536205835e-03
"                 424",-3.952591430659e+00,4.034700115869e+01,4.130244001998e-05,-3.763490345678e+00,4.037750242128e+01,2.122540011726e-03,1.891010849803e-01,3.050126258673e-02,2.081237571706e-03
"                 425",-3.957314917475e+00,4.039464645563e+01,4.317184235306e-05,-3.768248905931e+00,4.042516747390e+01,2.090661991893e-03,1.890660115434e-01,3.052101827663e-02,2.047490149540e-03
"                 426",-3.963213188482e+00,4.042546478190e+01,4.510711559153e-05,-3.774124576887e+00,4.045600775486e+01,2.043252642775e-03,1.890886115949e-01,3.054297296023e-02,1.998145527184e-03
"                 427",-3.969259356444e+00,4.043288435850e+01,4.717927168921e-05,-3.780111941706e+00,4.046343905904e+01,1.990909766201e-03,1.891474147380e-01,3.055470054661e-02,1.943730494512e-03
"                 428",-3.974601367966e+00,4.042090215210e+01,4.858531385975e-05,-3.785360002346e+00,4.045145487134e+01,1.949141715570e-03,1.892413656199e-01,3.055271923578e-02,1.900556401710e-03
"                 429",-3.980157761389e+00,4.040178857601e+01,4.914150557037e-05,-3.790754721053e+00,4.043233586013e+01,1.924926755596e-03,1.894030403356e-01,3.054728412563e-02,1.875785250025e-03
"                 430",-3.987093045260e+00,4.038882860069e+01,4.945941940512e-05,-3.797489476232e+00,4.041936818204e+01,1.910029494508e-03,1.896035690283e-01,3.053958134468e-02,1.860570075103e-03
"                 431",-3.994365341944e+00,4.039886033247e+01,4.973350605671e-05,-3.804579026285e+00,4.042939530618e+01,1.895590372249e-03,1.897863156592e-01,3.053497371288e-02,1.845856866193e-03
"                 432",-4.001283160449e+00,4.044545069288e+01,5.017628137943e-05,-3.811358355028e+00,4.047599674674e+01,1.876755065179e-03,1.899248054208e-01,3.054605386365e-02,1.826578783799e-03
"                 433",-4.008109485639e+00,4.052851664412e+01,5.028673772230e-05,-3.818097985447e+00,4.055907716381e+01,1.852187600495e-03,1.900115001914e-01,3.056051969436e-02,1.801900862773e-03
"                 434",-4.014994203936e+00,4.064099843635e+01,5.046541991456e-05,-3.824914503996e+00,4.067157161310e+01,1.811061386768e-03,1.900796999396e-01,3.057317674596e-02,1.760595966854e-03
"                 435",-4.022575369853e+00,4.077062634143e+01,5.046610152001e-05,-3.832407166278e+00,4.080120733888e+01,1.749913939893e-03,1.901682035747e-01,3.058099744692e-02,1.699447838373e-03
"                 436",-4.029944949060e+00,4.089211682522e+01,5.009531391781e-05,-3.839675935364e+00,4.092270396249e+01,1.663782583182e-03,1.902690136966e-01,3.058713727489e-02,1.613687269265e-03
"                 437",-4.037064633996e+00,4.099062233443e+01,4.924759878519e-05,-3.846667966704e+00,4.102121320013e+01,1.566276261382e-03,1.903966672914e-01,3.059086569803e-02,1.517028662597e-03
"                 438",-4.043706123335e+00,4.106598329696e+01,4.733469333277e-05,-3.853164743152e+00,4.109656696952e+01,1.465549318673e-03,1.905413801831e-01,3.058367256368e-02,1.418214625340e-03
"                 439",-4.050344793410e+00,4.112024093796e+01,4.534518726478e-05,-3.859644592468e+00,4.115080829843e+01,1.362684801618e-03,1.907002009422e-01,3.056736046546e-02,1.317339614353e-03
"                 440",-4.056828137982e+00,4.115164619138e+01,4.501011452680e-05,-3.865929485885e+00,4.118219787693e+01,1.263647772526e-03,1.908986520976e-01,3.055168555551e-02,1.218637657999e-03
"                 441",-4.064147822612e+00,4.115914769190e+01,4.606752661242e-05,-3.873016157748e+00,4.118967414400e+01,1.176771200853e-03,1.911316648637e-01,3.052645209771e-02,1.130703674241e-03
"                 442",-4.073287201329e+00,4.114409950316e+01,4.812650020469e-05,-3.881894350618e+00,4.117459751282e+01,1.099037253267e-03,1.913928507112e-01,3.049800966436e-02,1.050910753062e-03
"                 443",-4.082507489066e+00,4.110834691181e+01,5.030211103585e-05,-3.890836687445e+00,4.113881231842e+01,1.028981277959e-03,1.916708016206e-01,3.046540660577e-02,9.786791669235e-04
"                 444",-4.090698314248e+00,4.105923051087e+01,5.278718016586e-05,-3.898742925214e+00,4.108964240286e+01,9.730227286613e-04,1.919553890341e-01,3.041189198929e-02,9.202355484954e-04
"                 445",-4.096872768860e+00,4.098145087347e+01,5.569794231689e-05,-3.904632876887e+00,4.101179356257e+01,9.186497978453e-04,1.922398919725e-01,3.034268910898e-02,8.629518555284e-04
"                 446",-4.102784810177e+00,4.088614888356e+01,6.027259186531e-05,-3.910260928339e+00,4.091642213360e+01,8.549311006519e-04,1.925238818373e-01,3.027325003999e-02,7.946585087866e-04
"                 447",-4.110284205520e+00,4.080479712132e+01,6.609696437042e-05,-3.917514160596e+00,4.083502236917e+01,7.686771841594e-04,1.927700449246e-01,3.022524784234e-02,7.025802197890e-04
"                 448",-4.118198423543e+00,4.075271954296e+01,7.201403810633e-05,-3.925228239547e+00,4.078289622507e+01,6.609719230250e-04,1.929701839957e-01,3.017668210097e-02,5.889578849186e-04
"                 449",-4.123799936273e+00,4.073349656565e+01,7.770825925233e-05,-3.930661779446e+00,4.076360767317e+01,5.363337121966e-04,1.931381568264e-01,3.011110751646e-02,4.586254529442e-04
"                 450",-4.127263380909e+00,4.075056311047e+01,8.290282589394e-05,-3.933969559538e+00,4.078062184957e+01,3.943406751869e-04,1.932938213706e-01,3.005873909943e-02,3.114378492930e-04
"                 451",-4.130884134349e+00,4.080290685458e+01,8.713127902026e-05,-3.937475466704e+00,4.083294730446e+01,2.390398871945e-04,1.934086676450e-01,3.004044988397e-02,1.519086081742e-04
"                 452",-4.135679868943e+00,4.088395228848e+01,9.090027320901e-05,-3.942200737974e+00,4.091400429594e+01,8.558032081724e-05,1.934791309690e-01,3.005200745995e-02,-5.319952391776e-06
"                 453",-4.141536704381e+00,4.098679342666e+01,9.461383894027e-05,-3.948038729551e+00,4.101686758909e+01,-6.340742332930e-05,1.934979748300e-01,3.007416242975e-02,-1.580212622696e-04
"                 454",-4.147639673666e+00,4.110287619248e+01,9.840681501824e-05,-3.954156554552e+00,4.113297425921e+01,-2.046206271043e-04,1.934831191136e-01,3.009806673355e-02,-3.030274421225e-04
"                 455",-4.155749852098e+00,4.122919559647e+01,1.018514628011e-04,-3.962286283505e+00,4.125930612690e+01,-3.414532389837e-04,1.934635685929e-01,3.011053042735e-02,-4.433047017848e-04
"                 456",-4.163989591142e+00,4.134358119046e+01,1.046889977079e-04,-3.970521553196e+00,4.137370192996e+01,-4.741673830882e-04,1.934680379464e-01,3.012073950054e-02,-5.788563807961e-04
"                 457",-4.171248019963e+00,4.143536344700e+01,1.070470379638e-04,-3.977755227113e+00,4.146549490158e+01,-5.889699336877e-04,1.934927928493e-01,3.013145458080e-02,-6.960169716516e-04
"                 458",-4.178608741186e+00,4.149912745690e+01,1.094560170727e-04,-3.985064557238e+00,4.152926605435e+01,-6.812161226311e-04,1.935441839478e-01,3.013859745547e-02,-7.906721397038e-04
"                 459",-4.188631221923e+00,4.153260095115e+01,1.119887051647e-04,-3.994993714587e+00,4.156273968443e+01,-7.666340551729e-04,1.936375073357e-01,3.013873327796e-02,-8.786227603375e-04
"                 460",-4.200234901605e+00,4.154285083764e+01,1.142391214567e-04,-4.006452035073e+00,4.157297985377e+01,-8.595776861524e-04,1.937828665317e-01,3.012901612262e-02,-9.738168076090e-04
"                 461",-4.211297079974e+00,4.153119120952e+01,1.155269832613e-04,-4.017317268621e+00,4.156128953268e+01,-9.529262262950e-04,1.939798113539e-01,3.009832315692e-02,-1.068453209556e-03
"                 462",-4.221547631781e+00,4.148279292127e+01,1.160273969295e-04,-4.027344956418e+00,4.151283773294e+01,-1.055305557616e-03,1.942026753635e-01,3.004481166982e-02,-1.171332954546e-03
"                 463",-4.233249382161e+00,4.139793437058e+01,1.164091404155e-04,-4.038824880454e+00,4.142791549779e+01,-1.168129886203e-03,1.944245017073e-01,2.998112721463e-02,-1.284539026619e-03
"                 464",-4.245660645074e+00,4.129202270045e+01,1.169242550150e-04,-4.051046541681e+00,4.132194349049e+01,-1.302540139440e-03,1.946141033934e-01,2.992079003775e-02,-1.419464394455e-03
"                 465",-4.256850893291e+00,4.118790750798e+01,1.169485071990e-04,-4.062083770416e+00,4.121777006328e+01,-1.453439774628e-03,1.947671228750e-01,2.986255530205e-02,-1.570388281827e-03
"                 466",-4.266161398172e+00,4.109677590797e+01,1.161049717777e-04,-4.071277681127e+00,4.112657696884e+01,-1.610859833977e-03,1.948837170442e-01,2.980106086686e-02,-1.726964805755e-03
"                 467",-4.276513417511e+00,4.103071791544e+01,1.146405336423e-04,-4.081531183277e+00,4.106044708670e+01,-1.751295815104e-03,1.949822342343e-01,2.972917126013e-02,-1.865936348747e-03
"                 468",-4.288515130704e+00,4.098775345091e+01,1.136438813011e-04,-4.093425107463e+00,4.101739643281e+01,-1.872127321642e-03,1.950900232416e-01,2.964298189918e-02,-1.985771202943e-03
"                 469",-4.298865907047e+00,4.096117701554e+01,1.130622162402e-04,-4.103695110885e+00,4.099073278490e+01,-1.992156753033e-03,1.951707961621e-01,2.955576936685e-02,-2.105218969273e-03
"                 470",-4.306828709745e+00,4.095269295019e+01,1.114292170920e-04,-4.111616256954e+00,4.098217770286e+01,-2.129489806179e-03,1.952124527906e-01,2.948475267141e-02,-2.240919023271e-03
"                 471",-4.313889037147e+00,4.097899914057e+01,1.096737176968e-04,-4.118685963679e+00,4.100841792678e+01,-2.288339774425e-03,1.952030734672e-01,2.941878621723e-02,-2.398013492122e-03
"                 472",-4.319754550773e+00,4.103654552954e+01,1.094607795525e-04,-4.124618381688e+00,4.106589244079e+01,-2.447431458298e-03,1.951361690845e-01,2.934691124919e-02,-2.556892237851e-03
"                 473",-4.325925153795e+00,4.111079586191e+01,1.111871405953e-04,-4.130916447636e+00,4.114006391822e+01,-2.595892612289e-03,1.950087061584e-01,2.926805631750e-02,-2.707079752884e-03
"                 474",-4.332372217246e+00,4.119149283899e+01,1.130209180118e-04,-4.137539525006e+00,4.122067312178e+01,-2.733853563166e-03,1.948326922396e-01,2.918028278404e-02,-2.846874481178e-03
"                 475",-4.338159129057e+00,4.127703127696e+01,1.143685780347e-04,-4.143518891275e+00,4.130612827161e+01,-2.850722205678e-03,1.946402377812e-01,2.909699465550e-02,-2.965090783713e-03
"                 476",-4.343771465459e+00,4.135677525656e+01,1.155404416285e-04,-4.149329300859e+00,4.138578802728e+01,-2.945342117874e-03,1.944421646006e-01,2.901277072335e-02,-3.060882559503e-03
"                 477",-4.349645940944e+00,4.141816386155e+01,1.167120225721e-04,-4.155400444534e+00,4.144709634459e+01,-3.019088563588e-03,1.942454964098e-01,2.893248303300e-02,-3.135800586160e-03
"                 478",-4.356243840198e+00,4.145451708985e+01,1.182863226484e-04,-4.162175721895e+00,4.148337750858e+01,-3.063148532319e-03,1.940681183028e-01,2.886041872082e-02,-3.181434854967e-03
"                 479",-4.362640764624e+00,4.146708270954e+01,1.205173105369e-04,-4.168755354450e+00,4.149588220608e+01,-3.073368558609e-03,1.938854101745e-01,2.879949653672e-02,-3.193885869146e-03
"                 480",-4.369399975930e+00,4.145849691168e+01,1.227273674764e-04,-4.175726355050e+00,4.148723989702e+01,-3.054658357870e-03,1.936736208800e-01,2.874298533594e-02,-3.177385725347e-03
"                 481",-4.378584825898e+00,4.144442085847e+01,1.245245202566e-04,-4.185169093434e+00,4.147311333827e+01,-2.997914191918e-03,1.934157324639e-01,2.869247980265e-02,-3.122438712175e-03
"                 482",-4.389567801094e+00,4.144780535022e+01,1.257515821665e-04,-4.196447723043e+00,4.147644629709e+01,-2.892487032247e-03,1.931200780515e-01,2.864094687625e-02,-3.018238614413e-03
"                 483",-4.400159029242e+00,4.147379840839e+01,1.257662918376e-04,-4.207314102575e+00,4.150239418064e+01,-2.745957015243e-03,1.928449266665e-01,2.859577224648e-02,-2.871723307081e-03
"                 484",-4.407629886444e+00,4.152031500293e+01,1.252597153146e-04,-4.215026107394e+00,4.154886362364e+01,-2.567368784731e-03,1.926037790502e-01,2.854862070992e-02,-2.692628500045e-03
"                 485",-4.412978592852e+00,4.158367806798e+01,1.256094916354e-04,-4.220578156579e+00,4.161218606290e+01,-2.374952675792e-03,1.924004362726e-01,2.850799491851e-02,-2.500562167427e-03
"                 486",-4.419751925509e+00,4.165211690577e+01,1.261128376488e-04,-4.227522417783e+00,4.168058422789e+01,-2.177374625077e-03,1.922295077262e-01,2.846732212048e-02,-2.303487462726e-03
"                 487",-4.429441755261e+00,4.171711567167e+01,1.253215323448e-04,-4.237386059633e+00,4.174555754379e+01,-1.977915816022e-03,1.920556956283e-01,2.844187212243e-02,-2.103237348367e-03
"                 488",-4.441172491014e+00,4.178089595384e+01,1.219635622005e-04,-4.249298578471e+00,4.180933346785e+01,-1.788603212926e-03,1.918739125426e-01,2.843751400742e-02,-1.910566775127e-03
"                 489",-4.452795461942e+00,4.184556849992e+01,1.175510602683e-04,-4.261113045186e+00,4.187401676949e+01,-1.604569627074e-03,1.916824167553e-01,2.844826956827e-02,-1.722120687342e-03
"                 490",-4.462784590565e+00,4.190887194481e+01,1.127931785427e-04,-4.271301524180e+00,4.193732890467e+01,-1.417614193584e-03,1.914830663854e-01,2.845695986395e-02,-1.530407372127e-03
"                 491",-4.471632234388e+00,4.196285902096e+01,1.085307805112e-04,-4.280374561365e+00,4.199131567275e+01,-1.236979696427e-03,1.912576730234e-01,2.845665178580e-02,-1.345510476938e-03
"                 492",-4.481430736669e+00,4.200037999737e+01,1.048298869011e-04,-4.290380678529e+00,4.202882775575e+01,-1.055352464816e-03,1.910500581395e-01,2.844775837479e-02,-1.160182351717e-03
"                 493",-4.494370730674e+00,4.202620021121e+01,1.010955344023e-04,-4.303491994918e+00,4.205463788929e+01,-8.712893101403e-04,1.908787357569e-01,2.843767807862e-02,-9.723848445426e-04
"                 494",-4.508516379006e+00,4.204052205777e+01,9.798367748866e-05,-4.317792950040e+00,4.206894372548e+01,-6.987927382601e-04,1.907234289661e-01,2.842166771507e-02,-7.967764157488e-04
"                 495",-4.521555894408e+00,4.204940354590e+01,9.603440057522e-05,-4.330978299075e+00,4.207780231765e+01,-5.428984821272e-04,1.905775953336e-01,2.839877175173e-02,-6.389328827025e-04
"                 496",-4.531745670850e+00,4.205961014101e+01,9.522692264500e-05,-4.341332683857e+00,4.208798123019e+01,-4.192250397665e-04,1.904129869927e-01,2.837108918505e-02,-5.144519624115e-04
"                 497",-4.541171480301e+00,4.207929939556e+01,9.543804070187e-05,-4.350951322050e+00,4.210765296509e+01,-3.275165037726e-04,1.902201582511e-01,2.835356952924e-02,-4.229545444745e-04
"                 498",-4.552043464089e+00,4.210535630426e+01,9.624564978936e-05,-4.362017390030e+00,4.213369217849e+01,-2.659411612267e-04,1.900260740588e-01,2.833587422892e-02,-3.621868110160e-04
"                 499",-4.564707509462e+00,4.213349905342e+01,9.748581400184e-05,-4.374842129932e+00,4.216181441731e+01,-2.343567768045e-04,1.898653795299e-01,2.831536389131e-02,-3.318425908063e-04
"                 500",-4.578810219265e+00,4.216912703450e+01,9.897742103564e-05,-4.389081766350e+00,4.219741515497e+01,-2.222200441884e-04,1.897284529146e-01,2.828812047090e-02,-3.211974652240e-04
"                 501",-4.590928613363e+00,4.220762346055e+01,1.010448489306e-04,-4.401331530032e+00,4.223587819000e+01,-2.147320117264e-04,1.895970833312e-01,2.825472945041e-02,-3.157768606570e-04
"                 502",-4.600120348893e+00,4.224651159720e+01,1.032768807989e-04,-4.410655624794e+00,4.227475189387e+01,-2.225527656741e-04,1.894647240992e-01,2.824029666364e-02,-3.258296464731e-04
"                 503",-4.607683922166e+00,4.227629139472e+01,1.049337285188e-04,-4.418359180723e+00,4.230453805956e+01,-2.548550920606e-04,1.893247414428e-01,2.824666484263e-02,-3.597888205794e-04
"                 504",-4.615647726302e+00,4.229347804743e+01,1.051734406347e-04,-4.426461781015e+00,4.232173087475e+01,-3.039078155397e-04,1.891859452863e-01,2.825282732136e-02,-4.090812561744e-04
"                 505",-4.624220346675e+00,4.230335418917e+01,1.049555836942e-04,-4.435155797954e+00,4.233160452912e+01,-3.615503897813e-04,1.890645487202e-01,2.825033994735e-02,-4.665059734755e-04
"                 506",-4.633634552170e+00,4.231037561857e+01,1.054912028668e-04,-4.444657975329e+00,4.233863174635e+01,-4.231588473561e-04,1.889765768412e-01,2.825612778116e-02,-5.286500502229e-04
"                 507",-4.643025218335e+00,4.231842982975e+01,1.075414339247e-04,-4.454112340315e+00,4.234671843594e+01,-4.882500479876e-04,1.889128780197e-01,2.828860618606e-02,-5.957914819124e-04
"                 508",-4.650957510795e+00,4.232728744352e+01,1.100607529588e-04,-4.462090359066e+00,4.235563231895e+01,-5.658193742830e-04,1.888671517291e-01,2.834487543399e-02,-6.758801272418e-04
"                 509",-4.657574278190e+00,4.233589226743e+01,1.116876115812e-04,-4.468746135708e+00,4.236429585612e+01,-6.566650380593e-04,1.888281424823e-01,2.840358869160e-02,-7.683526496405e-04
"                 510",-4.663578557977e+00,4.234873586122e+01,1.126069495791e-04,-4.474794494142e+00,4.237719909268e+01,-7.683023488722e-04,1.887840638350e-01,2.846323145686e-02,-8.809092984514e-04
"                 511",-4.669351524789e+00,4.237916327870e+01,1.132976949327e-04,-4.480632768025e+00,4.240767598178e+01,-9.000759500508e-04,1.887187567637e-01,2.851270307980e-02,-1.013373644983e-03
"                 512",-4.674552037442e+00,4.243448705057e+01,1.132330356876e-04,-4.485903437542e+00,4.246305141825e+01,-1.056308098594e-03,1.886485998993e-01,2.856436767873e-02,-1.169541134281e-03
"                 513",-4.679181351832e+00,4.251571057823e+01,1.124789365307e-04,-4.490595192429e+00,4.254433169910e+01,-1.241944267310e-03,1.885861594031e-01,2.862112086926e-02,-1.354423203841e-03
"                 514",-4.682029544142e+00,4.260932720427e+01,1.114122284769e-04,-4.493538471855e+00,4.263800679675e+01,-1.446609284623e-03,1.884910722871e-01,2.867959247550e-02,-1.558021513100e-03
"                 515",-4.685005799537e+00,4.270966157013e+01,1.095439557558e-04,-4.496646633447e+00,4.273839882680e+01,-1.664475100692e-03,1.883591660904e-01,2.873725666683e-02,-1.774019056448e-03
"                 516",-4.687263566024e+00,4.281408859364e+01,1.062224650496e-04,-4.499053631902e+00,4.284287775731e+01,-1.890904847478e-03,1.882099341221e-01,2.878916366278e-02,-1.997127312528e-03
"                 517",-4.689476266207e+00,4.291938515041e+01,1.013585869205e-04,-4.501417690767e+00,4.294821197813e+01,-2.114426800008e-03,1.880585754402e-01,2.882682772195e-02,-2.215785386929e-03
"                 518",-4.692394691447e+00,4.302480598460e+01,9.510225363839e-05,-4.504497791486e+00,4.305366206303e+01,-2.310988741637e-03,1.878968999606e-01,2.885607843811e-02,-2.406090995275e-03
"                 519",-4.694300108378e+00,4.312151610063e+01,8.822254239695e-05,-4.506572392957e+00,4.315039309323e+01,-2.468785169894e-03,1.877277154208e-01,2.887699259791e-02,-2.557007712291e-03
"                 520",-4.693123281155e+00,4.319871006235e+01,8.158893964297e-05,-4.505580069174e+00,4.322760212071e+01,-2.596184631813e-03,1.875432119809e-01,2.889205836645e-02,-2.677773571456e-03
"                 521",-4.691435942985e+00,4.326024760158e+01,7.582630321127e-05,-4.504077007271e+00,4.328914422256e+01,-2.713841809879e-03,1.873589357138e-01,2.889662098139e-02,-2.789668113090e-03
"                 522",-4.692046702250e+00,4.330753450307e+01,6.995621310916e-05,-4.504872380160e+00,4.333640767588e+01,-2.831535033530e-03,1.871743220903e-01,2.887317280643e-02,-2.901491246639e-03
"                 523",-4.695557964615e+00,4.334239231482e+01,6.348507588955e-05,-4.508588854765e+00,4.337121815284e+01,-2.945508520373e-03,1.869691098503e-01,2.882583802553e-02,-3.008993596262e-03
"                 524",-4.699746993919e+00,4.336561164417e+01,5.726521358938e-05,-4.513017276844e+00,4.339437880114e+01,-3.054721091621e-03,1.867297170750e-01,2.876715697836e-02,-3.111986305211e-03
"                 525",-4.701951074992e+00,4.337467594407e+01,5.117062997893e-05,-4.515499581309e+00,4.340338058606e+01,-3.150884051528e-03,1.864514936829e-01,2.870464198157e-02,-3.202054681507e-03
"                 526",-4.700390245461e+00,4.336945646505e+01,4.574470106612e-05,-4.514237379476e+00,4.339808322902e+01,-3.232608444463e-03,1.861528659853e-01,2.862676397478e-02,-3.278353145529e-03
"                 527",-4.697149391206e+00,4.336530236325e+01,4.036295507143e-05,-4.511299867809e+00,4.339382233153e+01,-3.302589482131e-03,1.858495233973e-01,2.851996827829e-02,-3.342952437202e-03
"                 528",-4.695226642060e+00,4.336948942725e+01,3.353674943328e-05,-4.509691502564e+00,4.339790238858e+01,-3.359901151654e-03,1.855351394958e-01,2.841296132490e-02,-3.393437901087e-03
"                 529",-4.695855547154e+00,4.338269563529e+01,2.592617973221e-05,-4.510693310271e+00,4.341100167029e+01,-3.396022428117e-03,1.851622368825e-01,2.830603500012e-02,-3.421948607850e-03
"                 530",-4.695964596169e+00,4.339801739826e+01,1.847945984569e-05,-4.511212803315e+00,4.342619999797e+01,-3.428630656344e-03,1.847517928535e-01,2.818259970722e-02,-3.447110116190e-03
"                 531",-4.695268018080e+00,4.340359332082e+01,1.122836435822e-05,-4.510926007046e+00,4.343163378697e+01,-3.472599431084e-03,1.843420110348e-01,2.804046614494e-02,-3.483827795442e-03
"                 532",-4.694760013923e+00,4.340292858770e+01,4.034468059071e-06,-4.510861961493e+00,4.343081539795e+01,-3.529794472231e-03,1.838980524297e-01,2.788681025828e-02,-3.533828940290e-03
"                 533",-4.694970675481e+00,4.341070540025e+01,-3.401806213799e-06,-4.511553297630e+00,4.343843980979e+01,-3.604006148985e-03,1.834173778504e-01,2.773440954221e-02,-3.600604342771e-03
"                 534",-4.694452605064e+00,4.343120987843e+01,-1.027675726925e-05,-4.511547333354e+00,4.345879602240e+01,-3.689658723919e-03,1.829052717102e-01,2.758614397517e-02,-3.679381966650e-03
"                 535",-4.693842013583e+00,4.345699876638e+01,-1.610068616627e-05,-4.511442784427e+00,4.348445530594e+01,-3.792917380972e-03,1.823992291551e-01,2.745653955870e-02,-3.776816694806e-03
"                 536",-4.693454323440e+00,4.348143299163e+01,-2.098050407823e-05,-4.511548843178e+00,4.350876339649e+01,-3.915503344015e-03,1.819054802618e-01,2.733040486069e-02,-3.894522839937e-03
"                 537",-4.693208552171e+00,4.350866151758e+01,-2.523224748671e-05,-4.511797118646e+00,4.353587079717e+01,-4.061098331976e-03,1.814114335257e-01,2.720927959132e-02,-4.035866084489e-03
"                 538",-4.692392608380e+00,4.354661094899e+01,-2.951679957017e-05,-4.511492328978e+00,4.357368138847e+01,-4.215562692505e-03,1.809002794027e-01,2.707043948091e-02,-4.186045892935e-03
"                 539",-4.690910949578e+00,4.359746577108e+01,-3.397004953565e-05,-4.510534281775e+00,4.362439010929e+01,-4.351546352016e-03,1.803766678029e-01,2.692433821603e-02,-4.317576302481e-03
"                 540",-4.688089413515e+00,4.365324153213e+01,-3.807465439470e-05,-4.508228514073e+00,4.368003140868e+01,-4.466360934912e-03,1.798608994424e-01,2.678987655253e-02,-4.428286280517e-03
"                 541",-4.685129913412e+00,4.371266779557e+01,-4.144397852100e-05,-4.505780763659e+00,4.373932850300e+01,-4.567108858642e-03,1.793491497529e-01,2.666070743712e-02,-4.525664880121e-03
"                 542",-4.682040497719e+00,4.377317706519e+01,-4.392463294785e-05,-4.503174801314e+00,4.379973753399e+01,-4.642047992774e-03,1.788656964052e-01,2.656046880352e-02,-4.598123359826e-03
"                 543",-4.679640321294e+00,4.383395078774e+01,-4.583480585324e-05,-4.501220712844e+00,4.386043705997e+01,-4.690372875447e-03,1.784196084500e-01,2.648627222525e-02,-4.644538069594e-03
"                 544",-4.676417997709e+00,4.389279650556e+01,-4.751003003446e-05,-4.498417457360e+00,4.391922305352e+01,-4.719543750696e-03,1.780005403493e-01,2.642654795868e-02,-4.672033720662e-03
"                 545",-4.673867098297e+00,4.395001890995e+01,-4.906236064533e-05,-4.496238676860e+00,4.397638920603e+01,-4.731542961475e-03,1.776284214375e-01,2.637029607840e-02,-4.682480600830e-03
"                 546",-4.671963426313e+00,4.400337448499e+01,-5.048427484920e-05,-4.494662820496e+00,4.402970009497e+01,-4.721930928289e-03,1.773006058169e-01,2.632560998255e-02,-4.671446653439e-03
"                 547",-4.669230887925e+00,4.403915402095e+01,-5.190167069528e-05,-4.492220113012e+00,4.406544900856e+01,-4.711873752421e-03,1.770107749133e-01,2.629498761109e-02,-4.659972081725e-03
"                 548",-4.664425425464e+00,4.404827260195e+01,-5.289906156308e-05,-4.487650036525e+00,4.407455550889e+01,-4.708048772093e-03,1.767753889393e-01,2.628290693303e-02,-4.655149710530e-03
"                 549",-4.659341979032e+00,4.403252315030e+01,-5.370421817466e-05,-4.482721604953e+00,4.405880291889e+01,-4.714136973987e-03,1.766203740784e-01,2.627976859342e-02,-4.660432755812e-03
"                 550",-4.655838471110e+00,4.401035844272e+01,-5.494565571446e-05,-4.479334073556e+00,4.403661990795e+01,-4.733026564371e-03,1.765043975548e-01,2.626146523537e-02,-4.678080908656e-03
"                 551",-4.654970751323e+00,4.399269669783e+01,-5.686578766585e-05,-4.478551062093e+00,4.401893765161e+01,-4.782421839197e-03,1.764196892299e-01,2.624095377884e-02,-4.725556051531e-03
"                 552",-4.654514641581e+00,4.397093231799e+01,-5.903973910027e-05,-4.478126138712e+00,4.399714782939e+01,-4.853765839682e-03,1.763885028689e-01,2.621551139984e-02,-4.794726100581e-03
"                 553",-4.652151602132e+00,4.394006915898e+01,-6.095838513152e-05,-4.475750556498e+00,4.396626697758e+01,-4.946276811699e-03,1.764010456345e-01,2.619781860425e-02,-4.885318426568e-03
"                 554",-4.647503311694e+00,4.390406974702e+01,-6.229231067653e-05,-4.471026864281e+00,4.393027021092e+01,-5.067136997813e-03,1.764764474123e-01,2.620046389853e-02,-5.004844687137e-03
"                 555",-4.642618560952e+00,4.387491806592e+01,-6.265560986335e-05,-4.466022379407e+00,4.390115162446e+01,-5.238300948658e-03,1.765961815456e-01,2.623355854119e-02,-5.175645338794e-03
"                 556",-4.640276313020e+00,4.385857522980e+01,-6.170604430326e-05,-4.463512626318e+00,4.388486520995e+01,-5.451370380737e-03,1.767636867014e-01,2.628998015401e-02,-5.389664336433e-03
"                 557",-4.641503938665e+00,4.384345662005e+01,-5.955205772639e-05,-4.464529482222e+00,4.386980764594e+01,-5.689977291823e-03,1.769744564427e-01,2.635102589952e-02,-5.630425234096e-03
"                 558",-4.642612508355e+00,4.382885388561e+01,-5.662083312510e-05,-4.465403790907e+00,4.385526650532e+01,-5.948060058246e-03,1.772087174473e-01,2.641261970659e-02,-5.891439225121e-03
"                 559",-4.640771255358e+00,4.381530473067e+01,-5.396079899741e-05,-4.463318922068e+00,4.384177214990e+01,-6.221198600532e-03,1.774523332899e-01,2.646741923077e-02,-6.167237801535e-03
"                 560",-4.636045089745e+00,4.380694286523e+01,-5.078185580757e-05,-4.458342922418e+00,4.383347221449e+01,-6.500128914478e-03,1.777021673278e-01,2.652934926681e-02,-6.449347058671e-03
"                 561",-4.632205287334e+00,4.381436078960e+01,-4.711507224629e-05,-4.454236972894e+00,4.384095817337e+01,-6.758561631188e-03,1.779683144399e-01,2.659738376444e-02,-6.711446558942e-03
"                 562",-4.631436420975e+00,4.382762959850e+01,-4.314456422281e-05,-4.453181987438e+00,4.385430835047e+01,-6.997949535963e-03,1.782544335370e-01,2.667875196811e-02,-6.954804971741e-03
"                 563",-4.632922874555e+00,4.382535232342e+01,-3.846823644194e-05,-4.454338514276e+00,4.385211928840e+01,-7.215621567377e-03,1.785843602787e-01,2.676696497139e-02,-7.177153330935e-03
"                 564",-4.634765260704e+00,4.379906471153e+01,-3.300786800632e-05,-4.455804989004e+00,4.382591674046e+01,-7.400437414747e-03,1.789602717008e-01,2.685202893819e-02,-7.367429546741e-03
"                 565",-4.635462999510e+00,4.375781991702e+01,-2.762910243778e-05,-4.456091349770e+00,4.378474821415e+01,-7.544536086303e-03,1.793716497400e-01,2.692829713843e-02,-7.516906983865e-03
"                 566",-4.633586772762e+00,4.371377783249e+01,-2.286212565987e-05,-4.453791951229e+00,4.374077608149e+01,-7.663728622661e-03,1.797948215328e-01,2.699824900329e-02,-7.640866497001e-03
"                 567",-4.630048760234e+00,4.367335424169e+01,-1.621963655300e-05,-4.449851687740e+00,4.370042142078e+01,-7.764106728084e-03,1.801970724946e-01,2.706717908279e-02,-7.747887091531e-03
"                 568",-4.627240134710e+00,4.364145311738e+01,-8.043300477900e-06,-4.446688307669e+00,4.366858549740e+01,-7.849723241163e-03,1.805518270408e-01,2.713238002269e-02,-7.841679940685e-03
"                 569",-4.626639557117e+00,4.362102984500e+01,3.260070241804e-07,-4.445793190908e+00,4.364821189845e+01,-7.923955699263e-03,1.808463662091e-01,2.718205344553e-02,-7.924281706287e-03
"                 570",-4.627318267552e+00,4.360319644980e+01,8.468732467839e-06,-4.446258399260e+00,4.363040598957e+01,-7.997807726855e-03,1.810598682920e-01,2.720953977532e-02,-8.006276459322e-03
"                 571",-4.627634158911e+00,4.358478489043e+01,1.661341898887e-05,-4.446456248813e+00,4.361200027764e+01,-8.077023653517e-03,1.811779100982e-01,2.721538721060e-02,-8.093637072506e-03
"                 572",-4.627893804202e+00,4.357402466087e+01,2.415720080691e-05,-4.446697112073e+00,4.360121102237e+01,-8.152090053880e-03,1.811966921285e-01,2.718636150021e-02,-8.176247254687e-03
"                 573",-4.628791594220e+00,4.358662824671e+01,3.071955559646e-05,-4.447644862266e+00,4.361376176471e+01,-8.214476822447e-03,1.811467319536e-01,2.713351799721e-02,-8.245196378043e-03
"                 574",-4.630325876889e+00,4.361514566258e+01,3.643740186227e-05,-4.449268054534e+00,4.364221389187e+01,-8.258216951640e-03,1.810578223557e-01,2.706822928878e-02,-8.294654353503e-03
"                 575",-4.633141083354e+00,4.363786385837e+01,4.139339237120e-05,-4.452194170117e+00,4.366485530938e+01,-8.280244833101e-03,1.809469132365e-01,2.699145101619e-02,-8.321638225472e-03
"                 576",-4.635698594051e+00,4.364355509876e+01,4.557129806267e-05,-4.454889378479e+00,4.367047080266e+01,-8.283594013649e-03,1.808092155728e-01,2.691570389092e-02,-8.329165311712e-03
"                 577",-4.636569682123e+00,4.363626411384e+01,4.905325238916e-05,-4.455944528061e+00,4.366309343595e+01,-8.252370800990e-03,1.806251540620e-01,2.682932211106e-02,-8.301424053380e-03
"                 578",-4.635353237737e+00,4.362446814000e+01,5.160777515686e-05,-4.454977804096e+00,4.365119621818e+01,-8.179996868150e-03,1.803754336410e-01,2.672807818296e-02,-8.231604643307e-03
"                 579",-4.635266391671e+00,4.362122609512e+01,5.388624730484e-05,-4.455195246591e+00,4.364784887899e+01,-8.069242164265e-03,1.800711450798e-01,2.662278386432e-02,-8.123128411570e-03
"                 580",-4.637951697609e+00,4.361909089694e+01,5.606847333945e-05,-4.458200857587e+00,4.364559844043e+01,-7.911259478542e-03,1.797508400220e-01,2.650754349125e-02,-7.967327951882e-03
"                 581",-4.640355587065e+00,4.359420007944e+01,5.933353254955e-05,-4.460908198180e+00,4.362058606531e+01,-7.702115576007e-03,1.794473888850e-01,2.638598586333e-02,-7.761449108557e-03
"                 582",-4.640660752048e+00,4.354113151303e+01,6.298883143504e-05,-4.461496155930e+00,4.356739969148e+01,-7.444990524729e-03,1.791645961177e-01,2.626817844762e-02,-7.507979356164e-03
"                 583",-4.639854025238e+00,4.348429907418e+01,6.572225561090e-05,-4.460986359011e+00,4.351046472801e+01,-7.145805372989e-03,1.788676662270e-01,2.616565383217e-02,-7.211527628600e-03
"                 584",-4.637620489467e+00,4.343601596680e+01,6.796042530141e-05,-4.459074837357e+00,4.346210392049e+01,-6.813177634676e-03,1.785456521103e-01,2.608795368691e-02,-6.881138059978e-03
"                 585",-4.634529704115e+00,4.339516342174e+01,6.911908479386e-05,-4.456342243797e+00,4.342117424560e+01,-6.428861315206e-03,1.781874603182e-01,2.601082386392e-02,-6.497980400000e-03
"                 586",-4.629891922967e+00,4.336761496168e+01,6.970427316010e-05,-4.452097467166e+00,4.339353554558e+01,-5.980701057564e-03,1.777944558014e-01,2.592058389790e-02,-6.050405330724e-03
"                 587",-4.624986963539e+00,4.337047924489e+01,7.062768475341e-05,-4.447593598088e+00,4.339630244978e+01,-5.472481934586e-03,1.773933654505e-01,2.582320488551e-02,-5.543109619339e-03
"                 588",-4.622065688600e+00,4.340278510214e+01,7.025984715801e-05,-4.445049646243e+00,4.342851155485e+01,-4.925643348492e-03,1.770160423570e-01,2.572645271419e-02,-4.995903195650e-03
"                 589",-4.620847347445e+00,4.344349768971e+01,6.811589519327e-05,-4.444178874386e+00,4.346914010737e+01,-4.354257981793e-03,1.766684730591e-01,2.564241765959e-02,-4.422373876986e-03
"                 590",-4.618967445527e+00,4.348843264843e+01,6.439667997794e-05,-4.442624150001e+00,4.351401612860e+01,-3.770464066464e-03,1.763432955259e-01,2.558348017749e-02,-3.834860746442e-03
"                 591",-4.613244321543e+00,4.354410842979e+01,5.971208333233e-05,-4.437222792445e+00,4.356965117301e+01,-3.192520341600e-03,1.760215290980e-01,2.554274321939e-02,-3.252232424932e-03
"                 592",-4.605501303393e+00,4.360864890871e+01,5.401459147836e-05,-4.429803001274e+00,4.363415556309e+01,-2.633959364554e-03,1.756983021190e-01,2.550665437580e-02,-2.687973956033e-03
"                 593",-4.599177351287e+00,4.368399406224e+01,4.814717831609e-05,-4.423784788879e+00,4.370945164586e+01,-2.110969238640e-03,1.753925624076e-01,2.545758362754e-02,-2.159116416956e-03
"                 594",-4.593899912016e+00,4.376106314253e+01,4.284004442794e-05,-4.418775108583e+00,4.378647984998e+01,-1.643180043204e-03,1.751248034333e-01,2.541670744559e-02,-1.686020087632e-03
"                 595",-4.587802533893e+00,4.383947917123e+01,3.811386242615e-05,-4.412940158960e+00,4.386486208981e+01,-1.244282362149e-03,1.748623749336e-01,2.538291857527e-02,-1.282396224575e-03
"                 596",-4.580795603675e+00,4.391908433933e+01,3.297136021156e-05,-4.406199500215e+00,4.394444665409e+01,-9.072644897414e-04,1.745961034596e-01,2.536231475925e-02,-9.402358499530e-04
"                 597",-4.574591545264e+00,4.399936643193e+01,2.705284939780e-05,-4.400248634730e+00,4.402471947420e+01,-6.269726538378e-04,1.743429105345e-01,2.535304227474e-02,-6.540255032356e-04
"                 598",-4.567964400263e+00,4.407771137471e+01,2.006828648550e-05,-4.393871536214e+00,4.410306637254e+01,-4.086551014046e-04,1.740928640485e-01,2.535499783059e-02,-4.287233878901e-04
"                 599",-4.560786701635e+00,4.415623745436e+01,1.289986996816e-05,-4.386939597730e+00,4.418160619378e+01,-2.684162502960e-04,1.738471039047e-01,2.536873941583e-02,-2.813161202641e-04
"                 600",-4.551578151525e+00,4.423993857597e+01,8.118722549415e-06,-4.377951085300e+00,4.426533826450e+01,-1.939813329668e-04,1.736270662255e-01,2.539968853033e-02,-2.021000555162e-04
"                 601",-4.541103380672e+00,4.431705956817e+01,4.961358073079e-06,-4.367654827628e+00,4.434250302058e+01,-1.680084270069e-04,1.734485530443e-01,2.544345240839e-02,-1.729697850799e-04
"                 602",-4.530469747170e+00,4.437372304731e+01,1.613493173345e-06,-4.357176138771e+00,4.439921223109e+01,-1.841301479339e-04,1.732936083987e-01,2.548918377624e-02,-1.857436411072e-04
"                 603",-4.521245324455e+00,4.442283770362e+01,-2.815209952146e-06,-4.348073078281e+00,4.444838816328e+01,-2.484448080478e-04,1.731722461741e-01,2.555045966069e-02,-2.456295980956e-04
"                 604",-4.514353090260e+00,4.447486336087e+01,-6.983218532283e-06,-4.341258318740e+00,4.450049242862e+01,-3.590672600950e-04,1.730947715203e-01,2.562906775333e-02,-3.520840415627e-04
"                 605",-4.508087321925e+00,4.452429007277e+01,-1.019331311708e-05,-4.335027726769e+00,4.455001803043e+01,-5.147340155370e-04,1.730595951558e-01,2.572795766353e-02,-5.045407024199e-04
"                 606",-4.499175386952e+00,4.456235978962e+01,-1.360310346368e-05,-4.326105108483e+00,4.458818146691e+01,-6.991318849672e-04,1.730702784683e-01,2.582167728793e-02,-6.855287815035e-04
"                 607",-4.489085797811e+00,4.458334627644e+01,-1.679299279498e-05,-4.315943836287e+00,4.460925010313e+01,-8.880449203672e-04,1.731419615241e-01,2.590382668930e-02,-8.712519275723e-04
"                 608",-4.480525618795e+00,4.458507399877e+01,-2.107829166907e-05,-4.307279616478e+00,4.461103650385e+01,-1.071471306888e-03,1.732460023174e-01,2.596250507995e-02,-1.050393015219e-03
"                 609",-4.472694563487e+00,4.457133274055e+01,-2.714575201499e-05,-4.299312498074e+00,4.459735688423e+01,-1.232527170505e-03,1.733820654130e-01,2.602414368576e-02,-1.205381418490e-03
"                 610",-4.464812209152e+00,4.455425901552e+01,-3.334012707382e-05,-4.291288823451e+00,4.458036407082e+01,-1.361657624477e-03,1.735233857009e-01,2.610505529337e-02,-1.328317497403e-03
"                 611",-4.455153143724e+00,4.453606019204e+01,-3.862830597807e-05,-4.281486640748e+00,4.456225248253e+01,-1.464490634298e-03,1.736665029760e-01,2.619229049280e-02,-1.425862328320e-03
"                 612",-4.443976904220e+00,4.450782871389e+01,-4.391567036336e-05,-4.270127343248e+00,4.453411094278e+01,-1.536291781746e-03,1.738495609720e-01,2.628222889008e-02,-1.492376111382e-03
"                 613",-4.432090722734e+00,4.447363488066e+01,-4.863774537483e-05,-4.258038371684e+00,4.450001103060e+01,-1.589441143416e-03,1.740523510497e-01,2.637614994558e-02,-1.540803398041e-03
"                 614",-4.421259208844e+00,4.444559743898e+01,-5.246831858556e-05,-4.247011330089e+00,4.447207422533e+01,-1.644488049573e-03,1.742478787557e-01,2.647678635603e-02,-1.592019730988e-03
"                 615",-4.412611764829e+00,4.443337138450e+01,-5.562592392929e-05,-4.238199110669e+00,4.445995676094e+01,-1.706207023848e-03,1.744126541608e-01,2.658537643606e-02,-1.650581099919e-03
"                 616",-4.405708668990e+00,4.444182205834e+01,-5.865706800736e-05,-4.231187552130e+00,4.446852471784e+01,-1.786017515495e-03,1.745211168600e-01,2.670265949975e-02,-1.727360447488e-03
"                 617",-4.397249765610e+00,4.444985902177e+01,-6.126371898710e-05,-4.222662761067e+00,4.447667261099e+01,-1.873295071365e-03,1.745870045433e-01,2.681358921630e-02,-1.812031352378e-03
"                 618",-4.386360125881e+00,4.444688749990e+01,-6.320527002867e-05,-4.211749705582e+00,4.447379049147e+01,-1.955400424317e-03,1.746104202994e-01,2.690299156875e-02,-1.892195154288e-03
"                 619",-4.376696792636e+00,4.444941205698e+01,-6.472713223470e-05,-4.202110231954e+00,4.447638026231e+01,-2.026352213622e-03,1.745865606822e-01,2.696820532552e-02,-1.961625081387e-03
"                 620",-4.368152845785e+00,4.445898738244e+01,-6.554690437375e-05,-4.193645525178e+00,4.448600740441e+01,-2.082750930284e-03,1.745073206063e-01,2.702002196667e-02,-2.017204025910e-03
"                 621",-4.359062239745e+00,4.447231280618e+01,-6.579335929043e-05,-4.184698324817e+00,4.449937452756e+01,-2.121914335266e-03,1.743639149288e-01,2.706172138518e-02,-2.056120975976e-03
"                 622",-4.348461398184e+00,4.447499376585e+01,-6.522579560252e-05,-4.174294645841e+00,4.450209024455e+01,-2.153670744119e-03,1.741667523423e-01,2.709647870430e-02,-2.088444948517e-03
"                 623",-4.337346299809e+00,4.446022583911e+01,-6.288172943770e-05,-4.163395046943e+00,4.448735542783e+01,-2.176522013794e-03,1.739512528664e-01,2.712958871842e-02,-2.113640284357e-03
"                 624",-4.329550666634e+00,4.443353661550e+01,-6.029318427753e-05,-4.155814587370e+00,4.446068772998e+01,-2.191370722977e-03,1.737360792634e-01,2.715111447853e-02,-2.131077538700e-03
"                 625",-4.324793124533e+00,4.439678536582e+01,-5.874446092966e-05,-4.151240050330e+00,4.442395328708e+01,-2.206473516821e-03,1.735530742032e-01,2.716792125453e-02,-2.147729055891e-03
"                 626",-4.320711915360e+00,4.434760050760e+01,-5.815377765183e-05,-4.147314121849e+00,4.437478322275e+01,-2.239832786313e-03,1.733977935111e-01,2.718271515642e-02,-2.181679008661e-03
"                 627",-4.316055163031e+00,4.428733062638e+01,-5.743368970153e-05,-4.142790756521e+00,4.431453230716e+01,-2.289401053679e-03,1.732644065106e-01,2.720168077904e-02,-2.231967363977e-03
"                 628",-4.313821905150e+00,4.421406460840e+01,-5.543913194060e-05,-4.140677574455e+00,4.424127749034e+01,-2.356365948046e-03,1.731443306949e-01,2.721288194172e-02,-2.300926816105e-03
"                 629",-4.312415012392e+00,4.411994546975e+01,-5.267091997727e-05,-4.139380725055e+00,4.414716657321e+01,-2.440944838992e-03,1.730342873366e-01,2.722110346017e-02,-2.388273919014e-03
"                 630",-4.308506946715e+00,4.401516746420e+01,-4.997719246032e-05,-4.135593390804e+00,4.404239137048e+01,-2.525259273279e-03,1.729135559105e-01,2.722390627542e-02,-2.475282080818e-03
"                 631",-4.301112669992e+00,4.391971626317e+01,-4.828858618779e-05,-4.128339227962e+00,4.394693511421e+01,-2.578606027557e-03,1.727734420305e-01,2.721885104156e-02,-2.530317441369e-03
"                 632",-4.293631895584e+00,4.385004400652e+01,-4.792533034698e-05,-4.121012768424e+00,4.387725950058e+01,-2.604226055981e-03,1.726191271596e-01,2.721549405519e-02,-2.556300725634e-03
"                 633",-4.290999415682e+00,4.380982512445e+01,-4.736129489099e-05,-4.118567495210e+00,4.383703715269e+01,-2.622031064084e-03,1.724319204719e-01,2.721202824568e-02,-2.574669769193e-03
"                 634",-4.289709872713e+00,4.379548298064e+01,-4.512431294548e-05,-4.117498516154e+00,4.382269609964e+01,-2.616753945143e-03,1.722113565594e-01,2.721311900499e-02,-2.571629632198e-03
"                 635",-4.286041546108e+00,4.379276702664e+01,-4.132870033056e-05,-4.114090457266e+00,4.381998602763e+01,-2.572335035429e-03,1.719510888419e-01,2.721900099370e-02,-2.531006335099e-03
"                 636",-4.279876248065e+00,4.379820022583e+01,-3.682691526314e-05,-4.108209002254e+00,4.382542584127e+01,-2.474719985928e-03,1.716672458115e-01,2.722561544266e-02,-2.437893070665e-03
"                 637",-4.272950067048e+00,4.382834255628e+01,-3.192550551215e-05,-4.101578635353e+00,4.385556747612e+01,-2.324301590442e-03,1.713714316955e-01,2.722491983478e-02,-2.292376084930e-03
"                 638",-4.267014572609e+00,4.388620201168e+01,-2.694719701377e-05,-4.095932080951e+00,4.391342250910e+01,-2.136818023381e-03,1.710824916577e-01,2.722049741665e-02,-2.109870826367e-03
"                 639",-4.263776087635e+00,4.394601813511e+01,-2.143133011463e-05,-4.092973719631e+00,4.397323910179e+01,-1.940809919064e-03,1.708023680042e-01,2.722096667711e-02,-1.919378588949e-03
"                 640",-4.262017581552e+00,4.397776898979e+01,-1.461881581001e-05,-4.091463837555e+00,4.400499692530e+01,-1.747937672543e-03,1.705537439975e-01,2.722793551669e-02,-1.733318856733e-03
"                 641",-4.260737411406e+00,4.398874403304e+01,-7.081557788755e-06,-4.090388242031e+00,4.401599020326e+01,-1.580203211666e-03,1.703491693755e-01,2.724617022225e-02,-1.573121653877e-03
"                 642",-4.257664584529e+00,4.399283766941e+01,9.663038543479e-07,-4.087475601833e+00,4.402010206959e+01,-1.454484301619e-03,1.701889826956e-01,2.726440018320e-02,-1.455450605473e-03
"                 643",-4.250769729409e+00,4.399463447354e+01,8.947121432125e-06,-4.080719007240e+00,4.402191145637e+01,-1.365333942799e-03,1.700507221690e-01,2.727698283503e-02,-1.374281064232e-03
"                 644",-4.240960958678e+00,4.398662919980e+01,1.661223496102e-05,-4.071039271032e+00,4.401391271665e+01,-1.307248500242e-03,1.699216876464e-01,2.728351685313e-02,-1.323860735203e-03
"                 645",-4.230896827828e+00,4.396064832914e+01,2.380076630921e-05,-4.061072273241e+00,4.398793033219e+01,-1.284627952693e-03,1.698245545870e-01,2.728200304745e-02,-1.308428719002e-03
"                 646",-4.222368235255e+00,4.393186256533e+01,3.004281854741e-05,-4.052592309486e+00,4.395914147379e+01,-1.315913379077e-03,1.697759257688e-01,2.727890845819e-02,-1.345956197625e-03
"                 647",-4.213721845787e+00,4.391560767908e+01,3.518125278102e-05,-4.043946959761e+00,4.394287832816e+01,-1.414452570515e-03,1.697748860253e-01,2.727064908456e-02,-1.449633823296e-03
"                 648",-4.205134096887e+00,4.391891205557e+01,3.903866296570e-05,-4.035361794838e+00,4.394616259919e+01,-1.571783628135e-03,1.697723020496e-01,2.725054361538e-02,-1.610822291101e-03
"                 649",-4.195644848001e+00,4.393734002212e+01,4.271330758152e-05,-4.025900581174e+00,4.396457005422e+01,-1.759202701132e-03,1.697442668271e-01,2.723003209781e-02,-1.801916008714e-03
"                 650",-4.186526573411e+00,4.395772398170e+01,4.710656017693e-05,-4.016842353623e+00,4.398492459180e+01,-1.941710604491e-03,1.696842197882e-01,2.720061010107e-02,-1.988817164668e-03
"                 651",-4.178171750480e+00,4.396782229486e+01,5.207463999891e-05,-4.008589407946e+00,4.399497828881e+01,-2.115566607714e-03,1.695823425342e-01,2.715599394769e-02,-2.167641247713e-03
"                 652",-4.172004891706e+00,4.396200148179e+01,5.703224024892e-05,-4.002549405668e+00,4.398909504469e+01,-2.272314629723e-03,1.694554860378e-01,2.709356289404e-02,-2.329346869972e-03
"                 653",-4.166704820405e+00,4.395163768922e+01,6.176741521081e-05,-3.997374367770e+00,4.397865860451e+01,-2.398178862712e-03,1.693304526349e-01,2.702091529466e-02,-2.459946277923e-03
"                 654",-4.159632949453e+00,4.393601266218e+01,6.616883739911e-05,-3.990403767424e+00,4.396295879045e+01,-2.474209197391e-03,1.692291820287e-01,2.694612826377e-02,-2.540378034790e-03
"                 655",-4.150091076276e+00,4.391448162234e+01,7.051402514900e-05,-3.980930082919e+00,4.394135840989e+01,-2.494287515684e-03,1.691609933575e-01,2.687678755117e-02,-2.564801540833e-03
"                 656",-4.139326906648e+00,4.387986723496e+01,7.523162921604e-05,-3.970209395221e+00,4.390667524929e+01,-2.467897543210e-03,1.691175114270e-01,2.680801433710e-02,-2.543129172426e-03
"                 657",-4.129843496287e+00,4.383581084383e+01,8.063313416225e-05,-3.960777596486e+00,4.386255730799e+01,-2.415366599643e-03,1.690658998003e-01,2.674646416328e-02,-2.495999733805e-03
"                 658",-4.121680164534e+00,4.379635890234e+01,8.691813679375e-05,-3.952678167483e+00,4.382306027078e+01,-2.370792770499e-03,1.690019970510e-01,2.670136844391e-02,-2.457710907293e-03
"                 659",-4.115656484972e+00,4.376947791096e+01,9.355499883100e-05,-3.946703012470e+00,4.379615069820e+01,-2.347319088136e-03,1.689534725030e-01,2.667278723411e-02,-2.440874086967e-03
"                 660",-4.108074970074e+00,4.375755943892e+01,9.998163447258e-05,-3.939124029970e+00,4.378421858452e+01,-2.328722858673e-03,1.689509401034e-01,2.665914560048e-02,-2.428704493145e-03
"                 661",-4.096418820338e+00,4.376225910270e+01,1.054640587054e-04,-3.927450865483e+00,4.378892406722e+01,-2.306068135548e-03,1.689679548554e-01,2.666496452637e-02,-2.411532194253e-03
"                 662",-4.080560599337e+00,4.379477330564e+01,1.102239321087e-04,-3.911582721409e+00,4.382145776997e+01,-2.280301463406e-03,1.689778779281e-01,2.668446432082e-02,-2.390525395514e-03
"                 663",-4.064791809836e+00,4.385886753148e+01,1.142496167519e-04,-3.895832977780e+00,4.388558449426e+01,-2.251362413007e-03,1.689588320565e-01,2.671696278574e-02,-2.365612029759e-03
"                 664",-4.055485517417e+00,4.394140771955e+01,1.173655616704e-04,-3.886584870315e+00,4.396815918087e+01,-2.229809695204e-03,1.689006471027e-01,2.675146132718e-02,-2.347175256874e-03
"                 665",-4.045445691848e+00,4.403351109323e+01,1.201758304589e-04,-3.876637784817e+00,4.406030944126e+01,-2.227936354644e-03,1.688079070313e-01,2.679834802976e-02,-2.348112185103e-03
"                 666",-4.027975665932e+00,4.414154674388e+01,1.235608235516e-04,-3.859260372336e+00,4.416841674566e+01,-2.242267020064e-03,1.687152935960e-01,2.687000177303e-02,-2.365827843615e-03
"                 667",-4.008129984332e+00,4.425793826738e+01,1.267741450851e-04,-3.839480206762e+00,4.428488710587e+01,-2.264166218506e-03,1.686497775703e-01,2.694883849204e-02,-2.390940363591e-03
"                 668",-3.995314642598e+00,4.436419294938e+01,1.291967997019e-04,-3.826713250015e+00,4.439121997529e+01,-2.284882021173e-03,1.686013925837e-01,2.702702590829e-02,-2.414078820875e-03
"                 669",-3.990489145279e+00,4.442717206050e+01,1.309326863930e-04,-3.821922593268e+00,4.445427704314e+01,-2.311822492409e-03,1.685665520104e-01,2.710498264104e-02,-2.442755178802e-03
"                 670",-3.985542651392e+00,4.443074692475e+01,1.322509570643e-04,-3.816970736057e+00,4.445792775935e+01,-2.341072140811e-03,1.685719153351e-01,2.718083459816e-02,-2.473323097875e-03
"                 671",-3.973355252115e+00,4.438420610888e+01,1.334019108598e-04,-3.804716303060e+00,4.441145302188e+01,-2.369781881731e-03,1.686389490551e-01,2.724691300318e-02,-2.503183792591e-03
"                 672",-3.958465714259e+00,4.431582732740e+01,1.349801139508e-04,-3.789693938514e+00,4.434312561147e+01,-2.396021190729e-03,1.687717757445e-01,2.729828407241e-02,-2.531001304680e-03
"                 673",-3.949925583254e+00,4.422779924309e+01,1.361925441746e-04,-3.780959785667e+00,4.425513610991e+01,-2.427606245771e-03,1.689657975871e-01,2.733686681591e-02,-2.563798789946e-03
"                 674",-3.946717197539e+00,4.409663751650e+01,1.367086258517e-04,-3.777508989204e+00,4.412400126776e+01,-2.467043671785e-03,1.692082083355e-01,2.736375126224e-02,-2.603752297637e-03
"                 675",-3.941408840736e+00,4.392079923364e+01,1.365050398807e-04,-3.771916046718e+00,4.394817476463e+01,-2.500425262133e-03,1.694927940181e-01,2.737553098415e-02,-2.636930302014e-03
"                 676",-3.930707839762e+00,4.373729016894e+01,1.360297145759e-04,-3.760885021525e+00,4.376467820422e+01,-2.514517604968e-03,1.698228182369e-01,2.738803527976e-02,-2.650547319544e-03
"                 677",-3.918417362167e+00,4.359467601163e+01,1.353943521590e-04,-3.748218096489e+00,4.362209444103e+01,-2.512602377048e-03,1.701992656778e-01,2.741842940131e-02,-2.647996729207e-03
"                 678",-3.904661133081e+00,4.350542798146e+01,1.343841763954e-04,-3.734060795923e+00,4.353288925897e+01,-2.501281353275e-03,1.706003371581e-01,2.746127751132e-02,-2.635665529671e-03
"                 679",-3.889886376171e+00,4.345907362757e+01,1.330452729601e-04,-3.718914677271e+00,4.348658494897e+01,-2.480132106819e-03,1.709716988997e-01,2.751132140707e-02,-2.613177379779e-03
"                 680",-3.878500716993e+00,4.345018818522e+01,1.312238397475e-04,-3.707220846851e+00,4.347775653586e+01,-2.445711800603e-03,1.712798701423e-01,2.756835064591e-02,-2.576935640350e-03
"                 681",-3.871867507363e+00,4.345920007258e+01,1.287659938171e-04,-3.700335463667e+00,4.348682327342e+01,-2.396970188227e-03,1.715320436960e-01,2.762320083759e-02,-2.525736182044e-03
"                 682",-3.866584645143e+00,4.348647616820e+01,1.258708124911e-04,-3.694824918171e+00,4.351415596094e+01,-2.329517398562e-03,1.717597269722e-01,2.767979274403e-02,-2.455388211054e-03
"                 683",-3.856943580461e+00,4.353828492957e+01,1.227095150407e-04,-3.684971759743e+00,4.356603260735e+01,-2.246931112106e-03,1.719718207179e-01,2.774767778064e-02,-2.369640627147e-03
"                 684",-3.845684221564e+00,4.360459012585e+01,1.188911438125e-04,-3.673519030712e+00,4.363241747275e+01,-2.157505554242e-03,1.721651908526e-01,2.782734689540e-02,-2.276396698055e-03
"                 685",-3.838496010015e+00,4.366183581233e+01,1.147738979546e-04,-3.666162849227e+00,4.368973721884e+01,-2.066121143209e-03,1.723331607883e-01,2.790140650700e-02,-2.180895041164e-03
"                 686",-3.838152843053e+00,4.367305957226e+01,1.109517610492e-04,-3.665666009268e+00,4.370101556669e+01,-1.967187837927e-03,1.724868337843e-01,2.795599443101e-02,-2.078139598977e-03
"                 687",-3.842753150094e+00,4.361973445721e+01,1.073702824177e-04,-3.670120800282e+00,4.364771845157e+01,-1.866549656818e-03,1.726323498116e-01,2.798399436668e-02,-1.973919939236e-03
"                 688",-3.848514839614e+00,4.351244818912e+01,1.043848416005e-04,-3.675737137399e+00,4.354042321819e+01,-1.760303556259e-03,1.727777022147e-01,2.797502906994e-02,-1.864688397860e-03
"                 689",-3.852652247231e+00,4.335321574736e+01,1.010255187100e-04,-3.679716813854e+00,4.338115012358e+01,-1.642711060225e-03,1.729354333765e-01,2.793437622434e-02,-1.743736578935e-03
"                 690",-3.853506710941e+00,4.317413759467e+01,9.762344836180e-05,-3.680411248719e+00,4.320201690069e+01,-1.513715583087e-03,1.730954622217e-01,2.787930602741e-02,-1.611339031449e-03
"                 691",-3.851177284528e+00,4.300894814807e+01,9.523892284215e-05,-3.677945121255e+00,4.303677223975e+01,-1.366647707671e-03,1.732321632726e-01,2.782409167982e-02,-1.461886630513e-03
"                 692",-3.847478422124e+00,4.287048985508e+01,9.415480683758e-05,-3.674159028846e+00,4.289826017196e+01,-1.204878920253e-03,1.733193932780e-01,2.777031687848e-02,-1.299033727090e-03
"                 693",-3.845083806904e+00,4.279455517491e+01,9.335470918028e-05,-3.671783171066e+00,4.282226369603e+01,-1.042933671580e-03,1.733006358380e-01,2.770852111242e-02,-1.136288380760e-03
"                 694",-3.842076296705e+00,4.279107185045e+01,9.217305147939e-05,-3.668906880249e+00,4.281871853459e+01,-9.106185287790e-04,1.731694164555e-01,2.764668414557e-02,-1.002791580258e-03
"                 695",-3.837037866842e+00,4.283522624887e+01,9.035885514336e-05,-3.664070029323e+00,4.286282372668e+01,-8.222987216532e-04,1.729678375187e-01,2.759747780964e-02,-9.126575767966e-04
"                 696",-3.831225473907e+00,4.288608489781e+01,8.749495574734e-05,-3.658536436815e+00,4.291364158773e+01,-7.798771492222e-04,1.726890370913e-01,2.755668992071e-02,-8.673721049695e-04
"                 697",-3.826609554371e+00,4.292804273027e+01,8.394688047267e-05,-3.654283790815e+00,4.295554922130e+01,-7.700906636820e-04,1.723257635557e-01,2.750649102984e-02,-8.540375441547e-04
"                 698",-3.823192626356e+00,4.296938468991e+01,8.079883535037e-05,-3.651296155983e+00,4.299682443743e+01,-7.797163090266e-04,1.718964703730e-01,2.743974751020e-02,-8.605151443769e-04
"                 699",-3.819046583879e+00,4.301319447986e+01,7.814507900382e-05,-3.647623852217e+00,4.304054419540e+01,-8.025886464896e-04,1.714227316622e-01,2.734971553769e-02,-8.807337254934e-04
"                 700",-3.814525643350e+00,4.304481200492e+01,7.601470720233e-05,-3.643584609375e+00,4.307204640458e+01,-8.386730596748e-04,1.709410339752e-01,2.723439966187e-02,-9.146877668771e-04
"                 701",-3.809165513202e+00,4.303671079276e+01,7.496478884079e-05,-3.638679921612e+00,4.306380707250e+01,-8.809409174223e-04,1.704855915894e-01,2.709627973861e-02,-9.559057062631e-04
"                 702",-3.803188325538e+00,4.297061338357e+01,7.482060888571e-05,-3.633096290659e+00,4.299755440989e+01,-9.227096968618e-04,1.700920348793e-01,2.694102632427e-02,-9.975303057475e-04
"                 703",-3.796068067637e+00,4.285945464783e+01,7.518101753960e-05,-3.626297150278e+00,4.288624236707e+01,-9.607862287413e-04,1.697709173592e-01,2.678771924425e-02,-1.035967246281e-03
"                 704",-3.788505361364e+00,4.272722293989e+01,7.640688041726e-05,-3.618990942501e+00,4.275386330801e+01,-1.005129409359e-03,1.695144188637e-01,2.664036811700e-02,-1.081536289776e-03
"                 705",-3.781930222151e+00,4.258321621786e+01,7.933671238032e-05,-3.612596962575e+00,4.260971734061e+01,-1.057594635272e-03,1.693332595760e-01,2.650112275606e-02,-1.136931347653e-03
"                 706",-3.774811756133e+00,4.242860942513e+01,8.336818771750e-05,-3.605580391122e+00,4.245497262170e+01,-1.103611900832e-03,1.692313650107e-01,2.636319656631e-02,-1.186980088549e-03
"                 707",-3.765138664251e+00,4.229870641514e+01,8.717399713720e-05,-3.595943108494e+00,4.232494416173e+01,-1.135446155432e-03,1.691955557563e-01,2.623774659370e-02,-1.222620152569e-03
"                 708",-3.751020591133e+00,4.223512217363e+01,9.027836178101e-05,-3.581829158093e+00,4.226126417771e+01,-1.168690727385e-03,1.691914330396e-01,2.614200408091e-02,-1.258969089166e-03
"                 709",-3.736837969380e+00,4.223920801607e+01,9.399813996776e-05,-3.567662375947e+00,4.226528098832e+01,-1.226194994284e-03,1.691755934328e-01,2.607297224692e-02,-1.320193134252e-03
"                 710",-3.724828394285e+00,4.228653677098e+01,9.876509213365e-05,-3.555699024425e+00,4.231256481438e+01,-1.310411963653e-03,1.691293698596e-01,2.602804340041e-02,-1.409177055787e-03
"                 711",-3.713491471719e+00,4.236121305777e+01,1.042754954459e-04,-3.544449332141e+00,4.238721216768e+01,-1.426281805770e-03,1.690421395779e-01,2.599910991043e-02,-1.530557301216e-03
"                 712",-3.700131329661e+00,4.247003873534e+01,1.097735152990e-04,-3.531239036142e+00,4.249602347903e+01,-1.563343712757e-03,1.688922935187e-01,2.598474369423e-02,-1.673117228056e-03
"                 713",-3.684582384062e+00,4.262414932912e+01,1.146927160463e-04,-3.515869550818e+00,4.265013575293e+01,-1.702733048684e-03,1.687128332441e-01,2.598642380965e-02,-1.817425764730e-03
"                 714",-3.669098966652e+00,4.280088961486e+01,1.190790013946e-04,-3.500565349051e+00,4.282690282998e+01,-1.832271339933e-03,1.685336176011e-01,2.601321511944e-02,-1.951350341328e-03
"                 715",-3.656213588713e+00,4.296260488211e+01,1.230848529846e-04,-3.487865732843e+00,4.298865711414e+01,-1.949448955991e-03,1.683478558700e-01,2.605223202770e-02,-2.072533808975e-03
"                 716",-3.644240743744e+00,4.310071186476e+01,1.273589531216e-04,-3.476082229677e+00,4.312680625026e+01,-2.046639878585e-03,1.681585140661e-01,2.609438549692e-02,-2.173998831706e-03
"                 717",-3.631880517626e+00,4.322320824201e+01,1.316420916320e-04,-3.463907845841e+00,4.324934330700e+01,-2.113861818732e-03,1.679726717846e-01,2.613506498750e-02,-2.245503910364e-03
"                 718",-3.618119846688e+00,4.334323335437e+01,1.347197790178e-04,-3.450349874935e+00,4.336939529885e+01,-2.169093380906e-03,1.677699717528e-01,2.616194447410e-02,-2.303813159923e-03
"                 719",-3.604927233686e+00,4.346425121380e+01,1.358008852185e-04,-3.437383372040e+00,4.349043056711e+01,-2.231740405409e-03,1.675438616458e-01,2.617935330369e-02,-2.367541290628e-03
"                 720",-3.592881104471e+00,4.357085417034e+01,1.366583277970e-04,-3.425565765998e+00,4.359703136957e+01,-2.296312425748e-03,1.673153384734e-01,2.617719922660e-02,-2.432970753545e-03
"                 721",-3.582601593207e+00,4.365778305666e+01,1.377435587170e-04,-3.415524881237e+00,4.368394023633e+01,-2.357533857575e-03,1.670767119698e-01,2.615717967275e-02,-2.495277416292e-03
"                 722",-3.572785237640e+00,4.372299825055e+01,1.388401004658e-04,-3.405964707086e+00,4.374912767394e+01,-2.419394858652e-03,1.668205305545e-01,2.612942338917e-02,-2.558234959117e-03
"                 723",-3.562481879138e+00,4.376307888253e+01,1.399255112832e-04,-3.395943646783e+00,4.378915641314e+01,-2.476783049663e-03,1.665382323544e-01,2.607753060240e-02,-2.616708560947e-03
"                 724",-3.549734733961e+00,4.378217185149e+01,1.420730230985e-04,-3.383487297707e+00,4.380816140073e+01,-2.521777895570e-03,1.662474362541e-01,2.598954923914e-02,-2.663850918669e-03
"                 725",-3.536910463575e+00,4.377274595846e+01,1.452046425950e-04,-3.370956070177e+00,4.379861847612e+01,-2.552690907043e-03,1.659543933973e-01,2.587251765206e-02,-2.697895549638e-03
"                 726",-3.524297682440e+00,4.373355370872e+01,1.471580041228e-04,-3.358624340689e+00,4.375928732469e+01,-2.563643041067e-03,1.656733417510e-01,2.573361597150e-02,-2.710801045190e-03
"                 727",-3.513067630867e+00,4.368336401638e+01,1.485540505329e-04,-3.347674962107e+00,4.370892472474e+01,-2.571966351233e-03,1.653926687593e-01,2.556070836138e-02,-2.720520401766e-03
"                 728",-3.502974676512e+00,4.363501349144e+01,1.487192241253e-04,-3.337873634097e+00,4.366036812699e+01,-2.583783389365e-03,1.651010424147e-01,2.535463554371e-02,-2.732502613491e-03
"                 729",-3.491626500628e+00,4.359539992667e+01,1.481618375997e-04,-3.326776369863e+00,4.362055042444e+01,-2.596572702003e-03,1.648501307652e-01,2.515049776666e-02,-2.744734539603e-03
"                 730",-3.477898409345e+00,4.356874262582e+01,1.478691518806e-04,-3.313301298289e+00,4.359370427169e+01,-2.600601876499e-03,1.645971110565e-01,2.496164586552e-02,-2.748471028380e-03
"                 731",-3.463547530709e+00,4.356474478353e+01,1.478038326069e-04,-3.299261693646e+00,4.358952350395e+01,-2.615522608042e-03,1.642858370635e-01,2.477872042367e-02,-2.763326440649e-03
"                 732",-3.451075427964e+00,4.358139698910e+01,1.478311332051e-04,-3.287129256873e+00,4.360601462740e+01,-2.654642387481e-03,1.639461710913e-01,2.461763830024e-02,-2.802473520687e-03
"                 733",-3.440050061767e+00,4.360579373584e+01,1.480076294315e-04,-3.276476468090e+00,4.363028021180e+01,-2.709161311664e-03,1.635735936773e-01,2.448647596246e-02,-2.857168941095e-03
"                 734",-3.429019544691e+00,4.362874395892e+01,1.470606549248e-04,-3.265856976905e+00,4.365310861617e+01,-2.768641752602e-03,1.631625677851e-01,2.436465725922e-02,-2.915702407526e-03
"                 735",-3.417089774446e+00,4.366234998387e+01,1.454722354913e-04,-3.254336877408e+00,4.368658893933e+01,-2.823787667006e-03,1.627528970378e-01,2.423895545852e-02,-2.969259902497e-03
"                 736",-3.405189479976e+00,4.371082821842e+01,1.445445204447e-04,-3.242848076352e+00,4.373493521329e+01,-2.887584655149e-03,1.623414036238e-01,2.410699487042e-02,-3.032129175594e-03
"                 737",-3.396042348001e+00,4.373775481090e+01,1.439004432407e-04,-3.234075422145e+00,4.376173066413e+01,-2.966457822911e-03,1.619669258555e-01,2.397585322139e-02,-3.110358266152e-03
"                 738",-3.389846099842e+00,4.371037913984e+01,1.439035008986e-04,-3.228229431619e+00,4.373422389238e+01,-3.053667709287e-03,1.616166682223e-01,2.384475254590e-02,-3.197571210186e-03
"                 739",-3.384394457876e+00,4.361550347743e+01,1.442337689289e-04,-3.223047875971e+00,4.363923060061e+01,-3.148705022688e-03,1.613465819042e-01,2.372712318753e-02,-3.292938791617e-03
"                 740",-3.378142000725e+00,4.347790171972e+01,1.444768686326e-04,-3.216959668658e+00,4.350153155764e+01,-3.240070586050e-03,1.611823320673e-01,2.362983792101e-02,-3.384547454683e-03
"                 741",-3.369850025469e+00,4.331994104554e+01,1.447025239034e-04,-3.208711947689e+00,4.334348397207e+01,-3.337404865832e-03,1.611380777797e-01,2.354292653030e-02,-3.482107389736e-03
"                 742",-3.360273259223e+00,4.315203002640e+01,1.451293826473e-04,-3.199080267135e+00,4.317549155921e+01,-3.437076142268e-03,1.611929920879e-01,2.346153280341e-02,-3.582205524915e-03
"                 743",-3.352382180301e+00,4.295806219889e+01,1.451840543042e-04,-3.191045225053e+00,4.298144534679e+01,-3.554022585080e-03,1.613369552475e-01,2.338314789980e-02,-3.699206639384e-03
"                 744",-3.346713801352e+00,4.274803756748e+01,1.450065221487e-04,-3.185176135503e+00,4.277135137711e+01,-3.688764135882e-03,1.615376658493e-01,2.331380962619e-02,-3.833770658031e-03
"                 745",-3.340164883541e+00,4.254966706939e+01,1.451159130334e-04,-3.178393975019e+00,4.257292446322e+01,-3.820508202863e-03,1.617709085221e-01,2.325739383020e-02,-3.965624115897e-03
"                 746",-3.332350343099e+00,4.240899941132e+01,1.464720781720e-04,-3.170337950612e+00,4.243221289783e+01,-3.958500036542e-03,1.620123924869e-01,2.321348650775e-02,-4.104972114714e-03
"                 747",-3.324163736280e+00,4.232267221994e+01,1.483825527278e-04,-3.161904510724e+00,4.234585420398e+01,-4.095731795136e-03,1.622592255554e-01,2.318198403697e-02,-4.244114347864e-03
"                 748",-3.315577525448e+00,4.226135329748e+01,1.509509842140e-04,-3.153025215816e+00,4.228452589080e+01,-4.220141651052e-03,1.625523096321e-01,2.317259332530e-02,-4.371092635266e-03
"                 749",-3.308134682413e+00,4.221547088591e+01,1.545723581226e-04,-3.145256507359e+00,4.223865981687e+01,-4.329453354971e-03,1.628781750548e-01,2.318893095702e-02,-4.484025713094e-03
"                 750",-3.302311751612e+00,4.218725418088e+01,1.595280820691e-04,-3.139062439807e+00,4.221046526737e+01,-4.445523354281e-03,1.632493118046e-01,2.321108648948e-02,-4.605051436350e-03
"                 751",-3.297787364429e+00,4.217407013075e+01,1.658064931900e-04,-3.134090603804e+00,4.219731067219e+01,-4.588803013601e-03,1.636967606259e-01,2.324054143568e-02,-4.754609506791e-03
"                 752",-3.295045072346e+00,4.216562416233e+01,1.729282184976e-04,-3.130835052765e+00,4.218889882876e+01,-4.752773258653e-03,1.642100195812e-01,2.327466642607e-02,-4.925701477150e-03
"                 753",-3.294945979283e+00,4.216348748743e+01,1.778619690869e-04,-3.130187568775e+00,4.218681880533e+01,-4.958504686290e-03,1.647584105082e-01,2.333131789280e-02,-5.136366655377e-03
"                 754",-3.298005700548e+00,4.215573558789e+01,1.793637915569e-04,-3.132632615141e+00,4.217917053452e+01,-5.205531557449e-03,1.653730854075e-01,2.343494663003e-02,-5.384895349006e-03
"                 755",-3.305075126354e+00,4.211247165326e+01,1.799732667890e-04,-3.139069583488e+00,4.213602260300e+01,-5.477123522726e-03,1.660055428656e-01,2.355094973860e-02,-5.657096789515e-03
"                 756",-3.313680893173e+00,4.202437624839e+01,1.811475786837e-04,-3.147068022337e+00,4.204805029877e+01,-5.772695782257e-03,1.666128708363e-01,2.367405038117e-02,-5.953843360941e-03
"                 757",-3.321213189643e+00,4.191431876122e+01,1.809274859464e-04,-3.153983756471e+00,4.193813201584e+01,-6.100696192247e-03,1.672294331718e-01,2.381325461480e-02,-6.281623678193e-03
"                 758",-3.327240631822e+00,4.181872495321e+01,1.777835704343e-04,-3.159375272325e+00,4.184270520885e+01,-6.466212529028e-03,1.678653594969e-01,2.398025564293e-02,-6.643996099462e-03
"                 759",-3.332826315400e+00,4.174604317698e+01,1.723551477042e-04,-3.164355569490e+00,4.177020497416e+01,-6.876356857344e-03,1.684707459098e-01,2.416179718463e-02,-7.048712005048e-03
"                 760",-3.339208920045e+00,4.170747227203e+01,1.660664332586e-04,-3.170166083436e+00,4.173183786761e+01,-7.308993835881e-03,1.690428366086e-01,2.436559558139e-02,-7.475060269139e-03
"                 761",-3.347649733789e+00,4.168985613254e+01,1.587858619505e-04,-3.178082819683e+00,4.171442022361e+01,-7.770871749897e-03,1.695669141060e-01,2.456409107449e-02,-7.929657611847e-03
"                 762",-3.358727076508e+00,4.167029369350e+01,1.506888495832e-04,-3.188668308101e+00,4.169504743971e+01,-8.252040982839e-03,1.700587684069e-01,2.475374621155e-02,-8.402729832422e-03
"                 763",-3.368771109631e+00,4.170157654593e+01,1.422672912431e-04,-3.198298596422e+00,4.172650101658e+01,-8.713728361630e-03,1.704725132096e-01,2.492447065200e-02,-8.855995652873e-03
"                 764",-3.381777515688e+00,4.174470253862e+01,1.330771226783e-04,-3.210970305201e+00,4.176978650180e+01,-9.158764934416e-03,1.708072104871e-01,2.508396318726e-02,-9.291842057094e-03
"                 765",-3.398455147023e+00,4.181443654718e+01,1.229335864334e-04,-3.227406619945e+00,4.183967847692e+01,-9.597012464490e-03,1.710485270777e-01,2.524192973946e-02,-9.719946050923e-03
"                 766",-3.412669879503e+00,4.194496754220e+01,1.129880098198e-04,-3.241445784039e+00,4.197037471318e+01,-1.000556612050e-02,1.712240954646e-01,2.540717098111e-02,-1.011855413032e-02
"                 767",-3.424657432197e+00,4.208139763380e+01,1.038032153785e-04,-3.253302508390e+00,4.210696465623e+01,-1.037179503894e-02,1.713549238066e-01,2.556702243220e-02,-1.047559825432e-02
"                 768",-3.437229779568e+00,4.221874454937e+01,9.519154190694e-05,-3.265765024731e+00,4.224446213839e+01,-1.070360112625e-02,1.714647548363e-01,2.571758901652e-02,-1.079879266816e-02
"                 769",-3.453406030236e+00,4.236172027296e+01,8.742708322875e-05,-3.281863054069e+00,4.238760186471e+01,-1.100760317751e-02,1.715429761669e-01,2.588159175007e-02,-1.109503026074e-02
"                 770",-3.473331832675e+00,4.249095820353e+01,8.003445624676e-05,-3.301753605550e+00,4.251702688963e+01,-1.128071958994e-02,1.715782271258e-01,2.606868609896e-02,-1.136075404619e-02
"                 771",-3.493213491388e+00,4.259692065483e+01,7.274068692653e-05,-3.321620584254e+00,4.262317954749e+01,-1.151015725270e-02,1.715929071339e-01,2.625889266429e-02,-1.158289793963e-02
"                 772",-3.510713644299e+00,4.267546881877e+01,6.566162138748e-05,-3.339134973477e+00,4.270190975342e+01,-1.168009049251e-02,1.715786708218e-01,2.644093464640e-02,-1.174575211390e-02
"                 773",-3.524650854231e+00,4.276042777010e+01,5.863458898439e-05,-3.353124460578e+00,4.278702923478e+01,-1.179344345457e-02,1.715263936528e-01,2.660146467764e-02,-1.185207804355e-02
"                 774",-3.538154969488e+00,4.284612551360e+01,5.100702398155e-05,-3.366716396294e+00,4.287286396535e+01,-1.186521108399e-02,1.714385731943e-01,2.673845175221e-02,-1.191621810797e-02
"                 775",-3.552643266775e+00,4.292279983396e+01,4.272042359674e-05,-3.381309034912e+00,4.294966102572e+01,-1.189523697307e-02,1.713342318632e-01,2.686119175917e-02,-1.193795739666e-02
"                 776",-3.566771708049e+00,4.298146878057e+01,3.452929438407e-05,-3.395557810665e+00,4.300843898821e+01,-1.189607107492e-02,1.712138973837e-01,2.697020763850e-02,-1.193060036931e-02
"                 777",-3.578728519420e+00,4.301700959662e+01,2.712521641542e-05,-3.407650245087e+00,4.304408769085e+01,-1.185858317720e-02,1.710782743330e-01,2.707809422915e-02,-1.188570839362e-02
"                 778",-3.587405783772e+00,4.304475468983e+01,2.054376611726e-05,-3.416474099217e+00,4.307191746892e+01,-1.177690215984e-02,1.709316845549e-01,2.716277909264e-02,-1.179744592595e-02
"                 779",-3.594159912713e+00,4.307709026857e+01,1.459744778149e-05,-3.423420892345e+00,4.310431691212e+01,-1.164838866243e-02,1.707390203683e-01,2.722664355244e-02,-1.166298611022e-02
"                 780",-3.602650938587e+00,4.312038546557e+01,9.291060264914e-06,-3.432163526126e+00,4.314765388120e+01,-1.147941986793e-02,1.704874124606e-01,2.726841562649e-02,-1.148871092820e-02
"                 781",-3.614459754091e+00,4.315659718652e+01,4.925928199262e-06,-3.444295498418e+00,4.318390170732e+01,-1.128588468265e-02,1.701642556731e-01,2.730452079954e-02,-1.129081061085e-02
"                 782",-3.624019466770e+00,4.317429337657e+01,1.174114178175e-06,-3.454224566605e+00,4.320162256976e+01,-1.108556159028e-02,1.697949001649e-01,2.732919318838e-02,-1.108673570446e-02
"                 783",-3.629030517909e+00,4.317548254472e+01,-2.182005572289e-06,-3.459613917392e+00,4.320284571394e+01,-1.088326978177e-02,1.694166005169e-01,2.736316922622e-02,-1.088108777620e-02
"                 784",-3.630271160700e+00,4.316514479550e+01,-5.910697486425e-06,-3.461215701501e+00,4.319254555148e+01,-1.067622614427e-02,1.690554591988e-01,2.740075598039e-02,-1.067031544679e-02
"                 785",-3.632660050186e+00,4.314402720473e+01,-9.695536452942e-06,-3.463972128542e+00,4.317144600793e+01,-1.046746651535e-02,1.686879216449e-01,2.741880320374e-02,-1.045777097890e-02
"                 786",-3.638209120702e+00,4.311014701264e+01,-1.252356540172e-05,-3.469883902359e+00,4.313756785932e+01,-1.024784809349e-02,1.683252183435e-01,2.742084667547e-02,-1.023532452809e-02
"                 787",-3.646918260606e+00,4.306252818516e+01,-1.439267217423e-05,-3.478929713178e+00,4.308994930937e+01,-1.000864556971e-02,1.679885474277e-01,2.742112420844e-02,-9.994252897540e-03
"                 788",-3.652255117637e+00,4.300647660920e+01,-1.524370009932e-05,-3.484599643373e+00,4.303390219104e+01,-9.764568440735e-03,1.676554742635e-01,2.742558183539e-02,-9.749324740635e-03
"                 789",-3.651505431074e+00,4.295227559035e+01,-1.500192871854e-05,-3.484150873574e+00,4.297971753647e+01,-9.535883627410e-03,1.673545575003e-01,2.744194612265e-02,-9.520881698691e-03
"                 790",-3.646900590154e+00,4.291390107210e+01,-1.374902843328e-05,-3.479808719834e+00,4.294136338645e+01,-9.342855872156e-03,1.670918703194e-01,2.746231434160e-02,-9.329106843722e-03
"                 791",-3.641799687722e+00,4.289462276567e+01,-1.188184277200e-05,-3.474928876710e+00,4.292209722688e+01,-9.202219998859e-03,1.668708110120e-01,2.747446120151e-02,-9.190338156087e-03
"                 792",-3.638212946082e+00,4.288864136707e+01,-9.020899398622e-06,-3.471528938632e+00,4.291613078317e+01,-9.117530460613e-03,1.666840074493e-01,2.748941610322e-02,-9.108509561214e-03
"                 793",-3.632712782470e+00,4.288387644189e+01,-5.136104001585e-06,-3.466236443815e+00,4.291137623441e+01,-9.076060555929e-03,1.664763386550e-01,2.749979251707e-02,-9.070924451928e-03
"                 794",-3.622762952050e+00,4.290112042566e+01,-9.558141320175e-07,-3.456551813027e+00,4.292862052370e+01,-9.066366509861e-03,1.662111390228e-01,2.750009803974e-02,-9.065410695729e-03
"                 795",-3.611594867530e+00,4.295665227460e+01,3.548709441057e-06,-3.445681052198e+00,4.298414826485e+01,-9.085229455531e-03,1.659138153315e-01,2.749599024492e-02,-9.088778164972e-03
"                 796",-3.601532796067e+00,4.304048715000e+01,8.601309351932e-06,-3.435924636217e+00,4.306796983339e+01,-9.139642964670e-03,1.656081598498e-01,2.748268339234e-02,-9.148244274022e-03
"                 797",-3.592957279861e+00,4.314645739032e+01,1.380111027563e-05,-3.427683664416e+00,4.317392229370e+01,-9.221238149182e-03,1.652736154448e-01,2.746490337837e-02,-9.235039259458e-03
"                 798",-3.582667157995e+00,4.327086168067e+01,1.950659858612e-05,-3.417807240380e+00,4.329830198635e+01,-9.297124714198e-03,1.648599176151e-01,2.744030568559e-02,-9.316631312784e-03
"                 799",-3.570162818329e+00,4.341310057766e+01,2.434958186520e-05,-3.405762405987e+00,4.344051642856e+01,-9.360736962700e-03,1.644004123420e-01,2.741585090164e-02,-9.385086544565e-03
"                 800",-3.557774352559e+00,4.357220599822e+01,2.707349767342e-05,-3.393868290459e+00,4.359960001322e+01,-9.417706097608e-03,1.639060621001e-01,2.739401499919e-02,-9.444779595281e-03
"                 801",-3.546897243366e+00,4.374796510302e+01,2.832966195280e-05,-3.383500470656e+00,4.377533592408e+01,-9.473548694020e-03,1.633967727099e-01,2.737082105554e-02,-9.501878355973e-03
"                 802",-3.536610038716e+00,4.390893225768e+01,2.986394549841e-05,-3.373707747437e+00,4.393626868301e+01,-9.526865110477e-03,1.629022912796e-01,2.733642533132e-02,-9.556729055975e-03
"                 803",-3.524740717230e+00,4.402519062680e+01,3.110643345278e-05,-3.362322476557e+00,4.405245573609e+01,-9.569283500224e-03,1.624182406731e-01,2.726510929152e-02,-9.600389933676e-03
"                 804",-3.513304517847e+00,4.410943895429e+01,3.224331109946e-05,-3.351350206738e+00,4.413661250039e+01,-9.590809809742e-03,1.619543111087e-01,2.717354609855e-02,-9.623053120841e-03
"                 805",-3.503777823259e+00,4.417595141440e+01,3.248624769659e-05,-3.342269319754e+00,4.420301897585e+01,-9.599781391647e-03,1.615085035054e-01,2.706756144390e-02,-9.632267639343e-03
"                 806",-3.495719121977e+00,4.422326256317e+01,3.215223252364e-05,-3.334617806426e+00,4.425021553261e+01,-9.593608653194e-03,1.611013155509e-01,2.695296944503e-02,-9.625760885718e-03
"                 807",-3.487639132182e+00,4.424654408814e+01,3.098641998053e-05,-3.326895484009e+00,4.427337431307e+01,-9.566115356722e-03,1.607436481731e-01,2.683022492351e-02,-9.597101776702e-03
"                 808",-3.481256706197e+00,4.424053456367e+01,2.770243959584e-05,-3.320770507227e+00,4.426723788716e+01,-9.522795497860e-03,1.604861989699e-01,2.670332349237e-02,-9.550497937456e-03
"                 809",-3.477773022549e+00,4.419583407102e+01,2.296563847341e-05,-3.317437208209e+00,4.422242256935e+01,-9.457702917413e-03,1.603358143406e-01,2.658849833340e-02,-9.480668555886e-03
"                 810",-3.476440430404e+00,4.410852526284e+01,1.788600178961e-05,-3.316152854555e+00,4.413500421759e+01,-9.368959892540e-03,1.602875758490e-01,2.647895475477e-02,-9.386845894329e-03
"                 811",-3.476820589403e+00,4.397259284364e+01,1.233563161356e-05,-3.316434805039e+00,4.399897646428e+01,-9.257935490380e-03,1.603857843630e-01,2.638362064338e-02,-9.270271121993e-03
"                 812",-3.478962127894e+00,4.378119765874e+01,5.928785996489e-06,-3.318334592663e+00,4.380748990184e+01,-9.129126350152e-03,1.606275352312e-01,2.629224310085e-02,-9.135055136148e-03
"                 813",-3.481612724950e+00,4.354315548229e+01,-9.643954054548e-07,-3.320631932134e+00,4.356934962722e+01,-8.972058168817e-03,1.609807928159e-01,2.619414493329e-02,-8.971093773412e-03
"                 814",-3.484041960448e+00,4.327028089455e+01,-6.023895463481e-06,-3.322626489411e+00,4.329637079425e+01,-8.768950874204e-03,1.614154710371e-01,2.608989970082e-02,-8.762926978741e-03
"                 815",-3.487577442186e+00,4.295609785579e+01,-1.018011435039e-05,-3.325627697720e+00,4.298209419867e+01,-8.526169749399e-03,1.619497444661e-01,2.599634287455e-02,-8.515989635048e-03
"                 816",-3.492508056055e+00,4.260043430884e+01,-1.503127205001e-05,-3.329924796817e+00,4.262635569519e+01,-8.229914284038e-03,1.625832592378e-01,2.592138635278e-02,-8.214883011988e-03
"                 817",-3.499985225359e+00,4.222653955933e+01,-2.100969842910e-05,-3.336710749068e+00,4.225239116640e+01,-7.867642928667e-03,1.632744762913e-01,2.585160707164e-02,-7.846633230238e-03
"                 818",-3.509563049540e+00,4.186453585427e+01,-2.606606705258e-05,-3.345543823842e+00,4.189032986162e+01,-7.437502574775e-03,1.640192256980e-01,2.579400735065e-02,-7.411436507723e-03
"                 819",-3.520094033679e+00,4.150622977570e+01,-2.928422526006e-05,-3.355311612578e+00,4.153198314303e+01,-6.966148720287e-03,1.647824211011e-01,2.575336733013e-02,-6.936864495026e-03
"                 820",-3.528201789728e+00,4.114624610682e+01,-3.174024569389e-05,-3.362646595332e+00,4.117196193023e+01,-6.470258549424e-03,1.655551943960e-01,2.571582340714e-02,-6.438518303731e-03
"                 821",-3.533551253934e+00,4.080521084574e+01,-3.405067474871e-05,-3.367215548120e+00,4.083089170223e+01,-5.976190933455e-03,1.663357058135e-01,2.568085649150e-02,-5.942140258706e-03
"                 822",-3.538540415194e+00,4.051887826459e+01,-3.723511607548e-05,-3.371419748040e+00,4.054453153812e+01,-5.505941903673e-03,1.671206671541e-01,2.565327353212e-02,-5.468706787597e-03
"                 823",-3.543247803998e+00,4.029599165102e+01,-4.195765018703e-05,-3.375350639309e+00,4.032162346044e+01,-5.069502347205e-03,1.678971646884e-01,2.563180941603e-02,-5.027544697018e-03
"                 824",-3.548237180588e+00,4.013118997559e+01,-4.652666192222e-05,-3.379647012882e+00,4.015681584054e+01,-4.667561154507e-03,1.685901677057e-01,2.562586495784e-02,-4.621034492585e-03
"                 825",-3.551463572493e+00,4.001913184018e+01,-5.022101855809e-05,-3.382327638957e+00,4.004475571038e+01,-4.300246798724e-03,1.691359335360e-01,2.562387019882e-02,-4.250025780166e-03
"                 826",-3.551727624053e+00,3.998333438968e+01,-5.419502444383e-05,-3.382197849252e+00,4.000897421953e+01,-3.979276306535e-03,1.695297748012e-01,2.563982984566e-02,-3.925081282092e-03
"                 827",-3.550287792235e+00,4.001566579436e+01,-5.902681608072e-05,-3.380504901862e+00,4.004131700826e+01,-3.692638335043e-03,1.697828903730e-01,2.565121390481e-02,-3.633611518962e-03
"                 828",-3.549197233551e+00,4.007372735930e+01,-6.513895099701e-05,-3.379272349181e+00,4.009937077071e+01,-3.426641072131e-03,1.699248843699e-01,2.564341141767e-02,-3.361502121134e-03
"                 829",-3.549167958465e+00,4.015688353329e+01,-7.143107271074e-05,-3.379176019960e+00,4.018251069041e+01,-3.169117694815e-03,1.699919385044e-01,2.562715712101e-02,-3.097686622105e-03
"                 830",-3.550562286833e+00,4.024674091054e+01,-7.780511201374e-05,-3.380567125231e+00,4.027233366728e+01,-2.930216954328e-03,1.699951616016e-01,2.559275673907e-02,-2.852411842314e-03
"                 831",-3.550975181504e+00,4.033542347501e+01,-8.445112766101e-05,-3.381079533343e+00,4.036095304377e+01,-2.703021852402e-03,1.698956481611e-01,2.552956876452e-02,-2.618570724741e-03
"                 832",-3.551003627121e+00,4.040465251931e+01,-9.021572959771e-05,-3.381278772966e+00,4.043010031045e+01,-2.472272368699e-03,1.697248541554e-01,2.544779113844e-02,-2.382056639101e-03
"                 833",-3.554576071287e+00,4.041431965649e+01,-9.555065558926e-05,-3.384990522272e+00,4.043967083171e+01,-2.261888950690e-03,1.695855490151e-01,2.535117521629e-02,-2.166338295101e-03
"                 834",-3.562298769715e+00,4.034085367725e+01,-1.005606937270e-04,-3.392735100962e+00,4.036610945604e+01,-2.078569003896e-03,1.695636687527e-01,2.525577878406e-02,-1.978008310169e-03
"                 835",-3.570008115124e+00,4.019824259789e+01,-1.047489471473e-04,-3.400361612965e+00,4.022339494045e+01,-1.903624390650e-03,1.696465021588e-01,2.515234255948e-02,-1.798875443503e-03
"                 836",-3.575212990303e+00,4.001815491509e+01,-1.076351138055e-04,-3.405399126054e+00,4.004320122322e+01,-1.731361036318e-03,1.698138642489e-01,2.504630812613e-02,-1.623725922512e-03
"                 837",-3.580244083875e+00,3.982210033062e+01,-1.087510994530e-04,-3.410234582583e+00,3.984702284665e+01,-1.566976035628e-03,1.700095012921e-01,2.492251603427e-02,-1.458224936175e-03
"                 838",-3.587088691763e+00,3.964280307885e+01,-1.091081335970e-04,-3.416878076533e+00,3.966762025793e+01,-1.416248188930e-03,1.702106152306e-01,2.481717907330e-02,-1.307140055333e-03
"                 839",-3.596058382376e+00,3.949262378931e+01,-1.095325477017e-04,-3.425614589150e+00,3.951736120957e+01,-1.284925658600e-03,1.704437932255e-01,2.473742025684e-02,-1.175393110899e-03
"                 840",-3.603122990924e+00,3.939003946409e+01,-1.103767109473e-04,-3.432458112292e+00,3.941473379153e+01,-1.176531157749e-03,1.706648786322e-01,2.469432744166e-02,-1.066154446802e-03
"                 841",-3.606231035484e+00,3.935049737142e+01,-1.107966144122e-04,-3.435391991806e+00,3.937519386872e+01,-1.081640666380e-03,1.708390436789e-01,2.469649729460e-02,-9.708440519675e-04
"                 842",-3.607059555954e+00,3.939809234850e+01,-1.107774531512e-04,-3.436110863318e+00,3.942282195287e+01,-9.853159430541e-04,1.709486926362e-01,2.472960437241e-02,-8.745384899029e-04
"                 843",-3.607014183332e+00,3.954365320470e+01,-1.105782668799e-04,-3.436008705093e+00,3.956841936687e+01,-8.665960690485e-04,1.710054782386e-01,2.476616216558e-02,-7.560178021686e-04
"                 844",-3.607852723044e+00,3.974575774090e+01,-1.106626325356e-04,-3.436861969607e+00,3.977056441864e+01,-7.192822255361e-04,1.709907534377e-01,2.480667773924e-02,-6.086195930005e-04
"                 845",-3.613584169039e+00,3.995308595299e+01,-1.112876830662e-04,-3.442690491090e+00,3.997794260088e+01,-5.501992687915e-04,1.708936779496e-01,2.485664788681e-02,-4.389115857253e-04
"                 846",-3.622917367486e+00,4.017065353723e+01,-1.121151780682e-04,-3.452181291441e+00,4.019557058455e+01,-3.623584723613e-04,1.707360760451e-01,2.491704731174e-02,-2.502432942931e-04
"                 847",-3.633510495045e+00,4.040423273996e+01,-1.128516475223e-04,-3.462947987859e+00,4.042920200350e+01,-1.455094360883e-04,1.705625071855e-01,2.496926353494e-02,-3.265778856598e-05
"                 848",-3.643078487395e+00,4.063439719545e+01,-1.135500516703e-04,-3.472673438798e+00,4.065942194729e+01,1.001574409471e-04,1.704050485964e-01,2.502475183440e-02,2.137074926175e-04
"                 849",-3.652053868687e+00,4.084490645218e+01,-1.150443833890e-04,-3.481814596260e+00,4.087001644354e+01,3.542699419610e-04,1.702392724268e-01,2.510999135904e-02,4.693143253500e-04
"                 850",-3.663346393266e+00,4.101459547519e+01,-1.168303165738e-04,-3.493290020696e+00,4.103980435567e+01,5.917761203949e-04,1.700563725700e-01,2.520888047816e-02,7.086064369687e-04
"                 851",-3.676305280998e+00,4.111729671580e+01,-1.190401383029e-04,-3.506454826465e+00,4.114260518019e+01,8.049434975126e-04,1.698504545328e-01,2.530846439164e-02,9.239836358156e-04
"                 852",-3.688854734988e+00,4.115170879738e+01,-1.215314044032e-04,-3.519156784652e+00,4.117709706768e+01,9.911684281599e-04,1.696979503353e-01,2.538827030122e-02,1.112699832563e-03
"                 853",-3.699510601088e+00,4.110597544011e+01,-1.227737765642e-04,-3.529828214732e+00,4.113139685608e+01,1.148952308989e-03,1.696823863565e-01,2.542141596678e-02,1.271726085554e-03
"                 854",-3.708952009773e+00,4.097759855981e+01,-1.229597487267e-04,-3.539166133034e+00,4.100301405768e+01,1.277688503423e-03,1.697858767383e-01,2.541549787093e-02,1.400648252150e-03
"                 855",-3.720401078236e+00,4.078328130468e+01,-1.227492929317e-04,-3.550416851734e+00,4.080867367178e+01,1.377906437455e-03,1.699842265021e-01,2.539236710418e-02,1.500655730387e-03
"                 856",-3.735148381035e+00,4.054792366651e+01,-1.231941362288e-04,-3.564886589979e+00,4.057328088830e+01,1.455955497370e-03,1.702617910553e-01,2.535722178691e-02,1.579149633599e-03
"                 857",-3.747765008277e+00,4.030682224898e+01,-1.242212465110e-04,-3.577189425817e+00,4.033213357496e+01,1.502518230909e-03,1.705755824599e-01,2.531132598665e-02,1.626739477420e-03
"                 858",-3.755306400327e+00,4.009366643700e+01,-1.255034660936e-04,-3.584427646904e+00,4.011893874014e+01,1.503968910633e-03,1.708787534224e-01,2.527230313451e-02,1.629472376726e-03
"                 859",-3.759845589346e+00,3.994304090078e+01,-1.267129315373e-04,-3.588742865243e+00,3.996829125816e+01,1.464580897007e-03,1.711027241027e-01,2.525035737624e-02,1.591293828544e-03
"                 860",-3.764997700043e+00,3.986733860875e+01,-1.273949475834e-04,-3.593784974620e+00,3.989257907573e+01,1.396910202077e-03,1.712127254232e-01,2.524046698066e-02,1.524305149660e-03
"                 861",-3.773487475309e+00,3.986895508744e+01,-1.272619186953e-04,-3.602268816239e+00,3.989419716672e+01,1.307832643156e-03,1.712186590700e-01,2.524207927406e-02,1.435094561852e-03
"                 862",-3.781717104490e+00,3.993406935824e+01,-1.268052091617e-04,-3.610617238708e+00,3.995931532703e+01,1.200099391819e-03,1.710998657820e-01,2.524596878844e-02,1.326904600981e-03
"                 863",-3.783948728151e+00,4.004107846130e+01,-1.264135187376e-04,-3.613101065020e+00,4.006632443355e+01,1.081806723692e-03,1.708476631312e-01,2.524597225213e-02,1.208220242430e-03
"                 864",-3.780447417262e+00,4.016874794808e+01,-1.260126524925e-04,-3.609940077884e+00,4.019399152317e+01,9.431157531597e-04,1.705073393780e-01,2.524357508558e-02,1.069128405652e-03
"                 865",-3.778499677759e+00,4.031257852984e+01,-1.255793614118e-04,-3.608369232069e+00,4.033783003802e+01,7.937318412398e-04,1.701304456905e-01,2.525150818234e-02,9.193112026516e-04
"                 866",-3.781358710941e+00,4.045754547784e+01,-1.246000101758e-04,-3.611627789842e+00,4.048281308141e+01,6.561686431791e-04,1.697309210987e-01,2.526760356461e-02,7.807686533549e-04
"                 867",-3.782554659881e+00,4.058552325208e+01,-1.237342746803e-04,-3.613239433149e+00,4.061080688589e+01,5.315769815431e-04,1.693152267323e-01,2.528363381627e-02,6.553112562234e-04
"                 868",-3.779652984466e+00,4.069892218486e+01,-1.232047933112e-04,-3.610731680274e+00,4.072423240563e+01,4.106666233154e-04,1.689213041919e-01,2.531022077448e-02,5.338714166266e-04
"                 869",-3.773467062926e+00,4.080473180105e+01,-1.228855557014e-04,-3.604893641248e+00,4.083006011104e+01,3.061812663359e-04,1.685734216780e-01,2.532830998996e-02,4.290668220372e-04
"                 870",-3.767633754612e+00,4.089484266584e+01,-1.222226643787e-04,-3.599355869252e+00,4.092019758358e+01,2.096203261270e-04,1.682778853607e-01,2.535491773303e-02,3.318429905057e-04
"                 871",-3.764077649858e+00,4.096295513700e+01,-1.204242334393e-04,-3.596008045066e+00,4.098835679103e+01,1.159173372731e-04,1.680696047920e-01,2.540165403400e-02,2.363415707123e-04
"                 872",-3.760253428709e+00,4.101233564099e+01,-1.175875569119e-04,-3.592324695427e+00,4.103778606019e+01,3.947378024430e-05,1.679287332821e-01,2.545041920036e-02,1.570613371562e-04
"                 873",-3.754597536652e+00,4.105118354927e+01,-1.145568457120e-04,-3.586796562204e+00,4.107666468125e+01,-8.736284743543e-06,1.678009744481e-01,2.548113198146e-02,1.058205609685e-04
"                 874",-3.746826370508e+00,4.108713948066e+01,-1.122580386894e-04,-3.579147997054e+00,4.111265162996e+01,-2.414029538090e-05,1.676783734544e-01,2.551214930351e-02,8.811774330850e-05
"                 875",-3.738387577124e+00,4.113596204985e+01,-1.101308879341e-04,-3.570853213264e+00,4.116149929625e+01,-1.158058764499e-05,1.675343638602e-01,2.553724640035e-02,9.855030028912e-05
"                 876",-3.730467167912e+00,4.121918439064e+01,-1.077753607775e-04,-3.563117813545e+00,4.124473453824e+01,3.791701488946e-05,1.673493543676e-01,2.555014760110e-02,1.456923756670e-04
"                 877",-3.724300826235e+00,4.134177847170e+01,-1.052657593073e-04,-3.557176035675e+00,4.136733265574e+01,1.188744915913e-04,1.671247905598e-01,2.555418404031e-02,2.241402508986e-04
"                 878",-3.719367391864e+00,4.149878214509e+01,-1.033551860589e-04,-3.552508754108e+00,4.152434616367e+01,2.256331121349e-04,1.668586377555e-01,2.556401857895e-02,3.289882981939e-04
"                 879",-3.714155234796e+00,4.168040979589e+01,-1.021319856883e-04,-3.547614082025e+00,4.170598333278e+01,3.501615934535e-04,1.665411527715e-01,2.557353689608e-02,4.522935791417e-04
"                 880",-3.708855279856e+00,4.187724057248e+01,-1.013107165482e-04,-3.542662564061e+00,4.190282305717e+01,4.852604683206e-04,1.661927157952e-01,2.558248468211e-02,5.865711848688e-04
"                 881",-3.703391444082e+00,4.206721156207e+01,-9.962792946432e-05,-3.537551572857e+00,4.209281187453e+01,6.341580824308e-04,1.658398712252e-01,2.560031246383e-02,7.337860118951e-04
"                 882",-3.698167103011e+00,4.223900062447e+01,-9.742206001110e-05,-3.532653290170e+00,4.226463778546e+01,7.936042857878e-04,1.655138128409e-01,2.563716098903e-02,8.910263457989e-04
"                 883",-3.693035233489e+00,4.237691844509e+01,-9.576613528654e-05,-3.527785682509e+00,4.240259081920e+01,9.544850675837e-04,1.652495509799e-01,2.567237410937e-02,1.050251202870e-03
"                 884",-3.687175065823e+00,4.247974216704e+01,-9.545508246277e-05,-3.522141140472e+00,4.250544412985e+01,1.123211947135e-03,1.650339253511e-01,2.570196281300e-02,1.218667029598e-03
"                 885",-3.682534585249e+00,4.255792814236e+01,-9.659289308593e-05,-3.517678592036e+00,4.258364297359e+01,1.321510463698e-03,1.648559932133e-01,2.571483123033e-02,1.418103356784e-03
"                 886",-3.680265524688e+00,4.259786614902e+01,-9.867320356185e-05,-3.515505775096e+00,4.262356769866e+01,1.552103844525e-03,1.647597495921e-01,2.570154963933e-02,1.650777048086e-03
"                 887",-3.679784948504e+00,4.258815618151e+01,-1.013861506458e-04,-3.515039375081e+00,4.261383300933e+01,1.793386513858e-03,1.647455734234e-01,2.567682781455e-02,1.894772664504e-03
"                 888",-3.679952054221e+00,4.252190623972e+01,-1.043779464482e-04,-3.515120069434e+00,4.254754665918e+01,2.049670732341e-03,1.648319847871e-01,2.564041945903e-02,2.154048678790e-03
"                 889",-3.683390248061e+00,4.241389012055e+01,-1.074002480593e-04,-3.518360500913e+00,4.243949344922e+01,2.329694350275e-03,1.650297471489e-01,2.560332867095e-02,2.437094598334e-03
"                 890",-3.686455435376e+00,4.227867286100e+01,-1.101655092721e-04,-3.521167922829e+00,4.230424421117e+01,2.639560237342e-03,1.652875125470e-01,2.557135016789e-02,2.749725746614e-03
"                 891",-3.685434989775e+00,4.213982284294e+01,-1.124033800042e-04,-3.519838579281e+00,4.216536459123e+01,2.966634564333e-03,1.655964104937e-01,2.554174829350e-02,3.079037944337e-03
"                 892",-3.682349577651e+00,4.201595250285e+01,-1.149555509686e-04,-3.516405590030e+00,4.204145888072e+01,3.297038082232e-03,1.659439876208e-01,2.550637786959e-02,3.411993633201e-03
"                 893",-3.680991193530e+00,4.191815152499e+01,-1.185547046278e-04,-3.514691612323e+00,4.194362029647e+01,3.635161573970e-03,1.662995812063e-01,2.546877148148e-02,3.753716278598e-03
"                 894",-3.684321022181e+00,4.183564280201e+01,-1.225182209351e-04,-3.517693575541e+00,4.186108065564e+01,3.979807114244e-03,1.666274466399e-01,2.543785363301e-02,4.102325335179e-03
"                 895",-3.689725818994e+00,4.176754412726e+01,-1.258317952225e-04,-3.522796151842e+00,4.179296280491e+01,4.328158407120e-03,1.669296671524e-01,2.541867765054e-02,4.453990202343e-03
"                 896",-3.692504534905e+00,4.171397567492e+01,-1.290066801924e-04,-3.525326289746e+00,4.173938826323e+01,4.675008837048e-03,1.671782451596e-01,2.541258831311e-02,4.804015517241e-03
"                 897",-3.692302638733e+00,4.169490225133e+01,-1.325486769632e-04,-3.524966067126e+00,4.172032034569e+01,5.015420361828e-03,1.673365716070e-01,2.541809436049e-02,5.147969038791e-03
"                 898",-3.695194336156e+00,4.171283538835e+01,-1.361772736533e-04,-3.527767188040e+00,4.173825630286e+01,5.337742346754e-03,1.674271481158e-01,2.542091451193e-02,5.473919620408e-03
"                 899",-3.700632055863e+00,4.175183461088e+01,-1.389555599649e-04,-3.533164117474e+00,4.177726095063e+01,5.628878959621e-03,1.674679383890e-01,2.542633974945e-02,5.767834519586e-03
"                 900",-3.704559107129e+00,4.178886228013e+01,-1.400771131867e-04,-3.537087139136e+00,4.181430272230e+01,5.888312786510e-03,1.674719679930e-01,2.544044217025e-02,6.028389899696e-03
"                 901",-3.707283153842e+00,4.182364406668e+01,-1.397920747522e-04,-3.539829219499e+00,4.184909194135e+01,6.122304590128e-03,1.674539343431e-01,2.544787466937e-02,6.262096664880e-03
"                 902",-3.709545040472e+00,4.186100623534e+01,-1.384611031491e-04,-3.542107362603e+00,4.188645990200e+01,6.339723641711e-03,1.674376778687e-01,2.545366666431e-02,6.478184744860e-03
"                 903",-3.711644031762e+00,4.188188635842e+01,-1.363333459690e-04,-3.544174824175e+00,4.190734430005e+01,6.548758645127e-03,1.674692075871e-01,2.545794163139e-02,6.685091991096e-03
"                 904",-3.713607528088e+00,4.186077295797e+01,-1.340196872640e-04,-3.546063669501e+00,4.188623656229e+01,6.738246759665e-03,1.675438585862e-01,2.546360432080e-02,6.872266446929e-03
"                 905",-3.715379499530e+00,4.178992142866e+01,-1.311906975709e-04,-3.547720329160e+00,4.181539664518e+01,6.912689671346e-03,1.676591703699e-01,2.547521651280e-02,7.043880368917e-03
"                 906",-3.716781908125e+00,4.168178690702e+01,-1.278246132388e-04,-3.548945582556e+00,4.170727262745e+01,7.069607257723e-03,1.678363255689e-01,2.548572042669e-02,7.197431870962e-03
"                 907",-3.718634758325e+00,4.155686061747e+01,-1.239466108065e-04,-3.550543670600e+00,4.158234661659e+01,7.219536900625e-03,1.680910877251e-01,2.548599912800e-02,7.343483511431e-03
"                 908",-3.722548759438e+00,4.142961355496e+01,-1.201414077528e-04,-3.554127577401e+00,4.145507820773e+01,7.370527575879e-03,1.684211820376e-01,2.546465277481e-02,7.490668983632e-03
"                 909",-3.725798336037e+00,4.130182254350e+01,-1.168203306562e-04,-3.557019414965e+00,4.132724859578e+01,7.515885650545e-03,1.687789210717e-01,2.542605227671e-02,7.632705981201e-03
"                 910",-3.727969251740e+00,4.120128203502e+01,-1.133225185289e-04,-3.558853327711e+00,4.122667665278e+01,7.659616406656e-03,1.691159240287e-01,2.539461775720e-02,7.772938925185e-03
"                 911",-3.729026723804e+00,4.114946119396e+01,-1.086974995091e-04,-3.559647633523e+00,4.117481431635e+01,7.806265284897e-03,1.693790902806e-01,2.535312238573e-02,7.914962784406e-03
"                 912",-3.727845842660e+00,4.114910456139e+01,-1.038999810627e-04,-3.558310076156e+00,4.117439654855e+01,7.954672817783e-03,1.695357665040e-01,2.529198716573e-02,8.058572798846e-03
"                 913",-3.725069265324e+00,4.120524137330e+01,-9.878529622110e-05,-3.555488795843e+00,4.123046720453e+01,8.109594167584e-03,1.695804694808e-01,2.522583122862e-02,8.208379463805e-03
"                 914",-3.721969805067e+00,4.131490849753e+01,-9.407214755160e-05,-3.552443123254e+00,4.134008877515e+01,8.267849565892e-03,1.695266818130e-01,2.518027762070e-02,8.361921713444e-03
"                 915",-3.717669443586e+00,4.145747995223e+01,-8.981625284293e-05,-3.548257811845e+00,4.148261566693e+01,8.435571773666e-03,1.694116317406e-01,2.513571469356e-02,8.525388026509e-03
"                 916",-3.713275137350e+00,4.162187353822e+01,-8.566612446751e-05,-3.544069051866e+00,4.164695924227e+01,8.611293440046e-03,1.692060854843e-01,2.508570404582e-02,8.696959564514e-03
"                 917",-3.708809397550e+00,4.181226830308e+01,-8.138326651772e-05,-3.539877846717e+00,4.183731328711e+01,8.778641935313e-03,1.689315508331e-01,2.504498402399e-02,8.860025201830e-03
"                 918",-3.703328351664e+00,4.200607695717e+01,-7.865376015496e-05,-3.534714819481e+00,4.203107771863e+01,8.949272568032e-03,1.686135321825e-01,2.500076146422e-02,9.027926328187e-03
"                 919",-3.698809631953e+00,4.219193179451e+01,-7.708691457636e-05,-3.530553884549e+00,4.221686607698e+01,9.112438330720e-03,1.682557474041e-01,2.493428247726e-02,9.189525245297e-03
"                 920",-3.695408743230e+00,4.234389882429e+01,-7.570522167986e-05,-3.527506811936e+00,4.236875727361e+01,9.271131441205e-03,1.679019312935e-01,2.485844931930e-02,9.346836662885e-03
"                 921",-3.694394254898e+00,4.243878210062e+01,-7.365434941838e-05,-3.526847380912e+00,4.246353211098e+01,9.410326109461e-03,1.675468739861e-01,2.475001036435e-02,9.483980458880e-03
"                 922",-3.694845593168e+00,4.247276328072e+01,-7.149475807830e-05,-3.527639899643e+00,4.249738994914e+01,9.519521247470e-03,1.672056935253e-01,2.462666842403e-02,9.591016005548e-03
"                 923",-3.695679441193e+00,4.244513340546e+01,-6.912301177252e-05,-3.528726646558e+00,4.246964365544e+01,9.593540617882e-03,1.669527946350e-01,2.451024998263e-02,9.662663629654e-03
"                 924",-3.695693777785e+00,4.236263488603e+01,-6.613574997368e-05,-3.528870554294e+00,4.238704777509e+01,9.627705707325e-03,1.668232234911e-01,2.441288905666e-02,9.693841457299e-03
"                 925",-3.693793802717e+00,4.223979563396e+01,-6.224982646777e-05,-3.527043585781e+00,4.226410046102e+01,9.625503311210e-03,1.667502169360e-01,2.430482706253e-02,9.687753137678e-03
"                 926",-3.690752541772e+00,4.211969852553e+01,-5.893827847478e-05,-3.524105845092e+00,4.214388040606e+01,9.600692273220e-03,1.666466966795e-01,2.418188053044e-02,9.659630551695e-03
"                 927",-3.686331918729e+00,4.202812944015e+01,-5.623205186468e-05,-3.519828371487e+00,4.205217074664e+01,9.558099304619e-03,1.665035472422e-01,2.404130649191e-02,9.614331356483e-03
"                 928",-3.680035565225e+00,4.198489604623e+01,-5.352629751141e-05,-3.513714201123e+00,4.200879401394e+01,9.508785382855e-03,1.663213641020e-01,2.389796770339e-02,9.562311680367e-03
"                 929",-3.675063370326e+00,4.199503654342e+01,-4.970431733610e-05,-3.508978480054e+00,4.201879323320e+01,9.454138291407e-03,1.660848902714e-01,2.375668978118e-02,9.503842608743e-03
"                 930",-3.673299304325e+00,4.204330027325e+01,-4.482854527130e-05,-3.507506130655e+00,4.206694812437e+01,9.391365272174e-03,1.657931736707e-01,2.364785111888e-02,9.436193817445e-03
"                 931",-3.671601085389e+00,4.210857939437e+01,-3.921271961028e-05,-3.506181635571e+00,4.213212832289e+01,9.311815918369e-03,1.654194498175e-01,2.354892851855e-02,9.351028637979e-03
"                 932",-3.668068117879e+00,4.217921625191e+01,-3.420131761704e-05,-3.503099423754e+00,4.220265011164e+01,9.224549158327e-03,1.649686941254e-01,2.343385973857e-02,9.258750475944e-03
"                 933",-3.662634069067e+00,4.224673972588e+01,-3.108292739975e-05,-3.498184729886e+00,4.227002962249e+01,9.129731845939e-03,1.644493391804e-01,2.328989661771e-02,9.160814773339e-03
"                 934",-3.659855808248e+00,4.230153421700e+01,-2.881176131462e-05,-3.495966948017e+00,4.232465396422e+01,9.039011775162e-03,1.638888602309e-01,2.311974721139e-02,9.067823536476e-03
"                 935",-3.661587749549e+00,4.233826253975e+01,-2.546115050117e-05,-3.498237464344e+00,4.236118920215e+01,8.960568220370e-03,1.633502852056e-01,2.292666240434e-02,8.986029370871e-03
"                 936",-3.664722978035e+00,4.234278133154e+01,-2.173169249317e-05,-3.501883314033e+00,4.236550958677e+01,8.893532966479e-03,1.628396640017e-01,2.272825522499e-02,8.915264658972e-03
"                 937",-3.666255925775e+00,4.230779443855e+01,-1.928911553163e-05,-3.503858368428e+00,4.233033926279e+01,8.816570097083e-03,1.623975573472e-01,2.254482423943e-02,8.835859212615e-03
"                 938",-3.665624232772e+00,4.223373321312e+01,-1.871400003326e-05,-3.503618217992e+00,4.225611743246e+01,8.700479125486e-03,1.620060147803e-01,2.238421933374e-02,8.719193125520e-03
"                 939",-3.664172112585e+00,4.212802121452e+01,-1.968252744016e-05,-3.502419374441e+00,4.215027627846e+01,8.561132613505e-03,1.617527381439e-01,2.225506394101e-02,8.580815140945e-03
"                 940",-3.663814289205e+00,4.200577577456e+01,-2.138859187804e-05,-3.502233902714e+00,4.202791326596e+01,8.405322092525e-03,1.615803864913e-01,2.213749139306e-02,8.426710684403e-03
"                 941",-3.664137451221e+00,4.188117378414e+01,-2.303599202699e-05,-3.502627784349e+00,4.190320055764e+01,8.247370891094e-03,1.615096668721e-01,2.202677349805e-02,8.270406883121e-03
"                 942",-3.665293184083e+00,4.177636919335e+01,-2.478582992191e-05,-3.503810626677e+00,4.179832159696e+01,8.088726545960e-03,1.614825574058e-01,2.195240361073e-02,8.113512375882e-03
"                 943",-3.666659423871e+00,4.170638307253e+01,-2.662870605011e-05,-3.505193175622e+00,4.172830513451e+01,7.927500610784e-03,1.614662482488e-01,2.192206198439e-02,7.954129316834e-03
"                 944",-3.666535425459e+00,4.166955198017e+01,-2.792516240612e-05,-3.505062230665e+00,4.169149292739e+01,7.782510441453e-03,1.614731947941e-01,2.194094722405e-02,7.810435603859e-03
"                 945",-3.666072374627e+00,4.165307234770e+01,-2.860756042885e-05,-3.504580018311e+00,4.167504145413e+01,7.658037952482e-03,1.614923563160e-01,2.196910642468e-02,7.686645512911e-03
"                 946",-3.667986078603e+00,4.165496551661e+01,-2.871916514929e-05,-3.506455157237e+00,4.167696676213e+01,7.578464840371e-03,1.615309213660e-01,2.200124551357e-02,7.607184005521e-03
"                 947",-3.673536153380e+00,4.167415657567e+01,-2.951781296754e-05,-3.512014039100e+00,4.169619093313e+01,7.550944529904e-03,1.615221142804e-01,2.203435745757e-02,7.580462342871e-03
"                 948",-3.680974694889e+00,4.171092561893e+01,-3.122240530642e-05,-3.519473788435e+00,4.173300646522e+01,7.554127952992e-03,1.615009064533e-01,2.208084629067e-02,7.585350358299e-03
"                 949",-3.687393149400e+00,4.175289527511e+01,-3.342938823869e-05,-3.525894393662e+00,4.177502070740e+01,7.584548060770e-03,1.614987557371e-01,2.212543229858e-02,7.617977449009e-03
"                 950",-3.693328041381e+00,4.178615157140e+01,-3.620841714169e-05,-3.531860351166e+00,4.180830663101e+01,7.650779697509e-03,1.614676902158e-01,2.215505960574e-02,7.686988114651e-03
"                 951",-3.700157595837e+00,4.179631528777e+01,-3.994471454687e-05,-3.538748431581e+00,4.181849753736e+01,7.742197565378e-03,1.614091642562e-01,2.218224959674e-02,7.782142279925e-03
"                 952",-3.708386928374e+00,4.178500597800e+01,-4.566833995175e-05,-3.547043150015e+00,4.180720489013e+01,7.834306913970e-03,1.613437783590e-01,2.219891213906e-02,7.879975253922e-03
"                 953",-3.716334357820e+00,4.174572970668e+01,-5.179191437560e-05,-3.555004825098e+00,4.176793324094e+01,7.925318637696e-03,1.613295327220e-01,2.220353426099e-02,7.977110552072e-03
"                 954",-3.723968376145e+00,4.167089953864e+01,-5.639105029738e-05,-3.562616531302e+00,4.169309852857e+01,8.010663221114e-03,1.613518448427e-01,2.219898992684e-02,8.067054271411e-03
"                 955",-3.731761689846e+00,4.157603885883e+01,-5.990125454016e-05,-3.570384975840e+00,4.159824474147e+01,8.079916115110e-03,1.613767140062e-01,2.220588264279e-02,8.139817369651e-03
"                 956",-3.740398411315e+00,4.146207908753e+01,-6.315707839529e-05,-3.578970933454e+00,4.148428875283e+01,8.111066408712e-03,1.614274778613e-01,2.220966529401e-02,8.174223487108e-03
"                 957",-3.749182511169e+00,4.134604801330e+01,-6.704854442140e-05,-3.587675869010e+00,4.136825065060e+01,8.095016052534e-03,1.615066421584e-01,2.220263729443e-02,8.162064596956e-03
"                 958",-3.756416864258e+00,4.123530191140e+01,-7.111216331886e-05,-3.594832978888e+00,4.125749032317e+01,8.051723059138e-03,1.615838853704e-01,2.218841176831e-02,8.122835222456e-03
"                 959",-3.761242373711e+00,4.113369521678e+01,-7.549605541067e-05,-3.599630455168e+00,4.115585979539e+01,8.003588105055e-03,1.616119185427e-01,2.216457861408e-02,8.079084160465e-03
"                 960",-3.764814620700e+00,4.104387482304e+01,-7.976931581768e-05,-3.603229628898e+00,4.106601544235e+01,7.969974588575e-03,1.615849918020e-01,2.214061931533e-02,8.049743904393e-03
"                 961",-3.768937682451e+00,4.097119867113e+01,-8.339304518433e-05,-3.607455197866e+00,4.099332962180e+01,7.954232561565e-03,1.614824845841e-01,2.213095067208e-02,8.037625606750e-03
"                 962",-3.774153942357e+00,4.093176475218e+01,-8.655986564732e-05,-3.612875863467e+00,4.095390529429e+01,7.948186266091e-03,1.612780788904e-01,2.214054210453e-02,8.034746131738e-03
"                 963",-3.778934030818e+00,4.093213304758e+01,-8.948495991905e-05,-3.617957941150e+00,4.095426744041e+01,7.950798137488e-03,1.609760896680e-01,2.213439283015e-02,8.040283097407e-03
"                 964",-3.779947702340e+00,4.097210925316e+01,-9.143430391668e-05,-3.619337262220e+00,4.099422822887e+01,7.954170504449e-03,1.606104401198e-01,2.211897571495e-02,8.045604808366e-03
"                 965",-3.775257274257e+00,4.104346372887e+01,-9.300243883107e-05,-3.615036498644e+00,4.106556255674e+01,7.961963798293e-03,1.602207756131e-01,2.209882787007e-02,8.054966237125e-03
"                 966",-3.766228119902e+00,4.113706034541e+01,-9.502367986337e-05,-3.606436617268e+00,4.115913534953e+01,7.979151035181e-03,1.597915026340e-01,2.207500411699e-02,8.074174715045e-03
"                 967",-3.759056952325e+00,4.125792801711e+01,-9.710198036996e-05,-3.599722662848e+00,4.128000335040e+01,8.030222263104e-03,1.593342894772e-01,2.207533329445e-02,8.127324243474e-03
"                 968",-3.754833959877e+00,4.140038034228e+01,-9.857474368092e-05,-3.595994112638e+00,4.142246525193e+01,8.099728933326e-03,1.588398472388e-01,2.208490964907e-02,8.198303677007e-03
"                 969",-3.752612736024e+00,4.155034037993e+01,-9.953978717514e-05,-3.594298661351e+00,4.157243504827e+01,8.181108555038e-03,1.583140746728e-01,2.209466834599e-02,8.280648342213e-03
"                 970",-3.751508636105e+00,4.169049613190e+01,-1.004059091245e-04,-3.593711902887e+00,4.171259725218e+01,8.279686587964e-03,1.577967332173e-01,2.210112027997e-02,8.380092497088e-03
"                 971",-3.749540941136e+00,4.181118819426e+01,-1.016922039836e-04,-3.592223868599e+00,4.183331932570e+01,8.389283848934e-03,1.573170725368e-01,2.213113144495e-02,8.490976052918e-03
"                 972",-3.744985425826e+00,4.193071336734e+01,-1.030195140117e-04,-3.588114921923e+00,4.195288995389e+01,8.524037763936e-03,1.568705039035e-01,2.217658655128e-02,8.627057277948e-03
"                 973",-3.738267083146e+00,4.205840927431e+01,-1.034980438906e-04,-3.581818110797e+00,4.208063931444e+01,8.695288823695e-03,1.564489723487e-01,2.223004013184e-02,8.798786867585e-03
"                 974",-3.731177245069e+00,4.217866771630e+01,-1.039446147996e-04,-3.575142167118e+00,4.220094692960e+01,8.905765033520e-03,1.560350779509e-01,2.227921330111e-02,9.009709648319e-03
"                 975",-3.725151757234e+00,4.227090535167e+01,-1.039061574467e-04,-3.569475816984e+00,4.229323285812e+01,9.141418089996e-03,1.556759402507e-01,2.232750645461e-02,9.245324247442e-03
"                 976",-3.719559517870e+00,4.233051753669e+01,-1.039458716022e-04,-3.564225802084e+00,4.235289003717e+01,9.382373847587e-03,1.553337157862e-01,2.237250047283e-02,9.486319719189e-03
"                 977",-3.713941243910e+00,4.236891806889e+01,-1.044888145038e-04,-3.558896352129e+00,4.239135628922e+01,9.617556204850e-03,1.550448917805e-01,2.243822032696e-02,9.722045019353e-03
"                 978",-3.708088542214e+00,4.240499751439e+01,-1.053731613019e-04,-3.553270715575e+00,4.242750412815e+01,9.854105416793e-03,1.548178266382e-01,2.250661375449e-02,9.959478578095e-03
"                 979",-3.701710673762e+00,4.244157594220e+01,-1.068304419635e-04,-3.547069735197e+00,4.246416726894e+01,1.009090441710e-02,1.546409385653e-01,2.259132674445e-02,1.019773485907e-02
"                 980",-3.695121265948e+00,4.247681565219e+01,-1.086454529486e-04,-3.540634612287e+00,4.249952459593e+01,1.031742805479e-02,1.544866536614e-01,2.270894373786e-02,1.042607350774e-02
"                 981",-3.687280877140e+00,4.251021605274e+01,-1.103419687734e-04,-3.532907000394e+00,4.253303931003e+01,1.052572131320e-02,1.543738767455e-01,2.282325728896e-02,1.063606328198e-02
"                 982",-3.677436503182e+00,4.254719200906e+01,-1.113713171355e-04,-3.523160976320e+00,4.257014153577e+01,1.074318904773e-02,1.542755268621e-01,2.294952670596e-02,1.085456036486e-02
"                 983",-3.666930154377e+00,4.259647206724e+01,-1.119843424945e-04,-3.512729120671e+00,4.261953906655e+01,1.096096501920e-02,1.542010337058e-01,2.306699930296e-02,1.107294936170e-02
"                 984",-3.656242690783e+00,4.265191004407e+01,-1.126476139167e-04,-3.502082738651e+00,4.267507410300e+01,1.118973976914e-02,1.541599521325e-01,2.316405892871e-02,1.130238738306e-02
"                 985",-3.646602338435e+00,4.270652299877e+01,-1.130686399776e-04,-3.492477337769e+00,4.272976912149e+01,1.141521204275e-02,1.541250006664e-01,2.324612271883e-02,1.152828068273e-02
"                 986",-3.636466538974e+00,4.274403374188e+01,-1.130472598333e-04,-3.482336783360e+00,4.276733899724e+01,1.163419770716e-02,1.541297556143e-01,2.330525535839e-02,1.174724496699e-02
"                 987",-3.624611747953e+00,4.275746710814e+01,-1.115107434546e-04,-3.470438854316e+00,4.278083922732e+01,1.186001292830e-02,1.541728936367e-01,2.337211918277e-02,1.197152367175e-02
"                 988",-3.611455736250e+00,4.276260266111e+01,-1.084587487796e-04,-3.457177034591e+00,4.278605861137e+01,1.209114484285e-02,1.542787016593e-01,2.345595025875e-02,1.219960359163e-02
"                 989",-3.597338436514e+00,4.276270990433e+01,-1.044697050377e-04,-3.442882073390e+00,4.278625683816e+01,1.231585486229e-02,1.544563631241e-01,2.354693382996e-02,1.242032456733e-02
"                 990",-3.582720635669e+00,4.274724379224e+01,-1.004217740216e-04,-3.428060990862e+00,4.277089969175e+01,1.254061128808e-02,1.546596448064e-01,2.365589950793e-02,1.264103306210e-02
"                 991",-3.568506116794e+00,4.271592388710e+01,-9.610157198580e-05,-3.413635838283e+00,4.273967952624e+01,1.275852592487e-02,1.548702785106e-01,2.375563914187e-02,1.285462749685e-02
"                 992",-3.553767930739e+00,4.267185351321e+01,-9.228487034504e-05,-3.398673276392e+00,4.269568770661e+01,1.296953758278e-02,1.550946543473e-01,2.383419339669e-02,1.306182245312e-02
"                 993",-3.539460082267e+00,4.262720724292e+01,-8.844762106293e-05,-3.384051527014e+00,4.265111875451e+01,1.316976142880e-02,1.554085552524e-01,2.391151158619e-02,1.325820904986e-02
"                 994",-3.526637944192e+00,4.259160779440e+01,-8.352628621967e-05,-3.370876426009e+00,4.261561491415e+01,1.334162638006e-02,1.557615181826e-01,2.400711975737e-02,1.342515266628e-02
"                 995",-3.515196011057e+00,4.258135113604e+01,-7.690698637195e-05,-3.359078820102e+00,4.260545811277e+01,1.347460828795e-02,1.561171909543e-01,2.410697673157e-02,1.355151527432e-02
"                 996",-3.504028432318e+00,4.259915430713e+01,-7.060084015572e-05,-3.347598108712e+00,4.262335534303e+01,1.355073878868e-02,1.564303236062e-01,2.420103589817e-02,1.362133962883e-02
"                 997",-3.492761090420e+00,4.263673030415e+01,-6.643556815180e-05,-3.336038062740e+00,4.266101721347e+01,1.357134637886e-02,1.567230276803e-01,2.428690931882e-02,1.363778194702e-02
"                 998",-3.481178215858e+00,4.266810734851e+01,-6.422345348683e-05,-3.324172218256e+00,4.269245135513e+01,1.354066852444e-02,1.570059976027e-01,2.434400661828e-02,1.360489197792e-02
"                 999",-3.469634155944e+00,4.268145706624e+01,-6.292622028395e-05,-3.312350348993e+00,4.270584257970e+01,1.347407556712e-02,1.572838069509e-01,2.438551345774e-02,1.353700178741e-02
"                1000",-3.456771673220e+00,4.268066007401e+01,-6.145866585051e-05,-3.299219435870e+00,4.270507004557e+01,1.338345996145e-02,1.575522373505e-01,2.440997156436e-02,1.344491862730e-02
