Time (s),PRESSURE_FORCE_X,PRESSURE_FORCE_Y,PRESSURE_FORCE_Z,TOTAL_FORCE_X,TOTAL_FORCE_Y,TOTAL_FORCE_Z,VISCOUS_FORCE_X,VISCOUS_FORCE_Y,VISCOUS_FORCE_Z
"                   1",3.566131496884e+01,5.341655745308e+02,3.592326409410e-04,3.649117969191e+01,5.343766681206e+02,3.589205238637e-04,8.298647230697e-01,2.110935898461e-01,-3.121170773549e-07
"                   2",2.109252924694e+01,3.691224692656e+02,2.627095314035e-04,2.190688546163e+01,3.692594667350e+02,2.623840075255e-04,8.143562146835e-01,1.369974694215e-01,-3.255238780122e-07
"                   3",-1.015557736049e+01,-6.199226022390e+01,-1.130261745191e-04,-9.377988516590e+00,-6.190794740208e+01,-1.090277428539e-04,7.775888438991e-01,8.431282181996e-02,3.998431665220e-06
"                   4",-2.422339557184e+01,-2.646262046202e+02,-2.909972431033e-04,-2.351682163117e+01,-2.645622402094e+02,-2.879392992938e-04,7.065739406728e-01,6.396441077847e-02,3.057943809524e-06
"                   5",-1.330844949162e+01,-1.248508463543e+02,-1.292533097420e-04,-1.266190651289e+01,-1.247857384850e+02,-1.241307263136e-04,6.465429787347e-01,6.510786928653e-02,5.122583428380e-06
"                   6",4.299462290105e+00,1.049911892499e+02,8.816376262173e-05,4.909057571015e+00,1.050631845655e+02,9.146031013168e-05,6.095952809104e-01,7.199531563468e-02,3.296547509956e-06
"                   7",1.048901361750e+01,1.849639964373e+02,1.299137326912e-04,1.108050268834e+01,1.850334030629e+02,1.309747623192e-04,5.914890708410e-01,6.940662561153e-02,1.061029627997e-06
"                   8",3.306898259678e+00,9.344128540691e+01,-9.458751247855e-07,3.889661428807e+00,9.349733366135e+01,-4.764823376783e-07,5.827631691299e-01,5.604825444719e-02,4.693927871072e-07
"                   9",-6.470596581240e+00,-2.410819353561e+01,-1.300235360962e-04,-5.912377317520e+00,-2.406186899452e+01,-1.296593016831e-04,5.582192637206e-01,4.632454109446e-02,3.642344130987e-07
"                  10",-9.613475482061e+00,-5.376172699536e+01,-1.389815586253e-04,-9.091857246801e+00,-5.372278313127e+01,-1.385624270696e-04,5.216182352591e-01,3.894386408982e-02,4.191315557383e-07
"                  11",-5.498924314437e+00,1.028456547593e+00,-5.787983672762e-05,-5.014339009751e+00,1.065756783565e+00,-5.836894868598e-05,4.845853046857e-01,3.730023597247e-02,-4.891119583557e-07
"                  12",-3.878854126801e-02,6.102391285535e+01,1.835779024182e-06,4.192908696476e-01,6.106036178817e+01,5.194486407867e-07,4.580794109156e-01,3.644893282512e-02,-1.316330383395e-06
"                  13",1.606710864381e+00,7.125923817898e+01,-1.111116275695e-05,2.046244100954e+00,7.129232260819e+01,-1.329962786735e-05,4.395332365738e-01,3.308442920408e-02,-2.188465110404e-06
"                  14",-8.732137261959e-01,3.905797291648e+01,-6.599750116290e-05,-4.483489963021e-01,3.908603551834e+01,-7.298616574154e-05,4.248647298938e-01,2.806260186753e-02,-6.988664578643e-06
"                  15",-4.065786179599e+00,7.613831017477e+00,-9.881469970523e-05,-3.660230624503e+00,7.640244176233e+00,-1.056211095612e-04,4.055555550951e-01,2.641315875628e-02,-6.806409856021e-06
"                  16",-4.992414274065e+00,4.494032909679e+00,-8.414100838131e-05,-4.612096924998e+00,4.518816347175e+00,-9.217346953222e-05,3.803173490673e-01,2.478343749575e-02,-8.032461150904e-06
"                  17",-3.531512593395e+00,2.232684752330e+01,-4.922659936670e-05,-3.175086530446e+00,2.235026997130e+01,-5.700280892273e-05,3.564260629491e-01,2.342244800274e-02,-7.776209556035e-06
"                  18",-1.593354133049e+00,3.795236218485e+01,-3.140417037865e-05,-1.251259371112e+00,3.797706749029e+01,-3.617906154533e-05,3.420947619365e-01,2.470530544582e-02,-4.774891166678e-06
"                  19",-9.316852366341e-01,3.808927163815e+01,-4.150732353856e-05,-6.026096781462e-01,3.811409096757e+01,-4.812504729844e-05,3.290755584880e-01,2.481932941493e-02,-6.617723759877e-06
"                  20",-1.703569248355e+00,2.802747556144e+01,-6.288761302695e-05,-1.388950395642e+00,2.805162685614e+01,-7.110256143501e-05,3.146188527128e-01,2.415129469846e-02,-8.214948408067e-06
"                  21",-2.822593515565e+00,1.989732780376e+01,-7.326633750561e-05,-2.522294437368e+00,1.992081693337e+01,-8.722129023424e-05,3.002990781969e-01,2.348912961606e-02,-1.395495272864e-05
"                  22",-3.187933568934e+00,2.014257571751e+01,-6.649785992480e-05,-2.901817563044e+00,2.016540551586e+01,-7.849743095275e-05,2.861160058900e-01,2.282979834774e-02,-1.199957102794e-05
"                  23",-2.666465855169e+00,2.576273836107e+01,-5.350168928752e-05,-2.393078653381e+00,2.578505824254e+01,-6.416292792866e-05,2.733872017878e-01,2.231988146171e-02,-1.066123864114e-05
"                  24",-1.904436242356e+00,2.989021617134e+01,-4.741126245929e-05,-1.641962081376e+00,2.991231833545e+01,-5.858534765117e-05,2.624741609805e-01,2.210216411756e-02,-1.117408519189e-05
"                  25",-1.594681442780e+00,2.911222380135e+01,-5.159115840145e-05,-1.342282580258e+00,2.913433306255e+01,-6.414462046463e-05,2.523988625228e-01,2.210926120023e-02,-1.255346206318e-05
"                  26",-1.844384067194e+00,2.559975070328e+01,-5.926042703261e-05,-1.602238144680e+00,2.562191491368e+01,-7.210894736693e-05,2.421459225134e-01,2.216421039748e-02,-1.284852033432e-05
"                  27",-2.235705891369e+00,2.323186295651e+01,-6.244629331728e-05,-2.004130501846e+00,2.325397407431e+01,-7.525026676596e-05,2.315753895228e-01,2.211111779363e-02,-1.280397344869e-05
"                  28",-2.334376744704e+00,2.365452358237e+01,-5.941415910211e-05,-2.113449638651e+00,2.367654340831e+01,-7.234880715303e-05,2.209271060525e-01,2.201982594370e-02,-1.293464805092e-05
"                  29",-2.081106981941e+00,2.552787512343e+01,-5.454215338086e-05,-1.867439724372e+00,2.554950308632e+01,-6.778413470369e-05,2.136672575692e-01,2.162796289151e-02,-1.324198132283e-05
"                  30",-1.734580878079e+00,2.662060944674e+01,-5.230375553025e-05,-1.526881133587e+00,2.664191627648e+01,-6.583921585966e-05,2.076997444920e-01,2.130682973794e-02,-1.353546032941e-05
"                  31",-1.573894011399e+00,2.586155827218e+01,-5.281291578700e-05,-1.372504689182e+00,2.588272873673e+01,-6.625267214651e-05,2.013893222170e-01,2.117046455786e-02,-1.343975635951e-05
"                  32",-1.630942628337e+00,2.419195873717e+01,-5.339493418711e-05,-1.435241457479e+00,2.421290626432e+01,-6.607400418987e-05,1.957011708580e-01,2.094752714969e-02,-1.267907000277e-05
"                  33",-1.733137828746e+00,2.309808623362e+01,-5.189377014080e-05,-1.542166939075e+00,2.311862930404e+01,-6.411560101606e-05,1.909708896703e-01,2.054307041152e-02,-1.222183087526e-05
"                  34",-1.704081524919e+00,2.305447284978e+01,-4.878016176196e-05,-1.516576225297e+00,2.307442618281e+01,-6.083459048389e-05,1.875052996217e-01,1.995333302997e-02,-1.205442872193e-05
"                  35",-1.515650744617e+00,2.336609474857e+01,-4.626715000300e-05,-1.330574403627e+00,2.338530789281e+01,-5.876571128579e-05,1.850763409894e-01,1.921314423902e-02,-1.249856128279e-05
"                  36",-1.279129532065e+00,2.315080017277e+01,-4.581863729317e-05,-1.096337207655e+00,2.316936050075e+01,-5.446327135096e-05,1.827923244102e-01,1.856032797545e-02,-8.644634057793e-06
"                  37",-1.107385943168e+00,2.217577928293e+01,-4.658970953975e-05,-9.272403424155e-01,2.219382104942e+01,-5.458031538575e-05,1.801456007522e-01,1.804176649034e-02,-7.990605845993e-06
"                  38",-1.015634208025e+00,2.083309921533e+01,-4.619144164052e-05,-8.384939672865e-01,2.085075579828e+01,-5.439292965605e-05,1.771402407383e-01,1.765658294178e-02,-8.201488015534e-06
"                  39",-9.321121556432e-01,1.968695707485e+01,-4.313622798885e-05,-7.560440593927e-01,1.970423355670e+01,-5.379793278728e-05,1.760680962505e-01,1.727648184643e-02,-1.066170479843e-05
"                  40",-7.974774274902e-01,1.896579998788e+01,-3.853969688780e-05,-6.218333809538e-01,1.898279299942e+01,-4.924214496785e-05,1.756440465365e-01,1.699301154056e-02,-1.070244808005e-05
"                  41",-6.206011784714e-01,1.851031678320e+01,-3.411862132964e-05,-4.453140206401e-01,1.852736673729e+01,-4.614744079199e-05,1.752871578313e-01,1.704995408841e-02,-1.202881946235e-05
"                  42",-4.553426612838e-01,1.804255956038e+01,-3.107463903883e-05,-2.798542944041e-01,1.806010769682e+01,-4.339615570624e-05,1.754883668797e-01,1.754813644012e-02,-1.232151666741e-05
"                  43",-3.390545445701e-01,1.733008786093e+01,-2.948876099725e-05,-1.635555624426e-01,1.734848828037e+01,-4.145434239480e-05,1.754989821275e-01,1.840041943719e-02,-1.196558139755e-05
"                  44",-2.666516950620e-01,1.650371480470e+01,-2.871743669378e-05,-9.137919228133e-02,1.652345442029e+01,-4.114734841259e-05,1.752725027806e-01,1.973961559060e-02,-1.242991171882e-05
"                  45",-2.153231976870e-01,1.584398347898e+01,-2.778059448631e-05,-4.044085256147e-02,1.586528017795e+01,-3.997705613341e-05,1.748823451255e-01,2.129669896422e-02,-1.219646164710e-05
"                  46",-1.660426632439e-01,1.555976727413e+01,-2.646612247076e-05,8.274161621830e-03,1.558218639065e+01,-3.836149262170e-05,1.743168248657e-01,2.241911651692e-02,-1.189537015094e-05
"                  47",-1.117974233414e-01,1.557094453536e+01,-2.507267449389e-05,6.235343187267e-02,1.559379764747e+01,-3.661502724894e-05,1.741508552141e-01,2.285311210412e-02,-1.154235275505e-05
"                  48",-6.666614685897e-02,1.567285328902e+01,-2.383044944432e-05,1.078080346777e-01,1.569564165735e+01,-3.553880723808e-05,1.744741815367e-01,2.278836832976e-02,-1.170835779375e-05
"                  49",-3.930842711164e-02,1.572075649264e+01,-2.291368747621e-05,1.356045342973e-01,1.574342280335e+01,-3.469275214868e-05,1.749129614089e-01,2.266631071113e-02,-1.177906467247e-05
"                  50",-2.167792216781e-02,1.566712485814e+01,-2.232958767872e-05,1.537535998069e-01,1.568983458518e+01,-3.368369109087e-05,1.754315219747e-01,2.270972703260e-02,-1.135410341215e-05
"                  51",-6.854789852748e-03,1.564119614017e+01,-2.191134540107e-05,1.693511724109e-01,1.566425837941e+01,-3.244614411549e-05,1.762059622637e-01,2.306223924627e-02,-1.053479871442e-05
"                  52",4.665058062321e-03,1.575141858144e+01,-2.180342003733e-05,1.819181706054e-01,1.577518535300e+01,-3.114601884797e-05,1.772531125431e-01,2.376677156202e-02,-9.342598810645e-06
"                  53",1.086343718770e-02,1.591343793995e+01,-2.205586906662e-05,1.896585076479e-01,1.593788354203e+01,-2.928094451974e-05,1.787950704602e-01,2.444560208457e-02,-7.225075453122e-06
"                  54",8.822787848861e-03,1.606443272231e+01,-2.251599366402e-05,1.894666642216e-01,1.608929227239e+01,-2.830913611222e-05,1.806438763727e-01,2.485955007745e-02,-5.793142448200e-06
"                  55",4.220437333791e-04,1.620302568311e+01,-2.328501890239e-05,1.833617076029e-01,1.622800525774e+01,-2.887494235388e-05,1.829396638695e-01,2.497957462995e-02,-5.589923451489e-06
"                  56",-1.226302771595e-02,1.638004376156e+01,-2.404524719276e-05,1.734721979404e-01,1.640497360760e+01,-2.960608872329e-05,1.857352256563e-01,2.492984603678e-02,-5.560841530523e-06
"                  57",-2.919014351600e-02,1.668253035112e+01,-2.447137507043e-05,1.597209090510e-01,1.670740962156e+01,-3.023852752708e-05,1.889110525670e-01,2.487927043344e-02,-5.767152456655e-06
"                  58",-5.051591957744e-02,1.713878312735e+01,-2.451241246941e-05,1.417511613102e-01,1.716370664548e+01,-2.992236021115e-05,1.922670808876e-01,2.492351813026e-02,-5.409947741743e-06
"                  59",-7.484554981588e-02,1.765522808107e+01,-2.445061340203e-05,1.211581383991e-01,1.768026362932e+01,-3.193035455709e-05,1.960036882150e-01,2.503554824759e-02,-7.479741155052e-06
"                  60",-9.715154457900e-02,1.809286145782e+01,-2.454935182962e-05,1.027430341212e-01,1.811813932210e+01,-3.262905173828e-05,1.998945787002e-01,2.527786427964e-02,-8.079699908658e-06
"                  61",-1.160388751931e-01,1.840757144412e+01,-2.503524346072e-05,8.757940475509e-02,1.843328936261e+01,-3.202525578192e-05,2.036182799482e-01,2.571791848776e-02,-6.990012321198e-06
"                  62",-1.365314150032e-01,1.867809932636e+01,-2.582568559042e-05,7.024203910208e-02,1.870444336553e+01,-2.918567700719e-05,2.067734541053e-01,2.634403917359e-02,-3.359991416770e-06
"                  63",-1.599737367607e-01,1.892980153082e+01,-2.660324365500e-05,4.932719828813e-02,1.895689614375e+01,-2.785456358387e-05,2.093009350488e-01,2.709461293487e-02,-1.251319928866e-06
"                  64",-1.868017144115e-01,1.915951217072e+01,-2.722321504691e-05,2.472156740286e-02,1.918738933889e+01,-2.909858629018e-05,2.115232818144e-01,2.787716817336e-02,-1.875371243269e-06
"                  65",-2.132708930921e-01,1.937310513472e+01,-2.760827581911e-05,1.971005701344e-04,1.940179658571e+01,-3.050482400151e-05,2.134679936622e-01,2.869145099611e-02,-2.896548182395e-06
"                  66",-2.352961289697e-01,1.961094063016e+01,-2.791785358291e-05,-2.033434744461e-02,1.964048465116e+01,-3.210561558766e-05,2.149617815251e-01,2.954402100518e-02,-4.187762004749e-06
"                  67",-2.532026684816e-01,1.989570253100e+01,-2.813466645458e-05,-3.729971195958e-02,1.992610253255e+01,-3.086292450055e-05,2.159029565220e-01,3.040000155308e-02,-2.728258045968e-06
"                  68",-2.698392328791e-01,2.019629865093e+01,-2.832660778608e-05,-5.334941647278e-02,2.022745953936e+01,-2.968679361958e-05,2.164898164063e-01,3.116088843106e-02,-1.360185833498e-06
"                  69",-2.876668762782e-01,2.046220608408e+01,-2.854084840974e-05,-7.093761642729e-02,2.049403424849e+01,-2.725865531145e-05,2.167292598509e-01,3.182816440899e-02,1.282193098289e-06
"                  70",-3.088458146773e-01,2.068146168635e+01,-2.856543240298e-05,-9.197612466346e-02,2.071377321118e+01,-2.789202194447e-05,2.168696900139e-01,3.231152482253e-02,6.734104585064e-07
"                  71",-3.311263350908e-01,2.088796339434e+01,-2.863303356004e-05,-1.140404354509e-01,2.092062830275e+01,-2.885427906400e-05,2.170858996400e-01,3.266490841516e-02,-2.212455039590e-07
"                  72",-3.517183851656e-01,2.113166413809e+01,-2.895050315086e-05,-1.343039903894e-01,2.116465711562e+01,-2.894705537353e-05,2.174143947762e-01,3.299297752502e-02,3.447777333371e-09
"                  73",-3.704715078495e-01,2.137703340769e+01,-2.954632661442e-05,-1.528900042553e-01,2.141046172312e+01,-2.952476086365e-05,2.175815035942e-01,3.342831543061e-02,2.156575076695e-08
"                  74",-3.863671576063e-01,2.160964318967e+01,-3.023955396455e-05,-1.688695022939e-01,2.164354639413e+01,-2.943504017914e-05,2.174976553124e-01,3.390320445688e-02,8.045137854134e-07
"                  75",-3.995011820621e-01,2.186459246053e+01,-3.094668922946e-05,-1.824633525059e-01,2.189895220852e+01,-3.123152420192e-05,2.170378295562e-01,3.435974798587e-02,-2.848349724562e-07
"                  76",-4.144097175570e-01,2.212362431278e+01,-3.175966839743e-05,-1.979954156003e-01,2.215830865697e+01,-3.266917902574e-05,2.164143019568e-01,3.468434418862e-02,-9.095106283090e-07
"                  77",-4.336708149598e-01,2.236081792155e+01,-3.259638557797e-05,-2.177528719852e-01,2.239572276722e+01,-3.633572354874e-05,2.159179429747e-01,3.490484566322e-02,-3.739337970766e-06
"                  78",-4.571190295941e-01,2.251753279321e+01,-3.325798308901e-05,-2.416676276536e-01,2.255256854817e+01,-4.125457624250e-05,2.154514019405e-01,3.503575495954e-02,-7.996593153488e-06
"                  79",-4.816459587712e-01,2.259579019823e+01,-3.364816197958e-05,-2.666379619040e-01,2.263088283192e+01,-4.400139061909e-05,2.150079968672e-01,3.509263368962e-02,-1.035322863951e-05
"                  80",-5.044602265442e-01,2.264019276816e+01,-3.376640741901e-05,-2.898642892949e-01,2.267531745466e+01,-4.577139389361e-05,2.145959372493e-01,3.512468649347e-02,-1.200498647460e-05
"                  81",-5.245557223913e-01,2.267759023531e+01,-3.363051158289e-05,-3.103441742576e-01,2.271273485137e+01,-4.820541980075e-05,2.142115481337e-01,3.514461606414e-02,-1.457490821786e-05
"                  82",-5.430488268836e-01,2.271589434148e+01,-3.329947538133e-05,-3.291352172022e-01,2.275103939059e+01,-4.941367955475e-05,2.139136096814e-01,3.514504911226e-02,-1.611420417342e-05
"                  83",-5.620716559276e-01,2.274150497686e+01,-3.274141089805e-05,-3.482836929327e-01,2.277663026485e+01,-5.076512560573e-05,2.137879629949e-01,3.512528798794e-02,-1.802371470767e-05
"                  84",-5.831270257506e-01,2.274585063385e+01,-3.210500647833e-05,-3.693092009955e-01,2.278093211250e+01,-5.281784210477e-05,2.138178247551e-01,3.508147865093e-02,-2.071283562645e-05
"                  85",-6.058392072627e-01,2.273444769683e+01,-3.155010144334e-05,-3.918287671603e-01,2.276946522231e+01,-5.718441286699e-05,2.140104401024e-01,3.501752548324e-02,-2.563431142365e-05
"                  86",-6.288794330074e-01,2.271646644592e+01,-3.121065851006e-05,-4.145147623268e-01,2.275141179413e+01,-6.062949853455e-05,2.143646706806e-01,3.494534820480e-02,-2.941884002449e-05
"                  87",-6.513811741445e-01,2.270522267095e+01,-3.119978504717e-05,-4.365014748925e-01,2.274009341747e+01,-6.308696519605e-05,2.148796992519e-01,3.487074652285e-02,-3.188718014888e-05
"                  88",-6.726477729789e-01,2.271301902253e+01,-3.146678630129e-05,-4.570876934946e-01,2.274780849487e+01,-6.679131929314e-05,2.155600794843e-01,3.478947233248e-02,-3.532453299185e-05
"                  89",-6.928492896251e-01,2.274171769864e+01,-3.186157661684e-05,-4.765685639439e-01,2.277642742151e+01,-7.157422727651e-05,2.162807256813e-01,3.470972287540e-02,-3.971265065967e-05
"                  90",-7.115401071651e-01,2.278568474049e+01,-3.223901254132e-05,-4.945973340811e-01,2.282032056391e+01,-7.678571893906e-05,2.169427730840e-01,3.463582342031e-02,-4.454670639774e-05
"                  91",-7.280465875514e-01,2.283831527005e+01,-3.250388103945e-05,-5.105108352468e-01,2.287287525962e+01,-7.886275075112e-05,2.175357523046e-01,3.455998956782e-02,-4.635886971167e-05
"                  92",-7.426349786678e-01,2.289501295415e+01,-3.268062137921e-05,-5.245550134796e-01,2.292948497560e+01,-8.135956158369e-05,2.180799651882e-01,3.447202144498e-02,-4.867894020448e-05
"                  93",-7.560133271376e-01,2.295244071253e+01,-3.276393061340e-05,-5.374308274629e-01,2.298682176415e+01,-8.209794985908e-05,2.185824996748e-01,3.438105161567e-02,-4.933401924569e-05
"                  94",-7.686078147700e-01,2.301663018965e+01,-3.278455958987e-05,-5.495136816891e-01,2.305090692104e+01,-8.109743106744e-05,2.190941330809e-01,3.427673139542e-02,-4.831287147758e-05
"                  95",-7.801670219880e-01,2.308847566675e+01,-3.275595357793e-05,-5.605342824476e-01,2.312262768431e+01,-7.780848487943e-05,2.196327395404e-01,3.415201755746e-02,-4.505253130149e-05
"                  96",-7.907657121610e-01,2.316370801190e+01,-3.267160226423e-05,-5.705626892777e-01,2.319771569067e+01,-7.491270582266e-05,2.202030228833e-01,3.400767877076e-02,-4.224110355842e-05
"                  97",-8.006035061461e-01,2.323618078591e+01,-3.253651484996e-05,-5.798091257366e-01,2.327002861967e+01,-7.242941651473e-05,2.207943804095e-01,3.384783376077e-02,-3.989290166477e-05
"                  98",-8.098668930547e-01,2.329900758884e+01,-3.233986782294e-05,-5.884671899146e-01,2.333268394189e+01,-6.746747270852e-05,2.213997031400e-01,3.367635304665e-02,-3.512760488557e-05
"                  99",-8.186185548299e-01,2.334973819824e+01,-3.211522874277e-05,-5.966145453039e-01,2.338323201956e+01,-6.319641734445e-05,2.220040095260e-01,3.349382132383e-02,-3.108118860168e-05
"                 100",-8.269520271649e-01,2.339067584142e+01,-3.188159518249e-05,-6.043855249190e-01,2.342398033776e+01,-5.943874698246e-05,2.225665022459e-01,3.330449633558e-02,-2.755715179997e-05
"                 101",-8.344626555870e-01,2.342641259421e+01,-3.165325503596e-05,-6.114046092238e-01,2.345952870426e+01,-5.333247121384e-05,2.230580463632e-01,3.311611004644e-02,-2.167921617787e-05
"                 102",-8.402551717028e-01,2.346065041626e+01,-3.137661281332e-05,-6.167847286685e-01,2.349358335769e+01,-4.758680178295e-05,2.234704430343e-01,3.293294143175e-02,-1.621018896963e-05
"                 103",-8.439905048771e-01,2.349468073843e+01,-3.106927848090e-05,-6.201368621761e-01,2.352744258505e+01,-4.187125699722e-05,2.238536427010e-01,3.276184661650e-02,-1.080197851633e-05
"                 104",-8.465881886116e-01,2.352835636295e+01,-3.076790047918e-05,-6.223590372864e-01,2.356098025925e+01,-3.664927267413e-05,2.242291513251e-01,3.262389629928e-02,-5.881372194950e-06
"                 105",-8.495527836981e-01,2.356053456230e+01,-3.049068345652e-05,-6.249522624307e-01,2.359308490810e+01,-3.177437685075e-05,2.246005212674e-01,3.255034579956e-02,-1.283693394230e-06
"                 106",-8.540943956097e-01,2.358145724028e+01,-3.020709708724e-05,-6.291196729269e-01,2.361397502955e+01,-2.853495776036e-05,2.249747226828e-01,3.251778927586e-02,1.672139326873e-06
"                 107",-8.603236750550e-01,2.358374559754e+01,-2.987311328222e-05,-6.349595453565e-01,2.361625197644e+01,-2.571970992468e-05,2.253641296986e-01,3.250637889944e-02,4.153403357546e-06
"                 108",-8.676713818099e-01,2.356426915962e+01,-2.946357816358e-05,-6.419023012484e-01,2.359677376693e+01,-2.389139597725e-05,2.257690805615e-01,3.250460731101e-02,5.572182186325e-06
"                 109",-8.754679861432e-01,2.352413731528e+01,-2.900256290336e-05,-6.492811589841e-01,2.355663891431e+01,-2.270183212251e-05,2.261868271591e-01,3.250159903148e-02,6.300730780854e-06
"                 110",-8.829542792727e-01,2.347597091336e+01,-2.847844150356e-05,-6.563266758956e-01,2.350846201562e+01,-2.133688054298e-05,2.266276033771e-01,3.249110226409e-02,7.141560960582e-06
"                 111",-8.895172010167e-01,2.343164754703e+01,-2.787534336958e-05,-6.624267281666e-01,2.346412302251e+01,-2.051760593672e-05,2.270904728501e-01,3.247547547201e-02,7.357737432855e-06
"                 112",-8.953876523779e-01,2.338778990133e+01,-2.716091728247e-05,-6.678088588963e-01,2.342024337348e+01,-1.966143213232e-05,2.275787934816e-01,3.245347215182e-02,7.499485150146e-06
"                 113",-9.015923260945e-01,2.333145620265e+01,-2.633068914064e-05,-6.735012283739e-01,2.336388225274e+01,-1.903094500294e-05,2.280910977206e-01,3.242605008915e-02,7.299744137699e-06
"                 114",-9.081763240958e-01,2.326554697565e+01,-2.550141364629e-05,-6.795427790024e-01,2.329794182098e+01,-1.953757382041e-05,2.286335450934e-01,3.239484533252e-02,5.963839825886e-06
"                 115",-9.144831723308e-01,2.320397347732e+01,-2.462201583163e-05,-6.852907655628e-01,2.323633823365e+01,-2.063761795305e-05,2.291924067680e-01,3.236475633698e-02,3.984397878583e-06
"                 116",-9.200577538993e-01,2.315808264819e+01,-2.377794174491e-05,-6.902893677459e-01,2.319041996571e+01,-1.973726830194e-05,2.297683861534e-01,3.233731752074e-02,4.040673442974e-06
"                 117",-9.255055111291e-01,2.312047554428e+01,-2.299418537113e-05,-6.951396701521e-01,2.315278160906e+01,-1.563788778089e-05,2.303658409770e-01,3.230606477342e-02,7.356297590238e-06
"                 118",-9.311245581380e-01,2.308246946655e+01,-2.219958495524e-05,-7.001351535569e-01,2.311473839963e+01,-8.519929729774e-06,2.309894045811e-01,3.226893308292e-02,1.367965522547e-05
"                 119",-9.369712539485e-01,2.303676676461e+01,-2.137929057557e-05,-7.053134280706e-01,2.306899610786e+01,-2.529728652111e-06,2.316578258780e-01,3.222934324642e-02,1.884956192346e-05
"                 120",-9.435194324411e-01,2.297369909495e+01,-2.047608654083e-05,-7.111408144558e-01,2.300588731994e+01,-3.149463300527e-06,2.323786179853e-01,3.218822499345e-02,1.732662324030e-05
"                 121",-9.522947713563e-01,2.287085888414e+01,-1.958043552223e-05,-7.191359249598e-01,2.290300060577e+01,-1.488429920010e-06,2.331588463965e-01,3.214172162905e-02,1.809200560222e-05
"                 122",-9.630651290861e-01,2.272512405444e+01,-1.874437992535e-05,-7.290320090395e-01,2.275721349199e+01,2.303611667053e-06,2.340331200467e-01,3.208943755459e-02,2.104799159240e-05
"                 123",-9.742573877584e-01,2.255273089705e+01,-1.810936316620e-05,-7.392310127818e-01,2.258475984714e+01,7.012892515138e-06,2.350263749766e-01,3.202895009407e-02,2.512225568134e-05
"                 124",-9.857655263820e-01,2.235587481808e+01,-1.777055889294e-05,-7.496471796113e-01,2.238783315805e+01,1.173553239078e-05,2.361183467707e-01,3.195833997586e-02,2.950609128372e-05
"                 125",-9.972539262989e-01,2.214450975447e+01,-1.776021219494e-05,-7.599859132573e-01,2.217638879744e+01,1.650954473744e-05,2.372680130416e-01,3.187904296199e-02,3.426975693238e-05
"                 126",-1.007413334710e+00,2.194594595114e+01,-1.814222711468e-05,-7.689491493737e-01,2.197772922893e+01,1.778021383438e-05,2.384641853367e-01,3.178327778329e-02,3.592244094906e-05
"                 127",-1.013876430922e+00,2.180320096475e+01,-1.899432789605e-05,-7.742099339510e-01,2.183487751439e+01,2.078692201538e-05,2.396664969710e-01,3.167654964350e-02,3.978124991143e-05
"                 128",-1.016865105677e+00,2.173289270271e+01,-2.029596883059e-05,-7.759901973172e-01,2.176446147592e+01,2.370477629138e-05,2.408749083600e-01,3.156877320910e-02,4.400074512197e-05
"                 129",-1.018957187877e+00,2.172003327526e+01,-2.190392878350e-05,-7.769251194893e-01,2.175150550829e+01,2.620141570190e-05,2.420320683882e-01,3.147223302520e-02,4.810534448540e-05
"                 130",-1.021479974548e+00,2.175578811307e+01,-2.364674026790e-05,-7.784071874616e-01,2.178719805548e+01,2.801289245392e-05,2.430727870869e-01,3.140994240515e-02,5.165963272182e-05
"                 131",-1.023582127269e+00,2.183681133716e+01,-2.528208189598e-05,-7.795910126494e-01,2.186818872673e+01,2.917193726498e-05,2.439911146199e-01,3.137738957260e-02,5.445401916096e-05
"                 132",-1.025591829365e+00,2.193502565927e+01,-2.667076749547e-05,-7.808318865463e-01,2.196637993304e+01,3.384321938474e-05,2.447599428190e-01,3.135427376398e-02,6.051398688021e-05
"                 133",-1.027959714512e+00,2.203126453246e+01,-2.775430194067e-05,-7.826328174456e-01,2.206257331518e+01,4.246874486004e-05,2.453268970665e-01,3.130878271710e-02,7.022304680071e-05
"                 134",-1.029019339943e+00,2.214384685737e+01,-2.849588346764e-05,-7.833280398919e-01,2.217510966642e+01,5.289023319322e-05,2.456913000507e-01,3.126280904646e-02,8.138611666086e-05
"                 135",-1.027950149362e+00,2.227788466097e+01,-2.890601710567e-05,-7.819999748996e-01,2.230912618535e+01,6.008214221782e-05,2.459501744626e-01,3.124152438630e-02,8.898815932349e-05
"                 136",-1.025580855334e+00,2.241825822671e+01,-2.906133622986e-05,-7.794085201035e-01,2.244949320478e+01,6.366524799356e-05,2.461723352308e-01,3.123497806312e-02,9.272658422342e-05
"                 137",-1.023133392191e+00,2.254146928878e+01,-2.913063099639e-05,-7.766942856582e-01,2.257269052465e+01,6.448744440932e-05,2.464391065327e-01,3.122123586732e-02,9.361807540571e-05
"                 138",-1.021528929533e+00,2.262928537874e+01,-2.923696562589e-05,-7.747342844061e-01,2.266047445758e+01,6.299819606138e-05,2.467946451272e-01,3.118907883849e-02,9.223516168727e-05
"                 139",-1.021081405206e+00,2.268148948512e+01,-2.939873962705e-05,-7.738684696885e-01,2.271263035847e+01,5.993064473152e-05,2.472129355176e-01,3.114087335033e-02,8.932938435858e-05
"                 140",-1.021369501131e+00,2.271505330224e+01,-2.954814662284e-05,-7.736992684800e-01,2.274614355323e+01,5.675453009972e-05,2.476702326511e-01,3.109025098442e-02,8.630267672256e-05
"                 141",-1.021799089403e+00,2.274463307085e+01,-2.964901243761e-05,-7.736463944779e-01,2.277567101700e+01,5.487485820800e-05,2.481526949247e-01,3.103794614632e-02,8.452387064561e-05
"                 142",-1.022106325535e+00,2.277445917430e+01,-2.970894187959e-05,-7.734601734887e-01,2.280544323728e+01,5.303602895614e-05,2.486461520463e-01,3.098406297256e-02,8.274497083573e-05
"                 143",-1.022232136706e+00,2.280675657776e+01,-2.976466810308e-05,-7.730982380228e-01,2.283768740721e+01,5.021152385811e-05,2.491338986834e-01,3.093082945771e-02,7.997619196119e-05
"                 144",-1.022177491413e+00,2.284431925840e+01,-2.984897889166e-05,-7.725720452409e-01,2.287519757282e+01,4.627434299954e-05,2.496054461722e-01,3.087831442519e-02,7.612332189120e-05
"                 145",-1.021908712065e+00,2.289122960704e+01,-2.999663201879e-05,-7.718545195504e-01,2.292205604609e+01,4.258439181476e-05,2.500541925149e-01,3.082643904779e-02,7.258102383355e-05
"                 146",-1.021434270881e+00,2.294840383666e+01,-3.021133398620e-05,-7.709577893188e-01,2.297918185095e+01,3.917321197755e-05,2.504764815626e-01,3.077801428140e-02,6.938454596375e-05
"                 147",-1.020857212767e+00,2.301230658664e+01,-3.045576281294e-05,-7.699851801931e-01,2.304304189942e+01,3.662246553593e-05,2.508720325736e-01,3.073531278426e-02,6.707822834887e-05
"                 148",-1.020346345215e+00,2.307793771925e+01,-3.069720917514e-05,-7.691025187950e-01,2.310863463660e+01,3.484656307267e-05,2.512438264202e-01,3.069691735049e-02,6.554377224781e-05
"                 149",-1.020008914815e+00,2.314074784007e+01,-3.091914409874e-05,-7.684106835888e-01,2.317140759530e+01,3.353758511448e-05,2.515982312266e-01,3.065975523158e-02,6.445672921322e-05
"                 150",-1.019848468103e+00,2.319863031165e+01,-3.112387818641e-05,-7.679081331984e-01,2.322925214537e+01,3.237599405439e-05,2.519403349048e-01,3.062183371283e-02,6.349987224080e-05
"                 151",-1.019813233074e+00,2.325172212687e+01,-3.131710977759e-05,-7.675395797562e-01,2.328230222494e+01,3.137525580807e-05,2.522736533176e-01,3.058009806528e-02,6.269236558566e-05
"                 152",-1.019919915618e+00,2.330078623420e+01,-3.149657915902e-05,-7.673220651289e-01,2.333132000822e+01,3.067424113693e-05,2.525978504890e-01,3.053377402183e-02,6.217082029595e-05
"                 153",-1.020178070671e+00,2.334647095987e+01,-3.165013427250e-05,-7.672671531223e-01,2.337695310674e+01,3.029862413485e-05,2.529109175489e-01,3.048214687002e-02,6.194875840735e-05
"                 154",-1.020558602576e+00,2.338943930190e+01,-3.177829477424e-05,-7.673494178172e-01,2.341986569644e+01,3.022494984519e-05,2.532091847584e-01,3.042639454230e-02,6.200324461943e-05
"                 155",-1.021008623003e+00,2.342992831960e+01,-3.187966671910e-05,-7.675187613551e-01,2.346029647122e+01,3.032003086782e-05,2.534898616481e-01,3.036815162220e-02,6.219969758692e-05
"                 156",-1.021512653255e+00,2.346872551641e+01,-3.195251637325e-05,-7.677615545374e-01,2.349903671022e+01,3.077547619677e-05,2.537510987179e-01,3.031119381029e-02,6.272799257002e-05
"                 157",-1.022061698511e+00,2.350679166053e+01,-3.199958539798e-05,-7.680690974123e-01,2.353704867068e+01,3.154115564283e-05,2.539926010986e-01,3.025701015493e-02,6.354074104082e-05
"                 158",-1.022607726977e+00,2.354472102038e+01,-3.203094084960e-05,-7.683921347709e-01,2.357492666451e+01,3.227170254170e-05,2.542155922062e-01,3.020564413218e-02,6.430264339130e-05
"                 159",-1.023143903051e+00,2.358290366701e+01,-3.207399526934e-05,-7.687210790944e-01,2.361305861492e+01,3.238886907806e-05,2.544228239567e-01,3.015494791876e-02,6.446286434740e-05
"                 160",-1.023706007441e+00,2.362146173063e+01,-3.216035499385e-05,-7.690913079217e-01,2.365156347288e+01,3.172256194761e-05,2.546146995190e-01,3.010174224851e-02,6.388291694146e-05
"                 161",-1.024309055712e+00,2.366021027757e+01,-3.229383768710e-05,-7.695181027974e-01,2.369025478493e+01,3.032611058208e-05,2.547909529141e-01,3.004450735565e-02,6.261994826917e-05
"                 162",-1.024946125571e+00,2.369854056636e+01,-3.244902480321e-05,-7.699947051719e-01,2.372852597957e+01,2.862085339953e-05,2.549514203987e-01,2.998541321102e-02,6.106987820274e-05
"                 163",-1.025590825481e+00,2.373570843565e+01,-3.259544094473e-05,-7.704955772067e-01,2.376563624616e+01,2.704177595240e-05,2.550952482741e-01,2.992781051278e-02,5.963721689713e-05
"                 164",-1.026240354341e+00,2.377148615925e+01,-3.271858308428e-05,-7.710190854152e-01,2.380135902565e+01,2.579227494489e-05,2.552212689258e-01,2.987286640540e-02,5.851085802917e-05
"                 165",-1.026891249159e+00,2.380617379567e+01,-3.281825025316e-05,-7.715621600609e-01,2.383599350934e+01,2.486426043206e-05,2.553290890980e-01,2.981971367422e-02,5.768251068522e-05
"                 166",-1.027567465207e+00,2.383992347334e+01,-3.290035051539e-05,-7.721452885521e-01,2.386969128671e+01,2.430516228107e-05,2.554221766548e-01,2.976781336702e-02,5.720551279646e-05
"                 167",-1.028266911928e+00,2.387220480947e+01,-3.297605906861e-05,-7.727636191636e-01,2.390192014601e+01,2.413393077047e-05,2.555032927640e-01,2.971533654025e-02,5.710998983908e-05
"                 168",-1.028935591694e+00,2.390338211367e+01,-3.305862374887e-05,-7.733628787575e-01,2.393304313970e+01,2.421988607696e-05,2.555727129361e-01,2.966102602567e-02,5.727850982583e-05
"                 169",-1.029543332906e+00,2.393391597118e+01,-3.315471606323e-05,-7.739140732473e-01,2.396352186244e+01,2.419836045056e-05,2.556292596587e-01,2.960589125961e-02,5.735307651379e-05
"                 170",-1.030073041899e+00,2.396371248551e+01,-3.326280242824e-05,-7.744006183952e-01,2.399326360180e+01,2.363535648061e-05,2.556724235037e-01,2.955111628567e-02,5.689815890885e-05
"                 171",-1.030597503532e+00,2.399271286983e+01,-3.337779810930e-05,-7.748925838108e-01,2.402221390002e+01,2.254209484595e-05,2.557049197212e-01,2.950103019180e-02,5.591989295525e-05
"                 172",-1.031205081641e+00,2.402135270309e+01,-3.349460247479e-05,-7.754766620003e-01,2.405080839624e+01,2.127051807924e-05,2.557284196405e-01,2.945569315197e-02,5.476512055403e-05
"                 173",-1.031905251316e+00,2.404960301598e+01,-3.360578994023e-05,-7.761630010683e-01,2.407901700569e+01,2.012541936698e-05,2.557422502474e-01,2.941398970842e-02,5.373120930721e-05
"                 174",-1.032655442365e+00,2.407763424930e+01,-3.370699321087e-05,-7.769094325611e-01,2.410701241737e+01,1.923917951416e-05,2.557460098037e-01,2.937816807219e-02,5.294617272503e-05
"                 175",-1.033399970828e+00,2.410533095315e+01,-3.379870190376e-05,-7.776598508631e-01,2.413467762833e+01,1.849510127518e-05,2.557401199652e-01,2.934667517872e-02,5.229380317894e-05
"                 176",-1.034100629783e+00,2.413215452740e+01,-3.388401518573e-05,-7.783740566086e-01,2.416146873817e+01,1.789456262467e-05,2.557265731742e-01,2.931421076557e-02,5.177857781040e-05
"                 177",-1.034748150036e+00,2.415789549888e+01,-3.396305908009e-05,-7.790432660655e-01,2.418717627795e+01,1.741493449849e-05,2.557048839702e-01,2.928077906976e-02,5.137799357858e-05
"                 178",-1.035376151353e+00,2.418270558366e+01,-3.403273451079e-05,-7.796995243447e-01,2.421195390226e+01,1.684305618077e-05,2.556766270087e-01,2.924831859918e-02,5.087579069156e-05
"                 179",-1.036037555185e+00,2.420703789826e+01,-3.409074271155e-05,-7.803943756109e-01,2.423625575363e+01,1.612909397641e-05,2.556431795739e-01,2.921785537152e-02,5.021983668796e-05
"                 180",-1.036721530855e+00,2.423088581284e+01,-3.414535337597e-05,-7.811165696347e-01,2.426007535973e+01,1.530533648456e-05,2.556049612200e-01,2.918954688812e-02,4.945068986053e-05
"                 181",-1.037363958756e+00,2.425429984281e+01,-3.421070795401e-05,-7.818014019918e-01,2.428346321132e+01,1.448534540103e-05,2.555625567640e-01,2.916336850197e-02,4.869605335504e-05
"                 182",-1.037954879471e+00,2.427727870362e+01,-3.429158720659e-05,-7.824380983968e-01,2.430641700755e+01,1.364963589091e-05,2.555167810742e-01,2.913830392738e-02,4.794122309750e-05
"                 183",-1.038518219833e+00,2.429967296103e+01,-3.437575933725e-05,-7.830508403577e-01,2.432878693377e+01,1.287389926188e-05,2.554673794753e-01,2.911397273529e-02,4.724965859912e-05
"                 184",-1.039101778851e+00,2.432151905197e+01,-3.444738396747e-05,-7.836870562505e-01,2.435060938887e+01,1.220097340525e-05,2.554147226006e-01,2.909033689714e-02,4.664835737272e-05
"                 185",-1.039735250281e+00,2.434307063420e+01,-3.449770676525e-05,-7.843761706421e-01,2.437213869157e+01,1.148587038454e-05,2.553590796394e-01,2.906805737341e-02,4.598357714978e-05
"                 186",-1.040383844836e+00,2.436433238063e+01,-3.453107670614e-05,-7.850842696836e-01,2.439338005390e+01,1.058521703979e-05,2.552995751520e-01,2.904767327732e-02,4.511629374593e-05
"                 187",-1.040976331077e+00,2.438488763007e+01,-3.455780689321e-05,-7.857414734739e-01,2.441391480930e+01,9.575737878535e-06,2.552348576031e-01,2.902717923181e-02,4.413354477174e-05
"                 188",-1.041511594826e+00,2.440486525347e+01,-3.458839279486e-05,-7.863453799072e-01,2.443387299286e+01,8.637902281719e-06,2.551662149185e-01,2.900773939132e-02,4.322629507658e-05
"                 189",-1.042007919637e+00,2.442382543508e+01,-3.462782899654e-05,-7.869122980014e-01,2.445281833243e+01,7.841932237619e-06,2.550956216361e-01,2.899289735245e-02,4.246976123416e-05
"                 190",-1.042465447850e+00,2.444159841689e+01,-3.467670409456e-05,-7.874424757572e-01,2.447057902458e+01,7.334845694746e-06,2.550229720931e-01,2.898060769012e-02,4.201154978930e-05
"                 191",-1.042887759225e+00,2.445876517632e+01,-3.472987132976e-05,-7.879407420960e-01,2.448773229616e+01,7.544359030919e-06,2.549470171287e-01,2.896711984381e-02,4.227423036068e-05
"                 192",-1.043305296970e+00,2.447591335688e+01,-3.478426453123e-05,-7.884367617335e-01,2.450486226304e+01,8.483289242406e-06,2.548685352365e-01,2.894890615845e-02,4.326755377364e-05
"                 193",-1.043741434834e+00,2.449294004851e+01,-3.483619792838e-05,-7.889533531912e-01,2.452186697350e+01,9.800739672166e-06,2.547880816428e-01,2.892692498770e-02,4.463693760055e-05
"                 194",-1.044232435712e+00,2.451011139593e+01,-3.488684820448e-05,-7.895254023018e-01,2.453901404988e+01,1.120677073747e-05,2.547070334103e-01,2.890265394544e-02,4.609361894194e-05
"                 195",-1.044776456625e+00,2.452734417259e+01,-3.493434247485e-05,-7.901487019494e-01,2.455622138033e+01,1.272473698736e-05,2.546277546756e-01,2.887720773295e-02,4.765907946221e-05
"                 196",-1.045334893321e+00,2.454444766267e+01,-3.497752050352e-05,-7.907846211167e-01,2.457329915157e+01,1.414342301649e-05,2.545502722038e-01,2.885148889071e-02,4.912094352001e-05
"                 197",-1.045842238240e+00,2.456112358721e+01,-3.501755545292e-05,-7.913692313460e-01,2.458994916002e+01,1.534143548789e-05,2.544730068944e-01,2.882557280636e-02,5.035899094081e-05
"                 198",-1.046277657339e+00,2.457730893823e+01,-3.505665180305e-05,-7.918822393771e-01,2.460610739540e+01,1.641875724158e-05,2.543954179622e-01,2.879845716991e-02,5.147540904462e-05
"                 199",-1.046695037035e+00,2.459320181468e+01,-3.509575775520e-05,-7.923756357445e-01,2.462197395349e+01,1.761024469113e-05,2.543194012908e-01,2.877213881120e-02,5.270600244632e-05
"                 200",-1.047152765473e+00,2.460905459445e+01,-3.513248265759e-05,-7.929055104520e-01,2.463780158737e+01,1.919040406149e-05,2.542472550213e-01,2.874699292425e-02,5.432288671908e-05
"                 201",-1.047637558553e+00,2.462468880932e+01,-3.516678397858e-05,-7.934568802558e-01,2.465341017275e+01,2.092448660463e-05,2.541806782975e-01,2.872136343319e-02,5.609127058320e-05
"                 202",-1.048121664417e+00,2.463990600291e+01,-3.519828282342e-05,-7.940012679879e-01,2.466860273074e+01,2.261199197930e-05,2.541203964295e-01,2.869672782453e-02,5.781027480272e-05
"                 203",-1.048559399171e+00,2.465456041365e+01,-3.522729501047e-05,-7.944939722019e-01,2.468323299884e+01,2.412744721077e-05,2.540654269691e-01,2.867258518499e-02,5.935474222124e-05
"                 204",-1.048944388919e+00,2.466863792225e+01,-3.525497829307e-05,-7.949288830215e-01,2.469728565606e+01,2.534520666394e-05,2.540155058976e-01,2.864773381414e-02,6.060018495701e-05
"                 205",-1.049328483113e+00,2.468243329834e+01,-3.528394707105e-05,-7.953580552544e-01,2.471105608923e+01,2.622539805084e-05,2.539704278584e-01,2.862279088140e-02,6.150934512189e-05
"                 206",-1.049744922056e+00,2.469617276651e+01,-3.531570764981e-05,-7.958141281142e-01,2.472477109398e+01,2.689846905077e-05,2.539307939421e-01,2.859832747519e-02,6.221417670058e-05
"                 207",-1.050199633786e+00,2.470992025888e+01,-3.534886446627e-05,-7.963018926303e-01,2.473849519993e+01,2.741637925935e-05,2.538977411555e-01,2.857494104248e-02,6.276524372562e-05
"                 208",-1.050649738574e+00,2.472349343247e+01,-3.537963643015e-05,-7.967782367540e-01,2.475204562785e+01,2.776861810003e-05,2.538715018203e-01,2.855219538021e-02,6.314825453017e-05
"                 209",-1.051102688670e+00,2.473713490481e+01,-3.540434064079e-05,-7.972502486107e-01,2.476566641744e+01,2.784101008644e-05,2.538524400593e-01,2.853151263674e-02,6.324535072723e-05
"                 210",-1.051572080195e+00,2.475098772999e+01,-3.542247522661e-05,-7.977317455963e-01,2.477950111001e+01,2.776328028232e-05,2.538403345984e-01,2.851338002154e-02,6.318575550892e-05
"                 211",-1.052036286908e+00,2.476477993080e+01,-3.543589712146e-05,-7.982021631126e-01,2.479327592380e+01,2.775884235181e-05,2.538341237957e-01,2.849599299450e-02,6.319473947327e-05
"                 212",-1.052454332696e+00,2.477796237974e+01,-3.544874355946e-05,-7.986224659863e-01,2.480644226478e+01,2.776084770255e-05,2.538318667096e-01,2.847988504044e-02,6.320959126202e-05
"                 213",-1.052823557045e+00,2.479030826942e+01,-3.546483765680e-05,-7.989903414064e-01,2.481877275323e+01,2.767743376818e-05,2.538332156381e-01,2.846448380918e-02,6.314227142499e-05
"                 214",-1.053179181347e+00,2.480212631200e+01,-3.548412487848e-05,-7.993407264887e-01,2.483057442052e+01,2.749309244462e-05,2.538384548582e-01,2.844810852828e-02,6.297721732310e-05
"                 215",-1.053571607674e+00,2.481407460267e+01,-3.550394524330e-05,-7.997240675447e-01,2.484250616042e+01,2.730106710567e-05,2.538475401297e-01,2.843155774702e-02,6.280501234897e-05
"                 216",-1.054000378148e+00,2.482629304391e+01,-3.552209895825e-05,-8.001395189053e-01,2.485470862331e+01,2.715923714425e-05,2.538608592429e-01,2.841557939998e-02,6.268133610250e-05
"                 217",-1.054448806661e+00,2.483857183654e+01,-3.553713163532e-05,-8.005700966457e-01,2.486697287434e+01,2.702166283995e-05,2.538787100153e-01,2.840103779861e-02,6.255879447527e-05
"                 218",-1.054896004505e+00,2.485063587819e+01,-3.554834125723e-05,-8.009948019486e-01,2.487902314314e+01,2.696501510940e-05,2.539012025565e-01,2.838726495520e-02,6.251335636663e-05
"                 219",-1.055320113386e+00,2.486233992101e+01,-3.555529610461e-05,-8.013918164360e-01,2.489071357493e+01,2.697694508941e-05,2.539282969495e-01,2.837365391329e-02,6.253224119402e-05
"                 220",-1.055734254189e+00,2.487386465309e+01,-3.555805006880e-05,-8.017745552310e-01,2.490222404183e+01,2.684445366105e-05,2.539596989578e-01,2.835938874273e-02,6.240250372985e-05
"                 221",-1.056166460192e+00,2.488548930122e+01,-3.555765322908e-05,-8.021706906734e-01,2.491383344486e+01,2.647610624202e-05,2.539957695187e-01,2.834414363594e-02,6.203375947110e-05
"                 222",-1.056615081655e+00,2.489714332359e+01,-3.555596215085e-05,-8.025767674485e-01,2.492547184293e+01,2.597699595029e-05,2.540383142067e-01,2.832851933761e-02,6.153295810113e-05
"                 223",-1.057072640644e+00,2.490872478855e+01,-3.555407254209e-05,-8.029853717970e-01,2.493703868477e+01,2.553129904520e-05,2.540872688470e-01,2.831389622031e-02,6.108537158729e-05
"                 224",-1.057537344605e+00,2.492027255586e+01,-3.555154602302e-05,-8.033950651713e-01,2.494857285636e+01,2.514163077153e-05,2.541422794333e-01,2.830030049590e-02,6.069317679455e-05
"                 225",-1.057985849317e+00,2.493166332804e+01,-3.554716619586e-05,-8.037828980770e-01,2.495995009179e+01,2.465772375540e-05,2.542029512397e-01,2.828676375114e-02,6.020488995127e-05
"                 226",-1.058422709523e+00,2.494285791688e+01,-3.554013997147e-05,-8.041527963704e-01,2.497113198710e+01,2.403027304330e-05,2.542699131529e-01,2.827407022124e-02,5.957041301477e-05
"                 227",-1.058871301447e+00,2.495390344575e+01,-3.553302621094e-05,-8.045275318909e-01,2.498216632765e+01,2.319928780517e-05,2.543437695564e-01,2.826288189530e-02,5.873231401611e-05
"                 228",-1.059331820996e+00,2.496475858847e+01,-3.552690749671e-05,-8.049071802338e-01,2.499301183345e+01,2.217086583689e-05,2.544246407617e-01,2.825324497760e-02,5.769777333360e-05
"                 229",-1.059789924971e+00,2.497547926231e+01,-3.552065734501e-05,-8.052773391426e-01,2.500372429796e+01,2.100179949531e-05,2.545125858282e-01,2.824503565322e-02,5.652245684031e-05
"                 230",-1.060233338382e+00,2.498608703551e+01,-3.551261083179e-05,-8.056260211673e-01,2.501432506743e+01,1.972388643823e-05,2.546073172144e-01,2.823803192550e-02,5.523649727002e-05
"                 231",-1.060653736945e+00,2.499653671319e+01,-3.550295225638e-05,-8.059450391163e-01,2.502476853310e+01,1.834532983318e-05,2.547086978291e-01,2.823181991398e-02,5.384828208955e-05
"                 232",-1.061050282912e+00,2.500668519780e+01,-3.549390227618e-05,-8.062336178170e-01,2.503490958594e+01,1.685487675441e-05,2.548166650953e-01,2.822438813564e-02,5.234877903058e-05
"                 233",-1.061405034036e+00,2.501636644561e+01,-3.548462799174e-05,-8.064744618771e-01,2.504458082240e+01,1.534802652731e-05,2.549305721593e-01,2.821437678429e-02,5.083265451906e-05
"                 234",-1.061735759142e+00,2.502583068491e+01,-3.547379833984e-05,-8.066856063589e-01,2.505403438126e+01,1.387131274449e-05,2.550501527834e-01,2.820369635399e-02,4.934511108433e-05
"                 235",-1.062067212377e+00,2.503533395229e+01,-3.546077257910e-05,-8.068914409623e-01,2.506352625713e+01,1.234816660520e-05,2.551757714146e-01,2.819230484072e-02,4.780893918430e-05
"                 236",-1.062391239901e+00,2.504478293642e+01,-3.544760865192e-05,-8.070828214785e-01,2.507296101268e+01,1.070416753644e-05,2.553084184227e-01,2.817807626601e-02,4.615177618836e-05
"                 237",-1.062698907962e+00,2.505397240365e+01,-3.543586927659e-05,-8.072483212102e-01,2.508213448147e+01,8.922140530820e-06,2.554505867517e-01,2.816207781958e-02,4.435800980741e-05
"                 238",-1.063004026598e+00,2.506286481431e+01,-3.542801397400e-05,-8.074003960427e-01,2.509101217056e+01,7.105842194327e-06,2.556036305553e-01,2.814735625254e-02,4.253385616832e-05
"                 239",-1.063332960137e+00,2.507171793052e+01,-3.542471967185e-05,-8.075643314895e-01,2.509985237064e+01,5.292557667071e-06,2.557686286471e-01,2.813444011881e-02,4.071727733892e-05
"                 240",-1.063695968944e+00,2.508075122290e+01,-3.542454671492e-05,-8.077498698269e-01,2.510887301809e+01,3.540225019046e-06,2.559460991173e-01,2.812179518391e-02,3.896477173397e-05
"                 241",-1.064062289148e+00,2.508962123930e+01,-3.542426087070e-05,-8.079248714396e-01,2.511772910148e+01,1.838415484970e-06,2.561374177079e-01,2.810786217757e-02,3.726267635567e-05
"                 242",-1.064421179134e+00,2.509810045043e+01,-3.542323479648e-05,-8.080746979578e-01,2.512619400153e+01,2.996555122811e-07,2.563464811760e-01,2.809355109212e-02,3.572289030876e-05
"                 243",-1.064786281376e+00,2.510634646568e+01,-3.542156318671e-05,-8.082108213786e-01,2.513442648718e+01,-1.092232745279e-06,2.565754599972e-01,2.808002149982e-02,3.432933044143e-05
"                 244",-1.065168252386e+00,2.511465095734e+01,-3.541682470954e-05,-8.083435895051e-01,2.514272014160e+01,-2.425598634987e-06,2.568246628805e-01,2.806918426453e-02,3.299122607455e-05
"                 245",-1.065558777638e+00,2.512310468136e+01,-3.540857245054e-05,-8.084635819895e-01,2.515116688050e+01,-3.697984110954e-06,2.570951956487e-01,2.806219913915e-02,3.171058833959e-05
"                 246",-1.065951953861e+00,2.513166673915e+01,-3.540174588666e-05,-8.085639343517e-01,2.515972620998e+01,-4.894546770397e-06,2.573880195097e-01,2.805947083486e-02,3.050719911626e-05
"                 247",-1.066357497632e+00,2.514032841273e+01,-3.539359983357e-05,-8.086523813212e-01,2.516839079035e+01,-6.052526763501e-06,2.577051163112e-01,2.806237761664e-02,2.934107307007e-05
"                 248",-1.066775247081e+00,2.514899960322e+01,-3.538315592530e-05,-8.087279360507e-01,2.517707100737e+01,-7.300943106545e-06,2.580473110304e-01,2.807140414615e-02,2.808221281876e-05
"                 249",-1.067192214380e+00,2.515759421446e+01,-3.538115791460e-05,-8.087786252481e-01,2.518567680847e+01,-8.738378490491e-06,2.584135891321e-01,2.808259400519e-02,2.664277942411e-05
"                 250",-1.067637413755e+00,2.516632450807e+01,-3.539779850555e-05,-8.088332161968e-01,2.519441892855e+01,-1.023866485161e-05,2.588041975583e-01,2.809442048398e-02,2.515913365394e-05
"                 251",-1.068104299661e+00,2.517514373920e+01,-3.542706463365e-05,-8.088850195525e-01,2.520325072340e+01,-1.155568509086e-05,2.592192801081e-01,2.810698419211e-02,2.387137954279e-05
"                 252",-1.068564783930e+00,2.518382397039e+01,-3.544935670022e-05,-8.089056694866e-01,2.521194440446e+01,-1.266532784877e-05,2.596591144436e-01,2.812043407315e-02,2.278402885145e-05
"                 253",-1.069009989235e+00,2.519232895550e+01,-3.544788205150e-05,-8.088864434237e-01,2.522046355633e+01,-1.379855464161e-05,2.601235458113e-01,2.813460083395e-02,2.164932740990e-05
"                 254",-1.069438211310e+00,2.520063700664e+01,-3.542770501666e-05,-8.088262141923e-01,2.522878770622e+01,-1.528063611776e-05,2.606119971173e-01,2.815069957419e-02,2.014706889890e-05
"                 255",-1.069832457932e+00,2.520871215105e+01,-3.540523216690e-05,-8.087080538901e-01,2.523688289512e+01,-1.719295998599e-05,2.611244040418e-01,2.817074407075e-02,1.821227218091e-05
"                 256",-1.070177360982e+00,2.521668396259e+01,-3.539617515898e-05,-8.085176187522e-01,2.524487843733e+01,-1.928042727573e-05,2.616597422295e-01,2.819447474902e-02,1.611574788324e-05
"                 257",-1.070482437047e+00,2.522477258287e+01,-3.540187145367e-05,-8.082648007919e-01,2.525299335653e+01,-2.109527755081e-05,2.622176362547e-01,2.822077365923e-02,1.430659390286e-05
"                 258",-1.070764307664e+00,2.523244914203e+01,-3.541424212474e-05,-8.079637857923e-01,2.526069706705e+01,-2.241713403185e-05,2.628005218716e-01,2.824792502164e-02,1.299710809288e-05
"                 259",-1.071034635223e+00,2.523976724847e+01,-3.542326388080e-05,-8.076273938475e-01,2.526804473767e+01,-2.324060913317e-05,2.634072413758e-01,2.827748920588e-02,1.218265474763e-05
"                 260",-1.071286925064e+00,2.524689339028e+01,-3.542615446768e-05,-8.072511027099e-01,2.527520397250e+01,-2.372919286883e-05,2.640358223545e-01,2.831058221728e-02,1.169696159885e-05
"                 261",-1.071490622548e+00,2.525372918390e+01,-3.542676451027e-05,-8.068064458495e-01,2.528207512820e+01,-2.405467961912e-05,2.646841766985e-01,2.834594430679e-02,1.137208489115e-05
"                 262",-1.071655429908e+00,2.526029682200e+01,-3.542941618102e-05,-8.063042008504e-01,2.528868090431e+01,-2.425306826653e-05,2.653512290574e-01,2.838408230564e-02,1.117634791450e-05
"                 263",-1.071784777563e+00,2.526658654591e+01,-3.543132186479e-05,-8.057488274053e-01,2.529500982698e+01,-2.431974451050e-05,2.660359501575e-01,2.842328107489e-02,1.111157735429e-05
"                 264",-1.071892884961e+00,2.527278845196e+01,-3.542645367500e-05,-8.051560216055e-01,2.530125067546e+01,-2.432909180965e-05,2.667368633555e-01,2.846222349924e-02,1.109736186534e-05
"                 265",-1.071990361994e+00,2.527912441620e+01,-3.541718582492e-05,-8.045389468170e-01,2.530762362431e+01,-2.440675788632e-05,2.674514151773e-01,2.849920811796e-02,1.101042793861e-05
"                 266",-1.072087600763e+00,2.528523688021e+01,-3.541574519472e-05,-8.039053220936e-01,2.531377144557e+01,-2.456613487869e-05,2.681822786691e-01,2.853456535613e-02,1.084961031603e-05
"                 267",-1.072179963158e+00,2.529124166865e+01,-3.542542969916e-05,-8.032523308173e-01,2.531981078649e+01,-2.465301958196e-05,2.689276323410e-01,2.856911784873e-02,1.077241011720e-05
"                 268",-1.072244688787e+00,2.529723309656e+01,-3.544158519155e-05,-8.025592912924e-01,2.532583674769e+01,-2.451405141731e-05,2.696853974946e-01,2.860365112777e-02,1.092753377424e-05
"                 269",-1.072254921957e+00,2.530301497309e+01,-3.545727464562e-05,-8.018002090434e-01,2.533165339420e+01,-2.410962213697e-05,2.704547129133e-01,2.863842111473e-02,1.134765250865e-05
"                 270",-1.072229686290e+00,2.530860015167e+01,-3.547358877942e-05,-8.009945524540e-01,2.533727430237e+01,-2.353965597434e-05,2.712351338359e-01,2.867415069790e-02,1.193393280508e-05
"                 271",-1.072206017503e+00,2.531417109746e+01,-3.548830702377e-05,-8.001800469310e-01,2.534288162276e+01,-2.292824123318e-05,2.720259705716e-01,2.871052529858e-02,1.256006579058e-05
"                 272",-1.072216975657e+00,2.532005962626e+01,-3.549979408941e-05,-7.993903113509e-01,2.534880561845e+01,-2.232198972702e-05,2.728266643058e-01,2.874599219226e-02,1.317780436239e-05
"                 273",-1.072244389510e+00,2.532619442487e+01,-3.551092536387e-05,-7.986079456508e-01,2.535497403556e+01,-2.172990521315e-05,2.736364438597e-01,2.877961069055e-02,1.378102015072e-05
"                 274",-1.072266287166e+00,2.533220825271e+01,-3.552575041465e-05,-7.978099489753e-01,2.536102036229e+01,-2.096442409664e-05,2.744563381909e-01,2.881210958129e-02,1.456132631801e-05
"                 275",-1.072268727403e+00,2.533798024824e+01,-3.554221529605e-05,-7.969830724907e-01,2.536682410581e+01,-1.992073737661e-05,2.752856549121e-01,2.884385756668e-02,1.562147791944e-05
"                 276",-1.072243369111e+00,2.534361350955e+01,-3.555739088281e-05,-7.961191532366e-01,2.537248826543e+01,-1.860410816033e-05,2.761242158745e-01,2.887475587973e-02,1.695328272248e-05
"                 277",-1.072183158856e+00,2.534912407732e+01,-3.557248642610e-05,-7.952117038168e-01,2.537802872313e+01,-1.711723066814e-05,2.769714550390e-01,2.890464581282e-02,1.845525575796e-05
"                 278",-1.072087407198e+00,2.535435469082e+01,-3.559171282488e-05,-7.942595512653e-01,2.538328738074e+01,-1.555913993028e-05,2.778278559328e-01,2.893268992791e-02,2.003257289461e-05
"                 279",-1.071952242290e+00,2.535932935744e+01,-3.561819522029e-05,-7.932628716028e-01,2.538828685160e+01,-1.396619260659e-05,2.786893706871e-01,2.895749416153e-02,2.165200261369e-05
"                 280",-1.071795972185e+00,2.536416001156e+01,-3.565082348404e-05,-7.922401857418e-01,2.539314090552e+01,-1.236194450898e-05,2.795557864428e-01,2.898089395980e-02,2.328887897506e-05
"                 281",-1.071632212499e+00,2.536896640240e+01,-3.568333399305e-05,-7.912047768786e-01,2.539797178610e+01,-1.070979787439e-05,2.804274356200e-01,2.900538370326e-02,2.497353611867e-05
"                 282",-1.071455493114e+00,2.537372732953e+01,-3.570913929435e-05,-7.901506173671e-01,2.540275899498e+01,-9.004898538432e-06,2.813048757473e-01,2.903166544954e-02,2.670424075592e-05
"                 283",-1.071243931186e+00,2.537819796109e+01,-3.572655120573e-05,-7.890542676131e-01,2.540725742102e+01,-7.299631665292e-06,2.821896635731e-01,2.905945993818e-02,2.842691954043e-05
"                 284",-1.071004440481e+00,2.538231105105e+01,-3.573867473743e-05,-7.879210845634e-01,2.541140022720e+01,-5.596518379019e-06,2.830833559180e-01,2.908917615620e-02,3.014215635841e-05
"                 285",-1.070754567826e+00,2.538616077479e+01,-3.575138146496e-05,-7.867672829061e-01,2.541528207759e+01,-3.900679864619e-06,2.839872849202e-01,2.912130279725e-02,3.185070160034e-05
"                 286",-1.070496647801e+00,2.538980021777e+01,-3.576752965083e-05,-7.855938407821e-01,2.541895650362e+01,-2.194439316209e-06,2.849028070191e-01,2.915628585223e-02,3.357309033462e-05
"                 287",-1.070223333115e+00,2.539327129038e+01,-3.578607772780e-05,-7.843950492615e-01,2.542246492589e+01,-4.919795370751e-07,2.858282838534e-01,2.919363550551e-02,3.529409819073e-05
"                 288",-1.069931286356e+00,2.539656003422e+01,-3.580459783775e-05,-7.831684288850e-01,2.542579218776e+01,1.156406317511e-06,2.867628574713e-01,2.923215353785e-02,3.696100415526e-05
"                 289",-1.069613951623e+00,2.539952981661e+01,-3.582054422898e-05,-7.819070612812e-01,2.542880147256e+01,2.730160830403e-06,2.877068903422e-01,2.927165594723e-02,3.855070505939e-05
"                 290",-1.069286869562e+00,2.540222872323e+01,-3.583303332246e-05,-7.806277532858e-01,2.543154061514e+01,4.276871336436e-06,2.886591162763e-01,2.931189191033e-02,4.010990465889e-05
"                 291",-1.068956398438e+00,2.540472984119e+01,-3.584324622175e-05,-7.793371828589e-01,2.543408172816e+01,5.807177073300e-06,2.896192155791e-01,2.935188697282e-02,4.165042329505e-05
"                 292",-1.068636477722e+00,2.540734979460e+01,-3.585377790954e-05,-7.780512280797e-01,2.543674084814e+01,7.312597309020e-06,2.905852496418e-01,2.939105353739e-02,4.316637521856e-05
"                 293",-1.068311977593e+00,2.541001789337e+01,-3.586625875157e-05,-7.767554475281e-01,2.543944770503e+01,8.738181955750e-06,2.915565300650e-01,2.942981166671e-02,4.460444070732e-05
"                 294",-1.067967839434e+00,2.541238104574e+01,-3.587982295836e-05,-7.754327085328e-01,2.544185035356e+01,9.968997982774e-06,2.925351309013e-01,2.946930782118e-02,4.584882094113e-05
"                 295",-1.067587955145e+00,2.541419649565e+01,-3.589215951411e-05,-7.740678777946e-01,2.544370530832e+01,1.096533865564e-05,2.935200773509e-01,2.950881267445e-02,4.685749816975e-05
"                 296",-1.067176683048e+00,2.541564525127e+01,-3.590146867105e-05,-7.726661598654e-01,2.544519278773e+01,1.174239455540e-05,2.945105231821e-01,2.954753646065e-02,4.764386322645e-05
"                 297",-1.066751471693e+00,2.541706358444e+01,-3.590676435974e-05,-7.712473694411e-01,2.544665064743e+01,1.237548850401e-05,2.955041022523e-01,2.958706298573e-02,4.828225286375e-05
"                 298",-1.066331334707e+00,2.541853000723e+01,-3.590836088779e-05,-7.698298356420e-01,2.544815849407e+01,1.287256530931e-05,2.965014990655e-01,2.962848684068e-02,4.878092619709e-05
"                 299",-1.065923377721e+00,2.541997860087e+01,-3.590638065981e-05,-7.684201760442e-01,2.544965003634e+01,1.326411278336e-05,2.975032016767e-01,2.967143547564e-02,4.917049344317e-05
"                 300",-1.065517188364e+00,2.542122716549e+01,-3.590106374913e-05,-7.670072980992e-01,2.545094173210e+01,1.357292766685e-05,2.985098902652e-01,2.971456661605e-02,4.947399141598e-05
"                 301",-1.065105566876e+00,2.542223462654e+01,-3.589253618788e-05,-7.655846734892e-01,2.545199124813e+01,1.379220954892e-05,2.995208933871e-01,2.975662158865e-02,4.968474573681e-05
"                 302",-1.064692360800e+00,2.542303793991e+01,-3.588105467829e-05,-7.641556197143e-01,2.545283566916e+01,1.392795980973e-05,3.005367410852e-01,2.979772924586e-02,4.980901448802e-05
"                 303",-1.064282572370e+00,2.542362615279e+01,-3.586678086439e-05,-7.627256286402e-01,2.545346412342e+01,1.400670513590e-05,3.015569437294e-01,2.983797062433e-02,4.987348600029e-05
"                 304",-1.063876446597e+00,2.542397631840e+01,-3.584958204401e-05,-7.612958402887e-01,2.545385368521e+01,1.402808122339e-05,3.025806063079e-01,2.987736680615e-02,4.987766326740e-05
"                 305",-1.063472517385e+00,2.542403506523e+01,-3.582915976022e-05,-7.598648418518e-01,2.545395106636e+01,1.393564192255e-05,3.036076755329e-01,2.991600113113e-02,4.976480168277e-05
"                 306",-1.063060543901e+00,2.542367028787e+01,-3.580605256816e-05,-7.584219812675e-01,2.545362397898e+01,1.371289243328e-05,3.046385626332e-01,2.995369110836e-02,4.951894500144e-05
"                 307",-1.062645762138e+00,2.542289566237e+01,-3.578074592238e-05,-7.569731649761e-01,2.545288672336e+01,1.342994703486e-05,3.056725971616e-01,2.999106099423e-02,4.921069295725e-05
"                 308",-1.062247333629e+00,2.542192436966e+01,-3.575430511795e-05,-7.555373145389e-01,2.545195415131e+01,1.316602318336e-05,3.067100190903e-01,3.002978165516e-02,4.892032830131e-05
"                 309",-1.061855232459e+00,2.542071999702e+01,-3.572688827408e-05,-7.541046201507e-01,2.545079015387e+01,1.300782299680e-05,3.077506123081e-01,3.007015685230e-02,4.873471127088e-05
"                 310",-1.061446993868e+00,2.541908283358e+01,-3.569855962662e-05,-7.526533879276e-01,2.544919431448e+01,1.291100439115e-05,3.087936059400e-01,3.011148089905e-02,4.860956401778e-05
"                 311",-1.061032472430e+00,2.541699130878e+01,-3.566939877149e-05,-7.511930742815e-01,2.544714377813e+01,1.287689682960e-05,3.098393981481e-01,3.015246935051e-02,4.854629560109e-05
"                 312",-1.060648870468e+00,2.541456896020e+01,-3.563975629379e-05,-7.497591743643e-01,2.544476095938e+01,1.291572508834e-05,3.108896961035e-01,3.019199918253e-02,4.855548138213e-05
"                 313",-1.060301280287e+00,2.541199747319e+01,-3.560846387803e-05,-7.483584243717e-01,2.544222721868e+01,1.302318999360e-05,3.119428559157e-01,3.022974548422e-02,4.863165387163e-05
"                 314",-1.059966168691e+00,2.540931749218e+01,-3.557472431609e-05,-7.469674599740e-01,2.543958388041e+01,1.321494069789e-05,3.129987087165e-01,3.026638823027e-02,4.878966501398e-05
"                 315",-1.059629108049e+00,2.540639466967e+01,-3.553874956278e-05,-7.455707116119e-01,2.543669735761e+01,1.350217404226e-05,3.140583964368e-01,3.030268794790e-02,4.904092360504e-05
"                 316",-1.059291410743e+00,2.540314549252e+01,-3.550124585339e-05,-7.441695267566e-01,2.543348378430e+01,1.387397442327e-05,3.151218839867e-01,3.033829178049e-02,4.937522027666e-05
"                 317",-1.058972930526e+00,2.539953267018e+01,-3.546298124516e-05,-7.427825264234e-01,2.542990550123e+01,1.434925870710e-05,3.161904041022e-01,3.037283104918e-02,4.981223995226e-05
"                 318",-1.058681690431e+00,2.539555923825e+01,-3.542319683417e-05,-7.414180693342e-01,2.542596552691e+01,1.499441181054e-05,3.172636210964e-01,3.040628865694e-02,5.041760864472e-05
"                 319",-1.058400608530e+00,2.539117594253e+01,-3.538199394231e-05,-7.400601184299e-01,2.542161523500e+01,1.586110949790e-05,3.183404901000e-01,3.043929246726e-02,5.124310344021e-05
"                 320",-1.058126422939e+00,2.538640004520e+01,-3.534092163164e-05,-7.387027638962e-01,2.541687122890e+01,1.695514623488e-05,3.194236590424e-01,3.047118370383e-02,5.229606786651e-05
"                 321",-1.057858357371e+00,2.538122380805e+01,-3.530135516004e-05,-7.373457252718e-01,2.541172450976e+01,1.818016382668e-05,3.205126320995e-01,3.050070170746e-02,5.348151898672e-05
"                 322",-1.057596123118e+00,2.537553303449e+01,-3.526392455374e-05,-7.359894135373e-01,2.540606148254e+01,1.949295018520e-05,3.216067095802e-01,3.052844804933e-02,5.475687473894e-05
"                 323",-1.057350999601e+00,2.536922891889e+01,-3.522913736901e-05,-7.346448550638e-01,2.539978507392e+01,2.094075828627e-05,3.227061445369e-01,3.055615502712e-02,5.616989565528e-05
"                 324",-1.057137232089e+00,2.536228162701e+01,-3.519545546696e-05,-7.333263107724e-01,2.539286641975e+01,2.253399614515e-05,3.238109213163e-01,3.058479273537e-02,5.772945161211e-05
"                 325",-1.056947196677e+00,2.535462851596e+01,-3.516033062971e-05,-7.320272048968e-01,2.538524272571e+01,2.428069105684e-05,3.249199917799e-01,3.061420975587e-02,5.944102168655e-05
"                 326",-1.056777908488e+00,2.534636225005e+01,-3.512284602748e-05,-7.307438946064e-01,2.537700739803e+01,2.612584179870e-05,3.260340138816e-01,3.064514797940e-02,6.124868782618e-05
"                 327",-1.056650492521e+00,2.533769746634e+01,-3.508445897923e-05,-7.294959946464e-01,2.536837504820e+01,2.803263316385e-05,3.271544978746e-01,3.067758186153e-02,6.311709214308e-05
"                 328",-1.056577302900e+00,2.532873957478e+01,-3.504595427829e-05,-7.282959238951e-01,2.535945074533e+01,3.000959803497e-05,3.282813790049e-01,3.071117055316e-02,6.505555231326e-05
"                 329",-1.056548690135e+00,2.531951204142e+01,-3.500642682402e-05,-7.271349079847e-01,2.535025749073e+01,3.202559568994e-05,3.294137821507e-01,3.074544931222e-02,6.703202251397e-05
"                 330",-1.056545368164e+00,2.530985968454e+01,-3.496431706222e-05,-7.259948503150e-01,2.534063768441e+01,3.403407852771e-05,3.305505178485e-01,3.077799987665e-02,6.899839558993e-05
"                 331",-1.056571044457e+00,2.529973077451e+01,-3.491903701212e-05,-7.248803449864e-01,2.533054115622e+01,3.600729658196e-05,3.316906994709e-01,3.081038170825e-02,7.092633359407e-05
"                 332",-1.056640470615e+00,2.528911201724e+01,-3.487149728219e-05,-7.238063572112e-01,2.531995576684e+01,3.793862523009e-05,3.328341134037e-01,3.084374959850e-02,7.281012251228e-05
"                 333",-1.056766866595e+00,2.527805986024e+01,-3.482262347617e-05,-7.227862977832e-01,2.530893721608e+01,3.979823870931e-05,3.339805688119e-01,3.087735583940e-02,7.462086218548e-05
"                 334",-1.056935563822e+00,2.526660627459e+01,-3.477323906012e-05,-7.218056955824e-01,2.529751676586e+01,4.155773371780e-05,3.351298682394e-01,3.091049126758e-02,7.633097277792e-05
"                 335",-1.057120310367e+00,2.525492492959e+01,-3.472378971524e-05,-7.208403011892e-01,2.528586803455e+01,4.319357018369e-05,3.362800091778e-01,3.094310496561e-02,7.791735989893e-05
"                 336",-1.057319380785e+00,2.524304141148e+01,-3.467496305968e-05,-7.198872332515e-01,2.527401604306e+01,4.471752880935e-05,3.374321475331e-01,3.097463157956e-02,7.939249186903e-05
"                 337",-1.057534514232e+00,2.523105385853e+01,-3.462605676266e-05,-7.189499818324e-01,2.526205959936e+01,4.611153833739e-05,3.385845323992e-01,3.100574083488e-02,8.073759510005e-05
"                 338",-1.057765365787e+00,2.521908186252e+01,-3.457612415543e-05,-7.180296530888e-01,2.525011850968e+01,4.734110342462e-05,3.397357126983e-01,3.103664715441e-02,8.191722758005e-05
"                 339",-1.058008741865e+00,2.520727900005e+01,-3.452568595146e-05,-7.171241376292e-01,2.523834647553e+01,4.840293847350e-05,3.408846042354e-01,3.106747547519e-02,8.292862442496e-05
"                 340",-1.058253009909e+00,2.519569770960e+01,-3.447642347750e-05,-7.162228144139e-01,2.522679606523e+01,4.929095006337e-05,3.420301954954e-01,3.109835562595e-02,8.376737354087e-05
"                 341",-1.058489224246e+00,2.518440002591e+01,-3.442950442296e-05,-7.153176505228e-01,2.521552948186e+01,5.001636984401e-05,3.431715737229e-01,3.112945594571e-02,8.444587426697e-05
"                 342",-1.058713788571e+00,2.517349187923e+01,-3.438628574539e-05,-7.144061048830e-01,2.520465270846e+01,5.059405104233e-05,3.443076836876e-01,3.116082923440e-02,8.498033678771e-05
"                 343",-1.058919160898e+00,2.516303414923e+01,-3.434700661839e-05,-7.134822392638e-01,2.519422593107e+01,5.104114216726e-05,3.454369216340e-01,3.119178184356e-02,8.538814878565e-05
"                 344",-1.059107880209e+00,2.515314843571e+01,-3.431157054491e-05,-7.125496710952e-01,2.518436977594e+01,5.138439144544e-05,3.465582091136e-01,3.122134022882e-02,8.569596199035e-05
"                 345",-1.059281278987e+00,2.514397750610e+01,-3.427991775836e-05,-7.116107402540e-01,2.517522747565e+01,5.160674471590e-05,3.476705387334e-01,3.124996955236e-02,8.588666247426e-05
"                 346",-1.059431339934e+00,2.513557801321e+01,-3.425218720175e-05,-7.106585716994e-01,2.516685651017e+01,5.168894246441e-05,3.487727682341e-01,3.127849696035e-02,8.594112966617e-05
"                 347",-1.059554983596e+00,2.512801620319e+01,-3.422827553901e-05,-7.096912410908e-01,2.515932373865e+01,5.162853559181e-05,3.498637425049e-01,3.130753546090e-02,8.585681113082e-05
"                 348",-1.059659425062e+00,2.512139061647e+01,-3.420763380700e-05,-7.087168732970e-01,2.515272743384e+01,5.140950999748e-05,3.509425517646e-01,3.133681737465e-02,8.561714380448e-05
"                 349",-1.059748624307e+00,2.511578896572e+01,-3.418949217470e-05,-7.077404565437e-01,2.514715523503e+01,5.103310172525e-05,3.520081677637e-01,3.136626930479e-02,8.522259389995e-05
"                 350",-1.059814716198e+00,2.511121987047e+01,-3.417258909151e-05,-7.067552948878e-01,2.514261651879e+01,5.051170555951e-05,3.530594213105e-01,3.139664832524e-02,8.468429465101e-05
"                 351",-1.059848760982e+00,2.510760495009e+01,-3.415623334868e-05,-7.057528893910e-01,2.513903338469e+01,4.989417379173e-05,3.540958715907e-01,3.142843460164e-02,8.405040714041e-05
"                 352",-1.059854608357e+00,2.510484855956e+01,-3.414034402644e-05,-7.047367847614e-01,2.513631020660e+01,4.927028246088e-05,3.551178235955e-01,3.146164703584e-02,8.341062648732e-05
"                 353",-1.059850520680e+00,2.510293427816e+01,-3.412538410090e-05,-7.037257389535e-01,2.513442956306e+01,4.864477734651e-05,3.561247817260e-01,3.149528489977e-02,8.277016144741e-05
"                 354",-1.059819277745e+00,2.510174887088e+01,-3.411123005629e-05,-7.027032354588e-01,2.513327686309e+01,4.796079024560e-05,3.571160422865e-01,3.152799220316e-02,8.207202030188e-05
"                 355",-1.059748271503e+00,2.510116245163e+01,-3.409756967358e-05,-7.016561541339e-01,2.513272244796e+01,4.724007466616e-05,3.580921173695e-01,3.155999633115e-02,8.133764433974e-05
"                 356",-1.059648309689e+00,2.510108906957e+01,-3.408453632769e-05,-7.005948680633e-01,2.513268058070e+01,4.649881848508e-05,3.590534416259e-01,3.159151112879e-02,8.058335481277e-05
"                 357",-1.059519470978e+00,2.510144921985e+01,-3.407199089348e-05,-6.995196359584e-01,2.513307128057e+01,4.569204642963e-05,3.599998350197e-01,3.162206071416e-02,7.976403732311e-05
"                 358",-1.059366716128e+00,2.510214817905e+01,-3.405903101671e-05,-6.984346525834e-01,2.513380170404e+01,4.482801217775e-05,3.609320635450e-01,3.165352498306e-02,7.888704319446e-05
"                 359",-1.059197409816e+00,2.510314616591e+01,-3.404364019171e-05,-6.973467618250e-01,2.513483236417e+01,4.394335840127e-05,3.618506479911e-01,3.168619825317e-02,7.798699859298e-05
"                 360",-1.059025166444e+00,2.510444162741e+01,-3.402534080928e-05,-6.962694148518e-01,2.513616146854e+01,4.304880952554e-05,3.627557515919e-01,3.171984112219e-02,7.707415033482e-05
"                 361",-1.058844131285e+00,2.510594041192e+01,-3.400527079806e-05,-6.951966135755e-01,2.513769277433e+01,4.216958006366e-05,3.636475177096e-01,3.175236241260e-02,7.617485086172e-05
"                 362",-1.058647347570e+00,2.510752482979e+01,-3.398513097100e-05,-6.941210870134e-01,2.513930759571e+01,4.130893578864e-05,3.645262605561e-01,3.178276592316e-02,7.529406675964e-05
"                 363",-1.058435287504e+00,2.510913719059e+01,-3.396609392040e-05,-6.930432010694e-01,2.514094835441e+01,4.045860746608e-05,3.653920864341e-01,3.181116382912e-02,7.442470138648e-05
"                 364",-1.058201621921e+00,2.511063192477e+01,-3.394816167195e-05,-6.919567233902e-01,2.514247070599e+01,3.961620782617e-05,3.662448985307e-01,3.183878122002e-02,7.356436949811e-05
"                 365",-1.057963516975e+00,2.511207638291e+01,-3.393162579005e-05,-6.908784765399e-01,2.514394365242e+01,3.881506229107e-05,3.670850404356e-01,3.186726951452e-02,7.274668808112e-05
"                 366",-1.057733085353e+00,2.511351690844e+01,-3.391602615587e-05,-6.898199478707e-01,2.514541304808e+01,3.803474711973e-05,3.679131374826e-01,3.189613964368e-02,7.195077327560e-05
"                 367",-1.057506827296e+00,2.511491471756e+01,-3.390058055436e-05,-6.887773517021e-01,2.514683760494e+01,3.726584020145e-05,3.687294755941e-01,3.192288737903e-02,7.116642075580e-05
"                 368",-1.057275778959e+00,2.511631258343e+01,-3.388513606689e-05,-6.877417635942e-01,2.514825988011e+01,3.647990586345e-05,3.695340153649e-01,3.194729668633e-02,7.036504193034e-05
"                 369",-1.057041434584e+00,2.511778073525e+01,-3.387007611369e-05,-6.867144171297e-01,2.514975103225e+01,3.566966124869e-05,3.703270174544e-01,3.197029699530e-02,6.953973736238e-05
"                 370",-1.056801328553e+00,2.511926969782e+01,-3.385573946645e-05,-6.856923002219e-01,2.515126269815e+01,3.484620786409e-05,3.711090283314e-01,3.199300032865e-02,6.870194733054e-05
"                 371",-1.056549156439e+00,2.512065219306e+01,-3.384236838723e-05,-6.846686337814e-01,2.515266800920e+01,3.401939857095e-05,3.718805226576e-01,3.201581614750e-02,6.786176695818e-05
"                 372",-1.056281174085e+00,2.512181155914e+01,-3.382985714098e-05,-6.836392686636e-01,2.515384967354e+01,3.318233085458e-05,3.726419054211e-01,3.203811439887e-02,6.701218799556e-05
"                 373",-1.055989398321e+00,2.512270061487e+01,-3.381877797051e-05,-6.825959716953e-01,2.515475967773e+01,3.232068980709e-05,3.733934266260e-01,3.205906285838e-02,6.613946777760e-05
"                 374",-1.055675642199e+00,2.512343184716e+01,-3.380998310774e-05,-6.815401933451e-01,2.515551069892e+01,3.146737074215e-05,3.741354488538e-01,3.207885176572e-02,6.527735384989e-05
"                 375",-1.055359404180e+00,2.512416265304e+01,-3.380328220245e-05,-6.804906372093e-01,2.515626111609e+01,3.068899561363e-05,3.748687669707e-01,3.209846304941e-02,6.449227781608e-05
"                 376",-1.055052463836e+00,2.512481536517e+01,-3.379861489039e-05,-6.794584683119e-01,2.515693345362e+01,3.002452663691e-05,3.755939955243e-01,3.211808844935e-02,6.382314152730e-05
"                 377",-1.054756090171e+00,2.512525423282e+01,-3.379589051301e-05,-6.784450745394e-01,2.515739087497e+01,2.944180170915e-05,3.763110156320e-01,3.213664214799e-02,6.323769222217e-05
"                 378",-1.054448507995e+00,2.512542130635e+01,-3.379484244746e-05,-6.774284949659e-01,2.515757537817e+01,2.890289363645e-05,3.770200130289e-01,3.215407181447e-02,6.269773608391e-05
"                 379",-1.054124696059e+00,2.512541729736e+01,-3.379557306434e-05,-6.764032310962e-01,2.515758849842e+01,2.841418658737e-05,3.777214649624e-01,3.217120106107e-02,6.220975965170e-05
"                 380",-1.053788505737e+00,2.512534451720e+01,-3.379747814104e-05,-6.753733602719e-01,2.515753171481e+01,2.792621912524e-05,3.784151454649e-01,3.218719761063e-02,6.172369726628e-05
"                 381",-1.053457918120e+00,2.512526310462e+01,-3.380001321024e-05,-6.743565568169e-01,2.515746632039e+01,2.742327403203e-05,3.791013613033e-01,3.220321576715e-02,6.122328724228e-05
"                 382",-1.053154439486e+00,2.512524465346e+01,-3.380438817964e-05,-6.733738431264e-01,2.515746457660e+01,2.692593993247e-05,3.797805963596e-01,3.221992313250e-02,6.073032811211e-05
"                 383",-1.052871477896e+00,2.512519447427e+01,-3.381150425394e-05,-6.724183767576e-01,2.515743180848e+01,2.647249427234e-05,3.804531011382e-01,3.223733420765e-02,6.028399852628e-05
"                 384",-1.052596105238e+00,2.512504208070e+01,-3.381819689002e-05,-6.714772387325e-01,2.515729694795e+01,2.610683812709e-05,3.811188665057e-01,3.225486725111e-02,5.992503501710e-05
"                 385",-1.052322716611e+00,2.512487706829e+01,-3.382566972067e-05,-6.705448865260e-01,2.515714829614e+01,2.589002050787e-05,3.817778300848e-01,3.227122785057e-02,5.971569022854e-05
"                 386",-1.052051694243e+00,2.512474221073e+01,-3.383359555515e-05,-6.696213457939e-01,2.515702687947e+01,2.585970258123e-05,3.824303484493e-01,3.228466873081e-02,5.969329813638e-05
"                 387",-1.051793275212e+00,2.512474094032e+01,-3.383934635568e-05,-6.687168410997e-01,2.515703751254e+01,2.594373004514e-05,3.830764341122e-01,3.229657221884e-02,5.978307640082e-05
"                 388",-1.051545349452e+00,2.512480283281e+01,-3.384344728889e-05,-6.678290247501e-01,2.515711057824e+01,2.608543030590e-05,3.837163247017e-01,3.230774543632e-02,5.992887759479e-05
"                 389",-1.051285484610e+00,2.512465698156e+01,-3.384790816378e-05,-6.669348274174e-01,2.515697567018e+01,2.623368555309e-05,3.843506571924e-01,3.231868862195e-02,6.008159371686e-05
"                 390",-1.050993725743e+00,2.512408464093e+01,-3.385368755801e-05,-6.660138254601e-01,2.515641434983e+01,2.641358916491e-05,3.849799002828e-01,3.232970889579e-02,6.026727672291e-05
"                 391",-1.050673770858e+00,2.512324173985e+01,-3.385974342348e-05,-6.650699191218e-01,2.515558217119e+01,2.667797369254e-05,3.856038517367e-01,3.234043134621e-02,6.053771711602e-05
"                 392",-1.050338348426e+00,2.512238168377e+01,-3.386367829037e-05,-6.641162030150e-01,2.515473205861e+01,2.707538480705e-05,3.862221454108e-01,3.235037483703e-02,6.093906309742e-05
"                 393",-1.050005146643e+00,2.512160112273e+01,-3.386339407404e-05,-6.631702905703e-01,2.515396097722e+01,2.761918634577e-05,3.868348560729e-01,3.235985448897e-02,6.148258041981e-05
"                 394",-1.049685286153e+00,2.512080166099e+01,-3.385809798184e-05,-6.622429929575e-01,2.515317004684e+01,2.828478567488e-05,3.874422931956e-01,3.236838584441e-02,6.214288365672e-05
"                 395",-1.049370381606e+00,2.511985220073e+01,-3.385073316613e-05,-6.613252239630e-01,2.515222867721e+01,2.903940866139e-05,3.880451576431e-01,3.237647647431e-02,6.289014182752e-05
"                 396",-1.049045499656e+00,2.511878729912e+01,-3.384515450496e-05,-6.604017362394e-01,2.515117223557e+01,2.978107810401e-05,3.886437634165e-01,3.238493645614e-02,6.362623260897e-05
"                 397",-1.048707707374e+00,2.511769642208e+01,-3.384373442729e-05,-6.594691632317e-01,2.515009020706e+01,3.045233443836e-05,3.892385441426e-01,3.239378498214e-02,6.429606886565e-05
"                 398",-1.048372976019e+00,2.511662534263e+01,-3.384635843856e-05,-6.585430124196e-01,2.514902849998e+01,3.115483889515e-05,3.898299635991e-01,3.240315734851e-02,6.500119733371e-05
"                 399",-1.048056874783e+00,2.511551318186e+01,-3.385073287865e-05,-6.576385300770e-01,2.514792611901e+01,3.196019443436e-05,3.904183447064e-01,3.241293715090e-02,6.581092731300e-05
"                 400",-1.047757506311e+00,2.511431105466e+01,-3.385384853124e-05,-6.567539295655e-01,2.514673371375e+01,3.284014820990e-05,3.910035767451e-01,3.242265908976e-02,6.669399674114e-05
"                 401",-1.047469884773e+00,2.511317725175e+01,-3.385363732796e-05,-6.558838650107e-01,2.514561039130e+01,3.377026408337e-05,3.915860197618e-01,3.243313954672e-02,6.762390141133e-05
"                 402",-1.047199829381e+00,2.511219396070e+01,-3.385029423933e-05,-6.550345806317e-01,2.514463833313e+01,3.470765000969e-05,3.921652487492e-01,3.244437243346e-02,6.855794424902e-05
"                 403",-1.046938216256e+00,2.511126436449e+01,-3.384572865812e-05,-6.541976346943e-01,2.514372023829e+01,3.564329512427e-05,3.927405815619e-01,3.245587380454e-02,6.948902378239e-05
"                 404",-1.046677718279e+00,2.511023390819e+01,-3.384044233813e-05,-6.533664196233e-01,2.514270073976e+01,3.659369350863e-05,3.933112986561e-01,3.246683157007e-02,7.043413584676e-05
"                 405",-1.046407673496e+00,2.510897903925e+01,-3.383353583079e-05,-6.525300353586e-01,2.514145682061e+01,3.759880164346e-05,3.938776381372e-01,3.247778135984e-02,7.143233747425e-05
"                 406",-1.046138436034e+00,2.510763979370e+01,-3.382500010681e-05,-6.516979471683e-01,2.514012995196e+01,3.861236074148e-05,3.944404888661e-01,3.249015825217e-02,7.243736084829e-05
"                 407",-1.045886026696e+00,2.510646858326e+01,-3.381580577091e-05,-6.508858758982e-01,2.513897268358e+01,3.953987947027e-05,3.950001507981e-01,3.250410032699e-02,7.335568524119e-05
"                 408",-1.045644558046e+00,2.510546601548e+01,-3.380687295204e-05,-6.500880042105e-01,2.513798517526e+01,4.031035138013e-05,3.955565538357e-01,3.251915977638e-02,7.411722433217e-05
"                 409",-1.045408981960e+00,2.510455270175e+01,-3.379856699033e-05,-6.492990554467e-01,2.513708831649e+01,4.091818831836e-05,3.961099265133e-01,3.253561474300e-02,7.471675530869e-05
"                 410",-1.045163788087e+00,2.510362698563e+01,-3.379001866244e-05,-6.485036415765e-01,2.513617992268e+01,4.135043368809e-05,3.966601465106e-01,3.255293704159e-02,7.514045235053e-05
"                 411",-1.044912740006e+00,2.510278573470e+01,-3.377909481463e-05,-6.477057658193e-01,2.513535617646e+01,4.159619628167e-05,3.972069741870e-01,3.257044175805e-02,7.537529109631e-05
"                 412",-1.044676421476e+00,2.510213032804e+01,-3.376486681051e-05,-6.469258560764e-01,2.513471849393e+01,4.166228376422e-05,3.977505653994e-01,3.258816589189e-02,7.542715057473e-05
"                 413",-1.044455472199e+00,2.510165229254e+01,-3.374855099878e-05,-6.461640541578e-01,2.513425870924e+01,4.155974925992e-05,3.982914180411e-01,3.260641670241e-02,7.530830025870e-05
"                 414",-1.044230230788e+00,2.510121653967e+01,-3.373096894222e-05,-6.454003731018e-01,2.513384109876e+01,4.129137065746e-05,3.988298576858e-01,3.262455908548e-02,7.502233959968e-05
"                 415",-1.043979220056e+00,2.510061876626e+01,-3.371356677745e-05,-6.446139927899e-01,2.513325887895e+01,4.086752699632e-05,3.993652272658e-01,3.264011268651e-02,7.458109377377e-05
"                 416",-1.043698991820e+00,2.509975067583e+01,-3.369680400784e-05,-6.438020710635e-01,2.513240326728e+01,4.030614824822e-05,3.998969207565e-01,3.265259144985e-02,7.400295225606e-05
"                 417",-1.043405155836e+00,2.509876058142e+01,-3.367721383508e-05,-6.429803309774e-01,2.513142432662e+01,3.955936490599e-05,4.004248248588e-01,3.266374520358e-02,7.323657874107e-05
"                 418",-1.043120377728e+00,2.509789867057e+01,-3.365950653286e-05,-6.421718336767e-01,2.513057211748e+01,3.863223704487e-05,4.009485440515e-01,3.267344690248e-02,7.229174357773e-05
"                 419",-1.042851560957e+00,2.509726903714e+01,-3.364675486600e-05,-6.413836170587e-01,2.512995122009e+01,3.757936629538e-05,4.014679438987e-01,3.268218295357e-02,7.122612116137e-05
"                 420",-1.042581966966e+00,2.509670850982e+01,-3.363796790893e-05,-6.405992593871e-01,2.512939857776e+01,3.647937480281e-05,4.019827075791e-01,3.269006793463e-02,7.011734271174e-05
"                 421",-1.042292017167e+00,2.509599890451e+01,-3.363007790074e-05,-6.397991531681e-01,2.512869699604e+01,3.537242543856e-05,4.024928639988e-01,3.269809152391e-02,6.900250333930e-05
"                 422",-1.041988701154e+00,2.509513888547e+01,-3.362057304775e-05,-6.389898325253e-01,2.512784560284e+01,3.425102388467e-05,4.029988686287e-01,3.270671736645e-02,6.787159693242e-05
"                 423",-1.041691403501e+00,2.509420186059e+01,-3.360914315387e-05,-6.381899699289e-01,2.512691802833e+01,3.305650915207e-05,4.035014335720e-01,3.271616773588e-02,6.666565230594e-05
"                 424",-1.041414043941e+00,2.509337641881e+01,-3.359713899239e-05,-6.374135689949e-01,2.512610311453e+01,3.175805243401e-05,4.040004749460e-01,3.272669571722e-02,6.535519142639e-05
"                 425",-1.041158090207e+00,2.509275222099e+01,-3.358596734789e-05,-6.366619693020e-01,2.512549013029e+01,3.033620628887e-05,4.044961209054e-01,3.273790929395e-02,6.392217363676e-05
"                 426",-1.040919103962e+00,2.509232181082e+01,-3.357616043637e-05,-6.359304796347e-01,2.512507132849e+01,2.877728682710e-05,4.049886243278e-01,3.274951767053e-02,6.235344726348e-05
"                 427",-1.040686832875e+00,2.509200037122e+01,-3.356668305733e-05,-6.352087474702e-01,2.512476115659e+01,2.708343915072e-05,4.054780854048e-01,3.276078536845e-02,6.065012220805e-05
"                 428",-1.040458426121e+00,2.509178163282e+01,-3.355615335185e-05,-6.344944466884e-01,2.512455350252e+01,2.527175624372e-05,4.059639794326e-01,3.277186969720e-02,5.882790959557e-05
"                 429",-1.040224086830e+00,2.509162442466e+01,-3.354541667439e-05,-6.337778344293e-01,2.512440629040e+01,2.333710903694e-05,4.064462524009e-01,3.278186574280e-02,5.688252571134e-05
"                 430",-1.039970140408e+00,2.509135700266e+01,-3.353439484560e-05,-6.330444229286e-01,2.512414786471e+01,2.124198293045e-05,4.069257174790e-01,3.279086204739e-02,5.477637777605e-05
"                 431",-1.039699107711e+00,2.509095857200e+01,-3.352254028454e-05,-6.322961900978e-01,2.512375853386e+01,1.898394837609e-05,4.074029176133e-01,3.279996185475e-02,5.250648866063e-05
"                 432",-1.039423521120e+00,2.509050942431e+01,-3.351036596098e-05,-6.315456828624e-01,2.512331845052e+01,1.656221134743e-05,4.078778382579e-01,3.280902620697e-02,5.007257730841e-05
"                 433",-1.039158530216e+00,2.509012363432e+01,-3.349940654252e-05,-6.308081469073e-01,2.512294152842e+01,1.407098745304e-05,4.083503833088e-01,3.281789410189e-02,4.757039399556e-05
"                 434",-1.038910074977e+00,2.508984158830e+01,-3.349135470744e-05,-6.300898412683e-01,2.512266896499e+01,1.151079432756e-05,4.088202337087e-01,3.282737668973e-02,4.500214903500e-05
"                 435",-1.038668845129e+00,2.508962403176e+01,-3.348694553572e-05,-6.293816052041e-01,2.512246160187e+01,8.995880225464e-06,4.092872399251e-01,3.283757011200e-02,4.248282576118e-05
"                 436",-1.038419686995e+00,2.508928186096e+01,-3.348466907481e-05,-6.286677476504e-01,2.512213045938e+01,6.560481429067e-06,4.097519393446e-01,3.284859841263e-02,4.004515050388e-05
"                 437",-1.038167931132e+00,2.508883261996e+01,-3.348231370857e-05,-6.279531869566e-01,2.512169342492e+01,4.177919635218e-06,4.102147441759e-01,3.286080496412e-02,3.766023334379e-05
"                 438",-1.037919599333e+00,2.508834660323e+01,-3.347859058463e-05,-6.272439105091e-01,2.512121980383e+01,1.794660723125e-06,4.106756888239e-01,3.287320059669e-02,3.527325130776e-05
"                 439",-1.037669730448e+00,2.508779709172e+01,-3.347292075394e-05,-6.265347013396e-01,2.512068250574e+01,-6.819692953476e-07,4.111350291080e-01,3.288541401837e-02,3.279095145859e-05
"                 440",-1.037414102344e+00,2.508717065226e+01,-3.346498798600e-05,-6.258216491336e-01,2.512006789540e+01,-3.107081376196e-06,4.115924532100e-01,3.289724313543e-02,3.035790660980e-05
"                 441",-1.037173671025e+00,2.508668310693e+01,-3.345501425632e-05,-6.251267175567e-01,2.511959109131e+01,-5.516806175296e-06,4.120469534680e-01,3.290798438298e-02,2.793820808102e-05
"                 442",-1.036953166933e+00,2.508644838781e+01,-3.344391582504e-05,-6.244548159765e-01,2.511936695071e+01,-7.930424167407e-06,4.124983509565e-01,3.291856289659e-02,2.551349165763e-05
"                 443",-1.036738075576e+00,2.508634105152e+01,-3.343328074303e-05,-6.237903962694e-01,2.511927131916e+01,-1.027648895354e-05,4.129476793063e-01,3.293026764326e-02,2.315679178949e-05
"                 444",-1.036512503584e+00,2.508618181350e+01,-3.342476960222e-05,-6.231172454935e-01,2.511912352307e+01,-1.253379933363e-05,4.133952580904e-01,3.294170956395e-02,2.089097026859e-05
"                 445",-1.036277589506e+00,2.508592999607e+01,-3.341898198809e-05,-6.224366102185e-01,2.511888229468e+01,-1.468880132740e-05,4.138409792875e-01,3.295229860735e-02,1.873018066069e-05
"                 446",-1.036037844107e+00,2.508559306849e+01,-3.341500377929e-05,-6.217532825496e-01,2.511855534515e+01,-1.673993175063e-05,4.142845615571e-01,3.296227666019e-02,1.667507202867e-05
"                 447",-1.035793104135e+00,2.508524219154e+01,-3.341118312644e-05,-6.210682787055e-01,2.511821230786e+01,-1.865741088206e-05,4.147248254298e-01,3.297011632100e-02,1.475377224438e-05
"                 448",-1.035546746544e+00,2.508494109642e+01,-3.340665992248e-05,-6.203857530747e-01,2.511791712188e+01,-2.046032622347e-05,4.151609934697e-01,3.297602545718e-02,1.294633369901e-05
"                 449",-1.035298385070e+00,2.508466071269e+01,-3.340132273498e-05,-6.197048791933e-01,2.511764301326e+01,-2.215139057782e-05,4.155935058764e-01,3.298230057595e-02,1.124993215716e-05
"                 450",-1.035049861751e+00,2.508440106755e+01,-3.339525931952e-05,-6.190269816871e-01,2.511739092949e+01,-2.375905982782e-05,4.160228800640e-01,3.298986193830e-02,9.636199491696e-06
"                 451",-1.034810857375e+00,2.508424336056e+01,-3.338902994183e-05,-6.183613284775e-01,2.511724143392e+01,-2.531722339108e-05,4.164495288971e-01,3.299807336470e-02,8.071806550742e-06
"                 452",-1.034586338219e+00,2.508420051958e+01,-3.338309699668e-05,-6.177123019975e-01,2.511720769784e+01,-2.685627971447e-05,4.168740362218e-01,3.300717825999e-02,6.526817282219e-06
"                 453",-1.034371761659e+00,2.508425426840e+01,-3.337783469004e-05,-6.170757625692e-01,2.511727110381e+01,-2.838392138072e-05,4.172959990900e-01,3.301683540911e-02,4.993913309320e-06
"                 454",-1.034158146689e+00,2.508441716170e+01,-3.337370326613e-05,-6.164430854342e-01,2.511744382807e+01,-2.987800869392e-05,4.177150612548e-01,3.302666636548e-02,3.495694572214e-06
"                 455",-1.033946932792e+00,2.508468260979e+01,-3.337084501533e-05,-6.158154335037e-01,2.511771902273e+01,-3.134027750007e-05,4.181314992886e-01,3.303641294822e-02,2.030567515266e-06
"                 456",-1.033742388126e+00,2.508499364976e+01,-3.336868915713e-05,-6.151968969045e-01,2.511803922978e+01,-3.275940871840e-05,4.185454912215e-01,3.304558001556e-02,6.092804387292e-07
"                 457",-1.033551561647e+00,2.508540477891e+01,-3.336694700287e-05,-6.145948478435e-01,2.511845885151e+01,-3.409666189221e-05,4.189567138035e-01,3.305407259900e-02,-7.297148893440e-07
"                 458",-1.033361796935e+00,2.508579652574e+01,-3.336540880602e-05,-6.139964060074e-01,2.511885803617e+01,-3.534295717031e-05,4.193653909277e-01,3.306151043498e-02,-1.977548364284e-06
"                 459",-1.033168751833e+00,2.508616421012e+01,-3.336380408730e-05,-6.133968335855e-01,2.511923298616e+01,-3.654120586166e-05,4.197719182480e-01,3.306877604488e-02,-3.177401774353e-06
"                 460",-1.032987070019e+00,2.508666230798e+01,-3.336171436618e-05,-6.128107983315e-01,2.511973854297e+01,-3.773463150874e-05,4.201762716875e-01,3.307623499093e-02,-4.372917142562e-06
"                 461",-1.032816646003e+00,2.508726886603e+01,-3.335898096780e-05,-6.122382447132e-01,2.512035230213e+01,-3.892852917606e-05,4.205784012896e-01,3.308343610492e-02,-5.569548208253e-06
"                 462",-1.032640199790e+00,2.508781104699e+01,-3.335606785902e-05,-6.116617593381e-01,2.512090136809e+01,-4.011927710290e-05,4.209784404522e-01,3.309032110893e-02,-6.763209243877e-06
"                 463",-1.032455939405e+00,2.508823015676e+01,-3.335341164258e-05,-6.110794634599e-01,2.512132742645e+01,-4.127263889502e-05,4.213764759451e-01,3.309726969336e-02,-7.919227252446e-06
"                 464",-1.032267416647e+00,2.508855048251e+01,-3.335105457048e-05,-6.104953181722e-01,2.512165453344e+01,-4.234666970400e-05,4.217720984746e-01,3.310405093298e-02,-8.995615133521e-06
"                 465",-1.032090318727e+00,2.508889757185e+01,-3.334872097845e-05,-6.099251404191e-01,2.512200858604e+01,-4.332154711466e-05,4.221651783080e-01,3.311101419164e-02,-9.972826136216e-06
"                 466",-1.031930946291e+00,2.508937988330e+01,-3.334632834501e-05,-6.093753625298e-01,2.512249835421e+01,-4.422172336378e-05,4.225555837616e-01,3.311847090709e-02,-1.087539501877e-05
"                 467",-1.031773103842e+00,2.508989479446e+01,-3.334358742774e-05,-6.088297628253e-01,2.512302126253e+01,-4.503678109598e-05,4.229433410167e-01,3.312646806759e-02,-1.169319366824e-05
"                 468",-1.031608551824e+00,2.509035570144e+01,-3.334029087608e-05,-6.082797764233e-01,2.512349065916e+01,-4.583144637776e-05,4.233287754004e-01,3.313495772546e-02,-1.249115550169e-05
"                 469",-1.031444106804e+00,2.509074750672e+01,-3.333652077264e-05,-6.077319954863e-01,2.512389101716e+01,-4.657111565427e-05,4.237121113181e-01,3.314351044314e-02,-1.323459488162e-05
"                 470",-1.031278627132e+00,2.509112027296e+01,-3.333254158155e-05,-6.071855795231e-01,2.512427173117e+01,-4.730709333802e-05,4.240930476090e-01,3.315145820677e-02,-1.397455175647e-05
"                 471",-1.031108421660e+00,2.509153493844e+01,-3.332857474085e-05,-6.066374042518e-01,2.512469256827e+01,-4.804790449766e-05,4.244710174081e-01,3.315762983157e-02,-1.471932975681e-05
"                 472",-1.030936595449e+00,2.509201794404e+01,-3.332467534086e-05,-6.060905456289e-01,2.512518071510e+01,-4.880716461803e-05,4.248460498204e-01,3.316277105322e-02,-1.548248927717e-05
"                 473",-1.030768803218e+00,2.509253459111e+01,-3.332069192761e-05,-6.055506723163e-01,2.512570241183e+01,-4.963526449471e-05,4.252181309021e-01,3.316782072492e-02,-1.631457256710e-05
"                 474",-1.030604092552e+00,2.509303013512e+01,-3.331648610329e-05,-6.050170250187e-01,2.512620327293e+01,-5.055185031586e-05,4.255870675336e-01,3.317313780584e-02,-1.723536421257e-05
"                 475",-1.030434614562e+00,2.509345872458e+01,-3.331211902119e-05,-6.044820472757e-01,2.512663745644e+01,-5.153007983489e-05,4.259525672860e-01,3.317873186053e-02,-1.821796081370e-05
"                 476",-1.030262504596e+00,2.509383833102e+01,-3.330771054416e-05,-6.039479676001e-01,2.512702280798e+01,-5.255360638450e-05,4.263145369954e-01,3.318447695267e-02,-1.924589584034e-05
"                 477",-1.030099245181e+00,2.509430185650e+01,-3.330361873812e-05,-6.034254259555e-01,2.512749225182e+01,-5.364016443537e-05,4.266738192252e-01,3.319039532223e-02,-2.033654569725e-05
"                 478",-1.029942698629e+00,2.509485115777e+01,-3.330016963965e-05,-6.029122997036e-01,2.512804690251e+01,-5.479656795124e-05,4.270303989250e-01,3.319574474286e-02,-2.149639831159e-05
"                 479",-1.029785872384e+00,2.509535665444e+01,-3.329723127092e-05,-6.024008831227e-01,2.512855700538e+01,-5.599646084659e-05,4.273849892612e-01,3.320035094427e-02,-2.269922957567e-05
"                 480",-1.029637786601e+00,2.509585322757e+01,-3.329464528279e-05,-6.018998346684e-01,2.512905880227e+01,-5.727221781608e-05,4.277379519325e-01,3.320557470722e-02,-2.397757253329e-05
"                 481",-1.029504402615e+00,2.509644121180e+01,-3.329250762336e-05,-6.014151025129e-01,2.512965355169e+01,-5.860326263862e-05,4.280893001023e-01,3.321233989482e-02,-2.531075501526e-05
"                 482",-1.029378550092e+00,2.509711133437e+01,-3.329086793628e-05,-6.009395005629e-01,2.513033118590e+01,-5.997780721244e-05,4.284390495290e-01,3.321985153000e-02,-2.668693927615e-05
"                 483",-1.029256788405e+00,2.509786016044e+01,-3.328951982068e-05,-6.004695569131e-01,2.513108753688e+01,-6.136937009744e-05,4.287872314915e-01,3.322737644276e-02,-2.807985027676e-05
"                 484",-1.029142198114e+00,2.509867188082e+01,-3.328819880234e-05,-6.000091420212e-01,2.513190547095e+01,-6.273290828121e-05,4.291330560931e-01,3.323359013264e-02,-2.944470947886e-05
"                 485",-1.029030932861e+00,2.509940434776e+01,-3.328702685891e-05,-5.995546777249e-01,2.513264275807e+01,-6.408584436636e-05,4.294762551360e-01,3.323841031157e-02,-3.079881750746e-05
"                 486",-1.028921732012e+00,2.509999616350e+01,-3.328600029571e-05,-5.991048381297e-01,2.513323936013e+01,-6.547106807798e-05,4.298168938822e-01,3.324319662884e-02,-3.218506778227e-05
"                 487",-1.028812247194e+00,2.510047654807e+01,-3.328516081051e-05,-5.986571708161e-01,2.513372522139e+01,-6.688622786692e-05,4.301550763779e-01,3.324867331764e-02,-3.360106705641e-05
"                 488",-1.028709327036e+00,2.510100939658e+01,-3.328450644647e-05,-5.982185871720e-01,2.513426436619e+01,-6.827369730891e-05,4.304907398639e-01,3.325496961510e-02,-3.498919086244e-05
"                 489",-1.028611248695e+00,2.510163998412e+01,-3.328446277696e-05,-5.977871231635e-01,2.513490094948e+01,-6.959569397915e-05,4.308241255316e-01,3.326096535825e-02,-3.631123120219e-05
"                 490",-1.028510357076e+00,2.510228553202e+01,-3.328549536302e-05,-5.973554266963e-01,2.513555183638e+01,-7.087996064426e-05,4.311549303796e-01,3.326630436272e-02,-3.759446528123e-05
"                 491",-1.028404534040e+00,2.510291266155e+01,-3.328744356288e-05,-5.969211076007e-01,2.513618426964e+01,-7.211704385213e-05,4.314834264389e-01,3.327160808926e-02,-3.882960028926e-05
"                 492",-1.028300130099e+00,2.510354756163e+01,-3.329006441915e-05,-5.964901916981e-01,2.513682533276e+01,-7.330070115279e-05,4.318099384007e-01,3.327777112622e-02,-4.001063673365e-05
"                 493",-1.028203469109e+00,2.510424302315e+01,-3.329313573699e-05,-5.960692254859e-01,2.513752729262e+01,-7.446474063266e-05,4.321342436229e-01,3.328426947313e-02,-4.117160489567e-05
"                 494",-1.028112724494e+00,2.510494403089e+01,-3.329650677209e-05,-5.956563668374e-01,2.513823393886e+01,-7.560729294444e-05,4.324563576565e-01,3.328990797529e-02,-4.231078617235e-05
"                 495",-1.028013833485e+00,2.510557801255e+01,-3.330041424733e-05,-5.952372884989e-01,2.513887231390e+01,-7.675406927325e-05,4.327765449860e-01,3.329430135597e-02,-4.345365502591e-05
"                 496",-1.027900735257e+00,2.510606587098e+01,-3.330473900313e-05,-5.948058633070e-01,2.513936279256e+01,-7.791180374000e-05,4.330948719496e-01,3.329692158383e-02,-4.460706473687e-05
"                 497",-1.027779392917e+00,2.510647878910e+01,-3.330911842527e-05,-5.943684154747e-01,2.513977765909e+01,-7.913699974547e-05,4.334109774427e-01,3.329886998889e-02,-4.582788132020e-05
"                 498",-1.027667506271e+00,2.510698031540e+01,-3.331334234813e-05,-5.939428224077e-01,2.514028192429e+01,-8.043683169521e-05,4.337246838632e-01,3.330160889548e-02,-4.712348934708e-05
"                 499",-1.027574015736e+00,2.510759735126e+01,-3.331729706189e-05,-5.935376981440e-01,2.514090308177e+01,-8.176552449832e-05,4.340363175916e-01,3.330573050937e-02,-4.844822743643e-05
"                 500",-1.027488826585e+00,2.510825300709e+01,-3.332115346386e-05,-5.931436301051e-01,2.514156226074e+01,-8.313074255880e-05,4.343451964801e-01,3.330925365582e-02,-4.980958909494e-05
"                 501",-1.027408617753e+00,2.510885744057e+01,-3.332502293403e-05,-5.927575257829e-01,2.514216911557e+01,-8.454950102601e-05,4.346510919700e-01,3.331167499302e-02,-5.122447809198e-05
"                 502",-1.027332887305e+00,2.510944339409e+01,-3.332873375307e-05,-5.923781894683e-01,2.514275836259e+01,-8.602290140381e-05,4.349546978367e-01,3.331496850291e-02,-5.269416765074e-05
"                 503",-1.027269290735e+00,2.511013739263e+01,-3.333196938767e-05,-5.920124520407e-01,2.514345765197e+01,-8.752709366246e-05,4.352568386939e-01,3.332025933647e-02,-5.419512427478e-05
"                 504",-1.027213987702e+00,2.511092085337e+01,-3.333486714972e-05,-5.916570182891e-01,2.514424744526e+01,-8.903622789677e-05,4.355569694126e-01,3.332659188460e-02,-5.570136074705e-05
"                 505",-1.027154869642e+00,2.511168983800e+01,-3.333777645303e-05,-5.912999321668e-01,2.514502304670e+01,-9.052411749876e-05,4.358549374754e-01,3.333320870375e-02,-5.718634104573e-05
"                 506",-1.027085500468e+00,2.511240181958e+01,-3.334091190364e-05,-5.909343144813e-01,2.514574211342e+01,-9.203011217446e-05,4.361511859864e-01,3.334029383933e-02,-5.868920027081e-05
"                 507",-1.027004745097e+00,2.511305538848e+01,-3.334424706014e-05,-5.905587563447e-01,2.514640211643e+01,-9.352096208436e-05,4.364459887522e-01,3.334672795731e-02,-6.017671502422e-05
"                 508",-1.026907153748e+00,2.511360195537e+01,-3.334754177338e-05,-5.901682477265e-01,2.514695314285e+01,-9.500249137303e-05,4.367389060212e-01,3.335118748005e-02,-6.165494959965e-05
"                 509",-1.026781509499e+00,2.511404163974e+01,-3.335062579736e-05,-5.897523669459e-01,2.514739517271e+01,-9.652432484726e-05,4.370291425526e-01,3.335353296794e-02,-6.317369904991e-05
"                 510",-1.026628008944e+00,2.511444357034e+01,-3.335356968576e-05,-5.893116474639e-01,2.514779687945e+01,-9.805613797801e-05,4.373163614799e-01,3.335330911650e-02,-6.470256829225e-05
"                 511",-1.026464986474e+00,2.511485077876e+01,-3.335644310422e-05,-5.888641152782e-01,2.514820169820e+01,-9.958485349549e-05,4.376008711959e-01,3.335091944258e-02,-6.622841039127e-05
"                 512",-1.026297729410e+00,2.511513436679e+01,-3.335927043158e-05,-5.884150547478e-01,2.514848116089e+01,-1.010947797375e-04,4.378826746618e-01,3.334679409634e-02,-6.773550930596e-05
"                 513",-1.026127222199e+00,2.511526543657e+01,-3.336190831383e-05,-5.879652423332e-01,2.514860758668e+01,-1.025924462748e-04,4.381619798660e-01,3.334215010169e-02,-6.923053796097e-05
"                 514",-1.025953027567e+00,2.511534355899e+01,-3.336417649483e-05,-5.875141602639e-01,2.514868102126e+01,-1.040858453655e-04,4.384388673031e-01,3.333746227685e-02,-7.072166887066e-05
"                 515",-1.025774769554e+00,2.511550543202e+01,-3.336614556923e-05,-5.870614195197e-01,2.514883854607e+01,-1.055859420676e-04,4.387133500343e-01,3.333311405513e-02,-7.221979649841e-05
"                 516",-1.025598565068e+00,2.511579357465e+01,-3.336793505415e-05,-5.866130449317e-01,2.514912300098e+01,-1.070969634416e-04,4.389855201360e-01,3.332942633052e-02,-7.372902838750e-05
"                 517",-1.025432530398e+00,2.511615946704e+01,-3.336981924193e-05,-5.861770800489e-01,2.514948573689e+01,-1.086158546833e-04,4.392554503487e-01,3.332626985326e-02,-7.524603544136e-05
"                 518",-1.025276649376e+00,2.511653531903e+01,-3.337224371163e-05,-5.857536017202e-01,2.514985864639e+01,-1.101344878787e-04,4.395230476560e-01,3.332332736209e-02,-7.676224416709e-05
"                 519",-1.025125587092e+00,2.511685716045e+01,-3.337511963346e-05,-5.853372986605e-01,2.515017743973e+01,-1.116426535949e-04,4.397882884314e-01,3.332027928007e-02,-7.826753396145e-05
"                 520",-1.024971343628e+00,2.511708777896e+01,-3.337793453637e-05,-5.849202047620e-01,2.515040460773e+01,-1.131388264678e-04,4.400511388663e-01,3.331682877361e-02,-7.976089193144e-05
"                 521",-1.024806485457e+00,2.511720591349e+01,-3.338026294314e-05,-5.844949862391e-01,2.515051855507e+01,-1.146241172203e-04,4.403114992181e-01,3.331264158087e-02,-8.124385427712e-05
"                 522",-1.024632690588e+00,2.511724295676e+01,-3.338219179203e-05,-5.840633877683e-01,2.515055045701e+01,-1.161001465934e-04,4.405693028195e-01,3.330750025741e-02,-8.271795480140e-05
"                 523",-1.024456784742e+00,2.511725272704e+01,-3.338431336555e-05,-5.836321931869e-01,2.515055416547e+01,-1.175616079372e-04,4.408245915554e-01,3.330143842440e-02,-8.417729457168e-05
"                 524",-1.024283148038e+00,2.511725180770e+01,-3.338680370920e-05,-5.832056231753e-01,2.515054661696e+01,-1.189960843622e-04,4.410775248625e-01,3.329480926235e-02,-8.560928065305e-05
"                 525",-1.024112232218e+00,2.511723375721e+01,-3.338931796825e-05,-5.827841067035e-01,2.515052162691e+01,-1.203976011877e-04,4.413281255146e-01,3.328786969992e-02,-8.700828321946e-05
"                 526",-1.023943568765e+00,2.511719750637e+01,-3.339149125897e-05,-5.823671836540e-01,2.515047823164e+01,-1.217664969615e-04,4.415763851108e-01,3.328072527123e-02,-8.837500570258e-05
"                 527",-1.023775344397e+00,2.511715947935e+01,-3.339326949920e-05,-5.819529935839e-01,2.515043315106e+01,-1.231080241752e-04,4.418223508132e-01,3.327367171234e-02,-8.971475467599e-05
"                 528",-1.023601434080e+00,2.511711576221e+01,-3.339488316369e-05,-5.815353462470e-01,2.515038249091e+01,-1.244239302705e-04,4.420660878334e-01,3.326672869739e-02,-9.102904710679e-05
"                 529",-1.023428557482e+00,2.511711555444e+01,-3.339649090145e-05,-5.811209236242e-01,2.515037550895e+01,-1.257052734277e-04,4.423076338575e-01,3.325995451071e-02,-9.230878252629e-05
"                 530",-1.023267213686e+00,2.511718461896e+01,-3.339827276411e-05,-5.807202451589e-01,2.515043787507e+01,-1.269386125772e-04,4.425469685276e-01,3.325325611788e-02,-9.354033981308e-05
"                 531",-1.023108949667e+00,2.511723641714e+01,-3.340041717655e-05,-5.803248994970e-01,2.515048266253e+01,-1.281178156344e-04,4.427840501697e-01,3.324624538310e-02,-9.471739845784e-05
"                 532",-1.022957375462e+00,2.511727929147e+01,-3.340296646527e-05,-5.799384614341e-01,2.515051830735e+01,-1.292441487833e-04,4.430189140275e-01,3.323901588478e-02,-9.584118231804e-05
"                 533",-1.022809773128e+00,2.511731277999e+01,-3.340561943082e-05,-5.795581402263e-01,2.515054464116e+01,-1.303265078244e-04,4.432516329021e-01,3.323186117758e-02,-9.692088839354e-05
"                 534",-1.022667819653e+00,2.511735043567e+01,-3.340816706291e-05,-5.791856179720e-01,2.515057530658e+01,-1.313746699799e-04,4.434822016815e-01,3.322487091660e-02,-9.796650291701e-05
"                 535",-1.022521318559e+00,2.511736368839e+01,-3.341079451501e-05,-5.788107957826e-01,2.515058165346e+01,-1.323955634956e-04,4.437105227768e-01,3.321796507598e-02,-9.898476898061e-05
"                 536",-1.022367103479e+00,2.511736001840e+01,-3.341384788922e-05,-5.784305701507e-01,2.515057117153e+01,-1.333904380766e-04,4.439365333282e-01,3.321115313255e-02,-9.997659018743e-05
"                 537",-1.022210044218e+00,2.511735757040e+01,-3.341717883913e-05,-5.780496723255e-01,2.515056210668e+01,-1.343462823214e-04,4.441603718929e-01,3.320453627991e-02,-1.009291034822e-04
"                 538",-1.022061287943e+00,2.511736493197e+01,-3.342008306454e-05,-5.776790769657e-01,2.515056307492e+01,-1.352529869071e-04,4.443822109776e-01,3.319814294668e-02,-1.018329038425e-04
"                 539",-1.021927624856e+00,2.511740505695e+01,-3.342203487122e-05,-5.773256197664e-01,2.515059694957e+01,-1.361170621397e-04,4.446020050894e-01,3.319189262618e-02,-1.026950272684e-04
"                 540",-1.021799458856e+00,2.511745332993e+01,-3.342347049307e-05,-5.769796840353e-01,2.515063917358e+01,-1.369484658944e-04,4.448197748208e-01,3.318584364924e-02,-1.035249954014e-04
"                 541",-1.021661001788e+00,2.511745287668e+01,-3.342522267801e-05,-5.766254915315e-01,2.515063302830e+01,-1.377493166544e-04,4.450355102561e-01,3.318015162445e-02,-1.043240939764e-04
"                 542",-1.021515298128e+00,2.511745447547e+01,-3.342763634387e-05,-5.762660583081e-01,2.515062940268e+01,-1.385143064822e-04,4.452492398197e-01,3.317492721504e-02,-1.050866701384e-04
"                 543",-1.021375230983e+00,2.511750704099e+01,-3.343049479170e-05,-5.759142431301e-01,2.515067708639e+01,-1.392449435989e-04,4.454609878534e-01,3.317004540702e-02,-1.058144488072e-04
"                 544",-1.021245000816e+00,2.511757979231e+01,-3.343342778811e-05,-5.755742451326e-01,2.515074502462e+01,-1.399441015512e-04,4.456707556835e-01,3.316523230855e-02,-1.065106737631e-04
"                 545",-1.021127503375e+00,2.511769391063e+01,-3.343624254598e-05,-5.752489893489e-01,2.515085422708e+01,-1.406154224103e-04,4.458785140258e-01,3.316031645585e-02,-1.071791798643e-04
"                 546",-1.021022149042e+00,2.511787479005e+01,-3.343860969433e-05,-5.749378921660e-01,2.515102997703e+01,-1.412589092896e-04,4.460842568760e-01,3.315518697652e-02,-1.078202995953e-04
"                 547",-1.020920485240e+00,2.511809502787e+01,-3.344054879136e-05,-5.746325223359e-01,2.515124486492e+01,-1.418754060556e-04,4.462879629045e-01,3.314983705871e-02,-1.084348572642e-04
"                 548",-1.020812000522e+00,2.511830367679e+01,-3.344243094539e-05,-5.743224009674e-01,2.515144789502e+01,-1.424690805745e-04,4.464895995544e-01,3.314421823379e-02,-1.090266496291e-04
"                 549",-1.020699766727e+00,2.511853759059e+01,-3.344451375202e-05,-5.740106035614e-01,2.515167589745e+01,-1.430429831511e-04,4.466891631655e-01,3.313830685613e-02,-1.095984693991e-04
"                 550",-1.020595284147e+00,2.511885544458e+01,-3.344681597904e-05,-5.737084417581e-01,2.515198776423e+01,-1.435938117954e-04,4.468868423890e-01,3.313231964986e-02,-1.101469958163e-04
"                 551",-1.020501718573e+00,2.511920611706e+01,-3.344912423024e-05,-5.734188858705e-01,2.515233261724e+01,-1.441132918656e-04,4.470828327023e-01,3.312650018096e-02,-1.106641676354e-04
"                 552",-1.020405092940e+00,2.511951413052e+01,-3.345153108429e-05,-5.731279958789e-01,2.515263507181e+01,-1.445960941858e-04,4.472770970611e-01,3.312094129545e-02,-1.111445631015e-04
"                 553",-1.020299902553e+00,2.511980584592e+01,-3.345399219358e-05,-5.728303010027e-01,2.515292167946e+01,-1.450387960293e-04,4.474696015506e-01,3.311583353572e-02,-1.115848038357e-04
"                 554",-1.020191415619e+00,2.512013161950e+01,-3.345654360206e-05,-5.725310880017e-01,2.515324293357e+01,-1.454456231478e-04,4.476603276170e-01,3.311131406977e-02,-1.119890795457e-04
"                 555",-1.020088841745e+00,2.512050260265e+01,-3.345940599161e-05,-5.722395242665e-01,2.515361013813e+01,-1.458166234569e-04,4.478493174787e-01,3.310753548324e-02,-1.123572174653e-04
"                 556",-1.019993314889e+00,2.512087299868e+01,-3.346271037507e-05,-5.719567271699e-01,2.515397741617e+01,-1.461488699648e-04,4.480365877187e-01,3.310441748561e-02,-1.126861595898e-04
"                 557",-1.019906315391e+00,2.512126418544e+01,-3.346622965541e-05,-5.716841496653e-01,2.515436588463e+01,-1.464401145147e-04,4.482221657261e-01,3.310169919071e-02,-1.129738848592e-04
"                 558",-1.019824024543e+00,2.512169917079e+01,-3.346951978118e-05,-5.714179959631e-01,2.515479832362e+01,-1.466893925109e-04,4.484060285801e-01,3.309915283367e-02,-1.132198727297e-04
"                 559",-1.019742546094e+00,2.512217993084e+01,-3.347236976300e-05,-5.711540985294e-01,2.515527663383e+01,-1.468970115093e-04,4.485884475647e-01,3.309670299582e-02,-1.134246417463e-04
"                 560",-1.019664514799e+00,2.512269470859e+01,-3.347507191893e-05,-5.708953934521e-01,2.515578909234e+01,-1.470630173322e-04,4.487691213465e-01,3.309438374852e-02,-1.135879454133e-04
"                 561",-1.019596333459e+00,2.512325256619e+01,-3.347774544834e-05,-5.706483991169e-01,2.515634470900e+01,-1.471875018177e-04,4.489479343418e-01,3.309214281339e-02,-1.137097563693e-04
"                 562",-1.019542583412e+00,2.512390358420e+01,-3.348034613062e-05,-5.704177459196e-01,2.515699339471e+01,-1.472704360486e-04,4.491248374921e-01,3.308981051641e-02,-1.137900899180e-04
"                 563",-1.019498993127e+00,2.512466066426e+01,-3.348289420762e-05,-5.701990444931e-01,2.515774815964e+01,-1.473055879577e-04,4.492999486340e-01,3.308749537422e-02,-1.138226937500e-04
"                 564",-1.019451795325e+00,2.512542713744e+01,-3.348548640478e-05,-5.699782849769e-01,2.515851226324e+01,-1.472866495504e-04,4.494735103477e-01,3.308512579706e-02,-1.138011631456e-04
"                 565",-1.019399237142e+00,2.512617886649e+01,-3.348803781069e-05,-5.697535024964e-01,2.515926136794e+01,-1.472125661677e-04,4.496457346452e-01,3.308250145097e-02,-1.137245283570e-04
"                 566",-1.019349057470e+00,2.512693843392e+01,-3.349049287550e-05,-5.695323754856e-01,2.516001772946e+01,-1.470834822165e-04,4.498166819849e-01,3.307929553865e-02,-1.135929893410e-04
"                 567",-1.019306213682e+00,2.512771433240e+01,-3.349283008913e-05,-5.693199943675e-01,2.516078985404e+01,-1.468842645170e-04,4.499862193144e-01,3.307552163555e-02,-1.133914344279e-04
"                 568",-1.019266110983e+00,2.512847740261e+01,-3.349521862224e-05,-5.691118988354e-01,2.516154898838e+01,-1.466199509354e-04,4.501542121480e-01,3.307158576800e-02,-1.131247323131e-04
"                 569",-1.019224745653e+00,2.512926279257e+01,-3.349800766129e-05,-5.689041089033e-01,2.516233078226e+01,-1.463207951983e-04,4.503206367500e-01,3.306798969316e-02,-1.128227875370e-04
"                 570",-1.019183399700e+00,2.513010223321e+01,-3.350112574893e-05,-5.686979704549e-01,2.516316705064e+01,-1.459856291246e-04,4.504854292454e-01,3.306481742997e-02,-1.124845033757e-04
"                 571",-1.019143900155e+00,2.513096976532e+01,-3.350422821784e-05,-5.684953134790e-01,2.516403175645e+01,-1.456075389160e-04,4.506485866761e-01,3.306199113077e-02,-1.121033106982e-04
"                 572",-1.019106385417e+00,2.513181094978e+01,-3.350718023399e-05,-5.682962552197e-01,2.516487033401e+01,-1.451754514479e-04,4.508101301972e-01,3.305938422793e-02,-1.116682712139e-04
"                 573",-1.019068273266e+00,2.513259049125e+01,-3.351020309894e-05,-5.680980409740e-01,2.516564750593e+01,-1.446842340458e-04,4.509702322921e-01,3.305701468176e-02,-1.111740309469e-04
"                 574",-1.019027587317e+00,2.513332712593e+01,-3.351356705320e-05,-5.678985523254e-01,2.516638189199e+01,-1.441282689342e-04,4.511290349915e-01,3.305476606297e-02,-1.106147018810e-04
"                 575",-1.018988391643e+00,2.513407802765e+01,-3.351722353723e-05,-5.677017473999e-01,2.516713081367e+01,-1.435231607535e-04,4.512866442429e-01,3.305278602315e-02,-1.100059372163e-04
"                 576",-1.018957247252e+00,2.513489480936e+01,-3.352110564250e-05,-5.675140524557e-01,2.516794590911e+01,-1.429032263782e-04,4.514431947961e-01,3.305109974908e-02,-1.093821207357e-04
"                 577",-1.018937751801e+00,2.513577449216e+01,-3.352522200690e-05,-5.673388043857e-01,2.516882433217e+01,-1.422308109944e-04,4.515989474149e-01,3.304984001405e-02,-1.087055889875e-04
"                 578",-1.018929336360e+00,2.513670628886e+01,-3.352962657536e-05,-5.671751764282e-01,2.516975558213e+01,-1.415338119889e-04,4.517541599314e-01,3.304929326986e-02,-1.080041854135e-04
"                 579",-1.018923466753e+00,2.513760059410e+01,-3.353423689779e-05,-5.670147740534e-01,2.517064940745e+01,-1.408215038280e-04,4.519086926998e-01,3.304881335764e-02,-1.072872669303e-04
"                 580",-1.018910327521e+00,2.513845310951e+01,-3.353909516731e-05,-5.668481353058e-01,2.517150136955e+01,-1.401044490865e-04,4.520621922156e-01,3.304826004419e-02,-1.065653539192e-04
"                 581",-1.018891364092e+00,2.513933406644e+01,-3.354391897875e-05,-5.666769794891e-01,2.517238164949e+01,-1.393976126373e-04,4.522143846028e-01,3.304758304758e-02,-1.058536936586e-04
"                 582",-1.018874818656e+00,2.514028442536e+01,-3.354849078787e-05,-5.665096545315e-01,2.517333103932e+01,-1.386811442623e-04,4.523651641247e-01,3.304661396107e-02,-1.051326534744e-04
"                 583",-1.018864138094e+00,2.514124330378e+01,-3.355256692528e-05,-5.663502552950e-01,2.517428809660e+01,-1.379309893949e-04,4.525138827990e-01,3.304479282054e-02,-1.043784224696e-04
"                 584",-1.018860076128e+00,2.514218160006e+01,-3.355621096359e-05,-5.661994229874e-01,2.517522438635e+01,-1.371659005282e-04,4.526606531402e-01,3.304278628885e-02,-1.036096895646e-04
"                 585",-1.018861156835e+00,2.514315090949e+01,-3.355976304551e-05,-5.660552278335e-01,2.517619216215e+01,-1.364087394763e-04,4.528059290012e-01,3.304125265947e-02,-1.028489764308e-04
"                 586",-1.018864523589e+00,2.514419489667e+01,-3.356348838165e-05,-5.659146282962e-01,2.517723518078e+01,-1.356550948430e-04,4.529498952927e-01,3.304028410447e-02,-1.020916064614e-04
"                 587",-1.018869693969e+00,2.514529522943e+01,-3.356730851114e-05,-5.657770331080e-01,2.517833499019e+01,-1.349017550485e-04,4.530926608610e-01,3.303976075943e-02,-1.013344465374e-04
"                 588",-1.018875964224e+00,2.514639723794e+01,-3.357095744822e-05,-5.656417166223e-01,2.517943665586e+01,-1.341544762300e-04,4.532342476012e-01,3.303941791867e-02,-1.005835187818e-04
"                 589",-1.018881332056e+00,2.514745478766e+01,-3.357426544834e-05,-5.655067250182e-01,2.518049375808e+01,-1.334184409336e-04,4.533746070376e-01,3.303897041258e-02,-9.984417548529e-05
"                 590",-1.018878765573e+00,2.514845230302e+01,-3.357720342200e-05,-5.653650599712e-01,2.518149060858e+01,-1.326999952951e-04,4.535137056017e-01,3.303830555027e-02,-9.912279187311e-05
"                 591",-1.018872213033e+00,2.514946233649e+01,-3.357980598557e-05,-5.652206298350e-01,2.518249984090e+01,-1.320059299437e-04,4.536515831982e-01,3.303750441793e-02,-9.842612395816e-05
"                 592",-1.018867903404e+00,2.515053062066e+01,-3.358218039795e-05,-5.650796168749e-01,2.518356738244e+01,-1.313359428398e-04,4.537882865288e-01,3.303676177536e-02,-9.775376244189e-05
"                 593",-1.018866244820e+00,2.515161458190e+01,-3.358464331285e-05,-5.649422975097e-01,2.518465076485e+01,-1.306895890413e-04,4.539239473099e-01,3.303618294317e-02,-9.710494572846e-05
"                 594",-1.018863534012e+00,2.515265961445e+01,-3.358764114280e-05,-5.648048581026e-01,2.518569538025e+01,-1.300662671694e-04,4.540586759097e-01,3.303576579900e-02,-9.647862602655e-05
"                 595",-1.018863728675e+00,2.515368202906e+01,-3.359135307789e-05,-5.646710800472e-01,2.518671775893e+01,-1.294597684553e-04,4.541926486283e-01,3.303572987671e-02,-9.586841537746e-05
"                 596",-1.018871599015e+00,2.515472144063e+01,-3.359539387755e-05,-5.645455961731e-01,2.518775768408e+01,-1.288608817018e-04,4.543260028417e-01,3.303624345032e-02,-9.526548782425e-05
"                 597",-1.018886033599e+00,2.515577685282e+01,-3.359914392924e-05,-5.644272410449e-01,2.518881406387e+01,-1.282630920935e-04,4.544587925537e-01,3.303721105474e-02,-9.466394816425e-05
"                 598",-1.018903858508e+00,2.515683677127e+01,-3.360207354390e-05,-5.643128157180e-01,2.518987534271e+01,-1.276667712690e-04,4.545910427898e-01,3.303857144185e-02,-9.406469772509e-05
"                 599",-1.018927675888e+00,2.515791927032e+01,-3.360398419868e-05,-5.642049022531e-01,2.519095963810e+01,-1.270765541295e-04,4.547227736345e-01,3.304036778244e-02,-9.347256993080e-05
"                 600",-1.018963420214e+00,2.515905265964e+01,-3.360511451417e-05,-5.641093660855e-01,2.519209542790e+01,-1.264987896073e-04,4.548540541283e-01,3.304276826291e-02,-9.289367509308e-05
"                 601",-1.019013864272e+00,2.516023671342e+01,-3.360586550690e-05,-5.640288841756e-01,2.519328271929e+01,-1.259388462812e-04,4.549849800962e-01,3.304600587119e-02,-9.233298077430e-05
"                 602",-1.019071208363e+00,2.516142639117e+01,-3.360671953648e-05,-5.639556758659e-01,2.519447640025e+01,-1.253969373390e-04,4.551155324971e-01,3.305000908685e-02,-9.179021780257e-05
"                 603",-1.019130718981e+00,2.516262146417e+01,-3.360801360519e-05,-5.638850858090e-01,2.519567595566e+01,-1.248689729549e-04,4.552456331718e-01,3.305449148905e-02,-9.126095934967e-05
"                 604",-1.019188505808e+00,2.516382447872e+01,-3.360973380268e-05,-5.638132571227e-01,2.519688369015e+01,-1.243507149622e-04,4.553752486853e-01,3.305921143054e-02,-9.074098115947e-05
"                 605",-1.019239906293e+00,2.516502302560e+01,-3.361174832241e-05,-5.637356187948e-01,2.519808681575e+01,-1.238414744732e-04,4.555042874977e-01,3.306379014284e-02,-9.022972615074e-05
"                 606",-1.019280792379e+00,2.516619373646e+01,-3.361396340463e-05,-5.636481646758e-01,2.519926149107e+01,-1.233417212159e-04,4.556326277032e-01,3.306775460441e-02,-8.972775781123e-05
"                 607",-1.019312477466e+00,2.516732583763e+01,-3.361620974810e-05,-5.635522835291e-01,2.520039673039e+01,-1.228515714890e-04,4.557601939374e-01,3.307089275537e-02,-8.923536174088e-05
"                 608",-1.019336003004e+00,2.516841203136e+01,-3.361837744436e-05,-5.634490338693e-01,2.520148545526e+01,-1.223714362972e-04,4.558869691346e-01,3.307342389277e-02,-8.875305885281e-05
"                 609",-1.019351770001e+00,2.516944821029e+01,-3.362041513762e-05,-5.633389375202e-01,2.520252357259e+01,-1.219021635880e-04,4.560128324804e-01,3.307536230025e-02,-8.828174845040e-05
"                 610",-1.019358777115e+00,2.517044995725e+01,-3.362242389186e-05,-5.632211491280e-01,2.520352663805e+01,-1.214435244902e-04,4.561376279866e-01,3.307668080198e-02,-8.782110059830e-05
"                 611",-1.019359639257e+00,2.517143732162e+01,-3.362442294341e-05,-5.630982592019e-01,2.520451489469e+01,-1.209879779276e-04,4.562613800549e-01,3.307757307570e-02,-8.736355498420e-05
"                 612",-1.019355926673e+00,2.517239992120e+01,-3.362637779951e-05,-5.629717304350e-01,2.520547813640e+01,-1.205277067169e-04,4.563841962382e-01,3.307821520255e-02,-8.690132891735e-05
"                 613",-1.019349368557e+00,2.517333664842e+01,-3.362842558484e-05,-5.628432073270e-01,2.520641534834e+01,-1.200625234402e-04,4.565061612299e-01,3.307869991608e-02,-8.643409785540e-05
"                 614",-1.019340080288e+00,2.517425158395e+01,-3.363074757243e-05,-5.627127871785e-01,2.520733054510e+01,-1.195946556973e-04,4.566272931096e-01,3.307896114537e-02,-8.596390812491e-05
"                 615",-1.019323413681e+00,2.517512837613e+01,-3.363329150730e-05,-5.625758734105e-01,2.520820712839e+01,-1.191202501502e-04,4.567475402702e-01,3.307875225519e-02,-8.548695864295e-05
"                 616",-1.019296315187e+00,2.517595447736e+01,-3.363574303667e-05,-5.624295736853e-01,2.520903209245e+01,-1.186268684217e-04,4.568667415021e-01,3.307761508882e-02,-8.499112538503e-05
"                 617",-1.019267126463e+00,2.517676963455e+01,-3.363785441680e-05,-5.622823844548e-01,2.520984510706e+01,-1.181106828970e-04,4.569847420085e-01,3.307547250776e-02,-8.447282848022e-05
"                 618",-1.019236669684e+00,2.517756380926e+01,-3.363935880427e-05,-5.621352204661e-01,2.521063638087e+01,-1.175777645844e-04,4.571014492180e-01,3.307257160904e-02,-8.393840578012e-05
"                 619",-1.019201304754e+00,2.517830969302e+01,-3.364036039012e-05,-5.619844699327e-01,2.521137897893e+01,-1.170362067682e-04,4.572168348217e-01,3.306928591160e-02,-8.339584637806e-05
"                 620",-1.019163361756e+00,2.517903013636e+01,-3.364115329104e-05,-5.618324153091e-01,2.521209634274e+01,-1.164930611189e-04,4.573309464465e-01,3.306620638283e-02,-8.285190782782e-05
"                 621",-1.019131338464e+00,2.517977253478e+01,-3.364200255279e-05,-5.616875239065e-01,2.521283619764e+01,-1.159535848477e-04,4.574438145573e-01,3.306366285827e-02,-8.231158229495e-05
"                 622",-1.019108181356e+00,2.518052568289e+01,-3.364279943187e-05,-5.615527276211e-01,2.521358702528e+01,-1.154170137534e-04,4.575554537353e-01,3.306134238625e-02,-8.177421432151e-05
"                 623",-1.019082726052e+00,2.518121187063e+01,-3.364336815979e-05,-5.614167756531e-01,2.521427085992e+01,-1.148842232845e-04,4.576659503992e-01,3.305898929062e-02,-8.124085512467e-05
"                 624",-1.019051561478e+00,2.518183636958e+01,-3.364359574273e-05,-5.612761610367e-01,2.521489305451e+01,-1.143515578519e-04,4.577754004409e-01,3.305668492098e-02,-8.070796210918e-05
"                 625",-1.019013466925e+00,2.518244492622e+01,-3.364356606186e-05,-5.611296004663e-01,2.521549940107e+01,-1.138213708482e-04,4.578838664588e-01,3.305447484792e-02,-8.017780478635e-05
"                 626",-1.018975442158e+00,2.518309665206e+01,-3.364352088549e-05,-5.609841270909e-01,2.521614907065e+01,-1.133043950600e-04,4.579913150673e-01,3.305241858212e-02,-7.966087417456e-05
"                 627",-1.018937976528e+00,2.518377387395e+01,-3.364358459482e-05,-5.608402572553e-01,2.521682436141e+01,-1.128029240447e-04,4.580977192724e-01,3.305048746009e-02,-7.915933944983e-05
"                 628",-1.018901172876e+00,2.518443056739e+01,-3.364364755267e-05,-5.606980503060e-01,2.521747921511e+01,-1.123107380055e-04,4.582031225702e-01,3.304864771472e-02,-7.866709045287e-05
"                 629",-1.018862945822e+00,2.518503392346e+01,-3.364358573601e-05,-5.605554145707e-01,2.521808070319e+01,-1.118198293337e-04,4.583075312512e-01,3.304677972953e-02,-7.817624359774e-05
"                 630",-1.018821434631e+00,2.518557543993e+01,-3.364339905593e-05,-5.604104796133e-01,2.521862006016e+01,-1.113281693682e-04,4.584109550172e-01,3.304462022608e-02,-7.768477031223e-05
"                 631",-1.018781743883e+00,2.518613679425e+01,-3.364330159037e-05,-5.602683977447e-01,2.521917855142e+01,-1.108388878620e-04,4.585133461384e-01,3.304175717652e-02,-7.719558627159e-05
"                 632",-1.018745537243e+00,2.518676732425e+01,-3.364343795531e-05,-5.601309520532e-01,2.521980541269e+01,-1.103511269132e-04,4.586145851895e-01,3.303808844200e-02,-7.670768895792e-05
"                 633",-1.018702681419e+00,2.518739892393e+01,-3.364372438645e-05,-5.599881072143e-01,2.522043229668e+01,-1.098646679938e-04,4.587145742049e-01,3.303337274908e-02,-7.622094360735e-05
"                 634",-1.018649694532e+00,2.518796807933e+01,-3.364420624399e-05,-5.598364983169e-01,2.522099531941e+01,-1.093823101895e-04,4.588131962147e-01,3.302724008040e-02,-7.573810394551e-05
"                 635",-1.018590251139e+00,2.518847620937e+01,-3.364497842393e-05,-5.596798992602e-01,2.522149632434e+01,-1.089019175334e-04,4.589103518783e-01,3.302011497462e-02,-7.525693910947e-05
"                 636",-1.018530193940e+00,2.518896767236e+01,-3.364606303845e-05,-5.595241575794e-01,2.522198066834e+01,-1.084100408978e-04,4.590060363606e-01,3.301299597636e-02,-7.476397785932e-05
"                 637",-1.018470396355e+00,2.518946008815e+01,-3.364735238613e-05,-5.593701311050e-01,2.522246682864e+01,-1.078911259741e-04,4.591002652498e-01,3.300674048183e-02,-7.424377358795e-05
"                 638",-1.018410819581e+00,2.518995080462e+01,-3.364872509919e-05,-5.592177660740e-01,2.522295233420e+01,-1.073434435794e-04,4.591930535069e-01,3.300152958518e-02,-7.369471848021e-05
"                 639",-1.018350446808e+00,2.519042185559e+01,-3.365006150071e-05,-5.590660394796e-01,2.522341892319e+01,-1.067750054785e-04,4.592844073287e-01,3.299706760556e-02,-7.312494397776e-05
"                 640",-1.018288873313e+00,2.519087208557e+01,-3.365133921769e-05,-5.589144471879e-01,2.522386516998e+01,-1.061936162893e-04,4.593744261251e-01,3.299308440994e-02,-7.254227707165e-05
"                 641",-1.018227551423e+00,2.519132827670e+01,-3.365263371502e-05,-5.587642361997e-01,2.522431762140e+01,-1.056017962442e-04,4.594633152231e-01,3.298934469442e-02,-7.194916252921e-05
"                 642",-1.018169992733e+00,2.519180436879e+01,-3.365407922475e-05,-5.586186645774e-01,2.522478996043e+01,-1.050017002567e-04,4.595513281554e-01,3.298559163567e-02,-7.134762103195e-05
"                 643",-1.018117115946e+00,2.519230512095e+01,-3.365574313645e-05,-5.584785503190e-01,2.522528673410e+01,-1.043970061414e-04,4.596385656268e-01,3.298161314636e-02,-7.074126300496e-05
"                 644",-1.018067500294e+00,2.519282252238e+01,-3.365760568544e-05,-5.583424575043e-01,2.522579951218e+01,-1.037922889061e-04,4.597250427895e-01,3.297698979317e-02,-7.013468322062e-05
"                 645",-1.018017651742e+00,2.519334146638e+01,-3.365962368933e-05,-5.582070371816e-01,2.522631292484e+01,-1.031921657541e-04,4.598106145603e-01,3.297145845924e-02,-6.953254206475e-05
"                 646",-1.017964512225e+00,2.519384849873e+01,-3.366180750928e-05,-5.580694458220e-01,2.522681372488e+01,-1.025987544375e-04,4.598950664034e-01,3.296522615370e-02,-6.893694692824e-05
"                 647",-1.017908093570e+00,2.519433826853e+01,-3.366413732781e-05,-5.579297810761e-01,2.522729709299e+01,-1.020085603505e-04,4.599783124940e-01,3.295882446445e-02,-6.834442302266e-05
"                 648",-1.017850199158e+00,2.519480791272e+01,-3.366660383040e-05,-5.577898528433e-01,2.522776046379e+01,-1.014212846417e-04,4.600603463151e-01,3.295255106919e-02,-6.775468081135e-05
"                 649",-1.017795088179e+00,2.519529856052e+01,-3.366921632908e-05,-5.576538635645e-01,2.522824546484e+01,-1.008356948643e-04,4.601412246142e-01,3.294690432648e-02,-6.716647853520e-05
"                 650",-1.017743557266e+00,2.519583826042e+01,-3.367193037934e-05,-5.575226440256e-01,2.522878033271e+01,-1.002499278473e-04,4.602209132403e-01,3.294207228689e-02,-6.657799746799e-05
"                 651",-1.017693553865e+00,2.519641299853e+01,-3.367467529384e-05,-5.573940657127e-01,2.522935098492e+01,-9.967162901364e-05,4.602994881524e-01,3.293798638410e-02,-6.599695371980e-05
"                 652",-1.017643396499e+00,2.519697511318e+01,-3.367743769078e-05,-5.572663128916e-01,2.522990935214e+01,-9.911537606512e-05,4.603770836069e-01,3.293423896741e-02,-6.543793837434e-05
"                 653",-1.017592498059e+00,2.519750096901e+01,-3.368021894114e-05,-5.571388467119e-01,2.523043084105e+01,-9.860523136408e-05,4.604536513471e-01,3.292987204637e-02,-6.492501242294e-05
"                 654",-1.017539908210e+00,2.519797931009e+01,-3.368298913461e-05,-5.570106159330e-01,2.523090340790e+01,-9.814865061365e-05,4.605292922768e-01,3.292409781074e-02,-6.446566147903e-05
"                 655",-1.017486298574e+00,2.519842519246e+01,-3.368573683753e-05,-5.568821529193e-01,2.523134253981e+01,-9.772324329689e-05,4.606041456546e-01,3.291734735268e-02,-6.403750645937e-05
"                 656",-1.017434197794e+00,2.519888023732e+01,-3.368850050400e-05,-5.567560445441e-01,2.523179062307e+01,-9.730684655183e-05,4.606781532496e-01,3.291038574863e-02,-6.361834604783e-05
"                 657",-1.017384678169e+00,2.519937089302e+01,-3.369132830258e-05,-5.566334771401e-01,2.523227477757e+01,-9.688371710351e-05,4.607512010290e-01,3.290388454468e-02,-6.319238880093e-05
"                 658",-1.017336302205e+00,2.519987041854e+01,-3.369425177986e-05,-5.565130332521e-01,2.523276866362e+01,-9.645252610791e-05,4.608232689528e-01,3.289824508041e-02,-6.275827432804e-05
"                 659",-1.017289490879e+00,2.520035815347e+01,-3.369727181836e-05,-5.563950594524e-01,2.523325163763e+01,-9.601156277928e-05,4.608944314270e-01,3.289348415946e-02,-6.231429096092e-05
"                 660",-1.017243608576e+00,2.520082295596e+01,-3.370041644523e-05,-5.562788853741e-01,2.523371224877e+01,-9.556350119993e-05,4.609647232020e-01,3.288929280599e-02,-6.186308475470e-05
"                 661",-1.017198867136e+00,2.520128924559e+01,-3.370374493738e-05,-5.561646775883e-01,2.523417470410e+01,-9.511524319716e-05,4.610341895476e-01,3.288545850844e-02,-6.141149825978e-05
"                 662",-1.017157283788e+00,2.520179693461e+01,-3.370736847318e-05,-5.560543188624e-01,2.523467880589e+01,-9.467596642849e-05,4.611029649259e-01,3.288187127923e-02,-6.096859795531e-05
"                 663",-1.017120025440e+00,2.520234904986e+01,-3.371131430210e-05,-5.559489298783e-01,2.523522734826e+01,-9.424685482186e-05,4.611710955617e-01,3.287829839660e-02,-6.053554051976e-05
"                 664",-1.017084727232e+00,2.520287869152e+01,-3.371551558941e-05,-5.558462723379e-01,2.523575314265e+01,-9.382851791181e-05,4.612384548944e-01,3.287445112954e-02,-6.011300232240e-05
"                 665",-1.017047423557e+00,2.520334437650e+01,-3.371984718064e-05,-5.557425474131e-01,2.523621460806e+01,-9.341855128479e-05,4.613048761439e-01,3.287023156016e-02,-5.969870410416e-05
"                 666",-1.017008531558e+00,2.520379996933e+01,-3.372424137486e-05,-5.556381720782e-01,2.523666597367e+01,-9.301188067802e-05,4.613703594801e-01,3.286600434090e-02,-5.928763930316e-05
"                 667",-1.016969300389e+00,2.520428194313e+01,-3.372871664850e-05,-5.555343002481e-01,2.523714367249e+01,-9.261209941443e-05,4.614350001410e-01,3.286172935398e-02,-5.888338276593e-05
"                 668",-1.016932863669e+00,2.520480828014e+01,-3.373331592631e-05,-5.554339074639e-01,2.523766564475e+01,-9.221619268358e-05,4.614989562050e-01,3.285736461454e-02,-5.848287675727e-05
"                 669",-1.016899321467e+00,2.520534142039e+01,-3.373798654784e-05,-5.553370884188e-01,2.523819409110e+01,-9.182459323016e-05,4.615622330482e-01,3.285267071127e-02,-5.808660668232e-05
"                 670",-1.016865958002e+00,2.520584520181e+01,-3.374258924240e-05,-5.552411528694e-01,2.523869320625e+01,-9.144028490837e-05,4.616248051326e-01,3.284800443879e-02,-5.769769566598e-05
"                 671",-1.016831721402e+00,2.520634748643e+01,-3.374702761371e-05,-5.551449996121e-01,2.523919132123e+01,-9.105765043569e-05,4.616867217901e-01,3.284383479766e-02,-5.731062282198e-05
"                 672",-1.016797091003e+00,2.520686862082e+01,-3.375127178284e-05,-5.550490863550e-01,2.523970870736e+01,-9.067941319898e-05,4.617480046480e-01,3.284008653996e-02,-5.692814141614e-05
"                 673",-1.016762023596e+00,2.520739440322e+01,-3.375538206195e-05,-5.549534725295e-01,2.524023066581e+01,-9.032785101593e-05,4.618085510668e-01,3.283626259062e-02,-5.657246895398e-05
"                 674",-1.016727824770e+00,2.520790850704e+01,-3.375943168183e-05,-5.548594863175e-01,2.524074079213e+01,-8.998734954457e-05,4.618683384527e-01,3.283228508897e-02,-5.622791786275e-05
"                 675",-1.016694985658e+00,2.520840248386e+01,-3.376345227622e-05,-5.547676682252e-01,2.524123053740e+01,-8.964564465413e-05,4.619273174328e-01,3.282805354843e-02,-5.588219237791e-05
"                 676",-1.016662882461e+00,2.520887098265e+01,-3.376744012541e-05,-5.546773427610e-01,2.524169471510e+01,-8.930896172004e-05,4.619855397001e-01,3.282373245174e-02,-5.554152159463e-05
"                 677",-1.016631500108e+00,2.520934368529e+01,-3.377142147476e-05,-5.545883595822e-01,2.524216362048e+01,-8.898091406900e-05,4.620431405259e-01,3.281993519189e-02,-5.520949259423e-05
"                 678",-1.016600922945e+00,2.520983500374e+01,-3.377541576132e-05,-5.545007375124e-01,2.524265162369e+01,-8.866208236500e-05,4.621001854324e-01,3.281661994378e-02,-5.488666660367e-05
"                 679",-1.016571629271e+00,2.521033994026e+01,-3.377945115475e-05,-5.544149409946e-01,2.524315335960e+01,-8.835086489547e-05,4.621566882768e-01,3.281341933539e-02,-5.457141374072e-05
"                 680",-1.016542865818e+00,2.521083878030e+01,-3.378351178628e-05,-5.543302243835e-01,2.524364859752e+01,-8.804362168129e-05,4.622126414349e-01,3.280981722074e-02,-5.426010989501e-05
"                 681",-1.016513499101e+00,2.521131980895e+01,-3.378756412355e-05,-5.542453997064e-01,2.524412574762e+01,-8.774738213186e-05,4.622680993950e-01,3.280593867783e-02,-5.395981800831e-05
"                 682",-1.016483303775e+00,2.521179008406e+01,-3.379156203834e-05,-5.541602378008e-01,2.524459229357e+01,-8.748433164325e-05,4.623230659740e-01,3.280220951165e-02,-5.369276960491e-05
"                 683",-1.016452706259e+00,2.521226355376e+01,-3.379548163724e-05,-5.540751296455e-01,2.524506226867e+01,-8.724584508267e-05,4.623775766136e-01,3.279871491136e-02,-5.345036344544e-05
"                 684",-1.016422525638e+00,2.521273863478e+01,-3.379933944838e-05,-5.539908926095e-01,2.524553401672e+01,-8.702746201111e-05,4.624316330287e-01,3.279538193465e-02,-5.322812256272e-05
"                 685",-1.016393169127e+00,2.521321532524e+01,-3.380316528756e-05,-5.539080018587e-01,2.524600761825e+01,-8.680356373333e-05,4.624851672680e-01,3.279229301654e-02,-5.300039844577e-05
"                 686",-1.016364331236e+00,2.521369537337e+01,-3.380697191137e-05,-5.538259837111e-01,2.524648501624e+01,-8.657481527352e-05,4.625383475249e-01,3.278964286185e-02,-5.276784336215e-05
"                 687",-1.016336420514e+00,2.521418942894e+01,-3.381081367133e-05,-5.537451595640e-01,2.524697686394e+01,-8.635995223555e-05,4.625912609499e-01,3.278743500691e-02,-5.254913856422e-05
"                 688",-1.016309946495e+00,2.521469459077e+01,-3.381471160701e-05,-5.536659326417e-01,2.524748011863e+01,-8.615866690451e-05,4.626440138535e-01,3.278552786232e-02,-5.234395529750e-05
"                 689",-1.016284478594e+00,2.521521303916e+01,-3.381863988752e-05,-5.535877926149e-01,2.524799706811e+01,-8.597163543974e-05,4.626966859787e-01,3.278402894491e-02,-5.215299555222e-05
"                 690",-1.016258831482e+00,2.521574321334e+01,-3.382255457352e-05,-5.535096527922e-01,2.524852591941e+01,-8.580385322659e-05,4.627491786897e-01,3.278270606724e-02,-5.198129865306e-05
"                 691",-1.016232524037e+00,2.521627167152e+01,-3.382642225123e-05,-5.534312567792e-01,2.524905268204e+01,-8.565406194379e-05,4.628012672576e-01,3.278101051337e-02,-5.182763969256e-05
"                 692",-1.016205134284e+00,2.521676944559e+01,-3.383021289137e-05,-5.533524125728e-01,2.524954820440e+01,-8.550670778303e-05,4.628527217112e-01,3.277875881400e-02,-5.167649489166e-05
"                 693",-1.016176945415e+00,2.521724717920e+01,-3.383394893944e-05,-5.532733547374e-01,2.525002368477e+01,-8.536134513852e-05,4.629035906780e-01,3.277650557397e-02,-5.152739619908e-05
"                 694",-1.016149681586e+00,2.521774106157e+01,-3.383768224188e-05,-5.531956648448e-01,2.525051568517e+01,-8.522581332614e-05,4.629540167413e-01,3.277462359935e-02,-5.138813108426e-05
"                 695",-1.016123884021e+00,2.521826027920e+01,-3.384140551443e-05,-5.531199552111e-01,2.525103330459e+01,-8.509350641518e-05,4.630039288095e-01,3.277302539075e-02,-5.125210090075e-05
"                 696",-1.016098887332e+00,2.521877872112e+01,-3.384504276821e-05,-5.530456960321e-01,2.525155011407e+01,-8.495897119373e-05,4.630531913002e-01,3.277139294224e-02,-5.111392842552e-05
"                 697",-1.016073653666e+00,2.521927536762e+01,-3.384853952066e-05,-5.529721102177e-01,2.525204456863e+01,-8.481004691824e-05,4.631015434480e-01,3.276920101073e-02,-5.096150739758e-05
"                 698",-1.016047446149e+00,2.521973507392e+01,-3.385188914381e-05,-5.528986890660e-01,2.525250118050e+01,-8.464010545560e-05,4.631487570835e-01,3.276610657697e-02,-5.078821631178e-05
"                 699",-1.016021792201e+00,2.522018480835e+01,-3.385516974796e-05,-5.528267550853e-01,2.525294751734e+01,-8.447126261681e-05,4.631950371160e-01,3.276270899346e-02,-5.061609286885e-05
"                 700",-1.015997890220e+00,2.522066866752e+01,-3.385844909409e-05,-5.527573094831e-01,2.525342834537e+01,-8.431424786848e-05,4.632405807373e-01,3.275967785282e-02,-5.045579877439e-05
"                 701",-1.015975610450e+00,2.522117884011e+01,-3.386169060462e-05,-5.526901378276e-01,2.525393608460e+01,-8.415368182234e-05,4.632854726221e-01,3.275724449243e-02,-5.029199121772e-05
"                 702",-1.015954693811e+00,2.522167522803e+01,-3.386480493756e-05,-5.526249669082e-01,2.525443042878e+01,-8.399271242991e-05,4.633297269028e-01,3.275520075657e-02,-5.012790749234e-05
"                 703",-1.015933748073e+00,2.522214388755e+01,-3.386777001919e-05,-5.525603049401e-01,2.525489714513e+01,-8.382872793826e-05,4.633734431333e-01,3.275325757984e-02,-4.996095791907e-05
"                 704",-1.015912424875e+00,2.522261310957e+01,-3.387061842775e-05,-5.524956221651e-01,2.525536448852e+01,-8.365801913438e-05,4.634168027097e-01,3.275137894629e-02,-4.978740070664e-05
"                 705",-1.015891093326e+00,2.522310650962e+01,-3.387341262957e-05,-5.524312026586e-01,2.525585609052e+01,-8.348410333168e-05,4.634598906679e-01,3.274958089563e-02,-4.961069070212e-05
"                 706",-1.015869030944e+00,2.522361775934e+01,-3.387608805462e-05,-5.523663399020e-01,2.525636565723e+01,-8.331487427035e-05,4.635026910416e-01,3.274789789119e-02,-4.943878621572e-05
"                 707",-1.015846220516e+00,2.522412404015e+01,-3.387861928366e-05,-5.523010714338e-01,2.525687039641e+01,-8.315373040095e-05,4.635451490817e-01,3.274635626227e-02,-4.927511111729e-05
"                 708",-1.015822672882e+00,2.522460680457e+01,-3.388103874268e-05,-5.522355923391e-01,2.525735163031e+01,-8.299681020202e-05,4.635870805432e-01,3.274482573851e-02,-4.911577145934e-05
"                 709",-1.015799149018e+00,2.522506590874e+01,-3.388342254458e-05,-5.521707458933e-01,2.525780923045e+01,-8.283930279752e-05,4.636284031245e-01,3.274332171245e-02,-4.895588025295e-05
"                 710",-1.015776983564e+00,2.522551289557e+01,-3.388583112776e-05,-5.521078046361e-01,2.525825483018e+01,-8.267876548674e-05,4.636691789280e-01,3.274193460906e-02,-4.879293435898e-05
"                 711",-1.015756373087e+00,2.522595469080e+01,-3.388828224142e-05,-5.520469492075e-01,2.525869524973e+01,-8.251813920569e-05,4.637094238795e-01,3.274055893097e-02,-4.862985696427e-05
"                 712",-1.015737164961e+00,2.522639113168e+01,-3.389073774057e-05,-5.519879846107e-01,2.525913020273e+01,-8.236339273611e-05,4.637491803505e-01,3.273907104595e-02,-4.847265499553e-05
"                 713",-1.015718891635e+00,2.522681334484e+01,-3.389312850567e-05,-5.519303337371e-01,2.525955080536e+01,-8.221454187019e-05,4.637885578976e-01,3.273746052068e-02,-4.832141336452e-05
"                 714",-1.015700374813e+00,2.522721305830e+01,-3.389540295791e-05,-5.518727477818e-01,2.525994870598e+01,-8.207317274174e-05,4.638276270308e-01,3.273564768266e-02,-4.817776978383e-05
"                 715",-1.015680935095e+00,2.522759764589e+01,-3.389755128316e-05,-5.518145339899e-01,2.526033164092e+01,-8.194208910533e-05,4.638664011050e-01,3.273399502604e-02,-4.804453782216e-05
"                 716",-1.015661881064e+00,2.522799605642e+01,-3.389960157079e-05,-5.517570584072e-01,2.526072901299e+01,-8.182180542906e-05,4.639048226563e-01,3.273295657146e-02,-4.792220385827e-05
"                 717",-1.015642557592e+00,2.522842175997e+01,-3.390152191686e-05,-5.516998250501e-01,2.526115407059e+01,-8.171612424166e-05,4.639427325422e-01,3.273231062118e-02,-4.781460232480e-05
"                 718",-1.015625727945e+00,2.522888681535e+01,-3.390337603235e-05,-5.516455320059e-01,2.526161876323e+01,-8.162044563414e-05,4.639801959394e-01,3.273194787441e-02,-4.771706960179e-05
"                 719",-1.015611679511e+00,2.522936964669e+01,-3.390524764087e-05,-5.515943885019e-01,2.526210104465e+01,-8.153517905953e-05,4.640172910088e-01,3.273139795942e-02,-4.762993141866e-05
"                 720",-1.015597268904e+00,2.522985014475e+01,-3.390708188068e-05,-5.515432230384e-01,2.526258068726e+01,-8.146235973321e-05,4.640540458652e-01,3.273054250889e-02,-4.755527785253e-05
"                 721",-1.015581690998e+00,2.523030959264e+01,-3.390887173429e-05,-5.514912329557e-01,2.526303913683e+01,-8.140501162460e-05,4.640904580426e-01,3.272954419185e-02,-4.749613989031e-05
"                 722",-1.015561904178e+00,2.523072359522e+01,-3.391052829384e-05,-5.514354042511e-01,2.526345167027e+01,-8.137730477429e-05,4.641264999265e-01,3.272807505225e-02,-4.746677648045e-05
"                 723",-1.015536978227e+00,2.523108477431e+01,-3.391197631901e-05,-5.513748115812e-01,2.526381064699e+01,-8.137183641944e-05,4.641621666462e-01,3.272587268477e-02,-4.745986010043e-05
"                 724",-1.015506876570e+00,2.523143958323e+01,-3.391317053059e-05,-5.513098514143e-01,2.526416251794e+01,-8.137612499814e-05,4.641970251554e-01,3.272293471264e-02,-4.746295446755e-05
"                 725",-1.015478321792e+00,2.523183350327e+01,-3.391417318633e-05,-5.512468765068e-01,2.526455416074e+01,-8.139605800763e-05,4.642314452853e-01,3.272065746883e-02,-4.748188482130e-05
"                 726",-1.015456710920e+00,2.523227888396e+01,-3.391505649726e-05,-5.511910128650e-01,2.526499887354e+01,-8.142496550767e-05,4.642656980553e-01,3.271998958013e-02,-4.750990901040e-05
"                 727",-1.015436150294e+00,2.523272707160e+01,-3.391573718064e-05,-5.511367301820e-01,2.526544681163e+01,-8.146914497298e-05,4.642994201117e-01,3.271974003242e-02,-4.755340779233e-05
"                 728",-1.015409086781e+00,2.523309628267e+01,-3.391612043545e-05,-5.510765275908e-01,2.526581488938e+01,-8.153653656322e-05,4.643325591902e-01,3.271860670329e-02,-4.762041612776e-05
"                 729",-1.015378155622e+00,2.523343203231e+01,-3.391626504260e-05,-5.510127466592e-01,2.526614917330e+01,-8.157327616061e-05,4.643654089631e-01,3.271714099109e-02,-4.765701111801e-05
"                 730",-1.015350332019e+00,2.523379083313e+01,-3.391622399684e-05,-5.509521380916e-01,2.526650577643e+01,-8.164391018077e-05,4.643981939278e-01,3.271494330199e-02,-4.772768618393e-05
"                 731",-1.015328153070e+00,2.523421338487e+01,-3.391601552573e-05,-5.508969102246e-01,2.526692701984e+01,-8.174621262850e-05,4.644312428455e-01,3.271363496551e-02,-4.783019710278e-05
"                 732",-1.015307391297e+00,2.523466494430e+01,-3.391555885530e-05,-5.508426164021e-01,2.526737849263e+01,-8.187039410394e-05,4.644647748949e-01,3.271354832392e-02,-4.795483524864e-05
"                 733",-1.015283796251e+00,2.523500491976e+01,-3.391476480403e-05,-5.507857850130e-01,2.526771751851e+01,-8.201256739881e-05,4.644980112377e-01,3.271259874872e-02,-4.809780259478e-05
"                 734",-1.015252985935e+00,2.523528290705e+01,-3.391369746894e-05,-5.507223889757e-01,2.526799434774e+01,-8.218710626816e-05,4.645305969595e-01,3.271144069319e-02,-4.827340879921e-05
"                 735",-1.015214498662e+00,2.523557023986e+01,-3.391237489590e-05,-5.506529410423e-01,2.526827952402e+01,-8.239295188330e-05,4.645615576199e-01,3.270928415934e-02,-4.848057698740e-05
"                 736",-1.015173723106e+00,2.523584850331e+01,-3.391076653756e-05,-5.505832946404e-01,2.526855398093e+01,-8.262540773234e-05,4.645904284659e-01,3.270547761845e-02,-4.871464119478e-05
"                 737",-1.015140478587e+00,2.523607122549e+01,-3.390885053862e-05,-5.505225067044e-01,2.526877231492e+01,-8.287744896734e-05,4.646179718829e-01,3.270108943250e-02,-4.896859842872e-05
"                 738",-1.015119974173e+00,2.523632559562e+01,-3.390679290550e-05,-5.504748268106e-01,2.526902325820e+01,-8.315515507067e-05,4.646451473620e-01,3.269766258858e-02,-4.924836216517e-05
"                 739",-1.015104198998e+00,2.523668118036e+01,-3.390474395601e-05,-5.504323139615e-01,2.526937634121e+01,-8.346370247626e-05,4.646718850363e-01,3.269516084389e-02,-4.955895852025e-05
"                 740",-1.015083185043e+00,2.523707592420e+01,-3.390273631224e-05,-5.503850309594e-01,2.526976911266e+01,-8.379871604929e-05,4.646981540833e-01,3.269318845716e-02,-4.989597973705e-05
"                 741",-1.015055581866e+00,2.523743285725e+01,-3.390080222146e-05,-5.503316047460e-01,2.527012422891e+01,-8.414982034924e-05,4.647239771202e-01,3.269137165911e-02,-5.024901812777e-05
"                 742",-1.015026139202e+00,2.523773788599e+01,-3.389897379275e-05,-5.502767151530e-01,2.527042739847e+01,-8.450642763956e-05,4.647494240494e-01,3.268951248113e-02,-5.060745384681e-05
"                 743",-1.014998913717e+00,2.523803798181e+01,-3.389731904071e-05,-5.502243457683e-01,2.527072555532e+01,-8.486196216102e-05,4.647745679485e-01,3.268757351067e-02,-5.096464312030e-05
"                 744",-1.014974247144e+00,2.523838815468e+01,-3.389589922549e-05,-5.501748311983e-01,2.527107374709e+01,-8.521637573211e-05,4.647994159462e-01,3.268559241254e-02,-5.132047650662e-05
"                 745",-1.014950849167e+00,2.523877449220e+01,-3.389471179299e-05,-5.501269044344e-01,2.527145806373e+01,-8.556982083509e-05,4.648239447327e-01,3.268357152774e-02,-5.167510904210e-05
"                 746",-1.014928122907e+00,2.523913975285e+01,-3.389370384360e-05,-5.500799842824e-01,2.527182123517e+01,-8.591959305884e-05,4.648481386249e-01,3.268148232459e-02,-5.202588921524e-05
"                 747",-1.014906705890e+00,2.523944578918e+01,-3.389279779224e-05,-5.500347133986e-01,2.527212512401e+01,-8.626116888134e-05,4.648719924910e-01,3.267933482692e-02,-5.236837108910e-05
"                 748",-1.014886457491e+00,2.523970035173e+01,-3.389194331256e-05,-5.499909529427e-01,2.527237752710e+01,-8.659095615058e-05,4.648955045484e-01,3.267717536346e-02,-5.269901283802e-05
"                 749",-1.014866280318e+00,2.523994369191e+01,-3.389112969602e-05,-5.499476272808e-01,2.527261873706e+01,-8.690754566286e-05,4.649186530369e-01,3.267504514434e-02,-5.301641596683e-05
"                 750",-1.014845298234e+00,2.524020813782e+01,-3.389038591542e-05,-5.499038741511e-01,2.527288111687e+01,-8.721130871436e-05,4.649414240824e-01,3.267297905899e-02,-5.332092279894e-05
"                 751",-1.014823489051e+00,2.524049533697e+01,-3.388975214915e-05,-5.498596647580e-01,2.527316633515e+01,-8.750346977845e-05,4.649638242934e-01,3.267099817739e-02,-5.361371762930e-05
"                 752",-1.014801459494e+00,2.524077975818e+01,-3.388926925884e-05,-5.498155939702e-01,2.527344884719e+01,-8.778433539342e-05,4.649858655237e-01,3.266908900661e-02,-5.389506613458e-05
"                 753",-1.014779995016e+00,2.524104725071e+01,-3.388894318517e-05,-5.497724316975e-01,2.527371447172e+01,-8.805311526943e-05,4.650075633181e-01,3.266722100921e-02,-5.416417208425e-05
"                 754",-1.014759169642e+00,2.524129838506e+01,-3.388875355863e-05,-5.497302339676e-01,2.527396375171e+01,-8.830895631542e-05,4.650289356742e-01,3.266536665366e-02,-5.442020275679e-05
"                 755",-1.014738438783e+00,2.524154800823e+01,-3.388867708948e-05,-5.496884387533e-01,2.527421152860e+01,-8.855093791311e-05,4.650500000299e-01,3.266352036456e-02,-5.466226082363e-05
"                 756",-1.014717292484e+00,2.524180707586e+01,-3.388869805611e-05,-5.496465186851e-01,2.527446876527e+01,-8.877790601251e-05,4.650707737993e-01,3.266168940608e-02,-5.488920795640e-05
"                 757",-1.014695819133e+00,2.524207618227e+01,-3.388880353792e-05,-5.496045473904e-01,2.527473606910e+01,-8.898870814107e-05,4.650912717426e-01,3.265988682459e-02,-5.509990460315e-05
"                 758",-1.014674638187e+00,2.524235132125e+01,-3.388897935524e-05,-5.495631365333e-01,2.527500944642e+01,-8.918290230854e-05,4.651115016540e-01,3.265812516391e-02,-5.529392295331e-05
"                 759",-1.014654230272e+00,2.524262935458e+01,-3.388920439123e-05,-5.495227659618e-01,2.527528576449e+01,-8.936089493011e-05,4.651314643103e-01,3.265640991871e-02,-5.547169053887e-05
"                 760",-1.014634478565e+00,2.524291295807e+01,-3.388945451640e-05,-5.494833210124e-01,2.527556769960e+01,-8.952387503963e-05,4.651511575525e-01,3.265474152567e-02,-5.563442052323e-05
"                 761",-1.014614840630e+00,2.524320198335e+01,-3.388971649617e-05,-5.494442597029e-01,2.527585510348e+01,-8.967303508066e-05,4.651705809276e-01,3.265312013368e-02,-5.578331858449e-05
"                 762",-1.014594991121e+00,2.524349373284e+01,-3.389001008602e-05,-5.494052530634e-01,2.527614527840e+01,-8.980926969504e-05,4.651897380572e-01,3.265154556512e-02,-5.591925960902e-05
"                 763",-1.014574965523e+00,2.524378960508e+01,-3.389032845142e-05,-5.493663298839e-01,2.527643962104e+01,-8.993289657929e-05,4.652086356393e-01,3.265001596387e-02,-5.604256812787e-05
"                 764",-1.014555053733e+00,2.524408901529e+01,-3.389067967820e-05,-5.493277705021e-01,2.527673754240e+01,-9.004440878231e-05,4.652272832312e-01,3.264852711078e-02,-5.615372910411e-05
"                 765",-1.014535547291e+00,2.524439011692e+01,-3.389105386631e-05,-5.492898579519e-01,2.527703718948e+01,-9.014441385623e-05,4.652456893394e-01,3.264707255778e-02,-5.625335998992e-05
"                 766",-1.014516613018e+00,2.524469091792e+01,-3.389143044455e-05,-5.492527496881e-01,2.527733656316e+01,-9.023402411218e-05,4.652638633297e-01,3.264564524255e-02,-5.634259366763e-05
"                 767",-1.014498240903e+00,2.524498801402e+01,-3.389179452062e-05,-5.492164266232e-01,2.527763225166e+01,-9.031460341623e-05,4.652818142803e-01,3.264423763593e-02,-5.642280889560e-05
"                 768",-1.014480242739e+00,2.524527820305e+01,-3.389214729781e-05,-5.491806875705e-01,2.527792104653e+01,-9.038765975644e-05,4.652995551684e-01,3.264284347992e-02,-5.649551245862e-05
"                 769",-1.014462393054e+00,2.524556144089e+01,-3.389250331618e-05,-5.491452932727e-01,2.527820289720e+01,-9.045458309161e-05,4.653170997810e-01,3.264145630887e-02,-5.656207977543e-05
"                 770",-1.014444612337e+00,2.524584116916e+01,-3.389287595985e-05,-5.491101510713e-01,2.527848124324e+01,-9.051677782563e-05,4.653344612656e-01,3.264007407933e-02,-5.662390186578e-05
"                 771",-1.014426908235e+00,2.524612059300e+01,-3.389326755985e-05,-5.490752641336e-01,2.527875929167e+01,-9.057550382822e-05,4.653516441018e-01,3.263869867000e-02,-5.668223626837e-05
"                 772",-1.014409366019e+00,2.524640110849e+01,-3.389366802416e-05,-5.490407184591e-01,2.527903844069e+01,-9.063210717439e-05,4.653686475600e-01,3.263733219555e-02,-5.673843915023e-05
"                 773",-1.014392164197e+00,2.524667961985e+01,-3.389406312591e-05,-5.490066970142e-01,2.527931559535e+01,-9.068780175650e-05,4.653854671831e-01,3.263597550306e-02,-5.679373863059e-05
"                 774",-1.014375456339e+00,2.524694931779e+01,-3.389444662040e-05,-5.489733572147e-01,2.527958394591e+01,-9.074365020375e-05,4.654020991243e-01,3.263462811756e-02,-5.684920358335e-05
"                 775",-1.014359267813e+00,2.524721032452e+01,-3.389482396671e-05,-5.489407263074e-01,2.527984361210e+01,-9.080055051132e-05,4.654185415055e-01,3.263328757426e-02,-5.690572654460e-05
"                 776",-1.014343383444e+00,2.524746530260e+01,-3.389520562814e-05,-5.489085847445e-01,2.528009725377e+01,-9.085935526930e-05,4.654347986994e-01,3.263195117295e-02,-5.696414964115e-05
"                 777",-1.014327493782e+00,2.524771643321e+01,-3.389559581296e-05,-5.488766175989e-01,2.528034705030e+01,-9.092079459963e-05,4.654508761830e-01,3.263061708528e-02,-5.702519878666e-05
"                 778",-1.014311408735e+00,2.524796203995e+01,-3.389598786444e-05,-5.488446284451e-01,2.528059132378e+01,-9.098482106459e-05,4.654667802896e-01,3.262928383081e-02,-5.708883320015e-05
"                 779",-1.014295026056e+00,2.524819330885e+01,-3.389636798282e-05,-5.488125050881e-01,2.528082125999e+01,-9.105130153651e-05,4.654825209682e-01,3.262795113951e-02,-5.715493355369e-05
"                 780",-1.014278522019e+00,2.524840609594e+01,-3.389672383916e-05,-5.487804140448e-01,2.528103271757e+01,-9.111996262001e-05,4.654981079745e-01,3.262662163813e-02,-5.722323878085e-05
"                 781",-1.014262232745e+00,2.524860500215e+01,-3.389705759844e-05,-5.487486855268e-01,2.528123030119e+01,-9.119039011378e-05,4.655135472181e-01,3.262529903798e-02,-5.729333251534e-05
"                 782",-1.014246281139e+00,2.524879597695e+01,-3.389738489710e-05,-5.487174430021e-01,2.528141996223e+01,-9.126214941370e-05,4.655288381370e-01,3.262398528364e-02,-5.736476451660e-05
"                 783",-1.014230457449e+00,2.524898432969e+01,-3.389768981365e-05,-5.486864799882e-01,2.528160701150e+01,-9.133495440896e-05,4.655439774608e-01,3.262268180551e-02,-5.743726459531e-05
"                 784",-1.014214482326e+00,2.524917304390e+01,-3.389794872846e-05,-5.486555213515e-01,2.528179443392e+01,-9.140844621322e-05,4.655589609746e-01,3.262139002166e-02,-5.751049748476e-05
"                 785",-1.014198251283e+00,2.524936092042e+01,-3.389816824673e-05,-5.486244659549e-01,2.528198103072e+01,-9.148202724285e-05,4.655737853284e-01,3.262011030349e-02,-5.758385899612e-05
"                 786",-1.014181839965e+00,2.524954275046e+01,-3.389838082391e-05,-5.485933944285e-01,2.528216159331e+01,-9.155506560848e-05,4.655884455362e-01,3.261884285344e-02,-5.765668478457e-05
"                 787",-1.014165507482e+00,2.524971680694e+01,-3.389861837089e-05,-5.485625672120e-01,2.528233439415e+01,-9.162696192097e-05,4.656029402698e-01,3.261758720432e-02,-5.772834355008e-05
"                 788",-1.014149444936e+00,2.524988393454e+01,-3.389889497216e-05,-5.485321761567e-01,2.528250027762e+01,-9.169730907546e-05,4.656172687788e-01,3.261634307568e-02,-5.779841410331e-05
"                 789",-1.014133619209e+00,2.525004640015e+01,-3.389920925877e-05,-5.485021881549e-01,2.528266151040e+01,-9.176586988545e-05,4.656314310540e-01,3.261511025253e-02,-5.786666062668e-05
"                 790",-1.014117854732e+00,2.525020670713e+01,-3.389955492109e-05,-5.484724245728e-01,2.528282059555e+01,-9.183239928234e-05,4.656454301587e-01,3.261388841786e-02,-5.793284436124e-05
"                 791",-1.014102039771e+00,2.525036618774e+01,-3.389992640825e-05,-5.484427713260e-01,2.528297886648e+01,-9.189659094324e-05,4.656592684452e-01,3.261267873764e-02,-5.799666453499e-05
"                 792",-1.014086205083e+00,2.525052479385e+01,-3.390031711634e-05,-5.484132594209e-01,2.528313627600e+01,-9.195815763225e-05,4.656729456623e-01,3.261148214702e-02,-5.805784051591e-05
"                 793",-1.014070461614e+00,2.525068167236e+01,-3.390071603682e-05,-5.483840000287e-01,2.528329197153e+01,-9.201692832343e-05,4.656864615852e-01,3.261029916984e-02,-5.811621228661e-05
"                 794",-1.014054882627e+00,2.525083558077e+01,-3.390111279491e-05,-5.483550671398e-01,2.528344471045e+01,-9.207283882024e-05,4.656998154869e-01,3.260912968037e-02,-5.817172602533e-05
"                 795",-1.014039467046e+00,2.525098575999e+01,-3.390150240809e-05,-5.483264602733e-01,2.528359373310e+01,-9.212585353031e-05,4.657130067725e-01,3.260797311503e-02,-5.822435112222e-05
"                 796",-1.014024160487e+00,2.525113261814e+01,-3.390188827565e-05,-5.482981252741e-01,2.528373944791e+01,-9.217591551060e-05,4.657260352126e-01,3.260682976857e-02,-5.827402723495e-05
"                 797",-1.014008907014e+00,2.525127755305e+01,-3.390227904108e-05,-5.482700057030e-01,2.528388325283e+01,-9.222293816959e-05,4.657389013106e-01,3.260569977683e-02,-5.832065912851e-05
"                 798",-1.013993673967e+00,2.525142211866e+01,-3.390268080055e-05,-5.482420685112e-01,2.528402670187e+01,-9.226685672511e-05,4.657516054561e-01,3.260458320234e-02,-5.836417592456e-05
"                 799",-1.013978467617e+00,2.525156725863e+01,-3.390309448300e-05,-5.482143206523e-01,2.528417073870e+01,-9.230766306877e-05,4.657641469648e-01,3.260348007296e-02,-5.840456858578e-05
"                 800",-1.013963322232e+00,2.525171289823e+01,-3.390351768011e-05,-5.481867957911e-01,2.528431528901e+01,-9.234548038359e-05,4.657765264412e-01,3.260239078869e-02,-5.844196270348e-05
"                 801",-1.013948282402e+00,2.525185824343e+01,-3.390394187858e-05,-5.481595386907e-01,2.528445955989e+01,-9.238053918139e-05,4.657887437116e-01,3.260131645995e-02,-5.847659730281e-05
"                 802",-1.013933386520e+00,2.525200256702e+01,-3.390435774939e-05,-5.481325866187e-01,2.528460282485e+01,-9.241300187210e-05,4.658007999012e-01,3.260025783016e-02,-5.850864412272e-05
"                 803",-1.013918643102e+00,2.525214499945e+01,-3.390476353020e-05,-5.481059455771e-01,2.528474421462e+01,-9.244292343256e-05,4.658126975252e-01,3.259921517618e-02,-5.853815990236e-05
"                 804",-1.013904026070e+00,2.525228510551e+01,-3.390516705265e-05,-5.480795890846e-01,2.528488329359e+01,-9.247034530314e-05,4.658244369855e-01,3.259818807972e-02,-5.856517825049e-05
"                 805",-1.013889504152e+00,2.525242292835e+01,-3.390557637209e-05,-5.480534812300e-01,2.528502010410e+01,-9.249535940780e-05,4.658360229220e-01,3.259717575604e-02,-5.858978303572e-05
"                 806",-1.013875029105e+00,2.525255858443e+01,-3.390599561072e-05,-5.480275717338e-01,2.528515476188e+01,-9.251804578997e-05,4.658474573709e-01,3.259617744878e-02,-5.861205017925e-05
"                 807",-1.013860582923e+00,2.525269250807e+01,-3.390642507012e-05,-5.480018401310e-01,2.528528770052e+01,-9.253857220599e-05,4.658587427921e-01,3.259519244966e-02,-5.863214713587e-05
"                 808",-1.013846175598e+00,2.525282481351e+01,-3.390686160435e-05,-5.479762955171e-01,2.528541903388e+01,-9.255715944317e-05,4.658698800810e-01,3.259422036546e-02,-5.865029783882e-05
"                 809",-1.013831830641e+00,2.525295517786e+01,-3.390729902541e-05,-5.479509582436e-01,2.528554843849e+01,-9.257399203641e-05,4.658808723970e-01,3.259326063192e-02,-5.866669301100e-05
"                 810",-1.013817570201e+00,2.525308301787e+01,-3.390773016627e-05,-5.479258514904e-01,2.528567533123e+01,-9.258917517769e-05,4.658917187109e-01,3.259231335744e-02,-5.868144501141e-05
"                 811",-1.013803401155e+00,2.525320785420e+01,-3.390814968852e-05,-5.479009802820e-01,2.528579923265e+01,-9.260275817954e-05,4.659024208726e-01,3.259137845566e-02,-5.869460849102e-05
"                 812",-1.013789316594e+00,2.525332959799e+01,-3.390855755239e-05,-5.478763355171e-01,2.528592005417e+01,-9.261478873923e-05,4.659129810765e-01,3.259045617595e-02,-5.870623118684e-05
"                 813",-1.013775302387e+00,2.525344851636e+01,-3.390895777030e-05,-5.478519011551e-01,2.528603806293e+01,-9.262536083850e-05,4.659234012317e-01,3.258954657305e-02,-5.871640306820e-05
"                 814",-1.013761343873e+00,2.525356503795e+01,-3.390935603513e-05,-5.478276607558e-01,2.528615368792e+01,-9.263461627860e-05,4.659336831168e-01,3.258864996789e-02,-5.872526024348e-05
"                 815",-1.013747431194e+00,2.525367952781e+01,-3.390975707312e-05,-5.478036014210e-01,2.528626729408e+01,-9.264270960893e-05,4.659438297727e-01,3.258776626870e-02,-5.873295253581e-05
"                 816",-1.013733562058e+00,2.525379214397e+01,-3.391016245943e-05,-5.477797191917e-01,2.528637903963e+01,-9.264977054470e-05,4.659538428663e-01,3.258689566530e-02,-5.873960808527e-05
"                 817",-1.013719739004e+00,2.525390283655e+01,-3.391057082125e-05,-5.477560145400e-01,2.528648887491e+01,-9.265590261303e-05,4.659637244644e-01,3.258603835565e-02,-5.874533179178e-05
"                 818",-1.013705969898e+00,2.525401140599e+01,-3.391097846788e-05,-5.477324932541e-01,2.528659660074e+01,-9.266118950043e-05,4.659734766439e-01,3.258519475032e-02,-5.875021103255e-05
"                 819",-1.013692267052e+00,2.525411766028e+01,-3.391137793029e-05,-5.477091666561e-01,2.528670202521e+01,-9.266569053198e-05,4.659831003962e-01,3.258436492204e-02,-5.875431260168e-05
"                 820",-1.013678637006e+00,2.525422136175e+01,-3.391176363035e-05,-5.476860398769e-01,2.528680491043e+01,-9.266947249875e-05,4.659925971296e-01,3.258354868631e-02,-5.875770886840e-05
"                 821",-1.013665069519e+00,2.525432232278e+01,-3.391213464913e-05,-5.476631000531e-01,2.528690506824e+01,-9.267259840916e-05,4.660019694657e-01,3.258274545376e-02,-5.876046376004e-05
"                 822",-1.013651548321e+00,2.525442060818e+01,-3.391249382762e-05,-5.476403296492e-01,2.528700256319e+01,-9.267514031256e-05,4.660112186719e-01,3.258195501388e-02,-5.876264648494e-05
"                 823",-1.013638062821e+00,2.525451638988e+01,-3.391284524201e-05,-5.476177168193e-01,2.528709756688e+01,-9.267715967291e-05,4.660203460014e-01,3.258117699554e-02,-5.876431443090e-05
"                 824",-1.013624609120e+00,2.525460980157e+01,-3.391319210551e-05,-5.475952554798e-01,2.528719021262e+01,-9.267872329141e-05,4.660293536400e-01,3.258041104487e-02,-5.876553118589e-05
"                 825",-1.013611154960e+00,2.525470140440e+01,-3.391353589813e-05,-5.475729110226e-01,2.528728106124e+01,-9.267987396894e-05,4.660382439374e-01,3.257965684109e-02,-5.876633807081e-05
"                 826",-1.013597686597e+00,2.525479264092e+01,-3.391387724147e-05,-5.475506675809e-01,2.528737155514e+01,-9.268065896172e-05,4.660470190160e-01,3.257891422074e-02,-5.876678172026e-05
"                 827",-1.013584233798e+00,2.525488456905e+01,-3.391421632834e-05,-5.475285548126e-01,2.528746275224e+01,-9.268114101016e-05,4.660556789857e-01,3.257818319029e-02,-5.876692468183e-05
"                 828",-1.013570839269e+00,2.525497708727e+01,-3.391455262229e-05,-5.475066148028e-01,2.528755455128e+01,-9.268143582514e-05,4.660642244659e-01,3.257746400591e-02,-5.876688320285e-05
"                 829",-1.013557522555e+00,2.525506912948e+01,-3.391488402254e-05,-5.474848663833e-01,2.528764588623e+01,-9.268163931425e-05,4.660726561721e-01,3.257675675759e-02,-5.876675529171e-05
"                 830",-1.013544271968e+00,2.525515942039e+01,-3.391520828117e-05,-5.474632972109e-01,2.528773548212e+01,-9.268181084386e-05,4.660809747566e-01,3.257606173567e-02,-5.876660256269e-05
"                 831",-1.013531144225e+00,2.525524622819e+01,-3.391552854207e-05,-5.474419616089e-01,2.528782160711e+01,-9.268195135878e-05,4.660891826161e-01,3.257537892818e-02,-5.876642281671e-05
"                 832",-1.013517857181e+00,2.525533220519e+01,-3.391583559528e-05,-5.474205747989e-01,2.528790691378e+01,-9.268200854872e-05,4.660972823822e-01,3.257470858308e-02,-5.876617295344e-05
"                 833",-1.013504743363e+00,2.525541432755e+01,-3.391614342752e-05,-5.473994683671e-01,2.528798837850e+01,-9.268194176576e-05,4.661052749963e-01,3.257405094298e-02,-5.876579833823e-05
"                 834",-1.013491665416e+00,2.525549474234e+01,-3.391644617463e-05,-5.473785014992e-01,2.528806814832e+01,-9.268175908076e-05,4.661131639165e-01,3.257340597718e-02,-5.876531290612e-05
"                 835",-1.013478619067e+00,2.525557391694e+01,-3.391674331641e-05,-5.473576699039e-01,2.528814669082e+01,-9.268146023313e-05,4.661209491634e-01,3.257277388619e-02,-5.876471691673e-05
"                 836",-1.013465623707e+00,2.525565185831e+01,-3.391703596426e-05,-5.473369907092e-01,2.528822401293e+01,-9.268103852054e-05,4.661286329973e-01,3.257215462395e-02,-5.876400255627e-05
"                 837",-1.013452700850e+00,2.525572838994e+01,-3.391732522081e-05,-5.473164846966e-01,2.528829993811e+01,-9.268047150103e-05,4.661362161530e-01,3.257154817814e-02,-5.876314628023e-05
"                 838",-1.013439852887e+00,2.525580334759e+01,-3.391761174419e-05,-5.472961520525e-01,2.528837430168e+01,-9.267974001868e-05,4.661437008348e-01,3.257095409431e-02,-5.876212827449e-05
"                 839",-1.013427064052e+00,2.525587661418e+01,-3.391789474793e-05,-5.472759760279e-01,2.528844698631e+01,-9.267883546872e-05,4.661510880244e-01,3.257037213039e-02,-5.876094072079e-05
"                 840",-1.013414319664e+00,2.525594807790e+01,-3.391817307260e-05,-5.472559408374e-01,2.528851787960e+01,-9.267776609880e-05,4.661583788263e-01,3.256980170092e-02,-5.875959302621e-05
"                 841",-1.013401618394e+00,2.525601764175e+01,-3.391844403053e-05,-5.472360422847e-01,2.528858688440e+01,-9.267653609083e-05,4.661655761091e-01,3.256924264614e-02,-5.875809206030e-05
"                 842",-1.013388967873e+00,2.525608533296e+01,-3.391870651682e-05,-5.472162875942e-01,2.528865402766e+01,-9.267515458587e-05,4.661726802786e-01,3.256869469772e-02,-5.875644806905e-05
"                 843",-1.013376373522e+00,2.525615124424e+01,-3.391896179422e-05,-5.471966798428e-01,2.528871940192e+01,-9.267361925232e-05,4.661796936793e-01,3.256815768081e-02,-5.875465745811e-05
"                 844",-1.013363826024e+00,2.525621538845e+01,-3.391921074714e-05,-5.471772089882e-01,2.528878301976e+01,-9.267192912672e-05,4.661866170360e-01,3.256763131326e-02,-5.875271837958e-05
"                 845",-1.013351316789e+00,2.525627795210e+01,-3.391945368775e-05,-5.471578640670e-01,2.528884506779e+01,-9.267008672257e-05,4.661934527221e-01,3.256711569050e-02,-5.875063303481e-05
"                 846",-1.013338844301e+00,2.525633914879e+01,-3.391969088671e-05,-5.471386436721e-01,2.528890575983e+01,-9.266809502846e-05,4.662002006289e-01,3.256661104039e-02,-5.874840414175e-05
"                 847",-1.013326413735e+00,2.525639902386e+01,-3.391992312143e-05,-5.471195499654e-01,2.528896514087e+01,-9.266595626125e-05,4.662068637698e-01,3.256611701478e-02,-5.874603313982e-05
"                 848",-1.013314028869e+00,2.525645749030e+01,-3.392015096870e-05,-5.471005874790e-01,2.528902312422e+01,-9.266367426929e-05,4.662134413899e-01,3.256563392116e-02,-5.874352330059e-05
"                 849",-1.013301685461e+00,2.525651443709e+01,-3.392037468014e-05,-5.470817486465e-01,2.528907959838e+01,-9.266124294948e-05,4.662199368148e-01,3.256516128766e-02,-5.874086826934e-05
"                 850",-1.013289378749e+00,2.525656987473e+01,-3.392059826430e-05,-5.470630298075e-01,2.528913457409e+01,-9.265867399255e-05,4.662263489417e-01,3.256469935539e-02,-5.873807572824e-05
"                 851",-1.013277114645e+00,2.525662385098e+01,-3.392083815936e-05,-5.470444344742e-01,2.528918809894e+01,-9.265602809322e-05,4.662326801704e-01,3.256424795411e-02,-5.873518993386e-05
"                 852",-1.013264895756e+00,2.525667632948e+01,-3.392108529128e-05,-5.470259652228e-01,2.528924013647e+01,-9.265333450173e-05,4.662389305335e-01,3.256380698782e-02,-5.873224921045e-05
"                 853",-1.013252719238e+00,2.525672728397e+01,-3.392132800765e-05,-5.470076176900e-01,2.528929066001e+01,-9.265058708453e-05,4.662451015478e-01,3.256337604051e-02,-5.872925907688e-05
"                 854",-1.013240580403e+00,2.525677673823e+01,-3.392155981883e-05,-5.469893865658e-01,2.528933969321e+01,-9.264775218040e-05,4.662511938367e-01,3.256295497306e-02,-5.872619236157e-05
"                 855",-1.013228474186e+00,2.525682479402e+01,-3.392177923231e-05,-5.469712644565e-01,2.528938733726e+01,-9.264479412761e-05,4.662572097296e-01,3.256254323695e-02,-5.872301489530e-05
"                 856",-1.013216397251e+00,2.525687154888e+01,-3.392198820276e-05,-5.469532486450e-01,2.528943368975e+01,-9.264169266515e-05,4.662631486058e-01,3.256214086954e-02,-5.871970446239e-05
"                 857",-1.013204350298e+00,2.525691701108e+01,-3.392218864447e-05,-5.469353372989e-01,2.528947875848e+01,-9.263843632487e-05,4.662690129988e-01,3.256174740079e-02,-5.871624768040e-05
"                 858",-1.013192335409e+00,2.525696109035e+01,-3.392238410246e-05,-5.469175324100e-01,2.528952245324e+01,-9.263503048214e-05,4.662748029991e-01,3.256136288592e-02,-5.871264637968e-05
"                 859",-1.013180344672e+00,2.525700340810e+01,-3.392257584531e-05,-5.468998231016e-01,2.528956439513e+01,-9.263148258110e-05,4.662805215701e-01,3.256098702404e-02,-5.870890673579e-05
"                 860",-1.013168377160e+00,2.525704385631e+01,-3.392276406860e-05,-5.468822100797e-01,2.528960447609e+01,-9.262779489252e-05,4.662861670806e-01,3.256061977346e-02,-5.870503082393e-05
"                 861",-1.013156442188e+00,2.525708262110e+01,-3.392294816081e-05,-5.468646987489e-01,2.528964288211e+01,-9.262396721067e-05,4.662917434391e-01,3.256026101235e-02,-5.870101904986e-05
"                 862",-1.013144541136e+00,2.525711972934e+01,-3.392312808682e-05,-5.468472912609e-01,2.528967963975e+01,-9.261998107878e-05,4.662972498755e-01,3.255991041479e-02,-5.869685299196e-05
"                 863",-1.013132676126e+00,2.525715519188e+01,-3.392330335485e-05,-5.468299869951e-01,2.528971475947e+01,-9.261583592967e-05,4.663026891308e-01,3.255956759194e-02,-5.869253257482e-05
"                 864",-1.013120838215e+00,2.525718882474e+01,-3.392347425045e-05,-5.468127780419e-01,2.528974805729e+01,-9.261156100396e-05,4.663080601732e-01,3.255923255159e-02,-5.868808675351e-05
"                 865",-1.013109031011e+00,2.525722058276e+01,-3.392364106088e-05,-5.467956656948e-01,2.528977948808e+01,-9.260718053546e-05,4.663133653165e-01,3.255890531796e-02,-5.868353947459e-05
"                 866",-1.013097255854e+00,2.525725048627e+01,-3.392380431022e-05,-5.467786527359e-01,2.528980907260e+01,-9.260272264855e-05,4.663186031185e-01,3.255858633240e-02,-5.867891833834e-05
"                 867",-1.013085509876e+00,2.525727858152e+01,-3.392396532774e-05,-5.467617328823e-01,2.528983685720e+01,-9.259818133209e-05,4.663237769932e-01,3.255827568139e-02,-5.867421600436e-05
"                 868",-1.013073788022e+00,2.525730491093e+01,-3.392412464554e-05,-5.467449025483e-01,2.528986288390e+01,-9.259354559625e-05,4.663288854736e-01,3.255797297332e-02,-5.866942095071e-05
"                 869",-1.013062088671e+00,2.525732952086e+01,-3.392428246169e-05,-5.467281580417e-01,2.528988719975e+01,-9.258879068718e-05,4.663339306290e-01,3.255767889387e-02,-5.866450822549e-05
"                 870",-1.013050412659e+00,2.525735244965e+01,-3.392443891570e-05,-5.467114997462e-01,2.528990984177e+01,-9.258390665590e-05,4.663389129125e-01,3.255739211768e-02,-5.865946774020e-05
"                 871",-1.013038759661e+00,2.525737372436e+01,-3.392459414500e-05,-5.466949261196e-01,2.528993083722e+01,-9.257888870097e-05,4.663438335413e-01,3.255711285361e-02,-5.865429455597e-05
"                 872",-1.013027126383e+00,2.525739338936e+01,-3.392474740682e-05,-5.466784339138e-01,2.528995023074e+01,-9.257374226009e-05,4.663486924691e-01,3.255684137830e-02,-5.864899485327e-05
"                 873",-1.013015509433e+00,2.525741150504e+01,-3.392489749287e-05,-5.466620174457e-01,2.528996808188e+01,-9.256846543491e-05,4.663534919877e-01,3.255657684703e-02,-5.864356794204e-05
"                 874",-1.013003905642e+00,2.525742813075e+01,-3.392504358856e-05,-5.466456737809e-01,2.528998445081e+01,-9.256304688716e-05,4.663582318607e-01,3.255632005630e-02,-5.863800329859e-05
"                 875",-1.012992312840e+00,2.525744332096e+01,-3.392518568740e-05,-5.466293987692e-01,2.528999939197e+01,-9.255747901807e-05,4.663629140706e-01,3.255607100837e-02,-5.863229333066e-05
"                 876",-1.012980730394e+00,2.525745713036e+01,-3.392532426122e-05,-5.466131915545e-01,2.529001295919e+01,-9.255175214536e-05,4.663675388392e-01,3.255582883669e-02,-5.862642788414e-05
"                 877",-1.012969159458e+00,2.525746961655e+01,-3.392545881882e-05,-5.465970517333e-01,2.529002521064e+01,-9.254586190960e-05,4.663721077247e-01,3.255559408625e-02,-5.862040309078e-05
"                 878",-1.012957602272e+00,2.525748081444e+01,-3.392558856136e-05,-5.465809821881e-01,2.529003618148e+01,-9.253980064449e-05,4.663766200836e-01,3.255536704003e-02,-5.861421208313e-05
"                 879",-1.012946058600e+00,2.525749073499e+01,-3.392571389845e-05,-5.465649788218e-01,2.529004588115e+01,-9.253356842524e-05,4.663810797782e-01,3.255514616759e-02,-5.860785452679e-05
"                 880",-1.012934526771e+00,2.525749938078e+01,-3.392583548020e-05,-5.465490424931e-01,2.529005431325e+01,-9.252716389635e-05,4.663854842779e-01,3.255493246767e-02,-5.860132841616e-05
"                 881",-1.012923006485e+00,2.525750677786e+01,-3.392595404668e-05,-5.465331691968e-01,2.529006150404e+01,-9.252058660581e-05,4.663898372886e-01,3.255472617616e-02,-5.859463255913e-05
"                 882",-1.012911498598e+00,2.525751294851e+01,-3.392607052617e-05,-5.465173607293e-01,2.529006747520e+01,-9.251383449738e-05,4.663941378685e-01,3.255452668415e-02,-5.858776397121e-05
"                 883",-1.012900003359e+00,2.525751789853e+01,-3.392618501651e-05,-5.465016155079e-01,2.529007223240e+01,-9.250691373672e-05,4.663983878512e-01,3.255433386933e-02,-5.858072872021e-05
"                 884",-1.012888520663e+00,2.525752161343e+01,-3.392629788589e-05,-5.464859345720e-01,2.529007576064e+01,-9.249983898428e-05,4.664025860908e-01,3.255414721338e-02,-5.857354109839e-05
"                 885",-1.012877048784e+00,2.525752394113e+01,-3.392641407145e-05,-5.464703127159e-01,2.529007790881e+01,-9.249264582133e-05,4.664067360684e-01,3.255396767840e-02,-5.856623174988e-05
"                 886",-1.012865587902e+00,2.525752489510e+01,-3.392653371615e-05,-5.464547525718e-01,2.529007868981e+01,-9.248537710056e-05,4.664108353298e-01,3.255379471372e-02,-5.855884338441e-05
"                 887",-1.012854153391e+00,2.525752442336e+01,-3.392663558426e-05,-5.464392674851e-01,2.529007805092e+01,-9.247797521373e-05,4.664148859062e-01,3.255362755097e-02,-5.855133962947e-05
"                 888",-1.012842749903e+00,2.525752230711e+01,-3.392673253939e-05,-5.464238626539e-01,2.529007577414e+01,-9.247039840993e-05,4.664188872490e-01,3.255346702856e-02,-5.854366587054e-05
"                 889",-1.012831372135e+00,2.525751843874e+01,-3.392683212413e-05,-5.464085320988e-01,2.529007175132e+01,-9.246263612304e-05,4.664228400365e-01,3.255331257490e-02,-5.853580399891e-05
"                 890",-1.012820013155e+00,2.525751286890e+01,-3.392693231735e-05,-5.463932681598e-01,2.529006603352e+01,-9.245467141533e-05,4.664267449955e-01,3.255316462631e-02,-5.852773909798e-05
"                 891",-1.012808668500e+00,2.525750574894e+01,-3.392702674565e-05,-5.463780644369e-01,2.529005877155e+01,-9.244649120109e-05,4.664306040635e-01,3.255302260744e-02,-5.851946445544e-05
"                 892",-1.012797335972e+00,2.525749723320e+01,-3.392711071085e-05,-5.463629196738e-01,2.529005012003e+01,-9.243811923745e-05,4.664344162979e-01,3.255288682659e-02,-5.851100852660e-05
"                 893",-1.012786013641e+00,2.525748745448e+01,-3.392718350392e-05,-5.463478293569e-01,2.529004021096e+01,-9.242959241975e-05,4.664381842840e-01,3.255275647613e-02,-5.850240891583e-05
"                 894",-1.012774701106e+00,2.525747653087e+01,-3.392724752339e-05,-5.463327935414e-01,2.529002916312e+01,-9.242095941005e-05,4.664419075648e-01,3.255263224920e-02,-5.849371188666e-05
"                 895",-1.012763402737e+00,2.525746451814e+01,-3.392730636630e-05,-5.463178144669e-01,2.529001703154e+01,-9.241220941632e-05,4.664455882703e-01,3.255251339901e-02,-5.848490305002e-05
"                 896",-1.012752117347e+00,2.525745138051e+01,-3.392736267242e-05,-5.463028926536e-01,2.529000378089e+01,-9.240334817565e-05,4.664492246929e-01,3.255240038628e-02,-5.847598550323e-05
"                 897",-1.012740839728e+00,2.525743708250e+01,-3.392741738335e-05,-5.462880195855e-01,2.528998937568e+01,-9.239439562028e-05,4.664528201427e-01,3.255229317262e-02,-5.846697823694e-05
"                 898",-1.012729568277e+00,2.525742161092e+01,-3.392747029711e-05,-5.462731955695e-01,2.528997380244e+01,-9.238538838355e-05,4.664563727079e-01,3.255219152264e-02,-5.845791808644e-05
"                 899",-1.012718304741e+00,2.525740498920e+01,-3.392752110596e-05,-5.462584195822e-01,2.528995708477e+01,-9.237634867780e-05,4.664598851589e-01,3.255209557070e-02,-5.844882757184e-05
"                 900",-1.012707049687e+00,2.525738725283e+01,-3.392756944341e-05,-5.462436939387e-01,2.528993925813e+01,-9.236730430169e-05,4.664633557486e-01,3.255200530353e-02,-5.843973485828e-05
"                 901",-1.012695802211e+00,2.525736839348e+01,-3.392761518194e-05,-5.462290146744e-01,2.528992031432e+01,-9.235826592770e-05,4.664667875363e-01,3.255192083716e-02,-5.843065074577e-05
"                 902",-1.012684561082e+00,2.525734836249e+01,-3.392765815135e-05,-5.462143830549e-01,2.528990020413e+01,-9.234925402997e-05,4.664701780268e-01,3.255184164006e-02,-5.842159587862e-05
"                 903",-1.012673325019e+00,2.525732713898e+01,-3.392769828173e-05,-5.461997933119e-01,2.528987890750e+01,-9.234026581796e-05,4.664735317074e-01,3.255176851644e-02,-5.841256753624e-05
"                 904",-1.012662093255e+00,2.525730477463e+01,-3.392773551893e-05,-5.461852484356e-01,2.528985647509e+01,-9.233130965826e-05,4.664768448190e-01,3.255170046188e-02,-5.840357413933e-05
"                 905",-1.012650866884e+00,2.525728136234e+01,-3.392776999965e-05,-5.461707452583e-01,2.528983300100e+01,-9.232238048468e-05,4.664801216255e-01,3.255163865522e-02,-5.839461048503e-05
"                 906",-1.012639647177e+00,2.525725698430e+01,-3.392780182082e-05,-5.461562871610e-01,2.528980856580e+01,-9.231348174918e-05,4.664833600160e-01,3.255158150094e-02,-5.838567992835e-05
"                 907",-1.012628433885e+00,2.525723168844e+01,-3.392783104917e-05,-5.461418710672e-01,2.528978321900e+01,-9.230461280557e-05,4.664865628178e-01,3.255153055966e-02,-5.837678175640e-05
"                 908",-1.012617224118e+00,2.525720549939e+01,-3.392785759930e-05,-5.461274961002e-01,2.528975698374e+01,-9.229577879543e-05,4.664897280178e-01,3.255148435235e-02,-5.836792119613e-05
"                 909",-1.012606015542e+00,2.525717842134e+01,-3.392788141603e-05,-5.461131566906e-01,2.528972986450e+01,-9.228697839789e-05,4.664928588512e-01,3.255144315806e-02,-5.835909698186e-05
"                 910",-1.012594807320e+00,2.525715047045e+01,-3.392790250285e-05,-5.460988540041e-01,2.528970187751e+01,-9.227821190046e-05,4.664959533156e-01,3.255140706211e-02,-5.835030939761e-05
"                 911",-1.012583600241e+00,2.525712167411e+01,-3.392792099340e-05,-5.460845860980e-01,2.528967304995e+01,-9.226947088027e-05,4.664990141430e-01,3.255137584587e-02,-5.834154988687e-05
"                 912",-1.012572394209e+00,2.525709205876e+01,-3.392793699359e-05,-5.460703537544e-01,2.528964340826e+01,-9.226075271776e-05,4.665020404543e-01,3.255134949601e-02,-5.833281572416e-05
"                 913",-1.012561189029e+00,2.525706164180e+01,-3.392795057501e-05,-5.460561550436e-01,2.528961296971e+01,-9.225205178018e-05,4.665050339855e-01,3.255132790721e-02,-5.832410120517e-05
"                 914",-1.012549984919e+00,2.525703041746e+01,-3.392796183097e-05,-5.460419915196e-01,2.528958172854e+01,-9.224337098651e-05,4.665079933997e-01,3.255131107854e-02,-5.831540915554e-05
"                 915",-1.012538783146e+00,2.525699836390e+01,-3.392797083173e-05,-5.460278607982e-01,2.528954966275e+01,-9.223470706081e-05,4.665109223482e-01,3.255129885097e-02,-5.830673622908e-05
"                 916",-1.012527585062e+00,2.525696545202e+01,-3.392797749655e-05,-5.460137673864e-01,2.528951674330e+01,-9.222606198077e-05,4.665138176761e-01,3.255129127451e-02,-5.829808448421e-05
"                 917",-1.012516392218e+00,2.525693165999e+01,-3.392798182504e-05,-5.459997092719e-01,2.528948294816e+01,-9.221743081634e-05,4.665166829465e-01,3.255128817539e-02,-5.828944899130e-05
"                 918",-1.012505205299e+00,2.525689696557e+01,-3.392798383966e-05,-5.459856886695e-01,2.528944825522e+01,-9.220881859272e-05,4.665195166294e-01,3.255128965122e-02,-5.828083475307e-05
"                 919",-1.012494024299e+00,2.525686134668e+01,-3.392798350363e-05,-5.459717038647e-01,2.528941264220e+01,-9.220022756150e-05,4.665223204347e-01,3.255129551756e-02,-5.827224405787e-05
"                 920",-1.012482849111e+00,2.525682477165e+01,-3.392798087326e-05,-5.459577558218e-01,2.528937607752e+01,-9.219166267437e-05,4.665250932896e-01,3.255130586054e-02,-5.826368180111e-05
"                 921",-1.012471679037e+00,2.525678722012e+01,-3.392797576806e-05,-5.459438412825e-01,2.528933854062e+01,-9.218312394621e-05,4.665278377543e-01,3.255132049531e-02,-5.825514817815e-05
"                 922",-1.012460517706e+00,2.525674868533e+01,-3.392796921510e-05,-5.459299663616e-01,2.528930002493e+01,-9.217462099531e-05,4.665305513441e-01,3.255133959837e-02,-5.824665178021e-05
"                 923",-1.012449365515e+00,2.525670917945e+01,-3.392796138679e-05,-5.459161278944e-01,2.528926054229e+01,-9.216615295603e-05,4.665332376210e-01,3.255136284255e-02,-5.823819156923e-05
"                 924",-1.012438220484e+00,2.525666872560e+01,-3.392795191314e-05,-5.459023261934e-01,2.528922011597e+01,-9.215772374301e-05,4.665358942905e-01,3.255139037148e-02,-5.822977182987e-05
"                 925",-1.012427075185e+00,2.525662731650e+01,-3.392794025649e-05,-5.458885511638e-01,2.528917873849e+01,-9.214933721187e-05,4.665385240211e-01,3.255142198885e-02,-5.822139695538e-05
"                 926",-1.012415929919e+00,2.525658499413e+01,-3.392792622318e-05,-5.458748048185e-01,2.528913645186e+01,-9.214099683193e-05,4.665411251005e-01,3.255145773424e-02,-5.821307060875e-05
"                 927",-1.012404789025e+00,2.525654181771e+01,-3.392790957542e-05,-5.458610884514e-01,2.528909331518e+01,-9.213270378512e-05,4.665437005738e-01,3.255149747675e-02,-5.820479420970e-05
"                 928",-1.012393653902e+00,2.525649782208e+01,-3.392789029304e-05,-5.458474060825e-01,2.528904936342e+01,-9.212446340293e-05,4.665462478194e-01,3.255154134069e-02,-5.819657310989e-05
"                 929",-1.012382522135e+00,2.525645301517e+01,-3.392786826413e-05,-5.458337512731e-01,2.528900460416e+01,-9.211627367175e-05,4.665487708615e-01,3.255158898996e-02,-5.818840540762e-05
"                 930",-1.012371390837e+00,2.525640739734e+01,-3.392784370868e-05,-5.458201240303e-01,2.528895903787e+01,-9.210813522333e-05,4.665512668067e-01,3.255164053396e-02,-5.818029151465e-05
"                 931",-1.012360259669e+00,2.525636097843e+01,-3.392781664135e-05,-5.458065208705e-01,2.528891267410e+01,-9.210004985711e-05,4.665537387987e-01,3.255169566674e-02,-5.817223321576e-05
"                 932",-1.012349129530e+00,2.525631377060e+01,-3.392778724787e-05,-5.457929454113e-01,2.528886552501e+01,-9.209201564296e-05,4.665561841186e-01,3.255175441072e-02,-5.816422839509e-05
"                 933",-1.012338002237e+00,2.525626578240e+01,-3.392775563228e-05,-5.457793952304e-01,2.528881759895e+01,-9.208403121093e-05,4.665586070065e-01,3.255181655022e-02,-5.815627557865e-05
"                 934",-1.012326878650e+00,2.525621700679e+01,-3.392772196094e-05,-5.457658745724e-01,2.528876888900e+01,-9.207610097675e-05,4.665610040776e-01,3.255188221263e-02,-5.814837901581e-05
"                 935",-1.012315759703e+00,2.525616743061e+01,-3.392768618807e-05,-5.457523812390e-01,2.528871938182e+01,-9.206822303432e-05,4.665633784635e-01,3.255195121595e-02,-5.814053684625e-05
"                 936",-1.012304645576e+00,2.525611703520e+01,-3.392764844461e-05,-5.457389174632e-01,2.528866905894e+01,-9.206040156186e-05,4.665657281123e-01,3.255202374632e-02,-5.813275311725e-05
"                 937",-1.012293536411e+00,2.525606580598e+01,-3.392760873247e-05,-5.457254805515e-01,2.528861790561e+01,-9.205263739888e-05,4.665680558593e-01,3.255209962085e-02,-5.812502866641e-05
"                 938",-1.012282432786e+00,2.525601373586e+01,-3.392756717057e-05,-5.457120738923e-01,2.528856591485e+01,-9.204493736997e-05,4.665703588933e-01,3.255217898298e-02,-5.811737019940e-05
"                 939",-1.012271336076e+00,2.525596082936e+01,-3.392752376357e-05,-5.456986951823e-01,2.528851309107e+01,-9.203730316080e-05,4.665726408935e-01,3.255226171431e-02,-5.810977939724e-05
"                 940",-1.012260246706e+00,2.525590708694e+01,-3.392747858891e-05,-5.456853479924e-01,2.528845943477e+01,-9.202974204234e-05,4.665748987140e-01,3.255234782442e-02,-5.810226345343e-05
"                 941",-1.012249164756e+00,2.525585250995e+01,-3.392743168892e-05,-5.456720289799e-01,2.528840494713e+01,-9.202225689495e-05,4.665771357764e-01,3.255243717871e-02,-5.809482520603e-05
"                 942",-1.012238089947e+00,2.525579710843e+01,-3.392738308933e-05,-5.456587403350e-01,2.528834963817e+01,-9.201485404096e-05,4.665793496119e-01,3.255252973517e-02,-5.808747095163e-05
"                 943",-1.012227021451e+00,2.525574088970e+01,-3.392733290082e-05,-5.456454780865e-01,2.528829351506e+01,-9.200753559050e-05,4.665815433644e-01,3.255262536336e-02,-5.808020268968e-05
"                 944",-1.012215958817e+00,2.525568385494e+01,-3.392728132301e-05,-5.456322446824e-01,2.528823657900e+01,-9.200030817106e-05,4.665837141343e-01,3.255272406404e-02,-5.807302684806e-05
"                 945",-1.012204901150e+00,2.525562600638e+01,-3.392722822405e-05,-5.456190354952e-01,2.528817883208e+01,-9.199317297940e-05,4.665858656551e-01,3.255282570381e-02,-5.806594475535e-05
"                 946",-1.012193848224e+00,2.525556735349e+01,-3.392717349178e-05,-5.456058533746e-01,2.528812028381e+01,-9.198613530545e-05,4.665879948490e-01,3.255293031677e-02,-5.805896181367e-05
"                 947",-1.012182801047e+00,2.525550791871e+01,-3.392711701086e-05,-5.455926958551e-01,2.528806095658e+01,-9.197919709586e-05,4.665901051917e-01,3.255303786673e-02,-5.805208008500e-05
"                 948",-1.012171759204e+00,2.525544772189e+01,-3.392705872753e-05,-5.455795649889e-01,2.528800087022e+01,-9.197236263229e-05,4.665921942152e-01,3.255314833471e-02,-5.804530390476e-05
"                 949",-1.012160720158e+00,2.525538676997e+01,-3.392699862012e-05,-5.455664545558e-01,2.528794003159e+01,-9.196563310264e-05,4.665942656024e-01,3.255326162518e-02,-5.803863448252e-05
"                 950",-1.012149682668e+00,2.525532506916e+01,-3.392693681267e-05,-5.455533670005e-01,2.528787844696e+01,-9.195901255773e-05,4.665963156678e-01,3.255337780468e-02,-5.803207574506e-05
"                 951",-1.012138648104e+00,2.525526263178e+01,-3.392687338392e-05,-5.455402999353e-01,2.528781612855e+01,-9.195250034563e-05,4.665983481688e-01,3.255349676974e-02,-5.802562696172e-05
"                 952",-1.012127617114e+00,2.525519946763e+01,-3.392680850558e-05,-5.455272564556e-01,2.528775308615e+01,-9.194610251768e-05,4.666003606580e-01,3.255361852178e-02,-5.801929401211e-05
"                 953",-1.012116590709e+00,2.525513558476e+01,-3.392674227467e-05,-5.455142346242e-01,2.528768932781e+01,-9.193981963151e-05,4.666023560845e-01,3.255374304271e-02,-5.801307735684e-05
"                 954",-1.012105569695e+00,2.525507099657e+01,-3.392667474492e-05,-5.455012378384e-01,2.528762486691e+01,-9.193365377082e-05,4.666043318570e-01,3.255387033877e-02,-5.800697902590e-05
"                 955",-1.012094553834e+00,2.525500572642e+01,-3.392660577369e-05,-5.454882624033e-01,2.528755972680e+01,-9.192760594944e-05,4.666062914305e-01,3.255400037802e-02,-5.800100017576e-05
"                 956",-1.012083541451e+00,2.525493978821e+01,-3.392653527044e-05,-5.454753097720e-01,2.528749392156e+01,-9.192167852114e-05,4.666082316786e-01,3.255413335175e-02,-5.799514325070e-05
"                 957",-1.012072531601e+00,2.525487319357e+01,-3.392646313966e-05,-5.454623753188e-01,2.528742746293e+01,-9.191587084424e-05,4.666101562818e-01,3.255426935742e-02,-5.798940770457e-05
"                 958",-1.012061525168e+00,2.525480595921e+01,-3.392638942571e-05,-5.454494633428e-01,2.528736036773e+01,-9.191018560456e-05,4.666120618249e-01,3.255440852045e-02,-5.798379617884e-05
"                 959",-1.012050523842e+00,2.525473809461e+01,-3.392631420865e-05,-5.454365715040e-01,2.528729264510e+01,-9.190462477070e-05,4.666139523384e-01,3.255455049056e-02,-5.797831056205e-05
"                 960",-1.012039526655e+00,2.525466959590e+01,-3.392623758471e-05,-5.454237025484e-01,2.528722429104e+01,-9.189919027723e-05,4.666158241063e-01,3.255469513904e-02,-5.797295269253e-05
"                 961",-1.012028531636e+00,2.525460045847e+01,-3.392615958654e-05,-5.454108502691e-01,2.528715530035e+01,-9.189388236441e-05,4.666176813665e-01,3.255484187818e-02,-5.796772277786e-05
"                 962",-1.012017535650e+00,2.525453068173e+01,-3.392608025537e-05,-5.453980151803e-01,2.528708567237e+01,-9.188870436302e-05,4.666195204698e-01,3.255499063570e-02,-5.796262410765e-05
"                 963",-1.012006536569e+00,2.525446027138e+01,-3.392599964125e-05,-5.453851916935e-01,2.528701541214e+01,-9.188365449146e-05,4.666213448751e-01,3.255514076262e-02,-5.795765485021e-05
"                 964",-1.011995533154e+00,2.525438922769e+01,-3.392591780198e-05,-5.453723809294e-01,2.528694451998e+01,-9.187873588429e-05,4.666231522246e-01,3.255529229183e-02,-5.795281808231e-05
"                 965",-1.011984524814e+00,2.525431754650e+01,-3.392583478742e-05,-5.453595799026e-01,2.528687299130e+01,-9.187394695443e-05,4.666249449116e-01,3.255544479558e-02,-5.794811216702e-05
"                 966",-1.011973509372e+00,2.525424521736e+01,-3.392575061871e-05,-5.453467893625e-01,2.528680081589e+01,-9.186928906470e-05,4.666267200092e-01,3.255559852850e-02,-5.794353844600e-05
"                 967",-1.011962487089e+00,2.525417224559e+01,-3.392566532209e-05,-5.453340056742e-01,2.528672799888e+01,-9.186475985328e-05,4.666284814150e-01,3.255575329125e-02,-5.793909453119e-05
"                 968",-1.011951459140e+00,2.525409864306e+01,-3.392557894689e-05,-5.453212335210e-01,2.528665455256e+01,-9.186036183396e-05,4.666302256190e-01,3.255590950213e-02,-5.793478288707e-05
"                 969",-1.011940426985e+00,2.525402442729e+01,-3.392549150133e-05,-5.453084708899e-01,2.528658049439e+01,-9.185609284646e-05,4.666319560950e-01,3.255606710386e-02,-5.793060134513e-05
"                 970",-1.011929391447e+00,2.525394961703e+01,-3.392540296939e-05,-5.452957215296e-01,2.528650584360e+01,-9.185195203687e-05,4.666336699177e-01,3.255622657250e-02,-5.792654906748e-05
"                 971",-1.011918354102e+00,2.525387422760e+01,-3.392531335050e-05,-5.452829838377e-01,2.528643061543e+01,-9.184793800665e-05,4.666353702639e-01,3.255638782677e-02,-5.792262465615e-05
"                 972",-1.011907316363e+00,2.525379827035e+01,-3.392522269920e-05,-5.452702620372e-01,2.528635482154e+01,-9.184405109811e-05,4.666370543255e-01,3.255655118541e-02,-5.791882839891e-05
"                 973",-1.011896279262e+00,2.525372175605e+01,-3.392513096964e-05,-5.452575536063e-01,2.528627847255e+01,-9.184029016517e-05,4.666387256552e-01,3.255671649894e-02,-5.791515919553e-05
"                 974",-1.011885242586e+00,2.525364469113e+01,-3.392503826636e-05,-5.452448614974e-01,2.528620157515e+01,-9.183665769207e-05,4.666403810885e-01,3.255688401458e-02,-5.791161942571e-05
"                 975",-1.011874206934e+00,2.525356709005e+01,-3.392494459565e-05,-5.452321825122e-01,2.528612414345e+01,-9.183315016484e-05,4.666420244213e-01,3.255705340146e-02,-5.790820556919e-05
"                 976",-1.011863172915e+00,2.525348896976e+01,-3.392484987715e-05,-5.452195209509e-01,2.528604619464e+01,-9.182977157029e-05,4.666436519636e-01,3.255722487732e-02,-5.790492169314e-05
"                 977",-1.011852141325e+00,2.525341034441e+01,-3.392475405987e-05,-5.452068733402e-01,2.528596774254e+01,-9.182652258296e-05,4.666452679849e-01,3.255739812916e-02,-5.790176852309e-05
"                 978",-1.011841111883e+00,2.525333121930e+01,-3.392465720345e-05,-5.451942429970e-01,2.528588879252e+01,-9.182340741989e-05,4.666468688857e-01,3.255757321597e-02,-5.789875021644e-05
"                 979",-1.011830083969e+00,2.525325159542e+01,-3.392455935316e-05,-5.451816251818e-01,2.528580934523e+01,-9.182042437433e-05,4.666484587868e-01,3.255774980172e-02,-5.789586502117e-05
"                 980",-1.011819056676e+00,2.525317147308e+01,-3.392446052617e-05,-5.451690229387e-01,2.528572940112e+01,-9.181757988013e-05,4.666500337370e-01,3.255792804782e-02,-5.789311935396e-05
"                 981",-1.011808030365e+00,2.525309086498e+01,-3.392436074877e-05,-5.451564323341e-01,2.528564897259e+01,-9.181487284233e-05,4.666515980312e-01,3.255810760869e-02,-5.789051209356e-05
"                 982",-1.011797004604e+00,2.525300977890e+01,-3.392426002907e-05,-5.451438567662e-01,2.528556806767e+01,-9.181230826294e-05,4.666531478378e-01,3.255828876621e-02,-5.788804823387e-05
"                 983",-1.011785979061e+00,2.525292821786e+01,-3.392415830508e-05,-5.451312923846e-01,2.528548668935e+01,-9.180988598563e-05,4.666546866762e-01,3.255847149615e-02,-5.788572768054e-05
"                 984",-1.011774956128e+00,2.525284620013e+01,-3.392405562549e-05,-5.451187441870e-01,2.528540485639e+01,-9.180761145145e-05,4.666562119408e-01,3.255865625566e-02,-5.788355582596e-05
"                 985",-1.011763936545e+00,2.525276372805e+01,-3.392395195254e-05,-5.451062097406e-01,2.528532257136e+01,-9.180547898176e-05,4.666577268043e-01,3.255884331602e-02,-5.788152702923e-05
"                 986",-1.011752922395e+00,2.525268082349e+01,-3.392384729968e-05,-5.450936952469e-01,2.528523985659e+01,-9.180348942773e-05,4.666592271482e-01,3.255903309561e-02,-5.787964212805e-05
"                 987",-1.011741916587e+00,2.525259750521e+01,-3.392374170397e-05,-5.450811995561e-01,2.528515673043e+01,-9.180163912216e-05,4.666607170309e-01,3.255922522841e-02,-5.787789741820e-05
"                 988",-1.011730919617e+00,2.525251378064e+01,-3.392363513673e-05,-5.450687262921e-01,2.528507320041e+01,-9.179993103702e-05,4.666621933244e-01,3.255941976991e-02,-5.787629590029e-05
"                 989",-1.011719928067e+00,2.525242964495e+01,-3.392352761502e-05,-5.450562688064e-01,2.528498926129e+01,-9.179836983108e-05,4.666636592604e-01,3.255961633972e-02,-5.787484221605e-05
"                 990",-1.011708940685e+00,2.525234510190e+01,-3.392341920291e-05,-5.450438284559e-01,2.528490491682e+01,-9.179696096266e-05,4.666651122290e-01,3.255981492369e-02,-5.787354175976e-05
"                 991",-1.011697958323e+00,2.525226016535e+01,-3.392330987035e-05,-5.450314033558e-01,2.528482018063e+01,-9.179570750996e-05,4.666665549668e-01,3.256001527576e-02,-5.787239763962e-05
"                 992",-1.011686980762e+00,2.525217483873e+01,-3.392319956821e-05,-5.450189963423e-01,2.528473505626e+01,-9.179461939463e-05,4.666679844199e-01,3.256021753797e-02,-5.787141982642e-05
"                 993",-1.011676006153e+00,2.525208911262e+01,-3.392308821175e-05,-5.450066011190e-01,2.528464953394e+01,-9.179369862747e-05,4.666694050341e-01,3.256042131559e-02,-5.787061041571e-05
"                 994",-1.011665032313e+00,2.525200297516e+01,-3.392297575308e-05,-5.449942186756e-01,2.528456360200e+01,-9.179295390598e-05,4.666708136374e-01,3.256062683539e-02,-5.786997815290e-05
"                 995",-1.011654058947e+00,2.525191642771e+01,-3.392286216325e-05,-5.449818458180e-01,2.528447726158e+01,-9.179238962982e-05,4.666722131288e-01,3.256083387768e-02,-5.786952746658e-05
"                 996",-1.011643086892e+00,2.525182947771e+01,-3.392274745202e-05,-5.449694858220e-01,2.528439052041e+01,-9.179201577849e-05,4.666736010700e-01,3.256104269506e-02,-5.786926832648e-05
"                 997",-1.011632117722e+00,2.525174213516e+01,-3.392263163429e-05,-5.449571366360e-01,2.528430338826e+01,-9.179183084874e-05,4.666749810857e-01,3.256125310168e-02,-5.786919921446e-05
"                 998",-1.011621152111e+00,2.525165440951e+01,-3.392251468941e-05,-5.449448019189e-01,2.528421587495e+01,-9.179184053085e-05,4.666763501918e-01,3.256146543587e-02,-5.786932584144e-05
"                 999",-1.011610189896e+00,2.525156631181e+01,-3.392239655199e-05,-5.449324778861e-01,2.528412799134e+01,-9.179204326047e-05,4.666777120099e-01,3.256167953467e-02,-5.786964670848e-05
"                1000",-1.011599230485e+00,2.525147785556e+01,-3.392227716922e-05,-5.449201668724e-01,2.528403975120e+01,-9.179244317366e-05,4.666790636129e-01,3.256189564143e-02,-5.787016600444e-05
