Time (s),PRESSURE_FORCE_X,PRESSURE_FORCE_Y,PRESSURE_FORCE_Z,TOTAL_FORCE_X,TOTAL_FORCE_Y,TOTAL_FORCE_Z,VISCOUS_FORCE_X,VISCOUS_FORCE_Y,VISCOUS_FORCE_Z
"                   1",4.497291396605e+01,4.041820576697e+02,-6.407574133655e-05,4.648307692544e+01,4.044360553884e+02,-6.268324360953e-05,1.510162959389e+00,2.539977186483e-01,1.392497727022e-06
"                   2",2.548885999796e+01,2.630336781240e+02,-4.247369503493e-05,2.671153571993e+01,2.630835004440e+02,-3.568826086847e-05,1.222675721976e+00,4.982232002699e-02,6.785434166459e-06
"                   3",-1.225068315148e+01,-6.501785926036e+01,-1.519690325070e-06,-1.124141473918e+01,-6.508528144671e+01,8.014588090993e-06,1.009268412303e+00,-6.742218635528e-02,9.534278416063e-06
"                   4",-2.737555596673e+01,-2.038606854114e+02,2.168126273795e-05,-2.645821084798e+01,-2.039068423229e+02,2.736469707413e-05,9.173451187431e-01,-4.615691156006e-02,5.683434336173e-06
"                   5",-1.322780932041e+01,-8.320035898998e+01,2.067795187891e-05,-1.240953230323e+01,-8.317630299926e+01,2.101420674390e-05,8.182770171762e-01,2.405599071582e-02,3.362548649911e-07
"                   6",7.449265660040e+00,9.278398405151e+01,6.734644445446e-06,8.202096312434e+00,9.285982788695e+01,5.060654154827e-06,7.528306523940e-01,7.584383544390e-02,-1.673990290618e-06
"                   7",1.359690649843e+01,1.424317155994e+02,-3.024459774077e-06,1.429269367463e+01,1.425050275309e+02,-1.814298705631e-06,6.957871761953e-01,7.331193158379e-02,1.210161068446e-06
"                   8",4.270404899901e+00,6.294240656185e+01,-2.703554723050e-06,4.895860666206e+00,6.297870157046e+01,1.101486033747e-06,6.254557663049e-01,3.629500860809e-02,3.805040756797e-06
"                   9",-6.808096885422e+00,-2.545868505128e+01,2.000867012657e-06,-6.252931978977e+00,-2.544693147631e+01,3.936154352578e-06,5.551649064450e-01,1.175357496764e-02,1.935287339922e-06
"                  10",-9.036410198002e+00,-3.665894866249e+01,4.934706729413e-06,-8.549512224836e+00,-3.665023646380e+01,3.375387572924e-06,4.868979731662e-01,8.712198682483e-03,-1.559319156489e-06
"                  11",-3.495582141189e+00,1.291309007563e+01,4.585679064056e-06,-3.060966507218e+00,1.293458857083e+01,2.925695529852e-06,4.346156339710e-01,2.149849520220e-02,-1.659983534204e-06
"                  12",2.250615642768e+00,5.762386189538e+01,3.225662823165e-06,2.653118076898e+00,5.765638795723e+01,4.499553789236e-06,4.025024341303e-01,3.252606185462e-02,1.273890966071e-06
"                  13",2.941804507083e+00,5.791588632911e+01,2.959948173391e-06,3.325362098681e+00,5.794919795611e+01,7.169032717582e-06,3.835575915980e-01,3.331162700358e-02,4.209084544192e-06
"                  14",-3.955919822588e-01,2.864854242116e+01,4.068046493029e-06,-3.083787016164e-02,2.867622773950e+01,8.243343812856e-06,3.647541120972e-01,2.768531833524e-02,4.175297319827e-06
"                  15",-3.569943341616e+00,6.911377570412e+00,5.156302567898e-06,-3.231526783621e+00,6.935271639232e+00,6.266785576812e-06,3.384165579948e-01,2.389406882033e-02,1.110483008914e-06
"                  16",-3.881546471266e+00,1.071551885605e+01,5.360566759117e-06,-3.564808083296e+00,1.073996587072e+01,4.072567057910e-06,3.167383879700e-01,2.444701467322e-02,-1.287999701207e-06
"                  17",-2.008038601626e+00,2.831839585858e+01,4.962613412041e-06,-1.706327603624e+00,2.834633215066e+01,4.460884620374e-06,3.017109980012e-01,2.793629208688e-02,-5.017287916675e-07
"                  18",-3.011100311155e-01,3.931560107771e+01,4.763448745004e-06,-9.219099037103e-03,3.934664061501e+01,7.132202856970e-06,2.918909320784e-01,3.103953730477e-02,2.368754111966e-06
"                  19",-2.038136052400e-01,3.584680385374e+01,5.115887520700e-06,8.137869887093e-02,3.587894211410e+01,9.521860725631e-06,2.851923041109e-01,3.213826035731e-02,4.405973204931e-06
"                  20",-1.347838771825e+00,2.597371270275e+01,5.742744837145e-06,-1.072738229278e+00,2.600540539802e+01,9.543816703224e-06,2.751005425469e-01,3.169269526825e-02,3.801071866079e-06
"                  21",-2.420285585985e+00,2.121863590243e+01,6.205106626125e-06,-2.156817766004e+00,2.124995464413e+01,7.196978968958e-06,2.634678199818e-01,3.131874169883e-02,9.918723428326e-07
"                  22",-2.566704091336e+00,2.457967308997e+01,6.319121156008e-06,-2.312524849894e+00,2.461097661027e+01,4.956547607249e-06,2.541792414419e-01,3.130352029583e-02,-1.362573548759e-06
"                  23",-1.972356790611e+00,3.060712426320e+01,6.274109835580e-06,-1.724087866411e+00,3.063902568651e+01,5.560378468624e-06,2.482689241997e-01,3.190142330790e-02,-7.137313669560e-07
"                  24",-1.374573945288e+00,3.318758502560e+01,6.312020087929e-06,-1.130979283410e+00,3.322014260943e+01,8.398546169745e-06,2.435946618773e-01,3.255758383441e-02,2.086526081816e-06
"                  25",-1.318272501733e+00,3.134873494305e+01,6.542921380114e-06,-1.079552315303e+00,3.138149862166e+01,1.134965351653e-05,2.387201864295e-01,3.276367860815e-02,4.806732136416e-06
"                  26",-1.728044443260e+00,2.842877353637e+01,6.860132454868e-06,-1.495059682305e+00,2.846170526119e+01,1.198381562537e-05,2.329847609551e-01,3.293172482259e-02,5.123683170506e-06
"                  27",-2.157348982897e+00,2.769631921509e+01,7.152390431628e-06,-1.930605505706e+00,2.772952393439e+01,1.047210887968e-05,2.267434771906e-01,3.320471930219e-02,3.319718448051e-06
"                  28",-2.277811459403e+00,2.932039828827e+01,7.349234606895e-06,-2.056265574361e+00,2.935398232320e+01,9.279635334424e-06,2.215458850424e-01,3.358403492299e-02,1.930400727530e-06
"                  29",-2.109350409193e+00,3.128395848773e+01,7.514218041990e-06,-1.891067778590e+00,3.131782226821e+01,9.713967902556e-06,2.182826306029e-01,3.386378048108e-02,2.199749860566e-06
"                  30",-1.912682854026e+00,3.193308031368e+01,7.683635440762e-06,-1.697358617487e+00,3.196717432997e+01,1.147255109070e-05,2.153242365385e-01,3.409401629339e-02,3.788915649941e-06
"                  31",-1.889017384658e+00,3.137994114237e+01,7.912176657330e-06,-1.677527241772e+00,3.141415256995e+01,1.295374379769e-05,2.114901428855e-01,3.421142757270e-02,5.041567140364e-06
"                  32",-2.045727464161e+00,3.082556778731e+01,8.177819195305e-06,-1.839117298909e+00,3.085985428366e+01,1.282551900608e-05,2.066101652523e-01,3.428649635056e-02,4.647699810773e-06
"                  33",-2.237641145004e+00,3.101007528415e+01,8.452096735326e-06,-2.036274764795e+00,3.104433741422e+01,1.136690107707e-05,2.013663802099e-01,3.426213007191e-02,2.914804341746e-06
"                  34",-2.334443802227e+00,3.178647415727e+01,8.711439557227e-06,-2.137569944630e+00,3.182065872829e+01,1.026457495679e-05,1.968738575969e-01,3.418457101978e-02,1.553135399564e-06
"                  35",-2.316823207268e+00,3.248729714841e+01,8.947281687321e-06,-2.123448079972e+00,3.252138654639e+01,1.072778968516e-05,1.933751272959e-01,3.408939797848e-02,1.780507997843e-06
"                  36",-2.273094940758e+00,3.273916753825e+01,9.163276090813e-06,-2.082823682917e+00,3.277320600173e+01,1.258339804010e-05,1.902712578409e-01,3.403846347821e-02,3.420121949291e-06
"                  37",-2.285731022767e+00,3.267854543903e+01,9.362229735525e-06,-2.098916129524e+00,3.271252219128e+01,1.427984612443e-05,1.868148932424e-01,3.397675225097e-02,4.917616388900e-06
"                  38",-2.366672748680e+00,3.268240475467e+01,9.568720274798e-06,-2.183696269045e+00,3.271626702473e+01,1.466520023632e-05,1.829764796352e-01,3.386227006409e-02,5.096479961524e-06
"                  39",-2.462665713286e+00,3.295623375111e+01,9.793903097226e-06,-2.283379662967e+00,3.298997916768e+01,1.375106021758e-05,1.792860503191e-01,3.374541657746e-02,3.957157120353e-06
"                  40",-2.523238851091e+00,3.341576728372e+01,1.003590269613e-05,-2.347270927828e+00,3.344951846984e+01,1.269948418434e-05,1.759679232633e-01,3.375118611752e-02,2.663581488208e-06
"                  41",-2.545559429119e+00,3.379744667936e+01,1.026210536189e-05,-2.372380822717e+00,3.383136703668e+01,1.263255403320e-05,1.731786064015e-01,3.392035731359e-02,2.370448671311e-06
"                  42",-2.555082199544e+00,3.398739074387e+01,1.045090383698e-05,-2.384636283469e+00,3.402152549753e+01,1.355938526289e-05,1.704459160751e-01,3.413475366687e-02,3.108481425903e-06
"                  43",-2.582313434534e+00,3.404408700891e+01,1.064875706468e-05,-2.414802043046e+00,3.407844098741e+01,1.501245479111e-05,1.675113914886e-01,3.435397849723e-02,4.363697726428e-06
"                  44",-2.634629348024e+00,3.412567707945e+01,1.086166178733e-05,-2.470054228946e+00,3.416023486957e+01,1.691712957730e-05,1.645751190781e-01,3.455779011885e-02,6.055467789971e-06
"                  45",-2.698949399175e+00,3.433745212921e+01,1.110203369594e-05,-2.536835903626e+00,3.437219772154e+01,1.802525149796e-05,1.621134955491e-01,3.474559232368e-02,6.923217802020e-06
"                  46",-2.753756462671e+00,3.463436950028e+01,1.128582075940e-05,-2.593815315120e+00,3.466924097018e+01,1.748945437490e-05,1.599411475515e-01,3.487146989498e-02,6.203633615500e-06
"                  47",-2.785007699692e+00,3.490822369041e+01,1.155169558661e-05,-2.626775327651e+00,3.494314605100e+01,1.658071955840e-05,1.582323720408e-01,3.492236058307e-02,5.029023971795e-06
"                  48",-2.802235995562e+00,3.510465468930e+01,1.177092298210e-05,-2.645619425899e+00,3.513959248901e+01,1.655970796798e-05,1.566165696631e-01,3.493779971594e-02,4.788784985878e-06
"                  49",-2.821013596237e+00,3.522928032150e+01,1.195170859676e-05,-2.666197673500e+00,3.526425113568e+01,1.763697446483e-05,1.548159227368e-01,3.497081417316e-02,5.685265868067e-06
"                  50",-2.852088233094e+00,3.532673783062e+01,1.221244906576e-05,-2.699124519201e+00,3.536184050054e+01,1.924157120417e-05,1.529637138929e-01,3.510266992488e-02,7.029122138405e-06
"                  51",-2.892753098858e+00,3.546330641545e+01,1.237511593467e-05,-2.741522061159e+00,3.549855049949e+01,2.052054636053e-05,1.512310376986e-01,3.524408403305e-02,8.145430425861e-06
"                  52",-2.934586875360e+00,3.566041609850e+01,1.250737424329e-05,-2.784659070384e+00,3.569579524997e+01,2.155674782769e-05,1.499278049763e-01,3.537915147366e-02,9.049373584398e-06
"                  53",-2.970188158053e+00,3.587985796026e+01,1.266537763111e-05,-2.821288539296e+00,3.591533835771e+01,2.199393413598e-05,1.488996187574e-01,3.548039745190e-02,9.328556504869e-06
"                  54",-2.997573858364e+00,3.606497484886e+01,1.275609270554e-05,-2.849245260058e+00,3.610055708672e+01,2.204986189119e-05,1.483285983065e-01,3.558223786128e-02,9.293769185651e-06
"                  55",-3.021954805038e+00,3.618606842837e+01,1.286820910938e-05,-2.874060893947e+00,3.622178234191e+01,2.175240534887e-05,1.478939110908e-01,3.571391354421e-02,8.884196239487e-06
"                  56",-3.049223203455e+00,3.627828788091e+01,1.304570968441e-05,-2.901725376005e+00,3.631414575030e+01,2.131131848666e-05,1.474978274506e-01,3.585786938873e-02,8.265608802249e-06
"                  57",-3.079288345397e+00,3.640255457902e+01,1.320972133702e-05,-2.932133890119e+00,3.643855859528e+01,2.063295516228e-05,1.471544552775e-01,3.600401625856e-02,7.423233825260e-06
"                  58",-3.109300633599e+00,3.656774455064e+01,1.333782352814e-05,-2.962316544693e+00,3.660390038590e+01,1.973584936111e-05,1.469840889058e-01,3.615583526164e-02,6.398025832964e-06
"                  59",-3.137225256849e+00,3.674946249742e+01,1.344392330112e-05,-2.990068782056e+00,3.678575175240e+01,1.900738307523e-05,1.471564747939e-01,3.628925498157e-02,5.563459774109e-06
"                  60",-3.162952908967e+00,3.691778918953e+01,1.356183952235e-05,-3.015240860391e+00,3.695423184221e+01,1.828102556063e-05,1.477120485755e-01,3.644265267293e-02,4.719186038277e-06
"                  61",-3.187935341351e+00,3.704667792759e+01,1.370091813871e-05,-3.039423543623e+00,3.708332825904e+01,1.760319323628e-05,1.485117977280e-01,3.665033144614e-02,3.902275097574e-06
"                  62",-3.213024905830e+00,3.713349723734e+01,1.384917044972e-05,-3.063663817573e+00,3.717035192122e+01,1.699709307042e-05,1.493610882565e-01,3.685468388492e-02,3.147922620697e-06
"                  63",-3.239155731469e+00,3.721049940229e+01,1.397431425621e-05,-3.088956963397e+00,3.724753417479e+01,1.650541465406e-05,1.501987680715e-01,3.703477249810e-02,2.531100397851e-06
"                  64",-3.264833878306e+00,3.731133167371e+01,1.406692673396e-05,-3.113844927166e+00,3.734850384385e+01,1.618796956809e-05,1.509889511396e-01,3.717217014123e-02,2.121042834131e-06
"                  65",-3.289356523192e+00,3.745214231371e+01,1.415663273710e-05,-3.137615859597e+00,3.748940363281e+01,1.570161144405e-05,1.517406635954e-01,3.726131910513e-02,1.544978706941e-06
"                  66",-3.312140140774e+00,3.761935689505e+01,1.423696931443e-05,-3.159605825384e+00,3.765669470030e+01,1.504661544720e-05,1.525343153903e-01,3.733780524591e-02,8.096461327742e-07
"                  67",-3.333882215484e+00,3.778473605146e+01,1.432838238994e-05,-3.180526572387e+00,3.782216598817e+01,1.426888692896e-05,1.533556430973e-01,3.742993671451e-02,-5.949546097715e-08
"                  68",-3.355520695376e+00,3.791601664263e+01,1.442627770087e-05,-3.201350293644e+00,3.795356235523e+01,1.322949473290e-05,1.541704017318e-01,3.754571260214e-02,-1.196782967978e-06
"                  69",-3.377570175658e+00,3.800214859305e+01,1.446203750711e-05,-3.222620249219e+00,3.803983781859e+01,1.224348106124e-05,1.549499264388e-01,3.768922553513e-02,-2.218556445872e-06
"                  70",-3.399687753219e+00,3.806550966942e+01,1.439407483522e-05,-3.244020695957e+00,3.810332871900e+01,1.089192677471e-05,1.556670572625e-01,3.781904958093e-02,-3.502148060508e-06
"                  71",-3.421273918857e+00,3.814066194474e+01,1.424990749815e-05,-3.264884775760e+00,3.817859155148e+01,9.659450879197e-06,1.563891430974e-01,3.792960673336e-02,-4.590456618951e-06
"                  72",-3.441590509857e+00,3.824512381466e+01,1.417488627290e-05,-3.284390745689e+00,3.828315567990e+01,8.951502872057e-06,1.571997641674e-01,3.803186523785e-02,-5.223383400847e-06
"                  73",-3.460542080036e+00,3.837423742703e+01,1.437600097817e-05,-3.302476645995e+00,3.841235812526e+01,8.888353470755e-06,1.580654340402e-01,3.812069823100e-02,-5.487647507411e-06
"                  74",-3.478941421975e+00,3.850948000542e+01,1.466271674507e-05,-3.319932797062e+00,3.854770977209e+01,9.765965703862e-06,1.590086249128e-01,3.822976666968e-02,-4.896751041207e-06
"                  75",-3.497678919989e+00,3.863255195349e+01,1.516354399405e-05,-3.337683289418e+00,3.867088623616e+01,1.216610614699e-05,1.599956305709e-01,3.833428267372e-02,-2.997437847066e-06
"                  76",-3.516506388966e+00,3.873386233163e+01,1.542385492228e-05,-3.355456424702e+00,3.877230204133e+01,1.432059949988e-05,1.610499642633e-01,3.843970969770e-02,-1.103255422406e-06
"                  77",-3.534858737632e+00,3.881790532178e+01,1.567707834800e-05,-3.372649216467e+00,3.885647253189e+01,1.613994934946e-05,1.622095211653e-01,3.856721010786e-02,4.628710014548e-07
"                  78",-3.552045916695e+00,3.889334210093e+01,1.569794610071e-05,-3.388567776871e+00,3.893208040503e+01,1.667666512487e-05,1.634781398240e-01,3.873830409645e-02,9.787190241671e-07
"                  79",-3.568470271742e+00,3.897198774554e+01,1.563401882566e-05,-3.403625297705e+00,3.901093596783e+01,1.582702080559e-05,1.648449740378e-01,3.894822228721e-02,1.930019799312e-07
"                  80",-3.584019404719e+00,3.906558767691e+01,1.549087592684e-05,-3.417787381398e+00,3.910477830479e+01,1.450818330698e-05,1.662320233212e-01,3.919062788243e-02,-9.826926198573e-07
"                  81",-3.599181577464e+00,3.916828565495e+01,1.536219715602e-05,-3.431554904398e+00,3.920773520155e+01,1.322021454845e-05,1.676266730661e-01,3.944954660201e-02,-2.141982607577e-06
"                  82",-3.614362555238e+00,3.927481632182e+01,1.527930176926e-05,-3.445318984146e+00,3.931452305743e+01,1.181177038495e-05,1.690435710918e-01,3.970673560785e-02,-3.467531384308e-06
"                  83",-3.630384258774e+00,3.937653207171e+01,1.524092338635e-05,-3.459862319947e+00,3.941651586047e+01,1.016225504740e-05,1.705219388268e-01,3.998378876416e-02,-5.078668338957e-06
"                  84",-3.647000932444e+00,3.946717749479e+01,1.524639721340e-05,-3.474984902609e+00,3.950745275852e+01,8.646906313438e-06,1.720160298346e-01,4.027526372947e-02,-6.599490899957e-06
"                  85",-3.663272120882e+00,3.954739802966e+01,1.527600531742e-05,-3.489816448836e+00,3.958793827904e+01,7.010979146198e-06,1.734556720453e-01,4.054024938383e-02,-8.265026171225e-06
"                  86",-3.678497654011e+00,3.962281117610e+01,1.530774007365e-05,-3.503662266228e+00,3.966358722085e+01,5.613646834410e-06,1.748353877832e-01,4.077604474647e-02,-9.694093239241e-06
"                  87",-3.693011948106e+00,3.969822420604e+01,1.534848932266e-05,-3.516840427231e+00,3.973921249859e+01,4.154810472463e-06,1.761715208746e-01,4.098829255736e-02,-1.119367885019e-05
"                  88",-3.707231431398e+00,3.977576056351e+01,1.553967979787e-05,-3.529724149694e+00,3.981695251609e+01,2.736589537176e-06,1.775072817039e-01,4.119195257646e-02,-1.280309026070e-05
"                  89",-3.721351407338e+00,3.985485362466e+01,1.585302427248e-05,-3.542494905761e+00,3.989625661725e+01,1.169960036257e-06,1.788565015768e-01,4.140299258714e-02,-1.468306423622e-05
"                  90",-3.735275354252e+00,3.993268370454e+01,1.623976922329e-05,-3.555027931966e+00,3.997429630240e+01,-9.375252089136e-07,1.802474222851e-01,4.161259785529e-02,-1.717729443220e-05
"                  91",-3.748937345375e+00,4.000733473673e+01,1.673029481155e-05,-3.567267246851e+00,4.004914332080e+01,-2.475034514592e-06,1.816700985238e-01,4.180858406482e-02,-1.920532932614e-05
"                  92",-3.762517854138e+00,4.007776277096e+01,1.724924059915e-05,-3.579392850917e+00,4.011975459715e+01,-2.454295370386e-06,1.831250032206e-01,4.199182618859e-02,-1.970353596953e-05
"                  93",-3.775810394612e+00,4.014398723085e+01,1.767860119070e-05,-3.591171483951e+00,4.018614198513e+01,-2.501259324890e-06,1.846389106607e-01,4.215475428243e-02,-2.017986051559e-05
"                  94",-3.789233897712e+00,4.020520503241e+01,1.795142738336e-05,-3.603026582961e+00,4.024749534766e+01,-3.624890875730e-06,1.862073147518e-01,4.229031525263e-02,-2.157631825909e-05
"                  95",-3.802676255690e+00,4.026218284600e+01,1.812234769065e-05,-3.614862521309e+00,4.030459873452e+01,-4.903761830288e-06,1.878137343810e-01,4.241588851793e-02,-2.302610952093e-05
"                  96",-3.816275671247e+00,4.031218215129e+01,1.820156233675e-05,-3.626821521965e+00,4.035471995712e+01,-6.952768410193e-06,1.894541492816e-01,4.253780583202e-02,-2.515433074695e-05
"                  97",-3.829435544411e+00,4.035883102169e+01,1.826983537447e-05,-3.638321639149e+00,4.040148769295e+01,-8.952534946731e-06,1.911139052626e-01,4.265667126009e-02,-2.722237032120e-05
"                  98",-3.841492989846e+00,4.040670596909e+01,1.850855496646e-05,-3.648721536866e+00,4.044948060321e+01,-1.010382028958e-05,1.927714529802e-01,4.277463411714e-02,-2.861237525603e-05
"                  99",-3.852514757931e+00,4.045930442340e+01,1.894019239513e-05,-3.658095353668e+00,4.050216530533e+01,-9.352066381342e-06,1.944194042624e-01,4.286088192728e-02,-2.829225877647e-05
"                 100",-3.863445249795e+00,4.051315226587e+01,1.947734322595e-05,-3.667523691069e+00,4.055609905304e+01,-7.358174725386e-06,1.959215587263e-01,4.294678716655e-02,-2.683551795134e-05
"                 101",-3.874366115868e+00,4.056390063905e+01,1.997582206818e-05,-3.677099583211e+00,4.060697992527e+01,-2.853861678850e-06,1.972665326572e-01,4.307928621338e-02,-2.282968374703e-05
"                 102",-3.885309062917e+00,4.061303481402e+01,2.039757169297e-05,-3.686779036310e+00,4.065621924354e+01,3.585659109384e-06,1.985300266072e-01,4.318442952191e-02,-1.681191258359e-05
"                 103",-3.895905358261e+00,4.066237128316e+01,2.066967301142e-05,-3.696172529538e+00,4.070563977898e+01,1.176967690995e-05,1.997328287230e-01,4.326849581842e-02,-8.899996101468e-06
"                 104",-3.905601331843e+00,4.071338655539e+01,2.078800961729e-05,-3.704771278972e+00,4.075673014106e+01,1.948360268150e-05,2.008300528704e-01,4.334358566645e-02,-1.304406935783e-06
"                 105",-3.913894945296e+00,4.077594221966e+01,2.082138228241e-05,-3.711972806963e+00,4.081934119536e+01,2.631145525253e-05,2.019221383334e-01,4.339897569564e-02,5.490072970116e-06
"                 106",-3.921648049237e+00,4.084770690181e+01,2.081379289872e-05,-3.718647298389e+00,4.089114765268e+01,3.489006025739e-05,2.030007508476e-01,4.344075087815e-02,1.407626735867e-05
"                 107",-3.929715501629e+00,4.091714586339e+01,2.075813222911e-05,-3.725640955573e+00,4.096063753115e+01,4.283689654290e-05,2.040745460552e-01,4.349166775625e-02,2.207876431379e-05
"                 108",-3.938723289946e+00,4.096856931405e+01,2.073652620233e-05,-3.733583961461e+00,4.101211985812e+01,5.173998653064e-05,2.051393284846e-01,4.355054406686e-02,3.100346032832e-05
"                 109",-3.947932328947e+00,4.100201562253e+01,2.072883476316e-05,-3.741674094004e+00,4.104562829836e+01,5.694443872024e-05,2.062582349427e-01,4.361267583850e-02,3.621560395709e-05
"                 110",-3.956471535245e+00,4.102253201857e+01,2.071292456768e-05,-3.749049070097e+00,4.106620169598e+01,5.730952538427e-05,2.074224651479e-01,4.366967741109e-02,3.659660081658e-05
"                 111",-3.963739091375e+00,4.104037435302e+01,2.068483979332e-05,-3.755190737660e+00,4.108410526780e+01,5.723714839865e-05,2.085483537144e-01,4.373091477730e-02,3.655230860532e-05
"                 112",-3.970258596656e+00,4.105894600135e+01,2.060872379690e-05,-3.760670190484e+00,4.110279086830e+01,5.533696802268e-05,2.095884061716e-01,4.384486694957e-02,3.472824422577e-05
"                 113",-3.976665578371e+00,4.108011095961e+01,2.042551574270e-05,-3.766136791495e+00,4.112410717055e+01,5.262555968057e-05,2.105287868760e-01,4.399621094026e-02,3.220004393787e-05
"                 114",-3.982974417112e+00,4.110107356613e+01,2.016286407383e-05,-3.771585708989e+00,4.114525169717e+01,4.888710772024e-05,2.113887081231e-01,4.417813103864e-02,2.872424364640e-05
"                 115",-3.989315992227e+00,4.111578497057e+01,1.988773979441e-05,-3.777135964573e+00,4.116017811094e+01,3.526742967821e-05,2.121800276540e-01,4.439314037279e-02,1.537968988380e-05
"                 116",-3.995688512729e+00,4.111855926073e+01,1.964960491226e-05,-3.782729923251e+00,4.116317714358e+01,1.636047161871e-05,2.129585894773e-01,4.461788285578e-02,-3.289133293551e-06
"                 117",-4.003200899618e+00,4.109611555015e+01,1.945079517358e-05,-3.789410182120e+00,4.114097362160e+01,-9.156471645594e-06,2.137907174981e-01,4.485807145062e-02,-2.860726681917e-05
"                 118",-4.011631273013e+00,4.104883073841e+01,1.928218805990e-05,-3.796972833717e+00,4.109394905778e+01,-3.847158720849e-05,2.146584392962e-01,4.511831936229e-02,-5.775377526839e-05
"                 119",-4.020016839368e+00,4.098780739672e+01,1.912947305498e-05,-3.804496484784e+00,4.103318178512e+01,-6.699477733306e-05,2.155203545839e-01,4.537438839474e-02,-8.612425038804e-05
"                 120",-4.027880735665e+00,4.092303685816e+01,1.899888931589e-05,-3.811520795535e+00,4.096865937862e+01,-9.135791485215e-05,2.163599401293e-01,4.562252045337e-02,-1.103568041680e-04
"                 121",-4.033665308890e+00,4.088015231515e+01,1.892501637134e-05,-3.816513833717e+00,4.092601547615e+01,-1.089343073519e-04,2.171514751731e-01,4.586316100253e-02,-1.278593237232e-04
"                 122",-4.037323688842e+00,4.087441837073e+01,1.891551883711e-05,-3.819422616064e+00,4.092054722373e+01,-1.186553817067e-04,2.179010727780e-01,4.612885299953e-02,-1.375709005438e-04
"                 123",-4.039369546674e+00,4.091443173650e+01,1.897022456506e-05,-3.820798053434e+00,4.096083523645e+01,-1.200645421671e-04,2.185714932397e-01,4.640349994904e-02,-1.390347667322e-04
"                 124",-4.040313239963e+00,4.099797653196e+01,1.904205399412e-05,-3.821195829738e+00,4.104464573035e+01,-1.091934796357e-04,2.191174102249e-01,4.666919838799e-02,-1.282355336298e-04
"                 125",-4.039973804225e+00,4.111731923066e+01,1.907826939586e-05,-3.820420338053e+00,4.116427081873e+01,-9.228944194591e-05,2.195534661725e-01,4.695158807721e-02,-1.113677113418e-04
"                 126",-4.039385567715e+00,4.125268082710e+01,1.905634512544e-05,-3.819525094176e+00,4.129989625809e+01,-7.558882374995e-05,2.198604735388e-01,4.721543098519e-02,-9.464516887539e-05
"                 127",-4.039711372644e+00,4.139186149883e+01,1.900536216802e-05,-3.819664573527e+00,4.143931890131e+01,-7.776557828483e-05,2.200467991171e-01,4.745740247109e-02,-9.677094045284e-05
"                 128",-4.041005446975e+00,4.153308203109e+01,1.895412014605e-05,-3.820831303865e+00,4.158077344907e+01,-9.594400379965e-05,2.201741431101e-01,4.769141798212e-02,-1.148981239457e-04
"                 129",-4.042762038201e+00,4.167099968839e+01,1.890287820435e-05,-3.822453221704e+00,4.171894816510e+01,-1.178460025710e-04,2.203088164971e-01,4.794847671626e-02,-1.367488807754e-04
"                 130",-4.044893366343e+00,4.179560020589e+01,1.889371330467e-05,-3.824352613925e+00,4.184381270872e+01,-1.310302500156e-04,2.205407524182e-01,4.821250282612e-02,-1.499239633202e-04
"                 131",-4.048058873752e+00,4.189762652143e+01,1.892646666915e-05,-3.827129121173e+00,4.194607962068e+01,-1.321550358539e-04,2.209297525789e-01,4.845309925197e-02,-1.510815025230e-04
"                 132",-4.052832256202e+00,4.197217025578e+01,1.894919681921e-05,-3.831322342101e+00,4.202086069833e+01,-1.260360176633e-04,2.215099141014e-01,4.869044254847e-02,-1.449852144825e-04
"                 133",-4.059000692501e+00,4.202274822172e+01,1.894088468865e-05,-3.836718391716e+00,4.207166264875e+01,-1.205835838502e-04,2.222823007843e-01,4.891442702882e-02,-1.395244685389e-04
"                 134",-4.065031553493e+00,4.206476820036e+01,1.890133280374e-05,-3.841793269400e+00,4.211384251648e+01,-1.133957514466e-04,2.232382840922e-01,4.907431611364e-02,-1.322970842503e-04
"                 135",-4.070233993104e+00,4.210450374900e+01,1.888768012644e-05,-3.845995353086e+00,4.215370401379e+01,-1.085146638774e-04,2.242386400181e-01,4.920026478446e-02,-1.274023440038e-04
"                 136",-4.076710202636e+00,4.211925859574e+01,1.894877941088e-05,-3.851471851058e+00,4.216858941202e+01,-1.027462002407e-04,2.252383515779e-01,4.933081627831e-02,-1.216949796516e-04
"                 137",-4.086627385928e+00,4.208656813356e+01,1.909890817432e-05,-3.860365524155e+00,4.213604113442e+01,-9.618559610268e-05,2.262618617728e-01,4.947300085921e-02,-1.152845042770e-04
"                 138",-4.098946035271e+00,4.201648771338e+01,1.926516548610e-05,-3.871583447516e+00,4.206609571036e+01,-8.762549314815e-05,2.273625877553e-01,4.960799698485e-02,-1.068906586342e-04
"                 139",-4.109430916370e+00,4.194007468976e+01,1.934101122635e-05,-3.880858417113e+00,4.198981974428e+01,-7.191651236632e-05,2.285724992573e-01,4.974505452720e-02,-9.125752359267e-05
"                 140",-4.116727844781e+00,4.186394386343e+01,1.930655328915e-05,-3.886809051995e+00,4.191383325394e+01,-5.390448742223e-05,2.299187927861e-01,4.988939050519e-02,-7.321104071137e-05
"                 141",-4.122558899726e+00,4.178652382740e+01,1.923799357374e-05,-3.891148831060e+00,4.183656976490e+01,-3.985353120134e-05,2.314100686664e-01,5.004593750090e-02,-5.909152477507e-05
"                 142",-4.127515822553e+00,4.171483773457e+01,1.918957272607e-05,-3.894522042184e+00,4.176502454357e+01,-2.688703755854e-05,2.329937803691e-01,5.018680900127e-02,-4.607661028461e-05
"                 143",-4.131939887333e+00,4.164647841334e+01,1.921119379842e-05,-3.897336774177e+00,4.169678037690e+01,-1.623707846363e-05,2.346031131562e-01,5.030196356263e-02,-3.544827226204e-05
"                 144",-4.135380221018e+00,4.158060013777e+01,1.929337972991e-05,-3.899213650184e+00,4.163100319496e+01,-1.495620217659e-05,2.361665708345e-01,5.040305719699e-02,-3.424958190651e-05
"                 145",-4.137782838320e+00,4.152053963126e+01,1.944479886526e-05,-3.900156858507e+00,4.157105584603e+01,-6.352172409977e-06,2.376259798126e-01,5.051621476544e-02,-2.579697127523e-05
"                 146",-4.140129409304e+00,4.147340282780e+01,1.967068866179e-05,-3.901151030391e+00,4.152405466193e+01,6.915599358928e-06,2.389783789128e-01,5.065183412883e-02,-1.275508930286e-05
"                 147",-4.142801391265e+00,4.144331940805e+01,1.994408124072e-05,-3.902585223981e+00,4.149414598167e+01,3.104611308301e-05,2.402161672839e-01,5.082657362016e-02,1.110203184228e-05
"                 148",-4.145521286698e+00,4.143010145275e+01,2.022116532844e-05,-3.904142876453e+00,4.148111454774e+01,7.252407089329e-05,2.413784102456e-01,5.101309498974e-02,5.230290556485e-05
"                 149",-4.147947253523e+00,4.142978839045e+01,2.048834634686e-05,-3.905433210734e+00,4.148098052837e+01,1.257689088919e-04,2.425140427890e-01,5.119213792108e-02,1.052805625450e-04
"                 150",-4.151075139915e+00,4.142763108516e+01,2.075120666935e-05,-3.907444998825e+00,4.147897847547e+01,1.781547623867e-04,2.436301410900e-01,5.134739030496e-02,1.574035557174e-04
"                 151",-4.156088116087e+00,4.141089598985e+01,2.098058544591e-05,-3.911367382183e+00,4.146238022432e+01,2.251136974904e-04,2.447207339037e-01,5.148423447421e-02,2.041331120445e-04
"                 152",-4.162786252368e+00,4.138140990674e+01,2.117784346273e-05,-3.917002062732e+00,4.143302510034e+01,2.641194029060e-04,2.457841896357e-01,5.161519359573e-02,2.429415594433e-04
"                 153",-4.169415684992e+00,4.134842687727e+01,2.133101445581e-05,-3.922643480280e+00,4.140016809501e+01,2.824983440373e-04,2.467722047118e-01,5.174121773689e-02,2.611673295815e-04
"                 154",-4.175278857920e+00,4.131250978182e+01,2.148644409184e-05,-3.927574873788e+00,4.136436107540e+01,2.906741653127e-04,2.477039841315e-01,5.185129358555e-02,2.691877212208e-04
"                 155",-4.181078503068e+00,4.126635183556e+01,2.168293560403e-05,-3.932486995474e+00,4.131830433290e+01,2.890528560963e-04,2.485915075940e-01,5.195249733495e-02,2.673699204922e-04
"                 156",-4.186868953018e+00,4.121048901850e+01,2.191339973291e-05,-3.937454876551e+00,4.126254881395e+01,2.712365069069e-04,2.494140764676e-01,5.205979544599e-02,2.493231071740e-04
"                 157",-4.191912245150e+00,4.115433582366e+01,2.217151698327e-05,-3.941669306541e+00,4.120650619327e+01,2.625596814381e-04,2.502429386091e-01,5.217036961663e-02,2.403881644549e-04
"                 158",-4.195208187189e+00,4.110528274592e+01,2.242755699473e-05,-3.944121872573e+00,4.115758255591e+01,2.776758154413e-04,2.510863146166e-01,5.229980999509e-02,2.552482584466e-04
"                 159",-4.196553520529e+00,4.107136881012e+01,2.266018779263e-05,-3.944610257468e+00,4.112381675553e+01,2.905210063702e-04,2.519432630610e-01,5.244794540579e-02,2.678608185776e-04
"                 160",-4.196626231230e+00,4.105421181513e+01,2.288552612205e-05,-3.943817611708e+00,4.110681121424e+01,2.857308032201e-04,2.528086195217e-01,5.259939911048e-02,2.628452770980e-04
"                 161",-4.196149874367e+00,4.105267430547e+01,2.307790879813e-05,-3.942480834638e+00,4.110541474170e+01,2.724378769101e-04,2.536690397295e-01,5.274043623213e-02,2.493599681120e-04
"                 162",-4.195049125378e+00,4.107128115791e+01,2.317132893985e-05,-3.940599416769e+00,4.112414780017e+01,2.526609596775e-04,2.544497086094e-01,5.286664226091e-02,2.294896307376e-04
"                 163",-4.192787614275e+00,4.111612100873e+01,2.316745053206e-05,-3.937679024039e+00,4.116911834757e+01,2.347378896654e-04,2.551085902358e-01,5.299733883613e-02,2.115704391333e-04
"                 164",-4.188785502957e+00,4.119049363547e+01,2.315828692383e-05,-3.933122321294e+00,4.124362620988e+01,2.213695613147e-04,2.556631816625e-01,5.313257441509e-02,1.982112743909e-04
"                 165",-4.183638958034e+00,4.128427902038e+01,2.319530913418e-05,-3.927540768890e+00,4.133756308399e+01,2.099602855043e-04,2.560981891441e-01,5.328406361243e-02,1.867649763701e-04
"                 166",-4.178838282126e+00,4.138475886102e+01,2.324253563521e-05,-3.922408138294e+00,4.143820963972e+01,2.018410299144e-04,2.564301438313e-01,5.345077869869e-02,1.785984942792e-04
"                 167",-4.174537248928e+00,4.148543069182e+01,2.325152241571e-05,-3.917853363526e+00,4.153904837783e+01,1.965526265799e-04,2.566838854019e-01,5.361768601363e-02,1.733011041642e-04
"                 168",-4.169859701601e+00,4.158418722731e+01,2.321345994569e-05,-3.912987282201e+00,4.163796793171e+01,1.926241536753e-04,2.568724193999e-01,5.378070439938e-02,1.694106937296e-04
"                 169",-4.164680071237e+00,4.167835745606e+01,2.314398066011e-05,-3.907617340231e+00,4.173229150934e+01,1.816054237375e-04,2.570627310060e-01,5.393405327434e-02,1.584614430773e-04
"                 170",-4.159950099743e+00,4.176195033925e+01,2.306111450441e-05,-3.902645239587e+00,4.181601322656e+01,1.633968324437e-04,2.573048601561e-01,5.406288731137e-02,1.403357179393e-04
"                 171",-4.156306661215e+00,4.183594724213e+01,2.295779852387e-05,-3.898687922963e+00,4.189012922180e+01,1.444069226068e-04,2.576187382519e-01,5.418197967174e-02,1.214491240829e-04
"                 172",-4.153138957924e+00,4.190567644382e+01,2.284292654049e-05,-3.895140481463e+00,4.195996738661e+01,1.218477147459e-04,2.579984764617e-01,5.429094279024e-02,9.900478820539e-05
"                 173",-4.149516859953e+00,4.197555184546e+01,2.273515846368e-05,-3.891056971746e+00,4.202992553691e+01,8.577864041409e-05,2.584598882072e-01,5.437369145579e-02,6.304348195040e-05
"                 174",-4.145304152524e+00,4.204282998721e+01,2.265737835014e-05,-3.886298579627e+00,4.209726195230e+01,4.184122117274e-05,2.590055728967e-01,5.443196508599e-02,1.918384282260e-05
"                 175",-4.141442055762e+00,4.209827197744e+01,2.259229631571e-05,-3.881814742217e+00,4.215274278469e+01,1.777344261421e-07,2.596273135442e-01,5.447080724784e-02,-2.241456188956e-05
"                 176",-4.139086444509e+00,4.213004785410e+01,2.251762855023e-05,-3.878770323348e+00,4.218453929869e+01,-3.862070318677e-05,2.603161211603e-01,5.449144458829e-02,-6.113833173700e-05
"                 177",-4.138621311948e+00,4.213630650354e+01,2.242748200298e-05,-3.877581957596e+00,4.219082050754e+01,-7.654447635866e-05,2.610393543520e-01,5.451400399561e-02,-9.897195836163e-05
"                 178",-4.139952327495e+00,4.211910186676e+01,2.233874983280e-05,-3.878176262354e+00,4.217363396318e+01,-1.043365636767e-04,2.617760651411e-01,5.453209641858e-02,-1.266753135095e-04
"                 179",-4.142628767772e+00,4.207679929001e+01,2.229335834066e-05,-3.880097062429e+00,4.213134606157e+01,-1.250950428170e-04,2.625317053430e-01,5.454677156306e-02,-1.473884011577e-04
"                 180",-4.146592683827e+00,4.200386442477e+01,2.233497096290e-05,-3.883260402117e+00,4.205841557926e+01,-1.428267574252e-04,2.633322817102e-01,5.455115448862e-02,-1.651617283881e-04
"                 181",-4.151356797559e+00,4.190032375934e+01,2.246756847105e-05,-3.887185239197e+00,4.195487507770e+01,-1.523065526464e-04,2.641715583623e-01,5.455131836121e-02,-1.747741211175e-04
"                 182",-4.156520153949e+00,4.177142571130e+01,2.265647457770e-05,-3.891479939551e+00,4.182598559509e+01,-1.546770290431e-04,2.650402143979e-01,5.455988379571e-02,-1.773335036208e-04
"                 183",-4.161254632358e+00,4.163346800791e+01,2.285575137121e-05,-3.895305651881e+00,4.168803814175e+01,-1.506708486754e-04,2.659489804775e-01,5.457013383462e-02,-1.735266000466e-04
"                 184",-4.164799427962e+00,4.150473787592e+01,2.304730132315e-05,-3.897900507447e+00,4.155931529533e+01,-1.482746623472e-04,2.668989205150e-01,5.457741940405e-02,-1.713219636703e-04
"                 185",-4.167103097299e+00,4.139460304266e+01,2.324149436496e-05,-3.899251360757e+00,4.144919548233e+01,-1.518576619647e-04,2.678517365420e-01,5.459243966890e-02,-1.750991563297e-04
"                 186",-4.167645829362e+00,4.131285451990e+01,2.342974962377e-05,-3.898874301158e+00,4.136747357983e+01,-1.544527399635e-04,2.687715282050e-01,5.461905992420e-02,-1.778824895873e-04
"                 187",-4.166982699429e+00,4.125707214268e+01,2.359839941325e-05,-3.897362324997e+00,4.131173014654e+01,-1.576921685539e-04,2.696203744319e-01,5.465800386462e-02,-1.812905679672e-04
"                 188",-4.164237650473e+00,4.124183048101e+01,2.374116913587e-05,-3.893869079861e+00,4.129654427917e+01,-1.607689799656e-04,2.703685706123e-01,5.471379815668e-02,-1.845101491014e-04
"                 189",-4.159869574269e+00,4.126814701809e+01,2.387498391101e-05,-3.888844926654e+00,4.132292415745e+01,-1.583630046635e-04,2.710246476149e-01,5.477713935755e-02,-1.822379885745e-04
"                 190",-4.154276443939e+00,4.132817207906e+01,2.402912644290e-05,-3.882690815000e+00,4.138303012075e+01,-1.482077351631e-04,2.715856289388e-01,5.485804169060e-02,-1.722368616060e-04
"                 191",-4.148418802204e+00,4.140161991812e+01,2.417240615460e-05,-3.876331680980e+00,4.145656836700e+01,-1.265109029395e-04,2.720871212239e-01,5.494844888090e-02,-1.506833090941e-04
"                 192",-4.142989883508e+00,4.147408481869e+01,2.426613480876e-05,-3.870442888129e+00,4.152913202752e+01,-9.762277481126e-05,2.725469953791e-01,5.504720883776e-02,-1.218889096200e-04
"                 193",-4.138920815314e+00,4.152971155027e+01,2.429391369249e-05,-3.865933960715e+00,4.158485014413e+01,-6.903478658502e-05,2.729868545986e-01,5.513859386568e-02,-9.332870027752e-05
"                 194",-4.136456822886e+00,4.156891502930e+01,2.428595275216e-05,-3.863047853295e+00,4.162413944357e+01,-4.127357624781e-05,2.734089695908e-01,5.522441427462e-02,-6.555952899998e-05
"                 195",-4.135137132370e+00,4.159254957169e+01,2.425978992897e-05,-3.861324762180e+00,4.164785300796e+01,-1.129526826493e-05,2.738123701904e-01,5.530343626472e-02,-3.555505819390e-05
"                 196",-4.133921821101e+00,4.160928913256e+01,2.423312993679e-05,-3.859716522509e+00,4.166466459919e+01,1.556813385648e-05,2.742052985922e-01,5.537546662386e-02,-8.664996080312e-06
"                 197",-4.131847680708e+00,4.162353164373e+01,2.423062629817e-05,-3.857260815902e+00,4.167897486076e+01,3.724489929031e-05,2.745868648065e-01,5.544321702650e-02,1.301427299214e-05
"                 198",-4.129420553693e+00,4.162679040103e+01,2.427756487326e-05,-3.854448804582e+00,4.168229079014e+01,5.672855767956e-05,2.749717491108e-01,5.550038911175e-02,3.245099280629e-05
"                 199",-4.127597350301e+00,4.161295981328e+01,2.437244432236e-05,-3.852221097755e+00,4.166850598336e+01,8.153476611496e-05,2.753762525455e-01,5.554617008205e-02,5.716232179260e-05
"                 200",-4.126765978521e+00,4.157982749142e+01,2.451385355016e-05,-3.850946341054e+00,4.163541066912e+01,1.222541357991e-04,2.758196374667e-01,5.558317769387e-02,9.774028224896e-05
"                 201",-4.126162789432e+00,4.153397725046e+01,2.467230211954e-05,-3.849842366063e+00,4.158958964700e+01,1.688067232994e-04,2.763204233690e-01,5.561239654207e-02,1.441344211798e-04
"                 202",-4.124879527174e+00,4.148421880299e+01,2.484464973469e-05,-3.847989774860e+00,4.153985468489e+01,2.140116579632e-04,2.768897523149e-01,5.563588189840e-02,1.891670082285e-04
"                 203",-4.123202323855e+00,4.143069574041e+01,2.500948859655e-05,-3.845678538131e+00,4.148635178454e+01,2.577152087417e-04,2.775237857245e-01,5.565604412895e-02,2.327057201451e-04
"                 204",-4.121700797852e+00,4.137344538065e+01,2.516107732919e-05,-3.843479858555e+00,4.142911293746e+01,3.016945667290e-04,2.782209392970e-01,5.566755680948e-02,2.765334893998e-04
"                 205",-4.120425325139e+00,4.131462151744e+01,2.528262096933e-05,-3.841456371034e+00,4.137029149384e+01,3.482545238864e-04,2.789689541052e-01,5.566997639389e-02,3.229719029170e-04
"                 206",-4.119122878102e+00,4.125669428819e+01,2.537003909575e-05,-3.839365933233e+00,4.131235660099e+01,3.962586132176e-04,2.797569448696e-01,5.566231280577e-02,3.708885741218e-04
"                 207",-4.117258119341e+00,4.120060384221e+01,2.542924809868e-05,-3.836683315523e+00,4.125625076875e+01,4.444507436070e-04,2.805748038177e-01,5.564692653707e-02,4.190214955083e-04
"                 208",-4.115036906979e+00,4.114563194834e+01,2.546117469233e-05,-3.833627082340e+00,4.120125776393e+01,4.860529106793e-04,2.814098246389e-01,5.562581558840e-02,4.605917359870e-04
"                 209",-4.113076938539e+00,4.109097395072e+01,2.544877618537e-05,-3.830812768579e+00,4.114657465834e+01,5.133495729587e-04,2.822641699609e-01,5.560070762035e-02,4.879007967734e-04
"                 210",-4.111506690898e+00,4.103818388832e+01,2.538497168987e-05,-3.828382154534e+00,4.109376020096e+01,5.310872810228e-04,2.831245363645e-01,5.557631264181e-02,5.057023093329e-04
"                 211",-4.109954132883e+00,4.098680480444e+01,2.524699594033e-05,-3.825966665354e+00,4.104235663969e+01,5.387129620614e-04,2.839874675288e-01,5.555183525136e-02,5.134659661211e-04
"                 212",-4.108607224672e+00,4.093073697305e+01,2.503356810301e-05,-3.823753521594e+00,4.098626144763e+01,5.319910735937e-04,2.848537030775e-01,5.552447458894e-02,5.069575054907e-04
"                 213",-4.108087971580e+00,4.086455878712e+01,2.478411463675e-05,-3.822359484385e+00,4.092005023313e+01,5.138478459229e-04,2.857284871944e-01,5.549144600674e-02,4.890637312861e-04
"                 214",-4.109058571471e+00,4.078259078811e+01,2.454668871387e-05,-3.822438759554e+00,4.083804545821e+01,4.841812036881e-04,2.866198119172e-01,5.545467009931e-02,4.596345149742e-04
"                 215",-4.111090320228e+00,4.068602005577e+01,2.434944875553e-05,-3.823556981130e+00,4.074143492863e+01,4.399509481747e-04,2.875333390980e-01,5.541487285931e-02,4.156014994192e-04
"                 216",-4.114184751462e+00,4.056728408547e+01,2.419780935257e-05,-3.825708202437e+00,4.062265561694e+01,3.866404087810e-04,2.884765490251e-01,5.537153147431e-02,3.624425994285e-04
"                 217",-4.118426355483e+00,4.041803925718e+01,2.407497266058e-05,-3.828958408321e+00,4.047336587402e+01,3.271415911745e-04,2.894679471621e-01,5.532661683064e-02,3.030666185139e-04
"                 218",-4.123728068340e+00,4.023677784454e+01,2.395745223265e-05,-3.833206626850e+00,4.029205607582e+01,2.648955166460e-04,2.905214414900e-01,5.527823128043e-02,2.409380644133e-04
"                 219",-4.129851780450e+00,4.002719479693e+01,2.380605622409e-05,-3.838217067879e+00,4.008242133383e+01,1.968353340403e-04,2.916347125717e-01,5.522653690058e-02,1.730292778162e-04
"                 220",-4.137354010430e+00,3.978792858769e+01,2.359030226294e-05,-3.844556260730e+00,3.984310246978e+01,1.232480443548e-04,2.927977497002e-01,5.517388209498e-02,9.965774209190e-05
"                 221",-4.145289145584e+00,3.952676555033e+01,2.330287267056e-05,-3.851299593497e+00,3.958188820688e+01,4.939559311952e-05,2.939895520868e-01,5.512265655339e-02,2.609272044897e-05
"                 222",-4.152996343753e+00,3.925414539112e+01,2.293093265630e-05,-3.857804116634e+00,3.930922092830e+01,-2.357545489193e-05,2.951922271181e-01,5.507553717852e-02,-4.650638754823e-05
"                 223",-4.159823155682e+00,3.898520586306e+01,2.248967494994e-05,-3.863446099228e+00,3.904024288237e+01,-9.159146560777e-05,2.963770564543e-01,5.503701930581e-02,-1.140811405577e-04
"                 224",-4.165104057150e+00,3.873451605652e+01,2.201842436742e-05,-3.867583755530e+00,3.878953118283e+01,-1.546299379124e-04,2.975203016198e-01,5.501512631441e-02,-1.766483622799e-04
"                 225",-4.168427840138e+00,3.852472581198e+01,2.156558273621e-05,-3.869795714688e+00,3.857973478980e+01,-2.144026731912e-04,2.986321254493e-01,5.500897781162e-02,-2.359682559274e-04
"                 226",-4.169303967752e+00,3.837338277378e+01,2.118816660991e-05,-3.869597460387e+00,3.842839800032e+01,-2.696297201369e-04,2.997065073652e-01,5.501522654676e-02,-2.908178867468e-04
"                 227",-4.168159868930e+00,3.828198705663e+01,2.091949568313e-05,-3.867442813119e+00,3.833701249448e+01,-3.147993921173e-04,3.007170558101e-01,5.502543785179e-02,-3.357188878005e-04
"                 228",-4.164508446938e+00,3.825612523228e+01,2.074323898039e-05,-3.862877259453e+00,3.831116936286e+01,-3.486056337889e-04,3.016311874858e-01,5.504413057871e-02,-3.693488727693e-04
"                 229",-4.157749522872e+00,3.829866857324e+01,2.062315537715e-05,-3.855322773032e+00,3.835374262918e+01,-3.763887510632e-04,3.024267498403e-01,5.507405594131e-02,-3.970119064404e-04
"                 230",-4.147864652151e+00,3.839995933760e+01,2.053094294138e-05,-3.844757662377e+00,3.845508312214e+01,-3.991659127461e-04,3.031069897741e-01,5.512378454669e-02,-4.196968556875e-04
"                 231",-4.136134682780e+00,3.853717258857e+01,2.044713582805e-05,-3.832438941442e+00,3.859236319101e+01,-4.158982396563e-04,3.036957413378e-01,5.519060243689e-02,-4.363453754843e-04
"                 232",-4.124938770316e+00,3.867767649806e+01,2.037092651129e-05,-3.820742329528e+00,3.873295298735e+01,-4.253251759022e-04,3.041964407883e-01,5.527648929465e-02,-4.456961024135e-04
"                 233",-4.115461569660e+00,3.879967875068e+01,2.031404563640e-05,-3.810847057234e+00,3.885505711885e+01,-4.268223688747e-04,3.046145124263e-01,5.537836816854e-02,-4.471364145111e-04
"                 234",-4.107373233427e+00,3.889961191998e+01,2.028938111782e-05,-3.802402141163e+00,3.895509952307e+01,-4.179932631471e-04,3.049710922641e-01,5.548760308936e-02,-4.382826442650e-04
"                 235",-4.099541428815e+00,3.899030206207e+01,2.028728011105e-05,-3.794286279534e+00,3.904590140732e+01,-4.015963331662e-04,3.052551492817e-01,5.559934525705e-02,-4.218836132772e-04
"                 236",-4.090999709060e+00,3.908716664593e+01,2.026889442642e-05,-3.785541305843e+00,3.914288574957e+01,-3.809840651313e-04,3.054584032162e-01,5.571910364310e-02,-4.012529595578e-04
"                 237",-4.081368404846e+00,3.920187272326e+01,2.023711475325e-05,-3.775773627155e+00,3.925772044171e+01,-3.611712556237e-04,3.055947776907e-01,5.584771845295e-02,-3.814083703770e-04
"                 238",-4.070621884716e+00,3.934112790073e+01,2.020056873211e-05,-3.764927598230e+00,3.939710890855e+01,-3.447126309261e-04,3.056942864855e-01,5.598100781908e-02,-3.649131996582e-04
"                 239",-4.058929512927e+00,3.950226065553e+01,2.016902393343e-05,-3.753157478001e+00,3.955837561609e+01,-3.330195470880e-04,3.057720349264e-01,5.611496055853e-02,-3.531885710214e-04
"                 240",-4.047423845008e+00,3.966967914988e+01,2.015329947661e-05,-3.741604958716e+00,3.972592533829e+01,-3.233737332304e-04,3.058188862919e-01,5.624618840480e-02,-3.435270327070e-04
"                 241",-4.035844780278e+00,3.983612239137e+01,2.015396922646e-05,-3.730031977661e+00,3.989249426774e+01,-3.149706780335e-04,3.058128026173e-01,5.637187636662e-02,-3.351246472599e-04
"                 242",-4.023759058232e+00,4.000083483062e+01,2.015837341262e-05,-3.718009051257e+00,4.005732522814e+01,-3.079975486881e-04,3.057500069742e-01,5.649039751419e-02,-3.281559221007e-04
"                 243",-4.011210773279e+00,4.016379714584e+01,2.015632424096e-05,-3.705567911639e+00,4.022039905420e+01,-3.045821754313e-04,3.056428616399e-01,5.660190835976e-02,-3.247384996723e-04
"                 244",-3.998416433477e+00,4.032535937474e+01,2.015260934024e-05,-3.692896212408e+00,4.038206336688e+01,-3.035656242596e-04,3.055202210685e-01,5.670399213668e-02,-3.237182335998e-04
"                 245",-3.985343004988e+00,4.048826860500e+01,2.014872233111e-05,-3.679956082536e+00,4.054507631946e+01,-3.042621900211e-04,3.053869224525e-01,5.680771446070e-02,-3.244109123522e-04
"                 246",-3.972806598900e+00,4.064262475585e+01,2.014889227536e-05,-3.667541822551e+00,4.069953872646e+01,-3.093212637544e-04,3.052647763489e-01,5.691397061221e-02,-3.294701560298e-04
"                 247",-3.961299008152e+00,4.078338433533e+01,2.016629843827e-05,-3.656137310044e+00,4.084040119299e+01,-3.146481174207e-04,3.051616981078e-01,5.701685766167e-02,-3.348144158590e-04
"                 248",-3.951132495664e+00,4.091215613796e+01,2.019513082401e-05,-3.646017167724e+00,4.096927039180e+01,-3.193735408289e-04,3.051153279406e-01,5.711425383803e-02,-3.395686716529e-04
"                 249",-3.942623604172e+00,4.103180404093e+01,2.022296699082e-05,-3.637470803739e+00,4.108900622299e+01,-3.231042060152e-04,3.051528004328e-01,5.720218206637e-02,-3.433271730060e-04
"                 250",-3.935744702905e+00,4.114051274966e+01,2.026070579025e-05,-3.630468146416e+00,4.119778752085e+01,-3.264642111380e-04,3.052765564889e-01,5.727477118372e-02,-3.467249169283e-04
"                 251",-3.930324221959e+00,4.123840925374e+01,2.031455931389e-05,-3.624864651887e+00,4.129574141430e+01,-3.305937799761e-04,3.054595700724e-01,5.733216055679e-02,-3.509083392900e-04
"                 252",-3.926058314922e+00,4.132460295171e+01,2.038270784421e-05,-3.620389957557e+00,4.138197639687e+01,-3.342606151912e-04,3.056683573654e-01,5.737344516051e-02,-3.546433230354e-04
"                 253",-3.922069769045e+00,4.140044575706e+01,2.045917460284e-05,-3.616176154482e+00,4.145784667331e+01,-3.359818328296e-04,3.058936145633e-01,5.740091624470e-02,-3.564410074324e-04
"                 254",-3.918372074743e+00,4.146717194183e+01,2.054640263215e-05,-3.612227386479e+00,4.152458844267e+01,-3.345960179867e-04,3.061446882644e-01,5.741650084254e-02,-3.551424206188e-04
"                 255",-3.915107368654e+00,4.152485969945e+01,2.064901317048e-05,-3.608667646430e+00,4.158228120187e+01,-3.287631818050e-04,3.064397222243e-01,5.742150242063e-02,-3.494121949755e-04
"                 256",-3.912725922824e+00,4.156668740846e+01,2.077397724763e-05,-3.605967444416e+00,4.162410865283e+01,-3.201187293660e-04,3.067584784077e-01,5.742124437630e-02,-3.408927066136e-04
"                 257",-3.910532364915e+00,4.159614410984e+01,2.089578834072e-05,-3.603437169062e+00,4.165356144370e+01,-3.107151679185e-04,3.070951958529e-01,5.741733386590e-02,-3.316109562592e-04
"                 258",-3.908313381951e+00,4.161518082305e+01,2.101366447348e-05,-3.600875425523e+00,4.167258940320e+01,-2.991403427176e-04,3.074379564281e-01,5.740858014377e-02,-3.201540071911e-04
"                 259",-3.907125508735e+00,4.161836984689e+01,2.113092017067e-05,-3.599327797763e+00,4.167575480677e+01,-2.835613506538e-04,3.077977109721e-01,5.738495988204e-02,-3.046922708245e-04
"                 260",-3.906827285295e+00,4.160575634044e+01,2.123070430328e-05,-3.598647396864e+00,4.166310068550e+01,-2.647878981104e-04,3.081798884316e-01,5.734434505736e-02,-2.860186024137e-04
"                 261",-3.907508462099e+00,4.157123227670e+01,2.132875162634e-05,-3.598934914019e+00,4.162852988922e+01,-2.458164926060e-04,3.085735480796e-01,5.729761251749e-02,-2.671452442323e-04
"                 262",-3.908626459735e+00,4.151240522052e+01,2.141163240926e-05,-3.599630209283e+00,4.156965732200e+01,-2.253890430339e-04,3.089962504515e-01,5.725210148540e-02,-2.468006754431e-04
"                 263",-3.909968622419e+00,4.142772815807e+01,2.145948249121e-05,-3.600507412310e+00,4.148493643002e+01,-2.064922934263e-04,3.094612101089e-01,5.720827194306e-02,-2.279517759175e-04
"                 264",-3.911763446655e+00,4.131338627596e+01,2.148711646014e-05,-3.601763429288e+00,4.137054431144e+01,-1.905903449706e-04,3.100000173675e-01,5.715803547994e-02,-2.120774614307e-04
"                 265",-3.914908940334e+00,4.116501694796e+01,2.149664181994e-05,-3.604280058997e+00,4.122211665011e+01,-1.710522507326e-04,3.106288813368e-01,5.709970214320e-02,-1.925488925526e-04
"                 266",-3.919796484972e+00,4.098211666777e+01,2.148672917437e-05,-3.608431645944e+00,4.103914632138e+01,-1.483737201170e-04,3.113648390280e-01,5.702965360980e-02,-1.698604492914e-04
"                 267",-3.926406426494e+00,4.076303646287e+01,2.146118501923e-05,-3.614187066013e+00,4.081998438064e+01,-1.233888201075e-04,3.122193604811e-01,5.694791776866e-02,-1.448500051268e-04
"                 268",-3.934474266616e+00,4.050521820519e+01,2.144135695795e-05,-3.621278728232e+00,4.056206156157e+01,-9.709613455035e-05,3.131955383842e-01,5.684335637871e-02,-1.185374915083e-04
"                 269",-3.943731283804e+00,4.020663500615e+01,2.142364237436e-05,-3.629436842101e+00,4.026334827379e+01,-7.416666429709e-05,3.142944417036e-01,5.671326764070e-02,-9.559030667145e-05
"                 270",-3.953950310221e+00,3.987102917238e+01,2.142221069728e-05,-3.638442295966e+00,3.992759233664e+01,-5.208527703399e-05,3.155080142548e-01,5.656316426190e-02,-7.350748773127e-05
"                 271",-3.965162823238e+00,3.950047367950e+01,2.143828913408e-05,-3.648346342848e+00,3.955687695107e+01,-3.103053912602e-05,3.168164803897e-01,5.640327157577e-02,-5.246882826010e-05
"                 272",-3.976957494987e+00,3.910355580104e+01,2.148403266497e-05,-3.658743384651e+00,3.915979753574e+01,-1.173886007484e-05,3.182141103356e-01,5.624173469665e-02,-3.322289273981e-05
"                 273",-3.989105449722e+00,3.868391460500e+01,2.155066958940e-05,-3.669439942818e+00,3.874000066098e+01,5.311236413275e-06,3.196655069033e-01,5.608605598317e-02,-1.623943317612e-05
"                 274",-4.001103474943e+00,3.825109508525e+01,2.163318224942e-05,-3.679963541964e+00,3.830702836528e+01,1.953043399728e-05,3.211399329791e-01,5.593328002985e-02,-2.102748252142e-06
"                 275",-4.011896102314e+00,3.782347964379e+01,2.172533327841e-05,-3.689291043162e+00,3.787926987527e+01,2.847774083939e-05,3.226050591514e-01,5.579023148658e-02,6.752407560987e-06
"                 276",-4.020263420578e+00,3.742821020625e+01,2.183215411739e-05,-3.696233216000e+00,3.748387600804e+01,3.313169591669e-05,3.240302045783e-01,5.566580178673e-02,1.129954179930e-05
"                 277",-4.027259886987e+00,3.707474037034e+01,2.196845511235e-05,-3.701887138925e+00,3.713030261084e+01,3.407299382630e-05,3.253727480620e-01,5.556224050380e-02,1.210453871394e-05
"                 278",-4.032548445390e+00,3.678103761645e+01,2.208271672574e-05,-3.705947533764e+00,3.683651687211e+01,3.037437606480e-05,3.266009116265e-01,5.547925566131e-02,8.291659339065e-06
"                 279",-4.035277919055e+00,3.655995625908e+01,2.215559443421e-05,-3.707620905954e+00,3.661537829078e+01,2.262063330619e-05,3.276570131016e-01,5.542203169696e-02,4.650388719762e-07
"                 280",-4.033481952037e+00,3.643873341195e+01,2.222105295873e-05,-3.704943044940e+00,3.649412141416e+01,1.569385169863e-05,3.285389070969e-01,5.538800221190e-02,-6.527201260103e-06
"                 281",-4.026377576804e+00,3.643875758832e+01,2.230670180949e-05,-3.697108040291e+00,3.649413300209e+01,1.640458799228e-05,3.292695365128e-01,5.537541377351e-02,-5.902113817210e-06
"                 282",-4.015686135010e+00,3.655153657521e+01,2.237643225031e-05,-3.685818456682e+00,3.660691425380e+01,2.446033793767e-05,3.298676783286e-01,5.537767859166e-02,2.083905687356e-06
"                 283",-4.003552923661e+00,3.675027511263e+01,2.237024213620e-05,-3.673201762028e+00,3.680566315268e+01,3.356937294345e-05,3.303511616325e-01,5.538804004612e-02,1.119913080725e-05
"                 284",-3.992037726149e+00,3.699463943958e+01,2.227479162656e-05,-3.661302523273e+00,3.705004680161e+01,3.601307378029e-05,3.307352028756e-01,5.540736202933e-02,1.373828215372e-05
"                 285",-3.981332108013e+00,3.724733006050e+01,2.216356279598e-05,-3.650263627156e+00,3.730275940534e+01,3.780536703034e-05,3.310684808575e-01,5.542934484673e-02,1.564180423436e-05
"                 286",-3.971855091349e+00,3.746906170377e+01,2.203552472812e-05,-3.640449252034e+00,3.752451910623e+01,4.613040149512e-05,3.314058393155e-01,5.545740245794e-02,2.409487676700e-05
"                 287",-3.964300003556e+00,3.763204542223e+01,2.185099168690e-05,-3.632495136852e+00,3.768752596105e+01,6.461440965969e-05,3.318048667042e-01,5.548053882223e-02,4.276341797279e-05
"                 288",-3.959856177997e+00,3.771449425230e+01,2.160067387256e-05,-3.627563925826e+00,3.776997716529e+01,8.891334422929e-05,3.322922521713e-01,5.548291298879e-02,6.731267035674e-05
"                 289",-3.959135949444e+00,3.770965475109e+01,2.131392015654e-05,-3.626271889546e+00,3.776511849825e+01,1.124220846128e-04,3.328640598977e-01,5.546374715756e-02,9.110816445622e-05
"                 290",-3.960842941729e+00,3.763662664216e+01,2.103682707526e-05,-3.627347771169e+00,3.769204925610e+01,1.279103721428e-04,3.334951705596e-01,5.542261393214e-02,1.068735450675e-04
"                 291",-3.962721186629e+00,3.753812182624e+01,2.085064883206e-05,-3.628541862282e+00,3.759348928324e+01,1.355681147636e-04,3.341793243470e-01,5.536745699611e-02,1.147174659315e-04
"                 292",-3.963763767639e+00,3.744981422377e+01,2.078350546877e-05,-3.628869866049e+00,3.750512040822e+01,1.408331239280e-04,3.348939015903e-01,5.530618444166e-02,1.200496184592e-04
"                 293",-3.963563787293e+00,3.739554589493e+01,2.079742575961e-05,-3.627958062808e+00,3.745079910196e+01,1.444250368371e-04,3.356057244843e-01,5.525320702947e-02,1.236276110775e-04
"                 294",-3.961880646284e+00,3.738414668239e+01,2.084478402495e-05,-3.625589455338e+00,3.743936408142e+01,1.469154345394e-04,3.362911909454e-01,5.521739902202e-02,1.260706505145e-04
"                 295",-3.959309988837e+00,3.740771999768e+01,2.089915139075e-05,-3.622378440749e+00,3.746291909648e+01,1.493386258072e-04,3.369315480886e-01,5.519909879252e-02,1.284394744164e-04
"                 296",-3.956825880664e+00,3.744713833573e+01,2.095535329603e-05,-3.619292307874e+00,3.750232645469e+01,1.500175931550e-04,3.375335727898e-01,5.518811896879e-02,1.290622398589e-04
"                 297",-3.954866879751e+00,3.748157653273e+01,2.100693305472e-05,-3.616749356906e+00,3.753675533075e+01,1.469394038870e-04,3.381175228447e-01,5.517879802559e-02,1.259324708323e-04
"                 298",-3.953455970316e+00,3.749996743086e+01,2.102885917051e-05,-3.614752561504e+00,3.755512925142e+01,1.404335999785e-04,3.387034088120e-01,5.516182055677e-02,1.194047408080e-04
"                 299",-3.952440980113e+00,3.750149527143e+01,2.101464433027e-05,-3.613139226957e+00,3.755663077809e+01,1.324727617430e-04,3.393017531565e-01,5.513550665870e-02,1.114581174127e-04
"                 300",-3.951568559309e+00,3.749151366209e+01,2.097618602405e-05,-3.611650858441e+00,3.754661782594e+01,1.255373131019e-04,3.399177008681e-01,5.510416385696e-02,1.045611270779e-04
"                 301",-3.950738035740e+00,3.747527328697e+01,2.092330656527e-05,-3.610194985602e+00,3.753034755179e+01,1.205737501923e-04,3.405430501379e-01,5.507426482476e-02,9.965044362708e-05
"                 302",-3.949774610947e+00,3.745921384493e+01,2.086466776114e-05,-3.608604598032e+00,3.751426340804e+01,1.155420639519e-04,3.411700129145e-01,5.504956311186e-02,9.467739619079e-05
"                 303",-3.948505314705e+00,3.744930329619e+01,2.081051367535e-05,-3.606715577223e+00,3.750433319567e+01,1.094802269850e-04,3.417897374823e-01,5.502989947812e-02,8.866971330964e-05
"                 304",-3.946865640385e+00,3.745026034917e+01,2.076766694521e-05,-3.604470748334e+00,3.750527262583e+01,1.034110754018e-04,3.423948920514e-01,5.501227665964e-02,8.264340845663e-05
"                 305",-3.944855629293e+00,3.746319580453e+01,2.073596075419e-05,-3.601873998083e+00,3.751818995154e+01,9.819255120184e-05,3.429816312094e-01,5.499414700963e-02,7.745659044765e-05
"                 306",-3.942545249683e+00,3.748637032384e+01,2.071196842296e-05,-3.598997510514e+00,3.754134383838e+01,9.397362986994e-05,3.435477391697e-01,5.497351453539e-02,7.326166144698e-05
"                 307",-3.940067563530e+00,3.751636572250e+01,2.068811111658e-05,-3.595972164954e+00,3.757131722267e+01,9.068534981422e-05,3.440953985756e-01,5.495150016461e-02,6.999723869765e-05
"                 308",-3.937488194664e+00,3.755051210804e+01,2.065923197502e-05,-3.592858937228e+00,3.760544235535e+01,8.844090249410e-05,3.446292574363e-01,5.493024731783e-02,6.778167051908e-05
"                 309",-3.934915898066e+00,3.758558132224e+01,2.062352539491e-05,-3.589762801772e+00,3.764049149094e+01,8.603299654863e-05,3.451530962934e-01,5.491016869989e-02,6.540947115372e-05
"                 310",-3.932527919411e+00,3.761803750615e+01,2.058692875668e-05,-3.586857895692e+00,3.767292775092e+01,8.302852786278e-05,3.456700237189e-01,5.489024477340e-02,6.244159910610e-05
"                 311",-3.930419299965e+00,3.764621729876e+01,2.055357360243e-05,-3.584237361494e+00,3.770108631597e+01,8.000871600110e-05,3.461819384709e-01,5.486901720706e-02,5.945514239868e-05
"                 312",-3.928574668343e+00,3.766974038418e+01,2.052261357852e-05,-3.581883296798e+00,3.772458603635e+01,7.771414298332e-05,3.466913715453e-01,5.484565217208e-02,5.719152940480e-05
"                 313",-3.926901598787e+00,3.768999223088e+01,2.049161825295e-05,-3.579702522908e+00,3.774481264276e+01,7.584727174920e-05,3.471990758795e-01,5.482041188217e-02,5.535565349625e-05
"                 314",-3.925364113329e+00,3.770875181868e+01,2.045934602703e-05,-3.577659719921e+00,3.776354705016e+01,7.371864470283e-05,3.477043934082e-01,5.479523148339e-02,5.325929867580e-05
"                 315",-3.923906907235e+00,3.772755199670e+01,2.042579683084e-05,-3.575699316795e+00,3.778232331018e+01,7.120975015839e-05,3.482075904397e-01,5.477131347252e-02,5.078395332755e-05
"                 316",-3.922517167357e+00,3.774691025065e+01,2.039103142413e-05,-3.573807626920e+00,3.780165893984e+01,6.818949232550e-05,3.487095404377e-01,5.474868919371e-02,4.779846090137e-05
"                 317",-3.921255823933e+00,3.776637796427e+01,2.035541519416e-05,-3.572045920411e+00,3.782110448962e+01,6.435217087122e-05,3.492099035218e-01,5.472652534227e-02,4.399675567706e-05
"                 318",-3.920198751777e+00,3.778507595581e+01,2.032062266330e-05,-3.570490702972e+00,3.783977974441e+01,6.001530408555e-05,3.497080488049e-01,5.470378860402e-02,3.969468142225e-05
"                 319",-3.919386422712e+00,3.780224040935e+01,2.028853491206e-05,-3.569182497189e+00,3.785692059555e+01,5.555771311714e-05,3.502039255230e-01,5.468018619970e-02,3.526917820508e-05
"                 320",-3.918777332418e+00,3.781824417026e+01,2.025851325158e-05,-3.568079634401e+00,3.787290031311e+01,5.099736404091e-05,3.506976980173e-01,5.465614284881e-02,3.073885078934e-05
"                 321",-3.918318392059e+00,3.783373637051e+01,2.022898196165e-05,-3.567129057417e+00,3.788836840655e+01,4.645778404838e-05,3.511893346424e-01,5.463203604251e-02,2.622880208674e-05
"                 322",-3.918000982601e+00,3.784906791621e+01,2.019941648340e-05,-3.566322795356e+00,3.790367553410e+01,4.211129637425e-05,3.516781872455e-01,5.460761789173e-02,2.191187989085e-05
"                 323",-3.917808156579e+00,3.786460385307e+01,2.017125078406e-05,-3.565644265333e+00,3.791918656699e+01,3.792985237592e-05,3.521638912466e-01,5.458271391150e-02,1.775860159186e-05
"                 324",-3.917728109780e+00,3.788080209638e+01,2.014569320241e-05,-3.565082021792e+00,3.793535941137e+01,3.386041351374e-05,3.526460879880e-01,5.455731499175e-02,1.371472031133e-05
"                 325",-3.917771184527e+00,3.789765662743e+01,2.012339353845e-05,-3.564646938094e+00,3.795218786729e+01,2.996252594196e-05,3.531242464335e-01,5.453123985651e-02,9.839132403516e-06
"                 326",-3.917958002677e+00,3.791490776643e+01,2.010361262173e-05,-3.564360529856e+00,3.796941221247e+01,2.637930278637e-05,3.535974728207e-01,5.450444604911e-02,6.275690164639e-06
"                 327",-3.918339310050e+00,3.793226394030e+01,2.008439829534e-05,-3.564274628031e+00,3.798674095252e+01,2.312825988660e-05,3.540646820191e-01,5.447701222028e-02,3.043861591258e-06
"                 328",-3.918884152294e+00,3.794996351492e+01,2.006445320725e-05,-3.564358730260e+00,3.800441237292e+01,2.009618344225e-05,3.545254220339e-01,5.444885800375e-02,3.173023500188e-08
"                 329",-3.919490613817e+00,3.796868359993e+01,2.004296141205e-05,-3.564510820785e+00,3.802310354000e+01,1.722675878429e-05,3.549797930323e-01,5.441994006885e-02,-2.816202627764e-06
"                 330",-3.920125528985e+00,3.798882534516e+01,2.002026805667e-05,-3.564697567049e+00,3.804321542877e+01,1.448412730112e-05,3.554279619356e-01,5.439008361509e-02,-5.536140755549e-06
"                 331",-3.920859598684e+00,3.801011094453e+01,1.999756359931e-05,-3.564989916434e+00,3.806447016639e+01,1.185044753418e-05,3.558696822504e-01,5.435922186147e-02,-8.147116065123e-06
"                 332",-3.921768460220e+00,3.803206644902e+01,1.997602521061e-05,-3.565464103472e+00,3.808639388068e+01,9.270715036113e-06,3.563043567479e-01,5.432743166139e-02,-1.070531017450e-05
"                 333",-3.922846189667e+00,3.805437862282e+01,1.995728427517e-05,-3.566114844795e+00,3.810867347970e+01,6.695258348191e-06,3.567313448716e-01,5.429485687413e-02,-1.326202592698e-05
"                 334",-3.924045520491e+00,3.807708928892e+01,1.994219582900e-05,-3.566894892518e+00,3.813135106859e+01,4.134636843631e-06,3.571506279723e-01,5.426177967246e-02,-1.580755898537e-05
"                 335",-3.925336028719e+00,3.810025958374e+01,1.993050968444e-05,-3.567773518969e+00,3.815448746930e+01,1.697727058764e-06,3.575625097507e-01,5.422788555301e-02,-1.823278262568e-05
"                 336",-3.926740160927e+00,3.812369075880e+01,1.992153194983e-05,-3.568772475687e+00,3.817788331300e+01,-6.011510443003e-07,3.579676852397e-01,5.419255419885e-02,-2.052268299413e-05
"                 337",-3.928259982656e+00,3.814735724192e+01,1.991493496341e-05,-3.569893400528e+00,3.820151300162e+01,-2.925414514325e-06,3.583665821279e-01,5.415575969703e-02,-2.284034947773e-05
"                 338",-3.929892856399e+00,3.817131365110e+01,1.991020470200e-05,-3.571133831210e+00,3.822543146885e+01,-5.397980405918e-06,3.587590251888e-01,5.411781774740e-02,-2.530818510792e-05
"                 339",-3.931631881346e+00,3.819555642008e+01,1.990706718183e-05,-3.572486548826e+00,3.824963521109e+01,-8.059651427926e-06,3.591453325200e-01,5.407879101091e-02,-2.796671860976e-05
"                 340",-3.933488082933e+00,3.821985313284e+01,1.990587077267e-05,-3.573962355223e+00,3.827389183350e+01,-1.076850114767e-05,3.595257277104e-01,5.403870065876e-02,-3.067437192034e-05
"                 341",-3.935462607955e+00,3.824404400123e+01,1.990629170793e-05,-3.575562317321e+00,3.829804164267e+01,-1.346181347887e-05,3.599002906340e-01,5.399764144019e-02,-3.336810518680e-05
"                 342",-3.937542468136e+00,3.826821217754e+01,1.990795801927e-05,-3.577273396687e+00,3.832216799256e+01,-1.617722740275e-05,3.602690714490e-01,5.395581501913e-02,-3.608518542201e-05
"                 343",-3.939717368528e+00,3.829243553139e+01,1.991044811693e-05,-3.579085063161e+00,3.834634885562e+01,-1.892422821256e-05,3.606323053677e-01,5.391332423367e-02,-3.883467632950e-05
"                 344",-3.941982538562e+00,3.831677308234e+01,1.991399881256e-05,-3.580992332663e+00,3.837064312736e+01,-2.169609441450e-05,3.609902058989e-01,5.387004501348e-02,-4.161009322707e-05
"                 345",-3.944338597699e+00,3.834114504233e+01,1.991775181351e-05,-3.582995836028e+00,3.839497089427e+01,-2.445860744912e-05,3.613427616713e-01,5.382585193510e-02,-4.437635926263e-05
"                 346",-3.946781794385e+00,3.836530711592e+01,1.992102503786e-05,-3.585091905321e+00,3.841908785219e+01,-2.723417420749e-05,3.616898890643e-01,5.378073626815e-02,-4.715519924535e-05
"                 347",-3.949297401413e+00,3.838932722030e+01,1.992396389533e-05,-3.587265831538e+00,3.844306195115e+01,-3.005685210572e-05,3.620315698745e-01,5.373473084504e-02,-4.998081600106e-05
"                 348",-3.951887264374e+00,3.841342717935e+01,1.992693933924e-05,-3.589519499067e+00,3.846711511015e+01,-3.292862450217e-05,3.623677653073e-01,5.368793080406e-02,-5.285556384141e-05
"                 349",-3.954553846901e+00,3.843770952478e+01,1.993031533013e-05,-3.591855521172e+00,3.849134989511e+01,-3.583213896756e-05,3.626983257291e-01,5.364037033893e-02,-5.576245429768e-05
"                 350",-3.957299824932e+00,3.846205420722e+01,1.993430145495e-05,-3.594276718979e+00,3.851564633791e+01,-3.871135405802e-05,3.630231059530e-01,5.359213069340e-02,-5.864565551297e-05
"                 351",-3.960118198328e+00,3.848636599896e+01,1.993894548211e-05,-3.596776176672e+00,3.853990921767e+01,-4.154205934901e-05,3.633420216562e-01,5.354321871397e-02,-6.148100483112e-05
"                 352",-3.962995152457e+00,3.851069330509e+01,1.994413523276e-05,-3.599340110957e+00,3.856418693220e+01,-4.429162090841e-05,3.636550415000e-01,5.349362711870e-02,-6.423575614118e-05
"                 353",-3.965922878244e+00,3.853513486073e+01,1.994981914812e-05,-3.601960819114e+00,3.858857815822e+01,-4.696311138222e-05,3.639620591304e-01,5.344329749189e-02,-6.691293053033e-05
"                 354",-3.968904210642e+00,3.855974060075e+01,1.995609671309e-05,-3.604641178070e+00,3.861313282350e+01,-4.954907486429e-05,3.642630325714e-01,5.339222275042e-02,-6.950517157738e-05
"                 355",-3.971945272206e+00,3.858446276590e+01,1.996305821833e-05,-3.607387345566e+00,3.863780315325e+01,-5.207237255211e-05,3.645579266401e-01,5.334038735413e-02,-7.203543077044e-05
"                 356",-3.975045395623e+00,3.860918405032e+01,1.997080440531e-05,-3.610198524267e+00,3.866247185403e+01,-5.453060943137e-05,3.648468713557e-01,5.328780371046e-02,-7.450141383668e-05
"                 357",-3.978193947557e+00,3.863390620528e+01,1.997935514376e-05,-3.613063962297e+00,3.868714068331e+01,-5.688378853381e-05,3.651299852592e-01,5.323447802300e-02,-7.686314367756e-05
"                 358",-3.981380544376e+00,3.865872597418e+01,1.998861623388e-05,-3.615973308087e+00,3.871190656471e+01,-5.913189507966e-05,3.654072362896e-01,5.318059052882e-02,-7.912051131354e-05
"                 359",-3.984604592625e+00,3.868368628163e+01,1.999833303373e-05,-3.618926101520e+00,3.873681259463e+01,-6.122227307902e-05,3.656784911054e-01,5.312631299458e-02,-8.122060611275e-05
"                 360",-3.987872082689e+00,3.870875587357e+01,2.000862884283e-05,-3.621928410027e+00,3.876182762770e+01,-6.314769290242e-05,3.659436726612e-01,5.307175412525e-02,-8.315632174524e-05
"                 361",-3.991181388555e+00,3.873388647133e+01,2.001979098654e-05,-3.624978624603e+00,3.878690340746e+01,-6.495076082248e-05,3.662027639521e-01,5.301693613546e-02,-8.497055180902e-05
"                 362",-3.994527944643e+00,3.875907049097e+01,2.003143537122e-05,-3.628072113935e+00,3.881203219394e+01,-6.664985702988e-05,3.664558307084e-01,5.296170296363e-02,-8.668129240110e-05
"                 363",-3.997899561629e+00,3.878437044672e+01,2.004350135191e-05,-3.631196108474e+00,3.883727669311e+01,-6.824721460937e-05,3.667034531544e-01,5.290624638653e-02,-8.829071596128e-05
"                 364",-4.001290670754e+00,3.880981981818e+01,2.005608963934e-05,-3.634345513317e+00,3.886267139085e+01,-6.972696954400e-05,3.669451574370e-01,5.285157267199e-02,-8.978305918334e-05
"                 365",-4.004704480134e+00,3.883541648834e+01,2.006927111463e-05,-3.637523139677e+00,3.888821288939e+01,-7.107164967760e-05,3.671813404576e-01,5.279640104717e-02,-9.114092079223e-05
"                 366",-4.008146718720e+00,3.886108016675e+01,2.008295695010e-05,-3.640734806276e+00,3.891382150266e+01,-7.226012720159e-05,3.674119124446e-01,5.274133590436e-02,-9.234308415169e-05
"                 367",-4.011615325931e+00,3.888677185528e+01,2.009691964168e-05,-3.643978518934e+00,3.893945804461e+01,-7.325955836961e-05,3.676368069968e-01,5.268618932400e-02,-9.335647801128e-05
"                 368",-4.015101277651e+00,3.891253895296e+01,2.011107883809e-05,-3.647245279791e+00,3.896516986954e+01,-7.417793128426e-05,3.678559978604e-01,5.263091657983e-02,-9.428901012236e-05
"                 369",-4.018595914292e+00,3.893842004906e+01,2.012534595650e-05,-3.650526424288e+00,3.899099548759e+01,-7.495669184725e-05,3.680694900036e-01,5.257543852410e-02,-9.508203780375e-05
"                 370",-4.022099032844e+00,3.896443890871e+01,2.013953049627e-05,-3.653821646286e+00,3.901695871090e+01,-7.560515954418e-05,3.682773865579e-01,5.251980218643e-02,-9.574469004045e-05
"                 371",-4.025614967969e+00,3.899058187676e+01,2.015351506103e-05,-3.657135217628e+00,3.904304607607e+01,-7.612271442423e-05,3.684797503412e-01,5.246419930963e-02,-9.627622948526e-05
"                 372",-4.029143532051e+00,3.901685423218e+01,2.016717006341e-05,-3.660466844471e+00,3.906926321046e+01,-7.647203469617e-05,3.686766875794e-01,5.240897828361e-02,-9.663920475958e-05
"                 373",-4.032679292647e+00,3.904330245413e+01,2.018032018663e-05,-3.663810917994e+00,3.909565714483e+01,-7.668981310470e-05,3.688683746526e-01,5.235469069628e-02,-9.687013329132e-05
"                 374",-4.036215193206e+00,3.906997833364e+01,2.019320968060e-05,-3.667160406579e+00,3.912227948559e+01,-7.675724343746e-05,3.690547866267e-01,5.230115195512e-02,-9.695045311806e-05
"                 375",-4.039747156221e+00,3.909688987375e+01,2.020634388812e-05,-3.670511137619e+00,3.914913838749e+01,-7.672294647839e-05,3.692360186021e-01,5.224851374029e-02,-9.692929036650e-05
"                 376",-4.043280070129e+00,3.912397505930e+01,2.021981953750e-05,-3.673868064491e+00,3.917617217797e+01,-7.652722333191e-05,3.694120056384e-01,5.219711867216e-02,-9.674704286941e-05
"                 377",-4.046813348933e+00,3.915126380186e+01,2.023348164857e-05,-3.677230534148e+00,3.920341041158e+01,-7.622004258600e-05,3.695828147846e-01,5.214660972170e-02,-9.645352423457e-05
"                 378",-4.050341653188e+00,3.917880956844e+01,2.024720049680e-05,-3.680593293400e+00,3.923090675256e+01,-7.575356680504e-05,3.697483597881e-01,5.209718412309e-02,-9.600076730184e-05
"                 379",-4.053864788541e+00,3.920657334581e+01,2.026102156064e-05,-3.683955830588e+00,3.925862264035e+01,-7.516584964333e-05,3.699089579537e-01,5.204929453859e-02,-9.542687120397e-05
"                 380",-4.057387626499e+00,3.923448229038e+01,2.027478642656e-05,-3.687323015965e+00,3.928648513738e+01,-7.443324786359e-05,3.700646105340e-01,5.200284699360e-02,-9.470803429015e-05
"                 381",-4.060913612397e+00,3.926251984049e+01,2.028964474758e-05,-3.690698414662e+00,3.931447752296e+01,-7.357301548136e-05,3.702151977352e-01,5.195768246635e-02,-9.386266022894e-05
"                 382",-4.064443143172e+00,3.929071021031e+01,2.030451901459e-05,-3.694082625650e+00,3.934262384121e+01,-7.260668483930e-05,3.703605175223e-01,5.191363089806e-02,-9.291120385390e-05
"                 383",-4.067974513312e+00,3.931905230401e+01,2.031972680741e-05,-3.697474147549e+00,3.937092255592e+01,-7.152057159755e-05,3.705003657623e-01,5.187025190987e-02,-9.184029840496e-05
"                 384",-4.071504566580e+00,3.934755416052e+01,2.033611471695e-05,-3.700869607599e+00,3.939938159025e+01,-7.037693287073e-05,3.706349589814e-01,5.182742972932e-02,-9.071304758768e-05
"                 385",-4.075037748219e+00,3.937613288557e+01,2.035390428457e-05,-3.704273317866e+00,3.942791834904e+01,-6.913997186458e-05,3.707644303533e-01,5.178546347380e-02,-8.949387614915e-05
"                 386",-4.078574090075e+00,3.940470948798e+01,2.037264384971e-05,-3.707685264096e+00,3.945645434978e+01,-6.780288775354e-05,3.708888259792e-01,5.174486180015e-02,-8.817553160324e-05
"                 387",-4.082104898215e+00,3.943327273319e+01,2.039158495930e-05,-3.711096895917e+00,3.948497830524e+01,-6.634751988369e-05,3.710080022983e-01,5.170557204946e-02,-8.673910484299e-05
"                 388",-4.085630440802e+00,3.946184640478e+01,2.041020719553e-05,-3.714508559746e+00,3.951351372005e+01,-6.481732899494e-05,3.711218810553e-01,5.166731527426e-02,-8.522753619047e-05
"                 389",-4.089160708191e+00,3.949049118919e+01,2.042914324679e-05,-3.717930264342e+00,3.954212093175e+01,-6.322207112647e-05,3.712304438488e-01,5.162974255611e-02,-8.365121437326e-05
"                 390",-4.092699539622e+00,3.951923761491e+01,2.044636740910e-05,-3.721365661124e+00,3.957083019922e+01,-6.156420692435e-05,3.713338784979e-01,5.159258430483e-02,-8.201057433345e-05
"                 391",-4.096244841482e+00,3.954806004477e+01,2.046356694209e-05,-3.724812363269e+00,3.959961594681e+01,-5.983916684513e-05,3.714324782126e-01,5.155590204130e-02,-8.030273378722e-05
"                 392",-4.099786412427e+00,3.957693791090e+01,2.048173886861e-05,-3.728259916887e+00,3.962845778938e+01,-5.805915159020e-05,3.715264955392e-01,5.151987848336e-02,-7.854089045882e-05
"                 393",-4.103323534800e+00,3.960575882311e+01,2.049969307134e-05,-3.731707478796e+00,3.965724343937e+01,-5.622753229528e-05,3.716160560041e-01,5.148461625957e-02,-7.672722536663e-05
"                 394",-4.106859878988e+00,3.963441900414e+01,2.051620598649e-05,-3.735158520544e+00,3.968586914634e+01,-5.435816985594e-05,3.717013584438e-01,5.145014219441e-02,-7.487437584243e-05
"                 395",-4.110394739473e+00,3.966296505770e+01,2.053127966068e-05,-3.738612122340e+00,3.971438143952e+01,-5.247397870574e-05,3.717826171338e-01,5.141638181085e-02,-7.300525836642e-05
"                 396",-4.113927171877e+00,3.969139239591e+01,2.054558817089e-05,-3.742067085575e+00,3.974277590742e+01,-5.058808137394e-05,3.718600863014e-01,5.138351151636e-02,-7.113366954483e-05
"                 397",-4.117455215732e+00,3.971968425324e+01,2.056017293450e-05,-3.745521524132e+00,3.977103557337e+01,-4.869898163352e-05,3.719336916007e-01,5.135132013018e-02,-6.925915456801e-05
"                 398",-4.120972922807e+00,3.974781939353e+01,2.057530091928e-05,-3.748969288813e+00,3.979913904797e+01,-4.679616326028e-05,3.720036339940e-01,5.131965443577e-02,-6.737146417956e-05
"                 399",-4.124477365034e+00,3.977578223317e+01,2.059041317381e-05,-3.752407163155e+00,3.982707069126e+01,-4.487682441426e-05,3.720702018790e-01,5.128845809229e-02,-6.546723758807e-05
"                 400",-4.127972023501e+00,3.980354011967e+01,2.060504079996e-05,-3.755838488117e+00,3.985479754794e+01,-4.294923802726e-05,3.721335353844e-01,5.125742826553e-02,-6.355427882722e-05
"                 401",-4.131461584892e+00,3.983103828171e+01,2.061910113531e-05,-3.759267689795e+00,3.988226462554e+01,-4.102562548650e-05,3.721938950967e-01,5.122634383079e-02,-6.164472662181e-05
"                 402",-4.134946917248e+00,3.985819058381e+01,2.063289730983e-05,-3.762695498759e+00,3.990938597344e+01,-3.911256160962e-05,3.722514184891e-01,5.119538962219e-02,-5.974545891945e-05
"                 403",-4.138426955187e+00,3.988497832107e+01,2.064675685912e-05,-3.766120890997e+00,3.993614295915e+01,-3.722156451007e-05,3.723060641904e-01,5.116463807822e-02,-5.786832136919e-05
"                 404",-4.141901503761e+00,3.991138077448e+01,2.066031076304e-05,-3.769543651771e+00,3.996251491473e+01,-3.538166940424e-05,3.723578519894e-01,5.113414024605e-02,-5.604198016729e-05
"                 405",-4.145372106296e+00,3.993738669152e+01,2.067366203554e-05,-3.772965258215e+00,3.998849064299e+01,-3.354723603767e-05,3.724068480806e-01,5.110395146734e-02,-5.422089807321e-05
"                 406",-4.148840086670e+00,3.996302648964e+01,2.068702968033e-05,-3.776386728305e+00,4.001410078457e+01,-3.172378670979e-05,3.724533583646e-01,5.107429493041e-02,-5.241081639012e-05
"                 407",-4.152303961239e+00,3.998831857361e+01,2.070065005784e-05,-3.779806652089e+00,4.003936378647e+01,-2.990254043386e-05,3.724973091505e-01,5.104521286026e-02,-5.060319049170e-05
"                 408",-4.155763320498e+00,4.001325982360e+01,2.071483242351e-05,-3.783224418472e+00,4.006427661347e+01,-2.806894499659e-05,3.725389020255e-01,5.101678986716e-02,-4.878377742010e-05
"                 409",-4.159216327001e+00,4.003781435067e+01,2.072923710850e-05,-3.786638388684e+00,4.008880322325e+01,-2.624940025407e-05,3.725779383170e-01,5.098887257885e-02,-4.697863736257e-05
"                 410",-4.162663055212e+00,4.006195848729e+01,2.074332269197e-05,-3.790048630695e+00,4.011291970855e+01,-2.445470815340e-05,3.726144245166e-01,5.096122126702e-02,-4.519803084537e-05
"                 411",-4.166105208022e+00,4.008568943995e+01,2.075690514418e-05,-3.793456806136e+00,4.013662308260e+01,-2.269490674046e-05,3.726484018857e-01,5.093364264813e-02,-4.345181188464e-05
"                 412",-4.169544820388e+00,4.010901202991e+01,2.077029634216e-05,-3.796864692378e+00,4.015991820418e+01,-2.097720245199e-05,3.726801280107e-01,5.090617426526e-02,-4.174749879416e-05
"                 413",-4.172977828213e+00,4.013194088904e+01,2.078385822756e-05,-3.800267951544e+00,4.018282014572e+01,-1.930062052413e-05,3.727098766683e-01,5.087925668616e-02,-4.008447875168e-05
"                 414",-4.176395741368e+00,4.015447051167e+01,2.079733236442e-05,-3.803658200802e+00,4.020532369590e+01,-1.767255613145e-05,3.727375405663e-01,5.085318422591e-02,-3.846988849586e-05
"                 415",-4.179797961250e+00,4.017660827079e+01,2.081054260836e-05,-3.807035182804e+00,4.022743585802e+01,-1.609987495343e-05,3.727627784459e-01,5.082758722693e-02,-3.691041756179e-05
"                 416",-4.183188403170e+00,4.019839202727e+01,2.082368862078e-05,-3.810402741552e+00,4.024919415067e+01,-1.458346720985e-05,3.727856616181e-01,5.080212340327e-02,-3.540715583063e-05
"                 417",-4.186569172048e+00,4.021983154637e+01,2.083718109039e-05,-3.813762878420e+00,4.027060835312e+01,-1.311889067328e-05,3.728062936278e-01,5.077680675068e-02,-3.395607176366e-05
"                 418",-4.189937888012e+00,4.024091103763e+01,2.085129458577e-05,-3.817113070064e+00,4.029166291748e+01,-1.169432738506e-05,3.728248179474e-01,5.075187984837e-02,-3.254562197083e-05
"                 419",-4.193287165592e+00,4.026163700917e+01,2.086615345929e-05,-3.820445865135e+00,4.031236450035e+01,-1.030948318422e-05,3.728413004574e-01,5.072749118027e-02,-3.117563664351e-05
"                 420",-4.196615021643e+00,4.028205016581e+01,2.088282699160e-05,-3.823759204699e+00,4.033275389988e+01,-8.966766812574e-06,3.728558169440e-01,5.070373407610e-02,-2.984959380417e-05
"                 421",-4.199925285166e+00,4.030217630502e+01,2.089985097919e-05,-3.827057006662e+00,4.035285683669e+01,-7.670370849248e-06,3.728682785039e-01,5.068053167874e-02,-2.857022182844e-05
"                 422",-4.203219962024e+00,4.032204931402e+01,2.091628266224e-05,-3.830341295406e+00,4.037270711881e+01,-6.424757362008e-06,3.728786666175e-01,5.065780478470e-02,-2.734104002425e-05
"                 423",-4.206496066115e+00,4.034167282163e+01,2.093277784218e-05,-3.833609147212e+00,4.039230836888e+01,-5.242415639755e-06,3.728869189032e-01,5.063554724950e-02,-2.617519348194e-05
"                 424",-4.209746414078e+00,4.036104020233e+01,2.094971598140e-05,-3.836853405174e+00,4.041165402420e+01,-4.122957471399e-06,3.728930089040e-01,5.061382186244e-02,-2.507267345280e-05
"                 425",-4.212970588412e+00,4.038016823806e+01,2.096697569434e-05,-3.840073724125e+00,4.043076082216e+01,-3.070481741993e-06,3.728968642869e-01,5.059258410062e-02,-2.403745743633e-05
"                 426",-4.216169305200e+00,4.039907330438e+01,2.098405642206e-05,-3.843270897680e+00,4.044964515386e+01,-2.071663205157e-06,3.728984075202e-01,5.057184947654e-02,-2.305571962722e-05
"                 427",-4.219343475954e+00,4.041777521176e+01,2.100069351575e-05,-3.846446054668e+00,4.046832677532e+01,-1.123945288416e-06,3.728974212862e-01,5.055156355637e-02,-2.212463880416e-05
"                 428",-4.222493920893e+00,4.043633139530e+01,2.101682055712e-05,-3.849599904126e+00,4.048686273965e+01,-2.292601604145e-07,3.728940167667e-01,5.053134434975e-02,-2.124608071753e-05
"                 429",-4.225622537214e+00,4.045476207365e+01,2.103193799880e-05,-3.852734916657e+00,4.050527285917e+01,6.192891574418e-07,3.728876205575e-01,5.051078551694e-02,-2.041264884136e-05
"                 430",-4.228728617263e+00,4.047306380902e+01,2.104611409602e-05,-3.855849683205e+00,4.052355345508e+01,1.409980786330e-06,3.728789340582e-01,5.048964605286e-02,-1.963613330969e-05
"                 431",-4.231811113761e+00,4.049124035886e+01,2.105866303523e-05,-3.858942533348e+00,4.054170900640e+01,2.144254652002e-06,3.728685804124e-01,5.046864753993e-02,-1.891440838322e-05
"                 432",-4.234872196827e+00,4.050929949011e+01,2.106957185204e-05,-3.862015616318e+00,4.055974737594e+01,2.829059364845e-06,3.728565805089e-01,5.044788582872e-02,-1.824051248719e-05
"                 433",-4.237914450522e+00,4.052718951633e+01,2.108057034669e-05,-3.865070639418e+00,4.057761714019e+01,3.469874554337e-06,3.728438111043e-01,5.042762385968e-02,-1.761069579236e-05
"                 434",-4.240926426210e+00,4.054490291297e+01,2.109289470621e-05,-3.868096181016e+00,4.059531309778e+01,4.081849392662e-06,3.728302451948e-01,5.041018480766e-02,-1.701104531355e-05
"                 435",-4.243895694684e+00,4.056244252207e+01,2.110820712382e-05,-3.871081048830e+00,4.061283714705e+01,4.631781540127e-06,3.728146458534e-01,5.039462497928e-02,-1.647642558369e-05
"                 436",-4.246820157755e+00,4.057984144566e+01,2.112567719177e-05,-3.874023441765e+00,4.063022031420e+01,5.179405034529e-06,3.727967159899e-01,5.037886853466e-02,-1.594627215724e-05
"                 437",-4.249705659690e+00,4.059707580072e+01,2.114381630991e-05,-3.876928984250e+00,4.064743837429e+01,5.700244522391e-06,3.727766754405e-01,5.036257356818e-02,-1.544357178752e-05
"                 438",-4.252560588833e+00,4.061417817145e+01,2.116174392204e-05,-3.879806024298e+00,4.066452462554e+01,6.193435029690e-06,3.727545645347e-01,5.034645409181e-02,-1.496830889235e-05
"                 439",-4.255387080200e+00,4.063119808667e+01,2.117979616637e-05,-3.882656739204e+00,4.068152929540e+01,6.655825464459e-06,3.727303409954e-01,5.033120873093e-02,-1.452397070191e-05
"                 440",-4.258184770284e+00,4.064810481064e+01,2.119861115465e-05,-3.885480880139e+00,4.069842172859e+01,7.107777336878e-06,3.727038901453e-01,5.031691794637e-02,-1.409083381778e-05
"                 441",-4.260951367273e+00,4.066490385871e+01,2.121729287546e-05,-3.888276148881e+00,4.071520716099e+01,7.563194957209e-06,3.726752183921e-01,5.030330228068e-02,-1.365409791826e-05
"                 442",-4.263686517168e+00,4.068155471019e+01,2.123480528810e-05,-3.891042079574e+00,4.073184476577e+01,8.016836534172e-06,3.726444375934e-01,5.029005558891e-02,-1.321796875393e-05
"                 443",-4.266393598307e+00,4.069802988883e+01,2.125069750534e-05,-3.893781893191e+00,4.074830693793e+01,8.454653019235e-06,3.726117051158e-01,5.027704909799e-02,-1.279604448610e-05
"                 444",-4.269073848639e+00,4.071436756696e+01,2.126516214804e-05,-3.896496696858e+00,4.076463187865e+01,8.867899759282e-06,3.725771517808e-01,5.026431169168e-02,-1.239726238876e-05
"                 445",-4.271728588513e+00,4.073057156763e+01,2.127855451378e-05,-3.899187679223e+00,4.078082349419e+01,9.264566094639e-06,3.725409092905e-01,5.025192655989e-02,-1.201398841914e-05
"                 446",-4.274356787093e+00,4.074663629224e+01,2.129097471961e-05,-3.901853697747e+00,4.079687626158e+01,9.658229498955e-06,3.725030893468e-01,5.023996934079e-02,-1.163274522066e-05
"                 447",-4.276956049304e+00,4.076256069588e+01,2.130225015598e-05,-3.904492254639e+00,4.081278916445e+01,1.005051271882e-05,3.724637946647e-01,5.022846857680e-02,-1.125173743716e-05
"                 448",-4.279525062285e+00,4.077835661496e+01,2.131223626415e-05,-3.907101870771e+00,4.082857401448e+01,1.043518403105e-05,3.724231915144e-01,5.021739952264e-02,-1.087705223310e-05
"                 449",-4.282062911585e+00,4.079402391170e+01,2.132088845421e-05,-3.909681493608e+00,4.084423059203e+01,1.080865713956e-05,3.723814179775e-01,5.020668032562e-02,-1.051223131465e-05
"                 450",-4.284571009351e+00,4.080954822915e+01,2.132817052487e-05,-3.912232555839e+00,4.085974440360e+01,1.116847777770e-05,3.723384535121e-01,5.019617445660e-02,-1.015969274717e-05
"                 451",-4.287050931833e+00,4.082490453141e+01,2.133401675689e-05,-3.914756737587e+00,4.087509030768e+01,1.152307515118e-05,3.722941942457e-01,5.018577626701e-02,-9.810941605715e-06
"                 452",-4.289501485163e+00,4.084009962182e+01,2.133888449000e-05,-3.917252917034e+00,4.089027502944e+01,1.187390969752e-05,3.722485681285e-01,5.017540762076e-02,-9.464974792482e-06
"                 453",-4.291921457303e+00,4.085516797418e+01,2.134320315563e-05,-3.919719890597e+00,4.090533305732e+01,1.222389002798e-05,3.722015667060e-01,5.016508313923e-02,-9.119313127644e-06
"                 454",-4.294312335117e+00,4.087010121097e+01,2.134700115452e-05,-3.922159105726e+00,4.092025607537e+01,1.257429241223e-05,3.721532293913e-01,5.015486440805e-02,-8.772708742285e-06
"                 455",-4.296677533209e+00,4.088486144186e+01,2.134989486907e-05,-3.924573852954e+00,4.093500626962e+01,1.292745140152e-05,3.721036802550e-01,5.014482776071e-02,-8.422443467543e-06
"                 456",-4.299017973911e+00,4.089944035897e+01,2.135178113888e-05,-3.926964861516e+00,4.094957546488e+01,1.327981597794e-05,3.720531123952e-01,5.013510591000e-02,-8.071965160948e-06
"                 457",-4.301331464493e+00,4.091383807053e+01,2.135292026051e-05,-3.929329745014e+00,4.096396388725e+01,1.363272014051e-05,3.720017194789e-01,5.012581672150e-02,-7.720200120008e-06
"                 458",-4.303617337257e+00,4.092806396433e+01,2.135365577338e-05,-3.931667750492e+00,4.097818100829e+01,1.398862469527e-05,3.719495867651e-01,5.011704395676e-02,-7.365031078113e-06
"                 459",-4.305876446002e+00,4.094212520325e+01,2.135451248517e-05,-3.933979807669e+00,4.099223398445e+01,1.434389874893e-05,3.718966383328e-01,5.010878119157e-02,-7.010613736239e-06
"                 460",-4.308114486920e+00,4.095599351269e+01,2.135561766555e-05,-3.936271769194e+00,4.100609440224e+01,1.469491825781e-05,3.718427177263e-01,5.010088954784e-02,-6.660699407744e-06
"                 461",-4.310319804847e+00,4.096965623966e+01,2.135698754737e-05,-3.938532230407e+00,4.101974954667e+01,1.504311510048e-05,3.717875744402e-01,5.009330701343e-02,-6.313872446887e-06
"                 462",-4.312483042565e+00,4.098313643479e+01,2.135873246862e-05,-3.940751969408e+00,4.103322239373e+01,1.538765777602e-05,3.717310731570e-01,5.008595893286e-02,-5.971074692603e-06
"                 463",-4.314617923566e+00,4.099643788144e+01,2.136062099104e-05,-3.942944665097e+00,4.104651668501e+01,1.572752707894e-05,3.716732584697e-01,5.007880356776e-02,-5.633093912095e-06
"                 464",-4.316733775103e+00,4.100956233514e+01,2.136271319388e-05,-3.945119561788e+00,4.105963421814e+01,1.606272479604e-05,3.716142133150e-01,5.007188299362e-02,-5.299988397842e-06
"                 465",-4.318828969121e+00,4.102250788661e+01,2.136516420625e-05,-3.947274776543e+00,4.107257320431e+01,1.639606013060e-05,3.715541925781e-01,5.006531770196e-02,-4.969104075649e-06
"                 466",-4.320895842236e+00,4.103527754116e+01,2.136791579785e-05,-3.949402504098e+00,4.108533678392e+01,1.672705340293e-05,3.714933381390e-01,5.005924275878e-02,-4.640862394921e-06
"                 467",-4.322930046801e+00,4.104787491944e+01,2.137078968877e-05,-3.951498251770e+00,4.109792860897e+01,1.704835673535e-05,3.714317950316e-01,5.005368952658e-02,-4.322432953413e-06
"                 468",-4.324934400148e+00,4.106030307216e+01,2.137648628720e-05,-3.953564830933e+00,4.111035151331e+01,1.736855912547e-05,3.713695692143e-01,5.004844115440e-02,-4.007927161733e-06
"                 469",-4.326912032844e+00,4.107256367940e+01,2.138345333167e-05,-3.955605463287e+00,4.112260694859e+01,1.768364542774e-05,3.713065695572e-01,5.004326918815e-02,-3.699807903928e-06
"                 470",-4.328861481725e+00,4.108465442780e+01,2.138803424092e-05,-3.957618866317e+00,4.113469242207e+01,1.799888289797e-05,3.712426154077e-01,5.003799427309e-02,-3.389151342947e-06
"                 471",-4.330779983603e+00,4.109656854205e+01,2.138780708495e-05,-3.959602311469e+00,4.114660109607e+01,1.830142736833e-05,3.711776721338e-01,5.003255402071e-02,-3.086379716619e-06
"                 472",-4.332667349033e+00,4.110831048551e+01,2.138264611561e-05,-3.961555579755e+00,4.115833754871e+01,1.861026053854e-05,3.711117692783e-01,5.002706319695e-02,-2.772385577068e-06
"                 473",-4.334524412694e+00,4.111988737586e+01,2.137351419570e-05,-3.963479446981e+00,4.116990910315e+01,1.891555916049e-05,3.710449657127e-01,5.002172728318e-02,-2.457955035208e-06
"                 474",-4.336353008098e+00,4.113130621159e+01,2.136091186545e-05,-3.965375683072e+00,4.118132277399e+01,1.921030188037e-05,3.709773250264e-01,5.001656240015e-02,-2.150609985079e-06
"                 475",-4.338156055327e+00,4.114257126245e+01,2.134455122844e-05,-3.967247098096e+00,4.119258273805e+01,1.948490201787e-05,3.709089572309e-01,5.001147559832e-02,-1.859649210572e-06
"                 476",-4.339936870079e+00,4.115368631375e+01,2.132425185271e-05,-3.969096912776e+00,4.120369270271e+01,1.974099013295e-05,3.708399573033e-01,5.000638895863e-02,-1.583261719761e-06
"                 477",-4.341691781527e+00,4.116464561672e+01,2.130052996827e-05,-3.970921398374e+00,4.121464691100e+01,1.997815594598e-05,3.707703831531e-01,5.000129427431e-02,-1.322374022298e-06
"                 478",-4.343416726914e+00,4.117544133041e+01,2.127325838450e-05,-3.972716491151e+00,4.122543749566e+01,2.019223386491e-05,3.707002357630e-01,4.999616524305e-02,-1.081024519588e-06
"                 479",-4.345110551124e+00,4.118607410756e+01,2.124171984115e-05,-3.974481040729e+00,4.123606506821e+01,2.037960721103e-05,3.706295103942e-01,4.999096065048e-02,-8.621126301205e-07
"                 480",-4.346775664568e+00,4.119655266582e+01,2.120598616528e-05,-3.976217526794e+00,4.124653828984e+01,2.053847500236e-05,3.705581377742e-01,4.998562402262e-02,-6.675111629195e-07
"                 481",-4.348414662866e+00,4.120688414760e+01,2.116528875577e-05,-3.977928644020e+00,4.125686423769e+01,2.066981115161e-05,3.704860188458e-01,4.998009009025e-02,-4.954776041659e-07
"                 482",-4.350029091727e+00,4.121707093746e+01,2.112160098396e-05,-3.979615968046e+00,4.126704531782e+01,2.077704864249e-05,3.704131236812e-01,4.997438035938e-02,-3.445523414746e-07
"                 483",-4.351619638162e+00,4.122710943441e+01,2.107805407678e-05,-3.981280141942e+00,4.127707800187e+01,2.086282494186e-05,3.703394962205e-01,4.996856746068e-02,-2.152291349262e-07
"                 484",-4.353185482308e+00,4.123699604124e+01,2.103376146976e-05,-3.982920347149e+00,4.128695876824e+01,2.092458598468e-05,3.702651351599e-01,4.996272699847e-02,-1.091754850860e-07
"                 485",-4.354726514556e+00,4.124673465603e+01,2.098672398592e-05,-3.984536469847e+00,4.129669150182e+01,2.095960018163e-05,3.701900447090e-01,4.995684579685e-02,-2.712380429507e-08
"                 486",-4.356243039857e+00,4.125632836763e+01,2.093424840220e-05,-3.986128707543e+00,4.130627925718e+01,2.096495905849e-05,3.701143323134e-01,4.995088955335e-02,3.071065629062e-08
"                 487",-4.357734731457e+00,4.126577130942e+01,2.087476963005e-05,-3.987696685652e+00,4.131571614634e+01,2.093947421875e-05,3.700380458049e-01,4.994483692716e-02,6.470458870684e-08
"                 488",-4.359201460605e+00,4.127505972600e+01,2.080820637597e-05,-3.989240281645e+00,4.132499840179e+01,2.088311076431e-05,3.699611789602e-01,4.993867579320e-02,7.490438833470e-08
"                 489",-4.360643368986e+00,4.128419788055e+01,2.073574063407e-05,-3.990759604744e+00,4.133413021928e+01,2.079966036579e-05,3.698837642420e-01,4.993233873167e-02,6.391973172312e-08
"                 490",-4.362060876725e+00,4.129318785245e+01,2.065993937819e-05,-3.992255067526e+00,4.134311380007e+01,2.069614702412e-05,3.698058091992e-01,4.992594762652e-02,3.620764593249e-08
"                 491",-4.363453494245e+00,4.130201970685e+01,2.058537729486e-05,-3.993726096621e+00,4.135193954341e+01,2.059504959165e-05,3.697273976246e-01,4.991983656663e-02,9.672296787347e-09
"                 492",-4.364822080036e+00,4.131069325761e+01,2.051452980944e-05,-3.995173654027e+00,4.136060709792e+01,2.049329454077e-05,3.696484260092e-01,4.991384031141e-02,-2.123526867095e-08
"                 493",-4.366167804930e+00,4.131921467301e+01,2.044632909711e-05,-3.996598858054e+00,4.136912259881e+01,2.038590006034e-05,3.695689468759e-01,4.990792580955e-02,-6.042903677764e-08
"                 494",-4.367492108636e+00,4.132759126754e+01,2.038205493506e-05,-3.998003217401e+00,4.137749349189e+01,2.027433092915e-05,3.694888912347e-01,4.990222434675e-02,-1.077240059099e-07
"                 495",-4.368794397165e+00,4.133581993717e+01,2.032027904910e-05,-3.999386026921e+00,4.138571616488e+01,2.014682824746e-05,3.694083702438e-01,4.989622771454e-02,-1.734508016383e-07
"                 496",-4.370073759188e+00,4.134389554094e+01,2.026330537340e-05,-4.000746447372e+00,4.139378572464e+01,2.001194962588e-05,3.693273118156e-01,4.989018370462e-02,-2.513557475215e-07
"                 497",-4.371330503885e+00,4.135181658101e+01,2.021261233222e-05,-4.002084644331e+00,4.140170040894e+01,1.986979853221e-05,3.692458595540e-01,4.988382793418e-02,-3.428138000111e-07
"                 498",-4.372566203084e+00,4.135958669207e+01,2.017213460903e-05,-4.003402189271e+00,4.140946415265e+01,1.973116845074e-05,3.691640138128e-01,4.987746058750e-02,-4.409661582816e-07
"                 499",-4.373782079826e+00,4.136721426829e+01,2.014122318260e-05,-4.004700279824e+00,4.141708522481e+01,1.959867157264e-05,3.690818000014e-01,4.987095652782e-02,-5.425516099511e-07
"                 500",-4.374978424162e+00,4.137469990837e+01,2.012050541973e-05,-4.005979198608e+00,4.142456435333e+01,1.948782072643e-05,3.689992255546e-01,4.986444496640e-02,-6.326846933032e-07
"                 501",-4.376153961793e+00,4.138203733181e+01,2.010994093903e-05,-4.007237684657e+00,4.143189508856e+01,1.940889467992e-05,3.689162771358e-01,4.985775674587e-02,-7.010462591117e-07
"                 502",-4.377308035451e+00,4.138922148719e+01,2.010929892110e-05,-4.008475124979e+00,4.143907242330e+01,1.937223480909e-05,3.688329104720e-01,4.985093611757e-02,-7.370641120093e-07
"                 503",-4.378441134731e+00,4.139625439390e+01,2.011702138399e-05,-4.009691967668e+00,4.144609836025e+01,1.938214189833e-05,3.687491670628e-01,4.984396635453e-02,-7.348794856550e-07
"                 504",-4.379554750591e+00,4.140314108778e+01,2.013391985281e-05,-4.010889622825e+00,4.145297806090e+01,1.944119113882e-05,3.686651277657e-01,4.983697312355e-02,-6.927287139837e-07
"                 505",-4.380650045844e+00,4.140988549271e+01,2.015935662188e-05,-4.012069134745e+00,4.145971548706e+01,1.954441681732e-05,3.685809110992e-01,4.982999434552e-02,-6.149398045643e-07
"                 506",-4.381726460002e+00,4.141648219400e+01,2.019224896491e-05,-4.013229822062e+00,4.146630528166e+01,1.968917479160e-05,3.684966379406e-01,4.982308766117e-02,-5.030741733115e-07
"                 507",-4.382783460187e+00,4.142292985331e+01,2.022985806890e-05,-4.014371230128e+00,4.147274604428e+01,1.986628769815e-05,3.684122300596e-01,4.981619096734e-02,-3.635703707512e-07
"                 508",-4.383821857209e+00,4.142922983727e+01,2.027387736084e-05,-4.015493847890e+00,4.147903922187e+01,2.008917876681e-05,3.683280093194e-01,4.980938459718e-02,-1.846985940293e-07
"                 509",-4.384841684211e+00,4.143538184282e+01,2.032622774524e-05,-4.016597730799e+00,4.148518454480e+01,2.035618309747e-05,3.682439534127e-01,4.980270198034e-02,2.995535222475e-08
"                 510",-4.385843184775e+00,4.144138571253e+01,2.038627902890e-05,-4.017683076716e+00,4.149118204978e+01,2.065651128172e-05,3.681601080595e-01,4.979633724713e-02,2.702322528196e-07
"                 511",-4.386825828332e+00,4.144724043008e+01,2.045448590119e-05,-4.018749312809e+00,4.149703057527e+01,2.099092694018e-05,3.680765155229e-01,4.979014519194e-02,5.364410389827e-07
"                 512",-4.387790486604e+00,4.145294739221e+01,2.053122945454e-05,-4.019797254886e+00,4.150273149228e+01,2.136064870364e-05,3.679932317185e-01,4.978410006668e-02,8.294192491038e-07
"                 513",-4.388737383036e+00,4.145850140857e+01,2.061659578072e-05,-4.020827067886e+00,4.150827959760e+01,2.177594987282e-05,3.679103151502e-01,4.977818903116e-02,1.159354092102e-06
"                 514",-4.389667625596e+00,4.146390246462e+01,2.070987078847e-05,-4.021839831899e+00,4.151367498835e+01,2.223924901525e-05,3.678277936964e-01,4.977252372994e-02,1.529378226779e-06
"                 515",-4.390581142671e+00,4.146915196283e+01,2.081118706385e-05,-4.022835394158e+00,4.151891895862e+01,2.275523413942e-05,3.677457485128e-01,4.976699579466e-02,1.944047075570e-06
"                 516",-4.391477745398e+00,4.147425079594e+01,2.092095162942e-05,-4.023813512188e+00,4.152401244221e+01,2.332459684453e-05,3.676642332101e-01,4.976164627550e-02,2.403645215113e-06
"                 517",-4.392357371878e+00,4.147920667241e+01,2.103937156451e-05,-4.024774069810e+00,4.152896317609e+01,2.394986472270e-05,3.675833020678e-01,4.975650367491e-02,2.910493158191e-06
"                 518",-4.393221079287e+00,4.148402189495e+01,2.116581700425e-05,-4.025718075014e+00,4.153377339875e+01,2.463236877498e-05,3.675030042725e-01,4.975150379770e-02,3.466551770732e-06
"                 519",-4.394068185389e+00,4.148867815528e+01,2.129999869408e-05,-4.026644771569e+00,4.153842476222e+01,2.537404764957e-05,3.674234138199e-01,4.974660693062e-02,4.074048955489e-06
"                 520",-4.394898638783e+00,4.149317246896e+01,2.144164018464e-05,-4.027554118044e+00,4.154291430341e+01,2.617357429939e-05,3.673445207393e-01,4.974183445234e-02,4.731934114744e-06
"                 521",-4.395713642763e+00,4.149751608752e+01,2.158985729224e-05,-4.028447284372e+00,4.154725321272e+01,2.702808132484e-05,3.672663583904e-01,4.973712520227e-02,5.438224032601e-06
"                 522",-4.396513280928e+00,4.150171207621e+01,2.173969910046e-05,-4.029324149166e+00,4.155144462221e+01,2.791996020124e-05,3.671891317620e-01,4.973254599278e-02,6.180261100785e-06
"                 523",-4.397297419717e+00,4.150575961569e+01,2.188574578231e-05,-4.030184658530e+00,4.155548763188e+01,2.883802275236e-05,3.671127611868e-01,4.972801618627e-02,6.952276970054e-06
"                 524",-4.398066289065e+00,4.150966089797e+01,2.202913504741e-05,-4.031029002245e+00,4.155938431049e+01,2.978929429255e-05,3.670372868201e-01,4.972341252028e-02,7.760159245138e-06
"                 525",-4.398820426631e+00,4.151341915167e+01,2.217426396703e-05,-4.031857750739e+00,4.156313775615e+01,3.077288678414e-05,3.669626758929e-01,4.971860448180e-02,8.598622817110e-06
"                 526",-4.399559916498e+00,4.151703472509e+01,2.232250557117e-05,-4.032670893233e+00,4.156674828528e+01,3.177886348085e-05,3.668890232649e-01,4.971356019437e-02,9.456357909678e-06
"                 527",-4.400283799050e+00,4.152050046221e+01,2.247363090082e-05,-4.033467384163e+00,4.157020872412e+01,3.280315710279e-05,3.668164148863e-01,4.970826190740e-02,1.032952620197e-05
"                 528",-4.400992151602e+00,4.152381741358e+01,2.262623884693e-05,-4.034247288575e+00,4.157352010102e+01,3.383639241829e-05,3.667448630262e-01,4.970268743857e-02,1.121015357136e-05
"                 529",-4.401684873308e+00,4.152698591795e+01,2.277940741831e-05,-4.035010476531e+00,4.157668276917e+01,3.487210335213e-05,3.666743967776e-01,4.969685122498e-02,1.209269593382e-05
"                 530",-4.402363352682e+00,4.153002614589e+01,2.293161542373e-05,-4.035758420548e+00,4.157971689877e+01,3.590363550304e-05,3.666049321340e-01,4.969075288422e-02,1.297202007931e-05
"                 531",-4.403027645652e+00,4.153294144305e+01,2.308149004302e-05,-4.036491066045e+00,4.158262582756e+01,3.692333086748e-05,3.665365796070e-01,4.968438451210e-02,1.384184082446e-05
"                 532",-4.403676658808e+00,4.153571636773e+01,2.322780625823e-05,-4.037207274470e+00,4.158539413876e+01,3.792955030909e-05,3.664693843376e-01,4.967777103122e-02,1.470174405086e-05
"                 533",-4.404310721989e+00,4.153835040974e+01,2.336425573557e-05,-4.037907633516e+00,4.158802129811e+01,3.884940766715e-05,3.664030884732e-01,4.967088836633e-02,1.548515193158e-05
"                 534",-4.404931470709e+00,4.154086345171e+01,2.349489761608e-05,-4.038593593782e+00,4.159052737075e+01,3.971642487014e-05,3.663378769273e-01,4.966391903685e-02,1.622152725406e-05
"                 535",-4.405538668701e+00,4.154325511168e+01,2.361983819903e-05,-4.039264834542e+00,4.159291208413e+01,4.051722348631e-05,3.662738341583e-01,4.965697244709e-02,1.689738528729e-05
"                 536",-4.406132548991e+00,4.154552138117e+01,2.374269375537e-05,-4.039921466108e+00,4.159517152126e+01,4.125364072284e-05,3.662110828836e-01,4.965014008540e-02,1.751094696747e-05
"                 537",-4.406712006812e+00,4.154767684138e+01,2.385192246470e-05,-4.040562983288e+00,4.159732007805e+01,4.191391754841e-05,3.661490235239e-01,4.964323667170e-02,1.806199508371e-05
"                 538",-4.407277679389e+00,4.154973482714e+01,2.395024618990e-05,-4.041189757042e+00,4.159937114511e+01,4.249405888593e-05,3.660879223467e-01,4.963631796234e-02,1.854381269603e-05
"                 539",-4.407830343608e+00,4.155170125713e+01,2.403947034896e-05,-4.041802484506e+00,4.160133074500e+01,4.298835303128e-05,3.660278591021e-01,4.962948786393e-02,1.894888268232e-05
"                 540",-4.408369690134e+00,4.155356672126e+01,2.412042146033e-05,-4.042400886730e+00,4.160318951493e+01,4.339049465213e-05,3.659688034037e-01,4.962279366760e-02,1.927007319180e-05
"                 541",-4.408895727287e+00,4.155532592233e+01,2.419284777780e-05,-4.042984991403e+00,4.160494216032e+01,4.370191977266e-05,3.659107358837e-01,4.961623798184e-02,1.950907199486e-05
"                 542",-4.409408454321e+00,4.155699310260e+01,2.425583645665e-05,-4.043554820421e+00,4.160660289864e+01,4.392769828416e-05,3.658536338996e-01,4.960979604090e-02,1.967186182751e-05
"                 543",-4.409907910208e+00,4.155859001906e+01,2.430866682685e-05,-4.044110406406e+00,4.160819352327e+01,4.407317741805e-05,3.657975038021e-01,4.960350421113e-02,1.976451059120e-05
"                 544",-4.410393619682e+00,4.156012386114e+01,2.435115331286e-05,-4.044651287597e+00,4.160972122587e+01,4.414182388428e-05,3.657423320853e-01,4.959736472736e-02,1.979067057142e-05
"                 545",-4.410865628496e+00,4.156158701812e+01,2.438351826608e-05,-4.045177487829e+00,4.161117838332e+01,4.413595012652e-05,3.656881406667e-01,4.959136520423e-02,1.975243186044e-05
"                 546",-4.411324211347e+00,4.156297154679e+01,2.440632165258e-05,-4.045689269634e+00,4.161255706773e+01,4.406021455276e-05,3.656349417127e-01,4.958552094021e-02,1.965389290018e-05
"                 547",-4.411769731124e+00,4.156428416043e+01,2.441999008497e-05,-4.046186982246e+00,4.161386401327e+01,4.392009928210e-05,3.655827488778e-01,4.957985283321e-02,1.950010919714e-05
"                 548",-4.412202566025e+00,4.156554185636e+01,2.442484894797e-05,-4.046671001535e+00,4.161511625938e+01,4.372186286974e-05,3.655315644898e-01,4.957440302039e-02,1.929701392177e-05
"                 549",-4.412622485571e+00,4.156675418388e+01,2.442126968105e-05,-4.047141089446e+00,4.161632341641e+01,4.347052074764e-05,3.654813961247e-01,4.956923253245e-02,1.904925106658e-05
"                 550",-4.413029252505e+00,4.156791860768e+01,2.441002526176e-05,-4.047597012446e+00,4.161748294611e+01,4.316996266450e-05,3.654322400591e-01,4.956433843574e-02,1.875993740274e-05
"                 551",-4.413422864837e+00,4.156903315730e+01,2.439215955531e-05,-4.048038797415e+00,4.161859287202e+01,4.282792987873e-05,3.653840674225e-01,4.955971472515e-02,1.843577032343e-05
"                 552",-4.413804101093e+00,4.157010080884e+01,2.436838388387e-05,-4.048467199993e+00,4.161965619289e+01,4.244965583189e-05,3.653369010996e-01,4.955538405066e-02,1.808127194801e-05
"                 553",-4.414173056961e+00,4.157112952257e+01,2.433860898472e-05,-4.048882320567e+00,4.162068088567e+01,4.204062926265e-05,3.652907363940e-01,4.955136310041e-02,1.770202027793e-05
"                 554",-4.414529946852e+00,4.157211141355e+01,2.430635503715e-05,-4.049284660628e+00,4.162165897311e+01,4.161426391884e-05,3.652452862243e-01,4.954755955444e-02,1.730790888168e-05
"                 555",-4.414875110096e+00,4.157305249788e+01,2.426204509300e-05,-4.049673987420e+00,4.162259662457e+01,4.116532082815e-05,3.652011226764e-01,4.954412668987e-02,1.690327573515e-05
"                 556",-4.415208102247e+00,4.157395761314e+01,2.421517988771e-05,-4.050050461325e+00,4.162349854351e+01,4.070154679606e-05,3.651576409213e-01,4.954093037209e-02,1.648636690835e-05
"                 557",-4.415529655606e+00,4.157482648246e+01,2.416011986296e-05,-4.050414316825e+00,4.162436459364e+01,4.021547103757e-05,3.651153387813e-01,4.953811117871e-02,1.605535117461e-05
"                 558",-4.415839626718e+00,4.157566853942e+01,2.410762792077e-05,-4.050765915214e+00,4.162520406584e+01,3.971768815169e-05,3.650737115043e-01,4.953552642214e-02,1.561006023092e-05
"                 559",-4.416138816811e+00,4.157647446189e+01,2.405480791451e-05,-4.051105778444e+00,4.162600771388e+01,3.921366850531e-05,3.650330383669e-01,4.953325199172e-02,1.515886059081e-05
"                 560",-4.416427632129e+00,4.157723767145e+01,2.400122313644e-05,-4.051434252187e+00,4.162676900054e+01,3.871122035126e-05,3.649933799423e-01,4.953132908719e-02,1.470999721483e-05
"                 561",-4.416705958469e+00,4.157796320054e+01,2.394705424779e-05,-4.051751235031e+00,4.162749297555e+01,3.821629513619e-05,3.649547234379e-01,4.952977501308e-02,1.426924088840e-05
"                 562",-4.416973525094e+00,4.157865733282e+01,2.389327950637e-05,-4.052056520479e+00,4.162818590478e+01,3.772973918914e-05,3.649170046147e-01,4.952857195811e-02,1.383645968278e-05
"                 563",-4.417231529029e+00,4.157930682474e+01,2.384072745920e-05,-4.052351283987e+00,4.162883453286e+01,3.724930918418e-05,3.648802450422e-01,4.952770812325e-02,1.340858172498e-05
"                 564",-4.417480249661e+00,4.157991974742e+01,2.378994405461e-05,-4.052635795029e+00,4.162944691340e+01,3.677369254991e-05,3.648444546328e-01,4.952716597916e-02,1.298374849530e-05
"                 565",-4.417719543989e+00,4.158049793281e+01,2.374099230480e-05,-4.052909918847e+00,4.163002487894e+01,3.630840553582e-05,3.648096251414e-01,4.952694613305e-02,1.256741323102e-05
"                 566",-4.417949753930e+00,4.158103435070e+01,2.369381404660e-05,-4.053173986491e+00,4.163056139744e+01,3.585166099356e-05,3.647757674388e-01,4.952704674065e-02,1.215784694696e-05
"                 567",-4.418171329994e+00,4.158152147723e+01,2.364840706080e-05,-4.053428412750e+00,4.163104894250e+01,3.540193501664e-05,3.647429172440e-01,4.952746527198e-02,1.175352795584e-05
"                 568",-4.418384574243e+00,4.158195928422e+01,2.360459613018e-05,-4.053673452312e+00,4.163148750521e+01,3.496151613790e-05,3.647111219309e-01,4.952822098776e-02,1.135692000773e-05
"                 569",-4.418589269159e+00,4.158234761095e+01,2.356239212007e-05,-4.053908890085e+00,4.163187693003e+01,3.453219063732e-05,3.646803790740e-01,4.952931907382e-02,1.096979851725e-05
"                 570",-4.418785997745e+00,4.158268808096e+01,2.352177526938e-05,-4.054135297586e+00,4.163221881429e+01,3.411392726288e-05,3.646507001590e-01,4.953073333797e-02,1.059215199350e-05
"                 571",-4.418975829646e+00,4.158298041756e+01,2.348293235722e-05,-4.054353739293e+00,4.163251283687e+01,3.370714528660e-05,3.646220903537e-01,4.953241931321e-02,1.022421292938e-05
"                 572",-4.419158883870e+00,4.158322084545e+01,2.344611995114e-05,-4.054564334217e+00,4.163275518969e+01,3.331254994654e-05,3.645945496530e-01,4.953434423911e-02,9.866429995402e-06
"                 573",-4.419334830050e+00,4.158340244672e+01,2.341140163828e-05,-4.054766738414e+00,4.163293894700e+01,3.293058759816e-05,3.645680916360e-01,4.953650027261e-02,9.519185959880e-06
"                 574",-4.419503941339e+00,4.158352444847e+01,2.337862021578e-05,-4.054961179781e+00,4.163306333570e+01,3.256198244361e-05,3.645427615579e-01,4.953888723031e-02,9.183362227838e-06
"                 575",-4.419666055132e+00,4.158358899097e+01,2.334771914100e-05,-4.055147479064e+00,4.163313051342e+01,3.220876678435e-05,3.645185760685e-01,4.954152245123e-02,8.861047643353e-06
"                 576",-4.419821677022e+00,4.158359305343e+01,2.331863303100e-05,-4.055326138429e+00,4.163313747585e+01,3.187133044489e-05,3.644955385933e-01,4.954442242053e-02,8.552697413892e-06
"                 577",-4.419970456194e+00,4.158353825371e+01,2.329134364093e-05,-4.055496797846e+00,4.163308585222e+01,3.155236210577e-05,3.644736583478e-01,4.954759850997e-02,8.261018464840e-06
"                 578",-4.420112262695e+00,4.158343462951e+01,2.326575795262e-05,-4.055659333897e+00,4.163298569668e+01,3.125325637651e-05,3.644529287972e-01,4.955106717406e-02,7.987498423888e-06
"                 579",-4.420248799406e+00,4.158326402340e+01,2.324159701202e-05,-4.055815483940e+00,4.163281885053e+01,3.097113371236e-05,3.644333154663e-01,4.955482713078e-02,7.729536700335e-06
"                 580",-4.420380348211e+00,4.158302918242e+01,2.321869621170e-05,-4.055965518310e+00,4.163258806131e+01,3.070982284146e-05,3.644148299006e-01,4.955887889215e-02,7.491126629758e-06
"                 581",-4.420506448654e+00,4.158273697415e+01,2.319712855058e-05,-4.056108982543e+00,4.163230020131e+01,3.047081877477e-05,3.643974661115e-01,4.956322716102e-02,7.273690224189e-06
"                 582",-4.420627019887e+00,4.158239058802e+01,2.317699479824e-05,-4.056245796018e+00,4.163195845027e+01,3.025412638857e-05,3.643812238690e-01,4.956786224969e-02,7.077131590326e-06
"                 583",-4.420742165891e+00,4.158199169311e+01,2.315828008109e-05,-4.056376061525e+00,4.163156446495e+01,3.005416663238e-05,3.643661043667e-01,4.957277184337e-02,6.895886551294e-06
"                 584",-4.420852394200e+00,4.158153494636e+01,2.314090941203e-05,-4.056500311017e+00,4.163111289825e+01,2.987042707777e-05,3.643520831833e-01,4.957795189963e-02,6.729517665744e-06
"                 585",-4.420958305716e+00,4.158101698362e+01,2.312472060223e-05,-4.056619172105e+00,4.163060039566e+01,2.970177494157e-05,3.643391336110e-01,4.958341203739e-02,6.577054339343e-06
"                 586",-4.421059501254e+00,4.158044785623e+01,2.310964901460e-05,-4.056732266092e+00,4.163003700736e+01,2.955512354380e-05,3.643272351617e-01,4.958915112816e-02,6.445474529200e-06
"                 587",-4.421156071400e+00,4.157983063716e+01,2.309552896736e-05,-4.056839688760e+00,4.162942580555e+01,2.941953429888e-05,3.643163826398e-01,4.959516838920e-02,6.324005331523e-06
"                 588",-4.421247624779e+00,4.157917145976e+01,2.308233153611e-05,-4.056941056965e+00,4.162877292793e+01,2.929638516485e-05,3.643065678141e-01,4.960146816698e-02,6.214053628739e-06
"                 589",-4.421334805378e+00,4.157846253213e+01,2.306993302138e-05,-4.057037013634e+00,4.162807057943e+01,2.917451723405e-05,3.642977917446e-01,4.960804729900e-02,6.104584212663e-06
"                 590",-4.421417160838e+00,4.157771458057e+01,2.305842908231e-05,-4.057127116634e+00,4.162732947808e+01,2.906717160166e-05,3.642900442037e-01,4.961489751405e-02,6.008742519355e-06
"                 591",-4.421494969544e+00,4.157692813551e+01,2.304776842892e-05,-4.057211649776e+00,4.162655013402e+01,2.897299074429e-05,3.642833197681e-01,4.962199851321e-02,5.925222315378e-06
"                 592",-4.421568326599e+00,4.157610401349e+01,2.303787261090e-05,-4.057290723703e+00,4.162573335520e+01,2.888782746857e-05,3.642776028955e-01,4.962934171229e-02,5.849954857666e-06
"                 593",-4.421636753126e+00,4.157525055617e+01,2.302877959091e-05,-4.057363880837e+00,4.162488748274e+01,2.881283845802e-05,3.642728722884e-01,4.963692657491e-02,5.784058867116e-06
"                 594",-4.421699986641e+00,4.157437387659e+01,2.302055238277e-05,-4.057430878570e+00,4.162401862388e+01,2.874748902162e-05,3.642691080710e-01,4.964474729228e-02,5.726936638851e-06
"                 595",-4.421758212445e+00,4.157347584550e+01,2.301320422358e-05,-4.057491917306e+00,4.162312864421e+01,2.869099794579e-05,3.642662951398e-01,4.965279870625e-02,5.677793722214e-06
"                 596",-4.421811414592e+00,4.157256279806e+01,2.300680890002e-05,-4.057547011067e+00,4.162222386595e+01,2.864299226918e-05,3.642644035250e-01,4.966106788511e-02,5.636183369159e-06
"                 597",-4.421860261350e+00,4.157162580748e+01,2.300102871430e-05,-4.057596842069e+00,4.162129534125e+01,2.860068869003e-05,3.642634192808e-01,4.966953377073e-02,5.599659975725e-06
"                 598",-4.421904439763e+00,4.157067320632e+01,2.299594216803e-05,-4.057641133946e+00,4.162035139949e+01,2.856672470316e-05,3.642633058172e-01,4.967819316286e-02,5.570782535124e-06
"                 599",-4.421943922096e+00,4.156971084898e+01,2.299200240066e-05,-4.057679824691e+00,4.161939787437e+01,2.853463730024e-05,3.642640974053e-01,4.968702538363e-02,5.542634899577e-06
"                 600",-4.421977157821e+00,4.156875540454e+01,2.298960890229e-05,-4.057711387971e+00,4.161845140924e+01,2.851079122810e-05,3.642657698497e-01,4.969600469742e-02,5.521182325811e-06
"                 601",-4.422004127492e+00,4.156780614606e+01,2.298869690942e-05,-4.057735857719e+00,4.161751127185e+01,2.848638573536e-05,3.642682697730e-01,4.970512578461e-02,5.497688825943e-06
"                 602",-4.422026202035e+00,4.156685931355e+01,2.298883270449e-05,-4.057754684210e+00,4.161657372644e+01,2.846826862302e-05,3.642715178257e-01,4.971441289318e-02,5.479435918530e-06
"                 603",-4.422044457020e+00,4.156591596799e+01,2.298967647996e-05,-4.057768978949e+00,4.161563984615e+01,2.844899161243e-05,3.642754780711e-01,4.972387816275e-02,5.459315132467e-06
"                 604",-4.422058884161e+00,4.156498355690e+01,2.299114832226e-05,-4.057778751086e+00,4.161471708664e+01,2.843363790346e-05,3.642801330754e-01,4.973352973850e-02,5.442489581196e-06
"                 605",-4.422068799596e+00,4.156406862108e+01,2.299328580352e-05,-4.057783315682e+00,4.161381199678e+01,2.841487349129e-05,3.642854839133e-01,4.974337569497e-02,5.421587687765e-06
"                 606",-4.422073828247e+00,4.156317437932e+01,2.299615406004e-05,-4.057782246297e+00,4.161292777781e+01,2.839836427128e-05,3.642915819506e-01,4.975339848367e-02,5.402210211236e-06
"                 607",-4.422074107210e+00,4.156229951904e+01,2.299977337031e-05,-4.057775642713e+00,4.161206310358e+01,2.837782366151e-05,3.642984644964e-01,4.976358453955e-02,5.378050291204e-06
"                 608",-4.422069952746e+00,4.156144442000e+01,2.300408247557e-05,-4.057763851366e+00,4.161121835689e+01,2.835987034688e-05,3.643061013797e-01,4.977393688209e-02,5.355787871306e-06
"                 609",-4.422061880924e+00,4.156061202295e+01,2.300897351734e-05,-4.057747411598e+00,4.161039648868e+01,2.833774964531e-05,3.643144693259e-01,4.978446572928e-02,5.328776127967e-06
"                 610",-4.422049982300e+00,4.155980471435e+01,2.301436194044e-05,-4.057726422648e+00,4.160959988788e+01,2.831825715063e-05,3.643235596520e-01,4.979517353510e-02,5.303895210190e-06
"                 611",-4.422034086683e+00,4.155902325578e+01,2.302016892036e-05,-4.057700721568e+00,4.160882930913e+01,2.828902201820e-05,3.643333651151e-01,4.980605334755e-02,5.268853097839e-06
"                 612",-4.422013939532e+00,4.155826654692e+01,2.302631975006e-05,-4.057670065439e+00,4.160808363770e+01,2.826428432688e-05,3.643438740937e-01,4.981709078245e-02,5.237964576819e-06
"                 613",-4.421989480832e+00,4.155753330314e+01,2.303273735500e-05,-4.057634409828e+00,4.160736157653e+01,2.822446036245e-05,3.643550710046e-01,4.982827339833e-02,5.191723007457e-06
"                 614",-4.421960896918e+00,4.155682333859e+01,2.303933134197e-05,-4.057593965153e+00,4.160666292672e+01,2.819132797338e-05,3.643669317657e-01,4.983958812757e-02,5.151996631414e-06
"                 615",-4.421928394827e+00,4.155613706478e+01,2.304602667223e-05,-4.057548966181e+00,4.160598809372e+01,2.814068261303e-05,3.643794286465e-01,4.985102893846e-02,5.094655940798e-06
"                 616",-4.421892203144e+00,4.155547409318e+01,2.305275163946e-05,-4.057499660209e+00,4.160533668594e+01,2.809495523828e-05,3.643925429354e-01,4.986259276343e-02,5.042203598827e-06
"                 617",-4.421852517901e+00,4.155483330950e+01,2.305939534507e-05,-4.057446267033e+00,4.160470759946e+01,2.803107745117e-05,3.644062508688e-01,4.987428995726e-02,4.971682106104e-06
"                 618",-4.421809572991e+00,4.155421340073e+01,2.306583319356e-05,-4.057389035220e+00,4.160409950163e+01,2.796241657315e-05,3.644205377709e-01,4.988610089880e-02,4.896583379585e-06
"                 619",-4.421763589479e+00,4.155361290534e+01,2.307196446661e-05,-4.057328143785e+00,4.160351089421e+01,2.788691695055e-05,3.644354456946e-01,4.989798887179e-02,4.814952483939e-06
"                 620",-4.421714397901e+00,4.155302940856e+01,2.307770039298e-05,-4.057263396206e+00,4.160293933071e+01,2.779461643381e-05,3.644510016948e-01,4.990992215593e-02,4.716916040833e-06
"                 621",-4.421662036870e+00,4.155246089927e+01,2.308295773677e-05,-4.057194802551e+00,4.160238277509e+01,2.769801074102e-05,3.644672343197e-01,4.992187582618e-02,4.615053004255e-06
"                 622",-4.421606618300e+00,4.155190570460e+01,2.308766092666e-05,-4.057122471718e+00,4.160183953153e+01,2.758689300845e-05,3.644841465819e-01,4.993382693070e-02,4.499232081795e-06
"                 623",-4.421548538349e+00,4.155136237732e+01,2.309177436724e-05,-4.057046861554e+00,4.160130815339e+01,2.746246291838e-05,3.645016767947e-01,4.994577607212e-02,4.370688551141e-06
"                 624",-4.421488306814e+00,4.155083041884e+01,2.309527318076e-05,-4.056968534927e+00,4.160078813398e+01,2.732594357085e-05,3.645197718873e-01,4.995771513842e-02,4.230670390096e-06
"                 625",-4.421426573738e+00,4.155030751283e+01,2.309814903107e-05,-4.056888106577e+00,4.160027716747e+01,2.717517851904e-05,3.645384671607e-01,4.996965464001e-02,4.077029487969e-06
"                 626",-4.421363483512e+00,4.154979232752e+01,2.310039342664e-05,-4.056805664746e+00,4.159977389609e+01,2.701160569404e-05,3.645578187657e-01,4.998156856493e-02,3.911212267400e-06
"                 627",-4.421298079963e+00,4.154928199882e+01,2.310204388903e-05,-4.056720322826e+00,4.159927548354e+01,2.683498848863e-05,3.645777571375e-01,4.999348472033e-02,3.732944599594e-06
"                 628",-4.421230956195e+00,4.154877759171e+01,2.310315414894e-05,-4.056632728948e+00,4.159878302727e+01,2.664607491606e-05,3.645982272469e-01,5.000543556338e-02,3.542920767118e-06
"                 629",-4.421162936235e+00,4.154827895383e+01,2.310377002269e-05,-4.056543680879e+00,4.159829637659e+01,2.644297096717e-05,3.646192553564e-01,5.001742276204e-02,3.339200944478e-06
"                 630",-4.421094240774e+00,4.154778254713e+01,2.310364787607e-05,-4.056453410741e+00,4.159781200255e+01,2.622687704123e-05,3.646408300336e-01,5.002945542655e-02,3.123229165166e-06
"                 631",-4.421024669485e+00,4.154728632884e+01,2.310279593203e-05,-4.056361729908e+00,4.159732787998e+01,2.600185348891e-05,3.646629395771e-01,5.004155113759e-02,2.899057556873e-06
"                 632",-4.420956723940e+00,4.154678592994e+01,2.310168908418e-05,-4.056271157604e+00,4.159683960158e+01,2.577059651517e-05,3.646855663353e-01,5.005367164022e-02,2.668907430995e-06
"                 633",-4.420887616645e+00,4.154628637557e+01,2.310088221646e-05,-4.056178888837e+00,4.159635223537e+01,2.552786923022e-05,3.647087278077e-01,5.006585980283e-02,2.426987013761e-06
"                 634",-4.420815728516e+00,4.154578772054e+01,2.310053743112e-05,-4.056083335924e+00,4.159586586543e+01,2.528239317400e-05,3.647323925916e-01,5.007814489320e-02,2.181855742874e-06
"                 635",-4.420742463513e+00,4.154528537243e+01,2.310052297854e-05,-4.055985905343e+00,4.159537588940e+01,2.502241826820e-05,3.647565581696e-01,5.009051697260e-02,1.921895289654e-06
"                 636",-4.420669212279e+00,4.154477413048e+01,2.310066652347e-05,-4.055887936432e+00,4.159487712263e+01,2.476251192903e-05,3.647812758469e-01,5.010299215377e-02,1.661845405557e-06
"                 637",-4.420597030012e+00,4.154425252575e+01,2.310077624790e-05,-4.055790476874e+00,4.159436808424e+01,2.449387701118e-05,3.648065531371e-01,5.011555849431e-02,1.393100763281e-06
"                 638",-4.420525665722e+00,4.154372192080e+01,2.310076016222e-05,-4.055693303483e+00,4.159385012932e+01,2.422202311089e-05,3.648323622388e-01,5.012820852409e-02,1.121262948670e-06
"                 639",-4.420453880617e+00,4.154318012959e+01,2.310064006883e-05,-4.055595166426e+00,4.159332106672e+01,2.394730082213e-05,3.648587141909e-01,5.014093712537e-02,8.466607533037e-07
"                 640",-4.420381314529e+00,4.154262473126e+01,2.310052144100e-05,-4.055495716348e+00,4.159277842660e+01,2.367812132650e-05,3.648855981808e-01,5.015369533274e-02,5.775998855033e-07
"                 641",-4.420308317784e+00,4.154205616076e+01,2.310049732724e-05,-4.055395317506e+00,4.159222260454e+01,2.340448048565e-05,3.649130002780e-01,5.016644378645e-02,3.039831584115e-07
"                 642",-4.420235616203e+00,4.154147229176e+01,2.310062540838e-05,-4.055294700892e+00,4.159165146048e+01,2.314194740595e-05,3.649409153114e-01,5.017916872355e-02,4.132199756995e-08
"                 643",-4.420163544163e+00,4.154086702369e+01,2.310086082727e-05,-4.055194187741e+00,4.159105888115e+01,2.287878985903e-05,3.649693564225e-01,5.019185746181e-02,-2.220709682386e-07
"                 644",-4.420091958295e+00,4.154023881100e+01,2.310131450063e-05,-4.055093655260e+00,4.159044330061e+01,2.263137381879e-05,3.649983030344e-01,5.020448961099e-02,-4.699406818407e-07
"                 645",-4.420020224127e+00,4.153958844071e+01,2.310204130151e-05,-4.054992485620e+00,4.158980551008e+01,2.238900756308e-05,3.650277385067e-01,5.021706937397e-02,-7.130337384243e-07
"                 646",-4.419948254167e+00,4.153891505586e+01,2.310305411913e-05,-4.054890597783e+00,4.158914464582e+01,2.216785234060e-05,3.650576563840e-01,5.022958996260e-02,-9.352017785320e-07
"                 647",-4.419874434119e+00,4.153821158327e+01,2.310425370307e-05,-4.054786347666e+00,4.158845362121e+01,2.195742509219e-05,3.650880864529e-01,5.024203794520e-02,-1.146828610886e-06
"                 648",-4.419801763275e+00,4.153748002255e+01,2.310572655435e-05,-4.054682841495e+00,4.158773435802e+01,2.178260704582e-05,3.651189217796e-01,5.025433546364e-02,-1.323119508532e-06
"                 649",-4.419730740794e+00,4.153672478243e+01,2.310746682740e-05,-4.054580604052e+00,4.158699124715e+01,2.162283877577e-05,3.651501367419e-01,5.026646471806e-02,-1.484628051626e-06
"                 650",-4.419660369491e+00,4.153594348494e+01,2.310938655264e-05,-4.054478647624e+00,4.158622190317e+01,2.149447998736e-05,3.651817218663e-01,5.027841822989e-02,-1.614906565278e-06
"                 651",-4.419590060128e+00,4.153512891940e+01,2.311140725751e-05,-4.054376419859e+00,4.158541907783e+01,2.138929721205e-05,3.652136402692e-01,5.029015843381e-02,-1.722110045467e-06
"                 652",-4.419519153836e+00,4.153427970345e+01,2.311342647215e-05,-4.054273292415e+00,4.158458134551e+01,2.132004528579e-05,3.652458614210e-01,5.030164206072e-02,-1.793381186362e-06
"                 653",-4.419447405516e+00,4.153339996830e+01,2.311530684152e-05,-4.054169034897e+00,4.158371280925e+01,2.128425886350e-05,3.652783706190e-01,5.031284095858e-02,-1.831047978017e-06
"                 654",-4.419376419742e+00,4.153248233269e+01,2.311718086109e-05,-4.054065343572e+00,4.158280603677e+01,2.129177450103e-05,3.653110761701e-01,5.032370407356e-02,-1.825406360064e-06
"                 655",-4.419305335707e+00,4.153153552807e+01,2.311883538732e-05,-4.053961346222e+00,4.158186972481e+01,2.134650899473e-05,3.653439894850e-01,5.033419674210e-02,-1.772326392587e-06
"                 656",-4.419234081181e+00,4.153055710748e+01,2.312017129000e-05,-4.053857000568e+00,4.158090140591e+01,2.143798781805e-05,3.653770806125e-01,5.034429843784e-02,-1.682183471957e-06
"                 657",-4.419161324113e+00,4.152954922739e+01,2.312107676259e-05,-4.053750948665e+00,4.157990325609e+01,2.157735309593e-05,3.654103754478e-01,5.035402870336e-02,-1.543723666657e-06
"                 658",-4.419087567976e+00,4.152850570810e+01,2.312156751814e-05,-4.053643763120e+00,4.157886907959e+01,2.175860899971e-05,3.654438048555e-01,5.036337149203e-02,-1.362958518427e-06
"                 659",-4.419013070698e+00,4.152742531562e+01,2.312162711146e-05,-4.053535742875e+00,4.157779764949e+01,2.198803559410e-05,3.654773278225e-01,5.037233386701e-02,-1.133591517358e-06
"                 660",-4.418937728074e+00,4.152630983102e+01,2.312121563763e-05,-4.053426819245e+00,4.157669075401e+01,2.226111306366e-05,3.655109088293e-01,5.038092299686e-02,-8.601025739693e-07
"                 661",-4.418861029570e+00,4.152516428168e+01,2.312030267000e-05,-4.053316520554e+00,4.157555340833e+01,2.258505168096e-05,3.655445090158e-01,5.038912665206e-02,-5.352509890313e-07
"                 662",-4.418782274411e+00,4.152399448197e+01,2.311886754451e-05,-4.053204175262e+00,4.157439141895e+01,2.295455291055e-05,3.655780991489e-01,5.039693697312e-02,-1.643146339609e-07
"                 663",-4.418701859378e+00,4.152279784866e+01,2.311692646702e-05,-4.053090203795e+00,4.157320218933e+01,2.337382444963e-05,3.656116555833e-01,5.040434066480e-02,2.568979826136e-07
"                 664",-4.418621919602e+00,4.152156236197e+01,2.311449921859e-05,-4.052976767501e+00,4.157197367712e+01,2.384191435929e-05,3.656451521006e-01,5.041131515025e-02,7.274151407052e-07
"                 665",-4.418541263893e+00,4.152029431066e+01,2.311160314949e-05,-4.052862705772e+00,4.157071220327e+01,2.435946922996e-05,3.656785581214e-01,5.041789260950e-02,1.247866080467e-06
"                 666",-4.418458096937e+00,4.151900412430e+01,2.310827209586e-05,-4.052746251150e+00,4.156942821329e+01,2.491638091737e-05,3.657118457874e-01,5.042408899261e-02,1.808108821507e-06
"                 667",-4.418371952649e+00,4.151769953918e+01,2.310456167581e-05,-4.052626971354e+00,4.156812944329e+01,2.553020249031e-05,3.657449812952e-01,5.042990411362e-02,2.425640814501e-06
"                 668",-4.418283686980e+00,4.151638101735e+01,2.310054438534e-05,-4.052505757288e+00,4.156681634588e+01,2.618456090206e-05,3.657779296922e-01,5.043532852948e-02,3.084016516723e-06
"                 669",-4.418194104013e+00,4.151504494382e+01,2.309631168834e-05,-4.052383453403e+00,4.156548529901e+01,2.688136041103e-05,3.658106506106e-01,5.044035518612e-02,3.785048722689e-06
"                 670",-4.418103177625e+00,4.151369172576e+01,2.309193857179e-05,-4.052260070482e+00,4.156413670944e+01,2.760865052087e-05,3.658431071425e-01,5.044498368761e-02,4.516711949078e-06
"                 671",-4.418010219550e+00,4.151232611726e+01,2.308751354381e-05,-4.052134951350e+00,4.156277533880e+01,2.835904543465e-05,3.658752682002e-01,5.044922153407e-02,5.271531890838e-06
"                 672",-4.417914881433e+00,4.151095062648e+01,2.308312427556e-05,-4.052007774656e+00,4.156140369405e+01,2.913264483159e-05,3.659071067777e-01,5.045306757612e-02,6.049520556024e-06
"                 673",-4.417817789042e+00,4.150956179504e+01,2.307887296683e-05,-4.051879184594e+00,4.156001832318e+01,2.991936055705e-05,3.659386044480e-01,5.045652814595e-02,6.840487590216e-06
"                 674",-4.417718961426e+00,4.150816519358e+01,2.307484190477e-05,-4.051749217528e+00,4.155862480909e+01,3.072344823970e-05,3.659697438983e-01,5.045961551597e-02,7.648606334926e-06
"                 675",-4.417618090695e+00,4.150676754336e+01,2.307112360363e-05,-4.051617582558e+00,4.155722988215e+01,3.152653951939e-05,3.660005081372e-01,5.046233878487e-02,8.455415915759e-06
"                 676",-4.417514846647e+00,4.150537282774e+01,2.306780803618e-05,-4.051483963114e+00,4.155583753010e+01,3.232609011769e-05,3.660308835334e-01,5.046470235501e-02,9.258282081503e-06
"                 677",-4.417408973358e+00,4.150398540272e+01,2.306499295257e-05,-4.051348112018e+00,4.155445211573e+01,3.310626007573e-05,3.660608613396e-01,5.046671300162e-02,1.004126712316e-05
"                 678",-4.417300739909e+00,4.150260545826e+01,2.306275656070e-05,-4.051210306391e+00,4.155307383552e+01,3.387154149186e-05,3.660904335179e-01,5.046837726192e-02,1.080878493117e-05
"                 679",-4.417190659383e+00,4.150123001058e+01,2.306113514100e-05,-4.051071065863e+00,4.155169971482e+01,3.460638587127e-05,3.661195935199e-01,5.046970424227e-02,1.154525073027e-05
"                 680",-4.417078765239e+00,4.149985661536e+01,2.306019346522e-05,-4.050930433032e+00,4.155032732499e+01,3.531202479901e-05,3.661483322072e-01,5.047070962775e-02,1.225183133379e-05
"                 681",-4.416964606531e+00,4.149848781297e+01,2.305998632372e-05,-4.050787966672e+00,4.154895922308e+01,3.597481992299e-05,3.661766398583e-01,5.047141010378e-02,1.291483359927e-05
"                 682",-4.416847846428e+00,4.149713057136e+01,2.306053869851e-05,-4.050643331252e+00,4.154760239322e+01,3.659625225085e-05,3.662045151753e-01,5.047182185920e-02,1.353571355235e-05
"                 683",-4.416728785377e+00,4.149579324387e+01,2.306185174388e-05,-4.050496817688e+00,4.154626520305e+01,3.716218295340e-05,3.662319676886e-01,5.047195918447e-02,1.410033120952e-05
"                 684",-4.416607738967e+00,4.149447720679e+01,2.306394557708e-05,-4.050348737389e+00,4.154494904545e+01,3.767080411622e-05,3.662590015776e-01,5.047183865784e-02,1.460685853915e-05
"                 685",-4.416484527227e+00,4.149318033003e+01,2.306682079098e-05,-4.050198917674e+00,4.154365179930e+01,3.811159842215e-05,3.662856095528e-01,5.047146926439e-02,1.504477763116e-05
"                 686",-4.416358995355e+00,4.149189971769e+01,2.307043738641e-05,-4.050047196442e+00,4.154237057526e+01,3.848020454159e-05,3.663117989126e-01,5.047085756640e-02,1.540976715518e-05
"                 687",-4.416231408238e+00,4.149063461792e+01,2.307468382393e-05,-4.049893829374e+00,4.154110463347e+01,3.877122934918e-05,3.663375788641e-01,5.047001555846e-02,1.569654552524e-05
"                 688",-4.416102428697e+00,4.148938160153e+01,2.307944366609e-05,-4.049739471480e+00,4.153985054827e+01,3.897968279863e-05,3.663629572170e-01,5.046894673072e-02,1.590023913254e-05
"                 689",-4.415972451009e+00,4.148813636384e+01,2.308460497820e-05,-4.049584505501e+00,4.153860402906e+01,3.910067270544e-05,3.663879455078e-01,5.046766522650e-02,1.601606772723e-05
"                 690",-4.415841320959e+00,4.148689961149e+01,2.309006083151e-05,-4.049428768729e+00,4.153736579249e+01,3.912842645307e-05,3.664125522297e-01,5.046618100239e-02,1.603836562157e-05
"                 691",-4.415708625644e+00,4.148567816514e+01,2.309573138915e-05,-4.049271838055e+00,4.153614267307e+01,3.905926285728e-05,3.664367875889e-01,5.046450792766e-02,1.596353146813e-05
"                 692",-4.415574652083e+00,4.148447059068e+01,2.310151912447e-05,-4.049113985034e+00,4.153493324918e+01,3.889225060568e-05,3.664606670492e-01,5.046265850827e-02,1.579073148122e-05
"                 693",-4.415440643042e+00,4.148325707366e+01,2.310731642939e-05,-4.048956437864e+00,4.153371771939e+01,3.862790090681e-05,3.664842051787e-01,5.046064572132e-02,1.552058447742e-05
"                 694",-4.415306819575e+00,4.148203733578e+01,2.311300450340e-05,-4.048799402562e+00,4.153249580863e+01,3.826887194575e-05,3.665074170132e-01,5.045847284779e-02,1.515586744235e-05
"                 695",-4.415172420631e+00,4.148082923786e+01,2.311846739587e-05,-4.048642103590e+00,4.153128538372e+01,3.782033855246e-05,3.665303170412e-01,5.045614586465e-02,1.470187115659e-05
"                 696",-4.415037070004e+00,4.147964335356e+01,2.312359283488e-05,-4.048484136399e+00,4.153009702647e+01,3.728703400436e-05,3.665529336051e-01,5.045367291264e-02,1.416344116949e-05
"                 697",-4.414901121014e+00,4.147847482933e+01,2.312827908588e-05,-4.048325827214e+00,4.152892589796e+01,3.667510852293e-05,3.665752938003e-01,5.045106862944e-02,1.354682943706e-05
"                 698",-4.414765043378e+00,4.147731308526e+01,2.313244404852e-05,-4.048167621857e+00,4.152776142883e+01,3.599083845500e-05,3.665974215211e-01,5.044834356764e-02,1.285839440648e-05
"                 699",-4.414629325507e+00,4.147615107908e+01,2.313600964086e-05,-4.048009987330e+00,4.152659658410e+01,3.524196544276e-05,3.666193381770e-01,5.044550501979e-02,1.210595580190e-05
"                 700",-4.414494123291e+00,4.147498935738e+01,2.313888941016e-05,-4.047853064455e+00,4.152543191093e+01,3.443439677251e-05,3.666410588358e-01,5.044255355374e-02,1.129550736235e-05
"                 701",-4.414359207911e+00,4.147383340736e+01,2.314103630056e-05,-4.047696611429e+00,4.152427289357e+01,3.357731066943e-05,3.666625964816e-01,5.043948621163e-02,1.043627436886e-05
"                 702",-4.414224480666e+00,4.147268544197e+01,2.314242338572e-05,-4.047540512901e+00,4.152312174118e+01,3.267895570562e-05,3.666839677648e-01,5.043629920958e-02,9.536532319900e-06
"                 703",-4.414089948742e+00,4.147154351032e+01,2.314301877345e-05,-4.047384779199e+00,4.152197651092e+01,3.174770155224e-05,3.667051695428e-01,5.043300060019e-02,8.604682778788e-06
"                 704",-4.413955400077e+00,4.147041066931e+01,2.314281190347e-05,-4.047229202028e+00,4.152084027277e+01,3.079125606984e-05,3.667261980488e-01,5.042960346655e-02,7.648444166374e-06
"                 705",-4.413821279290e+00,4.146928284733e+01,2.314181691067e-05,-4.047074226200e+00,4.151970896639e+01,2.981892637358e-05,3.667470530902e-01,5.042611906612e-02,6.677109462914e-06
"                 706",-4.413687987890e+00,4.146815811466e+01,2.314005406537e-05,-4.046920249876e+00,4.151858066919e+01,2.883834702711e-05,3.667677380131e-01,5.042255452651e-02,5.698292961740e-06
"                 707",-4.413555700713e+00,4.146703511167e+01,2.313754802410e-05,-4.046767442246e+00,4.151745402703e+01,2.785544407710e-05,3.667882584665e-01,5.041891535637e-02,4.717896052998e-06
"                 708",-4.413424286398e+00,4.146591271088e+01,2.313437741264e-05,-4.046615669459e+00,4.151632791915e+01,2.687598596561e-05,3.668086169386e-01,5.041520827203e-02,3.741608552972e-06
"                 709",-4.413293495650e+00,4.146479462372e+01,2.313062777828e-05,-4.046464676227e+00,4.151520606361e+01,2.590603607950e-05,3.668288194229e-01,5.041143988957e-02,2.775408301222e-06
"                 710",-4.413163113601e+00,4.146368615214e+01,2.312641502968e-05,-4.046314240364e+00,4.151409376860e+01,2.495243382992e-05,3.668488732371e-01,5.040761645320e-02,1.826018800235e-06
"                 711",-4.413033206480e+00,4.146259037425e+01,2.312191869802e-05,-4.046164413592e+00,4.151299411735e+01,2.402364591486e-05,3.668687928880e-01,5.040374309453e-02,9.017272168385e-07
"                 712",-4.412903990333e+00,4.146150307928e+01,2.311717908716e-05,-4.046015400344e+00,4.151190290598e+01,2.312726007804e-05,3.668885899890e-01,5.039982670564e-02,1.008099088120e-08
"                 713",-4.412776061380e+00,4.146041884185e+01,2.311231510536e-05,-4.045867783064e+00,4.151081471579e+01,2.226824664908e-05,3.669082783157e-01,5.039587394278e-02,-8.440684562878e-07
"                 714",-4.412649670365e+00,4.145933673654e+01,2.310746838437e-05,-4.045721804266e+00,4.150972862385e+01,2.144975141637e-05,3.669278660990e-01,5.039188730645e-02,-1.657716967993e-06
"                 715",-4.412524700606e+00,4.145826118259e+01,2.310278062077e-05,-4.045577338745e+00,4.150864904986e+01,2.067408801896e-05,3.669473618613e-01,5.038786727138e-02,-2.428692601813e-06
"                 716",-4.412401095001e+00,4.145719428589e+01,2.309837134512e-05,-4.045434315626e+00,4.150757810236e+01,1.994572979627e-05,3.669667793748e-01,5.038381646536e-02,-3.152641548848e-06
"                 717",-4.412278824452e+00,4.145613487353e+01,2.309433376800e-05,-4.045292692287e+00,4.150651461449e+01,1.926727957131e-05,3.669861321649e-01,5.037974096240e-02,-3.827054196693e-06
"                 718",-4.412157925358e+00,4.145508056541e+01,2.309072768005e-05,-4.045152487852e+00,4.150545621587e+01,1.864178637413e-05,3.670054375056e-01,5.037565045905e-02,-4.448941305917e-06
"                 719",-4.412038638743e+00,4.145403032763e+01,2.308765488542e-05,-4.045013925877e+00,4.150440188142e+01,1.806797997045e-05,3.670247128654e-01,5.037155378340e-02,-5.019674914974e-06
"                 720",-4.411921090750e+00,4.145298583051e+01,2.308520419610e-05,-4.044877119112e+00,4.150335328649e+01,1.754362059654e-05,3.670439716377e-01,5.036745597742e-02,-5.541583599559e-06
"                 721",-4.411805303168e+00,4.145194893591e+01,2.308343363714e-05,-4.044742080878e+00,4.150231229166e+01,1.706739013969e-05,3.670632222900e-01,5.036335574861e-02,-6.016043497440e-06
"                 722",-4.411690994432e+00,4.145092512480e+01,2.308240529283e-05,-4.044608519673e+00,4.150128437608e+01,1.663877618432e-05,3.670824747593e-01,5.035925127629e-02,-6.443629108510e-06
"                 723",-4.411578157742e+00,4.144991492916e+01,2.308214495779e-05,-4.044476417039e+00,4.150027007718e+01,1.626008900164e-05,3.671017407030e-01,5.035514801997e-02,-6.822055956150e-06
"                 724",-4.411467171557e+00,4.144891258432e+01,2.308265386305e-05,-4.044346139172e+00,4.149926363728e+01,1.593375144909e-05,3.671210323853e-01,5.035105296617e-02,-7.148902413965e-06
"                 725",-4.411358292627e+00,4.144791303212e+01,2.308388743179e-05,-4.044217934180e+00,4.149826000119e+01,1.566059339975e-05,3.671403584467e-01,5.034696906354e-02,-7.423294032038e-06
"                 726",-4.411251336056e+00,4.144691680537e+01,2.308582473091e-05,-4.044091607810e+00,4.149725970614e+01,1.543806497057e-05,3.671597282460e-01,5.034290076445e-02,-7.647759760338e-06
"                 727",-4.411145988896e+00,4.144592918492e+01,2.308844023382e-05,-4.043966839674e+00,4.149626803217e+01,1.526582548234e-05,3.671791492217e-01,5.033884724336e-02,-7.822614751483e-06
"                 728",-4.411042523655e+00,4.144494792483e+01,2.309170367182e-05,-4.043843894661e+00,4.149528273621e+01,1.514322982070e-05,3.671986289938e-01,5.033481137514e-02,-7.948473851118e-06
"                 729",-4.410941468927e+00,4.144396968015e+01,2.309553109185e-05,-4.043723285168e+00,4.149430047908e+01,1.506446694230e-05,3.672181837584e-01,5.033079892847e-02,-8.031064149557e-06
"                 730",-4.410843102304e+00,4.144299190112e+01,2.309969015805e-05,-4.043605285843e+00,4.149331871703e+01,1.502253063801e-05,3.672378164609e-01,5.032681591074e-02,-8.077159520041e-06
"                 731",-4.410747253094e+00,4.144201850856e+01,2.310389871242e-05,-4.043489726064e+00,4.149234138028e+01,1.500973735882e-05,3.672575270301e-01,5.032287172023e-02,-8.094161353601e-06
"                 732",-4.410653415226e+00,4.144105888778e+01,2.310794357333e-05,-4.043376086075e+00,4.149137785703e+01,1.502314358304e-05,3.672773291510e-01,5.031896924263e-02,-8.084799990286e-06
"                 733",-4.410561602109e+00,4.144011652728e+01,2.311169935979e-05,-4.043264369150e+00,4.149043164060e+01,1.506196679142e-05,3.672972329597e-01,5.031511332127e-02,-8.049732568365e-06
"                 734",-4.410472299093e+00,4.143918248010e+01,2.311489796181e-05,-4.043155059884e+00,4.148949379198e+01,1.512467916838e-05,3.673172392092e-01,5.031131188613e-02,-7.990218793429e-06
"                 735",-4.410385685162e+00,4.143825462342e+01,2.311752830436e-05,-4.043048327395e+00,4.148856219761e+01,1.520920004514e-05,3.673373577674e-01,5.030757418836e-02,-7.908328259217e-06
"                 736",-4.410301821811e+00,4.143733542363e+01,2.311958987184e-05,-4.042944235179e+00,4.148763933362e+01,1.531280008042e-05,3.673575866322e-01,5.030390998962e-02,-7.806789791422e-06
"                 737",-4.410220647463e+00,4.143642759375e+01,2.312105780848e-05,-4.042842703573e+00,4.148672790678e+01,1.543443733093e-05,3.673779438898e-01,5.030031302595e-02,-7.686620477553e-06
"                 738",-4.410142024254e+00,4.143553249987e+01,2.312186124311e-05,-4.042743595767e+00,4.148582928206e+01,1.557167599869e-05,3.673984284878e-01,5.029678219028e-02,-7.550185244424e-06
"                 739",-4.410065923227e+00,4.143465053936e+01,2.312196855886e-05,-4.042646892220e+00,4.148494386690e+01,1.572159250515e-05,3.674190310075e-01,5.029332753961e-02,-7.400376053712e-06
"                 740",-4.409992610970e+00,4.143378240264e+01,2.312138365372e-05,-4.042552860765e+00,4.148407236029e+01,1.588167839291e-05,3.674397502059e-01,5.028995764442e-02,-7.239705260809e-06
"                 741",-4.409921720565e+00,4.143293036630e+01,2.312012325953e-05,-4.042461127636e+00,4.148321704662e+01,1.605047503186e-05,3.674605929286e-01,5.028668032762e-02,-7.069648227673e-06
"                 742",-4.409853666474e+00,4.143209816144e+01,2.311817421132e-05,-4.042372110374e+00,4.148238165785e+01,1.622734439488e-05,3.674815561000e-01,5.028349641053e-02,-6.890829816440e-06
"                 743",-4.409788405873e+00,4.143127858442e+01,2.311555913828e-05,-4.042285767656e+00,4.148155898892e+01,1.641059372012e-05,3.675026382170e-01,5.028040449833e-02,-6.704965418154e-06
"                 744",-4.409725767484e+00,4.143047312227e+01,2.311231318720e-05,-4.042201909066e+00,4.148075051921e+01,1.659875313024e-05,3.675238584180e-01,5.027739693934e-02,-6.513560056967e-06
"                 745",-4.409665750174e+00,4.142968509001e+01,2.310846420001e-05,-4.042120533216e+00,4.147995956049e+01,1.679027484504e-05,3.675452169585e-01,5.027447048357e-02,-6.318189354974e-06
"                 746",-4.409608478439e+00,4.142891672489e+01,2.310407173871e-05,-4.042041756475e+00,4.147918834924e+01,1.698315555943e-05,3.675667219640e-01,5.027162434731e-02,-6.120916179288e-06
"                 747",-4.409553956769e+00,4.142816740598e+01,2.309921883019e-05,-4.041965585096e+00,4.147843627088e+01,1.717594154964e-05,3.675883716724e-01,5.026886489093e-02,-5.923277280550e-06
"                 748",-4.409502178754e+00,4.142743548013e+01,2.309399157970e-05,-4.041892018141e+00,4.147770168186e+01,1.736722047633e-05,3.676101606129e-01,5.026620172374e-02,-5.726771103368e-06
"                 749",-4.409453081925e+00,4.142672032477e+01,2.308846675896e-05,-4.041820991641e+00,4.147698396418e+01,1.755672967277e-05,3.676320902845e-01,5.026363940797e-02,-5.531737086194e-06
"                 750",-4.409406682195e+00,4.142602301975e+01,2.308274130793e-05,-4.041752518238e+00,4.147628419654e+01,1.774242909157e-05,3.676541639568e-01,5.026117679017e-02,-5.340312216366e-06
"                 751",-4.409363014258e+00,4.142534525366e+01,2.307690954747e-05,-4.041686629983e+00,4.147560406642e+01,1.792270335970e-05,3.676763842750e-01,5.025881275191e-02,-5.154206187765e-06
"                 752",-4.409321975205e+00,4.142468854306e+01,2.307109219460e-05,-4.041623235388e+00,4.147494507457e+01,1.809645064501e-05,3.676987398171e-01,5.025653150930e-02,-4.974641549590e-06
"                 753",-4.409283456032e+00,4.142405326064e+01,2.306542649676e-05,-4.041562230576e+00,4.147430759530e+01,1.826339671411e-05,3.677212254561e-01,5.025433466359e-02,-4.802029782651e-06
"                 754",-4.409247445203e+00,4.142343904774e+01,2.306004980050e-05,-4.041503611099e+00,4.147369126743e+01,1.842298379158e-05,3.677438341047e-01,5.025221968564e-02,-4.637066008914e-06
"                 755",-4.409213929789e+00,4.142284613087e+01,2.305509189986e-05,-4.041447369724e+00,4.147309629641e+01,1.857548627391e-05,3.677665600646e-01,5.025016553439e-02,-4.479605625947e-06
"                 756",-4.409182850004e+00,4.142227501261e+01,2.305065426762e-05,-4.041393447541e+00,4.147252318836e+01,1.872118882492e-05,3.677894024629e-01,5.024817575501e-02,-4.329465442704e-06
"                 757",-4.409154163655e+00,4.142172644067e+01,2.304682698161e-05,-4.041341821446e+00,4.147197268349e+01,1.885916539237e-05,3.678123422096e-01,5.024624281688e-02,-4.187661589237e-06
"                 758",-4.409127829089e+00,4.142120045365e+01,2.304369109538e-05,-4.041292455764e+00,4.147144482287e+01,1.898948174338e-05,3.678353733242e-01,5.024436921944e-02,-4.054209351998e-06
"                 759",-4.409103748770e+00,4.142069719422e+01,2.304132265331e-05,-4.041245253543e+00,4.147093975131e+01,1.911311588475e-05,3.678584952267e-01,5.024255709168e-02,-3.928206768560e-06
"                 760",-4.409081837441e+00,4.142021695942e+01,2.303977668582e-05,-4.041200133788e+00,4.147045776701e+01,1.923009671593e-05,3.678817036538e-01,5.024080759280e-02,-3.809679969895e-06
"                 761",-4.409062025307e+00,4.141976092819e+01,2.303908590390e-05,-4.041157034396e+00,4.147000004729e+01,1.934006582415e-05,3.679049909104e-01,5.023911909983e-02,-3.699020079749e-06
"                 762",-4.409044332365e+00,4.141932904501e+01,2.303925621463e-05,-4.041115984843e+00,4.146956653274e+01,1.944278781063e-05,3.679283475217e-01,5.023748773155e-02,-3.596468403995e-06
"                 763",-4.409028774204e+00,4.141892105345e+01,2.304042034841e-05,-4.041077011355e+00,4.146915696383e+01,1.953814831941e-05,3.679517628491e-01,5.023591038066e-02,-3.502272028991e-06
"                 764",-4.409015285399e+00,4.141853767367e+01,2.304266131618e-05,-4.041040058626e+00,4.146877205754e+01,1.962607467265e-05,3.679752267724e-01,5.023438387281e-02,-3.416586643536e-06
"                 765",-4.409003829646e+00,4.141817931035e+01,2.304583939163e-05,-4.041005100731e+00,4.146841221509e+01,1.970675825237e-05,3.679987289144e-01,5.023290474517e-02,-3.339081139261e-06
"                 766",-4.408994376012e+00,4.141784651639e+01,2.304964537890e-05,-4.040972115708e+00,4.146807798664e+01,1.978086332529e-05,3.680222603037e-01,5.023147024934e-02,-3.268782053608e-06
"                 767",-4.408986966513e+00,4.141753915866e+01,2.305375832199e-05,-4.040941156001e+00,4.146776923795e+01,1.984896517971e-05,3.680458105122e-01,5.023007928794e-02,-3.204793142283e-06
"                 768",-4.408981659738e+00,4.141725656764e+01,2.305794677343e-05,-4.040912289306e+00,4.146748529933e+01,1.991148430117e-05,3.680693704321e-01,5.022873169109e-02,-3.146462472260e-06
"                 769",-4.408978391410e+00,4.141699937248e+01,2.306206096592e-05,-4.040885459727e+00,4.146722679923e+01,1.996878605827e-05,3.680929316838e-01,5.022742675398e-02,-3.093274907642e-06
"                 770",-4.408977041456e+00,4.141676861365e+01,2.306597918006e-05,-4.040860550174e+00,4.146699477398e+01,2.002122525521e-05,3.681164912824e-01,5.022616032975e-02,-3.044753924856e-06
"                 771",-4.408977548029e+00,4.141656521763e+01,2.306957846269e-05,-4.040837509466e+00,4.146679014867e+01,2.006886771421e-05,3.681400385633e-01,5.022493103379e-02,-3.000710748479e-06
"                 772",-4.408979921787e+00,4.141638935554e+01,2.307274850350e-05,-4.040816362558e+00,4.146661309530e+01,2.011141869605e-05,3.681635592296e-01,5.022373975651e-02,-2.961329807450e-06
"                 773",-4.408984193950e+00,4.141624088952e+01,2.307539362086e-05,-4.040797150329e+00,4.146646347518e+01,2.014819497825e-05,3.681870436210e-01,5.022258565936e-02,-2.927198642616e-06
"                 774",-4.408990414912e+00,4.141611923353e+01,2.307745821578e-05,-4.040779934352e+00,4.146634070151e+01,2.017872165944e-05,3.682104805600e-01,5.022146797634e-02,-2.898736556346e-06
"                 775",-4.408998550069e+00,4.141602501317e+01,2.307892835621e-05,-4.040764693195e+00,4.146624539822e+01,2.020288868107e-05,3.682338568735e-01,5.022038505311e-02,-2.876039675144e-06
"                 776",-4.409008522917e+00,4.141595928050e+01,2.307982622784e-05,-4.040751359274e+00,4.146617861441e+01,2.022113445031e-05,3.682571636435e-01,5.021933390987e-02,-2.858691777534e-06
"                 777",-4.409020256474e+00,4.141592283515e+01,2.308019817293e-05,-4.040739864820e+00,4.146614114646e+01,2.023393138313e-05,3.682803916532e-01,5.021831130833e-02,-2.846266789803e-06
"                 778",-4.409033794414e+00,4.141591474904e+01,2.308009867748e-05,-4.040730265919e+00,4.146613206327e+01,2.024154169192e-05,3.683035284945e-01,5.021731422677e-02,-2.838556985567e-06
"                 779",-4.409049136921e+00,4.141593357230e+01,2.307960046804e-05,-4.040722575542e+00,4.146614991284e+01,2.024414368596e-05,3.683265613785e-01,5.021634054012e-02,-2.835456782078e-06
"                 780",-4.409066089993e+00,4.141598131184e+01,2.307878058122e-05,-4.040716611285e+00,4.146619669955e+01,2.024207376761e-05,3.683494787078e-01,5.021538770785e-02,-2.836706813604e-06
"                 781",-4.409084509904e+00,4.141605985479e+01,2.307770450973e-05,-4.040712239155e+00,4.146627430748e+01,2.023571883943e-05,3.683722707485e-01,5.021445268708e-02,-2.841985670298e-06
"                 782",-4.409104734414e+00,4.141616443934e+01,2.307642003977e-05,-4.040709809010e+00,4.146637797145e+01,2.022570658079e-05,3.683949254045e-01,5.021353210622e-02,-2.850713458978e-06
"                 783",-4.409126741417e+00,4.141629532841e+01,2.307497406553e-05,-4.040709311265e+00,4.146650795256e+01,2.021270684064e-05,3.684174301521e-01,5.021262414514e-02,-2.862267224891e-06
"                 784",-4.409150083363e+00,4.141645748510e+01,2.307340631860e-05,-4.040710306934e+00,4.146666920422e+01,2.019829042039e-05,3.684397764290e-01,5.021171912474e-02,-2.875115898205e-06
"                 785",-4.409174461141e+00,4.141665450992e+01,2.307175916233e-05,-4.040712509707e+00,4.146686531896e+01,2.018356635832e-05,3.684619514344e-01,5.021080904114e-02,-2.888192804008e-06
"                 786",-4.409199905122e+00,4.141688668752e+01,2.307006802314e-05,-4.040715963761e+00,4.146709658261e+01,2.016925200144e-05,3.684839413609e-01,5.020989508906e-02,-2.900816021701e-06
"                 787",-4.409226594544e+00,4.141715285370e+01,2.306836791052e-05,-4.040720862173e+00,4.146736183200e+01,2.015480140670e-05,3.685057323706e-01,5.020897830030e-02,-2.913566503821e-06
"                 788",-4.409254553351e+00,4.141745290926e+01,2.306669578727e-05,-4.040727244231e+00,4.146766096702e+01,2.014051392130e-05,3.685273091204e-01,5.020805775508e-02,-2.926181865975e-06
"                 789",-4.409283740348e+00,4.141778697733e+01,2.306509531094e-05,-4.040735085450e+00,4.146799411189e+01,2.012634658992e-05,3.685486548972e-01,5.020713456403e-02,-2.938748721022e-06
"                 790",-4.409313979536e+00,4.141815561710e+01,2.306364962347e-05,-4.040744228836e+00,4.146836181940e+01,2.011273537838e-05,3.685697506998e-01,5.020620230155e-02,-2.950914245093e-06
"                 791",-4.409345102686e+00,4.141855883565e+01,2.306243096015e-05,-4.040754521354e+00,4.146876409189e+01,2.009980140114e-05,3.685905813323e-01,5.020525623730e-02,-2.962629559010e-06
"                 792",-4.409377042865e+00,4.141899690782e+01,2.306146841159e-05,-4.040765910027e+00,4.146920120237e+01,2.008704049905e-05,3.686111328378e-01,5.020429455206e-02,-2.974427912539e-06
"                 793",-4.409409818702e+00,4.141947030303e+01,2.306075214675e-05,-4.040778423241e+00,4.146967361852e+01,2.007488207743e-05,3.686313954606e-01,5.020331548929e-02,-2.985870069324e-06
"                 794",-4.409443467464e+00,4.141997848400e+01,2.306025604529e-05,-4.040792107958e+00,4.147018080209e+01,2.006341417339e-05,3.686513595057e-01,5.020231808219e-02,-2.996841871901e-06
"                 795",-4.409478139319e+00,4.142051587190e+01,2.305995395652e-05,-4.040807125205e+00,4.147071717332e+01,2.005243808102e-05,3.686710141143e-01,5.020130142390e-02,-3.007515875502e-06
"                 796",-4.409513742265e+00,4.142108212329e+01,2.305983644778e-05,-4.040823396373e+00,4.147128238829e+01,2.004189116093e-05,3.686903458916e-01,5.020026500219e-02,-3.017945286849e-06
"                 797",-4.409549980188e+00,4.142168416792e+01,2.305989360215e-05,-4.040840642694e+00,4.147188337438e+01,2.003300218989e-05,3.687093374935e-01,5.019920645862e-02,-3.026891412262e-06
"                 798",-4.409586652513e+00,4.142232653781e+01,2.306010351896e-05,-4.040858673928e+00,4.147252466166e+01,2.002651996276e-05,3.687279785848e-01,5.019812384635e-02,-3.033583556206e-06
"                 799",-4.409623832425e+00,4.142300779714e+01,2.306043466354e-05,-4.040877575765e+00,4.147320481306e+01,2.002239317835e-05,3.687462566598e-01,5.019701591525e-02,-3.038041485191e-06
"                 800",-4.409661740852e+00,4.142372261164e+01,2.306086019599e-05,-4.040897582186e+00,4.147391849246e+01,2.002081621941e-05,3.687641586664e-01,5.019588082505e-02,-3.040043976576e-06
"                 801",-4.409700478374e+00,4.142446707297e+01,2.306135450176e-05,-4.040918813124e+00,4.147466178638e+01,2.002197716016e-05,3.687816652499e-01,5.019471341216e-02,-3.039377341600e-06
"                 802",-4.409739908060e+00,4.142524288025e+01,2.306189139311e-05,-4.040941143569e+00,4.147543638697e+01,2.002612051406e-05,3.687987644908e-01,5.019350672355e-02,-3.035770879049e-06
"                 803",-4.409779824822e+00,4.142605274957e+01,2.306244755610e-05,-4.040964372269e+00,4.147624500402e+01,2.003330632033e-05,3.688154525528e-01,5.019225444910e-02,-3.029141235770e-06
"                 804",-4.409820173025e+00,4.142689774806e+01,2.306300871169e-05,-4.040988448749e+00,4.147708870151e+01,2.004312738569e-05,3.688317242759e-01,5.019095345772e-02,-3.019881326000e-06
"                 805",-4.409860998829e+00,4.142777773194e+01,2.306357175748e-05,-4.041013426794e+00,4.147796733486e+01,2.005524993867e-05,3.688475720352e-01,5.018960291669e-02,-3.008321818805e-06
"                 806",-4.409902428859e+00,4.142868974844e+01,2.306413458683e-05,-4.041039434477e+00,4.147887794735e+01,2.006968488338e-05,3.688629943817e-01,5.018819891396e-02,-2.994449703444e-06
"                 807",-4.409944536843e+00,4.142962846322e+01,2.306469458466e-05,-4.041066552778e+00,4.147981520252e+01,2.008608687677e-05,3.688779840645e-01,5.018673930201e-02,-2.978607707896e-06
"                 808",-4.409987348789e+00,4.143059097559e+01,2.306525261250e-05,-4.041094819241e+00,4.148077620063e+01,2.010414931483e-05,3.688925295485e-01,5.018522503790e-02,-2.961103297672e-06
"                 809",-4.410030855590e+00,4.143157733887e+01,2.306580695375e-05,-4.041124228811e+00,4.148176099486e+01,2.012364787028e-05,3.689066267791e-01,5.018365598765e-02,-2.942159083472e-06
"                 810",-4.410075007064e+00,4.143258833907e+01,2.306635464527e-05,-4.041154733089e+00,4.148277036952e+01,2.014470772988e-05,3.689202739757e-01,5.018203045492e-02,-2.921646915387e-06
"                 811",-4.410119799555e+00,4.143362305171e+01,2.306689216061e-05,-4.041186331693e+00,4.148380339498e+01,2.016732844305e-05,3.689334678623e-01,5.018034327303e-02,-2.899563717559e-06
"                 812",-4.410165292974e+00,4.143467926737e+01,2.306741777814e-05,-4.041219087347e+00,4.148485785672e+01,2.019140806638e-05,3.689462056275e-01,5.017858934561e-02,-2.876009711765e-06
"                 813",-4.410211543803e+00,4.143575456762e+01,2.306792868736e-05,-4.041253057459e+00,4.148593133207e+01,2.021713118436e-05,3.689584863440e-01,5.017676445258e-02,-2.850797502993e-06
"                 814",-4.410258591083e+00,4.143684665068e+01,2.306842519849e-05,-4.041288283447e+00,4.148702151331e+01,2.024448087509e-05,3.689703076356e-01,5.017486263640e-02,-2.823944323398e-06
"                 815",-4.410306438801e+00,4.143795344208e+01,2.306890820313e-05,-4.041324765408e+00,4.148812631557e+01,2.027323254891e-05,3.689816733932e-01,5.017287348219e-02,-2.795675654217e-06
"                 816",-4.410355071029e+00,4.143907313501e+01,2.306938406181e-05,-4.041362490859e+00,4.148924392685e+01,2.030334923799e-05,3.689925801705e-01,5.017079183914e-02,-2.766034823816e-06
"                 817",-4.410404521525e+00,4.144020436162e+01,2.306986007913e-05,-4.041401494837e+00,4.149037298044e+01,2.033481520347e-05,3.690030266879e-01,5.016861881828e-02,-2.735044875660e-06
"                 818",-4.410454847935e+00,4.144134521494e+01,2.307033562016e-05,-4.041441837282e+00,4.149151156538e+01,2.036772850267e-05,3.690130106531e-01,5.016635043663e-02,-2.702607117490e-06
"                 819",-4.410506116380e+00,4.144249303495e+01,2.307080859200e-05,-4.041483578726e+00,4.149265701523e+01,2.040201568904e-05,3.690225376537e-01,5.016398027955e-02,-2.668792902965e-06
"                 820",-4.410558296962e+00,4.144364537945e+01,2.307128101159e-05,-4.041526688171e+00,4.149380688410e+01,2.043724445539e-05,3.690316087905e-01,5.016150464486e-02,-2.634036556205e-06
"                 821",-4.410611364352e+00,4.144480041053e+01,2.307175956012e-05,-4.041571134946e+00,4.149495933176e+01,2.047317705851e-05,3.690402294069e-01,5.015892123692e-02,-2.598582501609e-06
"                 822",-4.410665321519e+00,4.144595633917e+01,2.307225326338e-05,-4.041616921652e+00,4.149611256829e+01,2.051251539669e-05,3.690483998670e-01,5.015622911796e-02,-2.559737866694e-06
"                 823",-4.410720246417e+00,4.144711172714e+01,2.307275494081e-05,-4.041664125976e+00,4.149726515560e+01,2.055037896085e-05,3.690561204405e-01,5.015342846068e-02,-2.522375979961e-06
"                 824",-4.410776236842e+00,4.144826420462e+01,2.307326495371e-05,-4.041712834793e+00,4.149841471900e+01,2.058951556653e-05,3.690634020496e-01,5.015051438419e-02,-2.483749387178e-06
"                 825",-4.410833298061e+00,4.144941127870e+01,2.307377615478e-05,-4.041763041550e+00,4.149955875966e+01,2.062570498874e-05,3.690702565113e-01,5.014748096200e-02,-2.448071166043e-06
"                 826",-4.410891365330e+00,4.145055112688e+01,2.307429674082e-05,-4.041814678335e+00,4.150069545300e+01,2.066302721411e-05,3.690766869946e-01,5.014432612570e-02,-2.411269526710e-06
"                 827",-4.410950404871e+00,4.145168245211e+01,2.307482901167e-05,-4.041867712791e+00,4.150182350666e+01,2.069925052710e-05,3.690826920795e-01,5.014105454741e-02,-2.375578484571e-06
"                 828",-4.411010435752e+00,4.145280496573e+01,2.307537806442e-05,-4.041922162706e+00,4.150294263671e+01,2.073694153744e-05,3.690882730460e-01,5.013767097307e-02,-2.338436526982e-06
"                 829",-4.411071468295e+00,4.145391842813e+01,2.307593740189e-05,-4.041978031804e+00,4.150405260380e+01,2.077483512966e-05,3.690934364910e-01,5.013417567523e-02,-2.301102272236e-06
"                 830",-4.411133489366e+00,4.145502134705e+01,2.307649785591e-05,-4.042035301240e+00,4.150515191512e+01,2.081208000058e-05,3.690981881266e-01,5.013056807593e-02,-2.264417855330e-06
"                 831",-4.411196496917e+00,4.145611202803e+01,2.307705609746e-05,-4.042093965038e+00,4.150623887492e+01,2.084835950781e-05,3.691025318785e-01,5.012684689578e-02,-2.228696589648e-06
"                 832",-4.411260469401e+00,4.145718897535e+01,2.307761215523e-05,-4.042153994419e+00,4.150731198318e+01,2.088353395821e-05,3.691064749821e-01,5.012300782544e-02,-2.194078197021e-06
"                 833",-4.411325351224e+00,4.145825058713e+01,2.307817219181e-05,-4.042215323072e+00,4.150836963373e+01,2.091749764464e-05,3.691100281516e-01,5.011904660739e-02,-2.160674547172e-06
"                 834",-4.411391082679e+00,4.145929610286e+01,2.307874127260e-05,-4.042277889626e+00,4.150941106705e+01,2.095049096718e-05,3.691131930527e-01,5.011496418664e-02,-2.128250305418e-06
"                 835",-4.411457645594e+00,4.146032567785e+01,2.307931826522e-05,-4.042341676164e+00,4.151043644346e+01,2.098245863609e-05,3.691159694304e-01,5.011076561121e-02,-2.096859629135e-06
"                 836",-4.411525058159e+00,4.146133914156e+01,2.307989952063e-05,-4.042406698715e+00,4.151144559568e+01,2.101346950487e-05,3.691183594442e-01,5.010645412540e-02,-2.066430015756e-06
"                 837",-4.411593311652e+00,4.146233590512e+01,2.308048024589e-05,-4.042472943475e+00,4.151243793647e+01,2.104351559738e-05,3.691203681777e-01,5.010203134824e-02,-2.036964648506e-06
"                 838",-4.411662354517e+00,4.146331522962e+01,2.308105806279e-05,-4.042540352203e+00,4.151341272777e+01,2.107256475438e-05,3.691220023135e-01,5.009749815798e-02,-2.008493308408e-06
"                 839",-4.411732105501e+00,4.146427669694e+01,2.308163546398e-05,-4.042608829313e+00,4.151436954831e+01,2.110066426391e-05,3.691232761884e-01,5.009285136813e-02,-1.980971200074e-06
"                 840",-4.411802466358e+00,4.146521996694e+01,2.308221299007e-05,-4.042678255530e+00,4.151530805389e+01,2.112755702617e-05,3.691242108281e-01,5.008808695022e-02,-1.954655963909e-06
"                 841",-4.411873337756e+00,4.146614459510e+01,2.308278940917e-05,-4.042748531829e+00,4.151622780639e+01,2.115305761315e-05,3.691248059267e-01,5.008321129884e-02,-1.929731796021e-06
"                 842",-4.411944767925e+00,4.146705086252e+01,2.308336500399e-05,-4.042819692604e+00,4.151712908905e+01,2.117714180935e-05,3.691250753204e-01,5.007822653744e-02,-1.906223194635e-06
"                 843",-4.412016720241e+00,4.146793861442e+01,2.308394016548e-05,-4.042891669887e+00,4.151801174205e+01,2.119974158127e-05,3.691250503535e-01,5.007312762929e-02,-1.884198584207e-06
"                 844",-4.412089092219e+00,4.146880743887e+01,2.308451217236e-05,-4.042964358464e+00,4.151887535878e+01,2.122089117322e-05,3.691247337556e-01,5.006791991543e-02,-1.863620999137e-06
"                 845",-4.412161911065e+00,4.146965774217e+01,2.308508015714e-05,-4.043037788795e+00,4.151972035949e+01,2.124069408360e-05,3.691241222694e-01,5.006261731870e-02,-1.844386073537e-06
"                 846",-4.412235271180e+00,4.147049029816e+01,2.308564446364e-05,-4.043112023791e+00,4.152054752239e+01,2.125939446076e-05,3.691232473889e-01,5.005722422680e-02,-1.826250002882e-06
"                 847",-4.412309097395e+00,4.147130480146e+01,2.308620819283e-05,-4.043186981705e+00,4.152135655134e+01,2.127699260577e-05,3.691221156898e-01,5.005174987842e-02,-1.809215587066e-06
"                 848",-4.412383422491e+00,4.147210132824e+01,2.308677742441e-05,-4.043262705393e+00,4.152214754740e+01,2.129329737241e-05,3.691207170981e-01,5.004621915818e-02,-1.793480052007e-06
"                 849",-4.412458349640e+00,4.147288071149e+01,2.308735621051e-05,-4.043339282295e+00,4.152292135536e+01,2.130821696691e-05,3.691190673449e-01,5.004064387385e-02,-1.779139243594e-06
"                 850",-4.412533852944e+00,4.147364325139e+01,2.308794037868e-05,-4.043416656194e+00,4.152367827261e+01,2.132170667350e-05,3.691171967494e-01,5.003502122561e-02,-1.766233705180e-06
"                 851",-4.412609797337e+00,4.147438868302e+01,2.308852244775e-05,-4.043494693642e+00,4.152441804834e+01,2.133376960334e-05,3.691151036945e-01,5.002936531380e-02,-1.754752844416e-06
"                 852",-4.412686212364e+00,4.147511779479e+01,2.308909906632e-05,-4.043573422562e+00,4.152514149299e+01,2.134442102176e-05,3.691127898013e-01,5.002369819983e-02,-1.744678044557e-06
"                 853",-4.412763176055e+00,4.147583158408e+01,2.308966897059e-05,-4.043652906832e+00,4.152584961522e+01,2.135377686285e-05,3.691102692232e-01,5.001803114058e-02,-1.735892107739e-06
"                 854",-4.412840680539e+00,4.147653025617e+01,2.309023268775e-05,-4.043733135652e+00,4.152654263157e+01,2.136192839159e-05,3.691075448872e-01,5.001237540336e-02,-1.728304296153e-06
"                 855",-4.412918740465e+00,4.147721374840e+01,2.309078862179e-05,-4.043814115390e+00,4.152722049277e+01,2.136869885605e-05,3.691046250753e-01,5.000674437508e-02,-1.722089765739e-06
"                 856",-4.412997300925e+00,4.147788252216e+01,2.309133688546e-05,-4.043895772058e+00,4.152788366196e+01,2.137396987142e-05,3.691015288666e-01,5.000113980231e-02,-1.717367014044e-06
"                 857",-4.413076221751e+00,4.147853685624e+01,2.309187875399e-05,-4.043977908432e+00,4.152853240125e+01,2.137768258021e-05,3.690983133191e-01,4.999554501239e-02,-1.714196173772e-06
"                 858",-4.413155207677e+00,4.147917622852e+01,2.309241770491e-05,-4.044060214133e+00,4.152916618723e+01,2.137991093444e-05,3.690949935448e-01,4.998995871114e-02,-1.712506770468e-06
"                 859",-4.413234305633e+00,4.147980119716e+01,2.309295718714e-05,-4.044142733084e+00,4.152978559831e+01,2.138076717414e-05,3.690915725482e-01,4.998440115720e-02,-1.712190012999e-06
"                 860",-4.413313684354e+00,4.148041328132e+01,2.309350066316e-05,-4.044225628639e+00,4.153039217217e+01,2.138034819344e-05,3.690880557150e-01,4.997889085105e-02,-1.713152469722e-06
"                 861",-4.413393510050e+00,4.148101362069e+01,2.309404754245e-05,-4.044309067423e+00,4.153098707594e+01,2.137868145068e-05,3.690844426273e-01,4.997345525093e-02,-1.715366091764e-06
"                 862",-4.413473909523e+00,4.148160202822e+01,2.309459358117e-05,-4.044393172688e+00,4.153157013985e+01,2.137572939121e-05,3.690807368354e-01,4.996811163558e-02,-1.718864189957e-06
"                 863",-4.413554843827e+00,4.148217769044e+01,2.309513182425e-05,-4.044477891301e+00,4.153214055753e+01,2.137160326336e-05,3.690769525255e-01,4.996286708711e-02,-1.723528560891e-06
"                 864",-4.413636166593e+00,4.148274051562e+01,2.309564256062e-05,-4.044563063528e+00,4.153269824232e+01,2.136223453926e-05,3.690731030647e-01,4.995772669611e-02,-1.733408021358e-06
"                 865",-4.413717798234e+00,4.148329074780e+01,2.309611367111e-05,-4.044648596312e+00,4.153324344249e+01,2.135332677617e-05,3.690692019217e-01,4.995269468517e-02,-1.742786894937e-06
"                 866",-4.413799698496e+00,4.148382930385e+01,2.309655140602e-05,-4.044734438267e+00,4.153377707549e+01,2.134479747586e-05,3.690652602297e-01,4.994777164025e-02,-1.751753930157e-06
"                 867",-4.413881880530e+00,4.148435664676e+01,2.309696066815e-05,-4.044820588570e+00,4.153429960658e+01,2.133915956402e-05,3.690612919606e-01,4.994295982245e-02,-1.757801104130e-06
"                 868",-4.413964403933e+00,4.148487192102e+01,2.309733631923e-05,-4.044907095945e+00,4.153481018342e+01,2.133649929053e-05,3.690573079877e-01,4.993826239525e-02,-1.760837028708e-06
"                 869",-4.414047273564e+00,4.148537435423e+01,2.309765394083e-05,-4.044993953284e+00,4.153530803720e+01,2.133262756604e-05,3.690533202804e-01,4.993368297504e-02,-1.765026374786e-06
"                 870",-4.414130377879e+00,4.148586526831e+01,2.309790640402e-05,-4.045081039739e+00,4.153579449164e+01,2.132695032886e-05,3.690493381396e-01,4.992922333579e-02,-1.770956075159e-06
"                 871",-4.414213064902e+00,4.148634142459e+01,2.309811041830e-05,-4.045167688682e+00,4.153626631026e+01,2.132062871039e-05,3.690453762198e-01,4.992488566805e-02,-1.777481707910e-06
"                 872",-4.414296559930e+00,4.148681401404e+01,2.309823376246e-05,-4.045255112374e+00,4.153673468033e+01,2.131414029344e-05,3.690414475560e-01,4.992066628790e-02,-1.784093469017e-06
"                 873",-4.414381171782e+00,4.148728223105e+01,2.309826154126e-05,-4.045343593453e+00,4.153719879481e+01,2.130753753023e-05,3.690375783285e-01,4.991656375641e-02,-1.790724011036e-06
"                 874",-4.414464481319e+00,4.148772423421e+01,2.309827635890e-05,-4.045430719494e+00,4.153763683548e+01,2.130090133649e-05,3.690337618249e-01,4.991260127013e-02,-1.797375022406e-06
"                 875",-4.414547835482e+00,4.148815561763e+01,2.309823201831e-05,-4.045517854292e+00,4.153806440110e+01,2.129418307380e-05,3.690299811901e-01,4.990878346921e-02,-1.804048944513e-06
"                 876",-4.414631659498e+00,4.148858289368e+01,2.309811813565e-05,-4.045605379098e+00,4.153848798734e+01,2.128725864277e-05,3.690262803998e-01,4.990509366361e-02,-1.810859492879e-06
"                 877",-4.414715824635e+00,4.148900523581e+01,2.309795185079e-05,-4.045693164725e+00,4.153890677150e+01,2.128009084251e-05,3.690226599101e-01,4.990153569488e-02,-1.817861008280e-06
"                 878",-4.414800006340e+00,4.148941751536e+01,2.309775665168e-05,-4.045780887567e+00,4.153931562771e+01,2.127272718615e-05,3.690191187735e-01,4.989811234408e-02,-1.825029465530e-06
"                 879",-4.414884049397e+00,4.148981661794e+01,2.309754442473e-05,-4.045868388777e+00,4.153971143952e+01,2.126528837427e-05,3.690156606201e-01,4.989482158155e-02,-1.832256050464e-06
"                 880",-4.414968028842e+00,4.149020373859e+01,2.309731860147e-05,-4.045955733993e+00,4.154009540541e+01,2.125789860312e-05,3.690122948487e-01,4.989166682357e-02,-1.839419998345e-06
"                 881",-4.415052080026e+00,4.149058206085e+01,2.309708200998e-05,-4.046043048957e+00,4.154047071615e+01,2.125054690603e-05,3.690090310688e-01,4.988865530269e-02,-1.846535103950e-06
"                 882",-4.415136206788e+00,4.149095322346e+01,2.309684331052e-05,-4.046130332682e+00,4.154083901114e+01,2.124366331947e-05,3.690058741060e-01,4.988578767809e-02,-1.853179991043e-06
"                 883",-4.415220337023e+00,4.149131654020e+01,2.309661366844e-05,-4.046217506152e+00,4.154119960439e+01,2.123559710105e-05,3.690028308707e-01,4.988306419317e-02,-1.861016567387e-06
"                 884",-4.415304409918e+00,4.149167080151e+01,2.309638231764e-05,-4.046304502254e+00,4.154155128431e+01,2.122842328717e-05,3.689999076638e-01,4.988048279641e-02,-1.867959030466e-06
"                 885",-4.415388408176e+00,4.149201600977e+01,2.309615926109e-05,-4.046391299828e+00,4.154189405155e+01,2.122054831282e-05,3.689971083478e-01,4.987804178379e-02,-1.875610948272e-06
"                 886",-4.415472349746e+00,4.149235312460e+01,2.309596994745e-05,-4.046477914729e+00,4.154222886284e+01,2.121367773631e-05,3.689944350172e-01,4.987573824564e-02,-1.882292211145e-06
"                 887",-4.415556230763e+00,4.149268329571e+01,2.309583571022e-05,-4.046564339321e+00,4.154255686547e+01,2.120653545496e-05,3.689918914420e-01,4.987356976151e-02,-1.889300255254e-06
"                 888",-4.415639994424e+00,4.149300723323e+01,2.309577113436e-05,-4.046650510772e+00,4.154287876882e+01,2.119889816406e-05,3.689894836520e-01,4.987153559439e-02,-1.896872970298e-06
"                 889",-4.415723595881e+00,4.149332522704e+01,2.309578074916e-05,-4.046736381238e+00,4.154319486253e+01,2.119221863490e-05,3.689872146430e-01,4.986963548985e-02,-1.903562114260e-06
"                 890",-4.415807024899e+00,4.149363743031e+01,2.309586768475e-05,-4.046821940060e+00,4.154350529803e+01,2.118465642339e-05,3.689850848392e-01,4.986786772648e-02,-1.911211261360e-06
"                 891",-4.415890271841e+00,4.149394394560e+01,2.309603104358e-05,-4.046907174998e+00,4.154381017558e+01,2.117879286184e-05,3.689830968435e-01,4.986622997469e-02,-1.917238181747e-06
"                 892",-4.415973315892e+00,4.149424502098e+01,2.309626627011e-05,-4.046992062265e+00,4.154410973941e+01,2.117171781311e-05,3.689812536270e-01,4.986471843122e-02,-1.924548457004e-06
"                 893",-4.416056147238e+00,4.149454028617e+01,2.309657497402e-05,-4.047076574344e+00,4.154440361505e+01,2.116654098378e-05,3.689795728943e-01,4.986332887410e-02,-1.930033990240e-06
"                 894",-4.416138656497e+00,4.149483027339e+01,2.309696628283e-05,-4.047160601133e+00,4.154469233136e+01,2.116008169430e-05,3.689780553644e-01,4.986205796659e-02,-1.936884588534e-06
"                 895",-4.416220760754e+00,4.149511741837e+01,2.309744349300e-05,-4.047244063953e+00,4.154497832912e+01,2.115583991783e-05,3.689766968010e-01,4.986091075030e-02,-1.941603575168e-06
"                 896",-4.416302482936e+00,4.149540358452e+01,2.309800554837e-05,-4.047326986640e+00,4.154526347267e+01,2.115009363703e-05,3.689754962963e-01,4.985988815328e-02,-1.947911911346e-06
"                 897",-4.416383900038e+00,4.149568875647e+01,2.309864631433e-05,-4.047409443986e+00,4.154554774765e+01,2.114678886921e-05,3.689744560518e-01,4.985899117898e-02,-1.951857445126e-06
"                 898",-4.416465036838e+00,4.149597215309e+01,2.309935176691e-05,-4.047491458424e+00,4.154583037214e+01,2.114220088578e-05,3.689735784138e-01,4.985821904080e-02,-1.957150881130e-06
"                 899",-4.416545832205e+00,4.149625345161e+01,2.310010171059e-05,-4.047572960084e+00,4.154611101458e+01,2.114065769123e-05,3.689728721212e-01,4.985756297410e-02,-1.959444019355e-06
"                 900",-4.416626171980e+00,4.149653309396e+01,2.310087984005e-05,-4.047653843687e+00,4.154639011320e+01,2.113797507824e-05,3.689723282927e-01,4.985701924152e-02,-1.962904761810e-06
"                 901",-4.416706056972e+00,4.149681237078e+01,2.310167266892e-05,-4.047734115647e+00,4.154666896218e+01,2.113762558560e-05,3.689719413256e-01,4.985659139867e-02,-1.964047083318e-06
"                 902",-4.416785516316e+00,4.149709011453e+01,2.310246811166e-05,-4.047813772597e+00,4.154694639541e+01,2.113801086734e-05,3.689717437191e-01,4.985628087363e-02,-1.964457244318e-06
"                 903",-4.416864682709e+00,4.149736950161e+01,2.310325975391e-05,-4.047893007980e+00,4.154722559065e+01,2.114091058697e-05,3.689716747296e-01,4.985608904456e-02,-1.962349166943e-06
"                 904",-4.416943391765e+00,4.149765026185e+01,2.310403586451e-05,-4.047971610851e+00,4.154750627247e+01,2.114253529991e-05,3.689717809143e-01,4.985601062383e-02,-1.961500564596e-06
"                 905",-4.417021657526e+00,4.149793237668e+01,2.310478640533e-05,-4.048049622249e+00,4.154778841920e+01,2.114584706589e-05,3.689720352770e-01,4.985604251173e-02,-1.958939339440e-06
"                 906",-4.417099468531e+00,4.149821656795e+01,2.310550747859e-05,-4.048127036660e+00,4.154807274895e+01,2.114932263112e-05,3.689724318711e-01,4.985618099693e-02,-1.956184847474e-06
"                 907",-4.417176788334e+00,4.149850366874e+01,2.310618852364e-05,-4.048203822988e+00,4.154836009009e+01,2.115406237936e-05,3.689729653457e-01,4.985642134880e-02,-1.952126144275e-06
"                 908",-4.417253572508e+00,4.149879266193e+01,2.310680320909e-05,-4.048279934752e+00,4.154864942233e+01,2.115973665204e-05,3.689736377564e-01,4.985676039871e-02,-1.947066557043e-06
"                 909",-4.417329831972e+00,4.149908048596e+01,2.310732539348e-05,-4.048355368939e+00,4.154893768036e+01,2.116632915860e-05,3.689744630328e-01,4.985719440534e-02,-1.940996234884e-06
"                 910",-4.417405592632e+00,4.149936941849e+01,2.310774952091e-05,-4.048430157742e+00,4.154922713503e+01,2.117377667670e-05,3.689754348899e-01,4.985771653709e-02,-1.933972844213e-06
"                 911",-4.417480778307e+00,4.149966558865e+01,2.310808875991e-05,-4.048504240732e+00,4.154952390795e+01,2.118182637850e-05,3.689765375755e-01,4.985831930199e-02,-1.926262381417e-06
"                 912",-4.417555325211e+00,4.149996853936e+01,2.310834636942e-05,-4.048577552682e+00,4.154982753771e+01,2.119031106257e-05,3.689777725289e-01,4.985899835058e-02,-1.918035306855e-06
"                 913",-4.417629294683e+00,4.150027432592e+01,2.310850523921e-05,-4.048650147667e+00,4.155013407997e+01,2.119925325740e-05,3.689791470169e-01,4.985975405773e-02,-1.909251981814e-06
"                 914",-4.417702845699e+00,4.150058141358e+01,2.310857952969e-05,-4.048722210666e+00,4.155044200590e+01,2.120871784896e-05,3.689806350334e-01,4.986059232547e-02,-1.899861680732e-06
"                 915",-4.417775928029e+00,4.150089120452e+01,2.310857358541e-05,-4.048793687825e+00,4.155075271279e+01,2.121859658466e-05,3.689822402040e-01,4.986150826848e-02,-1.889977000754e-06
"                 916",-4.417848358160e+00,4.150120546973e+01,2.310849303247e-05,-4.048864384433e+00,4.155106796114e+01,2.122904269823e-05,3.689839737269e-01,4.986249141059e-02,-1.879450334241e-06
"                 917",-4.417920023239e+00,4.150152424245e+01,2.310834532330e-05,-4.048934200933e+00,4.155138778662e+01,2.124011160837e-05,3.689858223059e-01,4.986354416489e-02,-1.868233714930e-06
"                 918",-4.417991111430e+00,4.150184684845e+01,2.310814569663e-05,-4.049003343408e+00,4.155171152232e+01,2.125166973587e-05,3.689877680218e-01,4.986467386378e-02,-1.856475960763e-06
"                 919",-4.418061812073e+00,4.150217331691e+01,2.310791278251e-05,-4.049072004386e+00,4.155203919431e+01,2.126359616869e-05,3.689898076873e-01,4.986587739508e-02,-1.844316613820e-06
"                 920",-4.418132033026e+00,4.150250232789e+01,2.310764647430e-05,-4.049140073111e+00,4.155236947268e+01,2.127575633179e-05,3.689919599152e-01,4.986714478622e-02,-1.831890142508e-06
"                 921",-4.418201726880e+00,4.150283553732e+01,2.310736713554e-05,-4.049207501535e+00,4.155270400515e+01,2.128795658583e-05,3.689942253451e-01,4.986846783745e-02,-1.819410549712e-06
"                 922",-4.418270815988e+00,4.150317344621e+01,2.310708664846e-05,-4.049274205202e+00,4.155304328864e+01,2.130003200690e-05,3.689966107850e-01,4.986984242736e-02,-1.807054641559e-06
"                 923",-4.418339332507e+00,4.150351531973e+01,2.310681967988e-05,-4.049340228150e+00,4.155338658921e+01,2.131242250007e-05,3.689991043569e-01,4.987126947789e-02,-1.794397179811e-06
"                 924",-4.418407433941e+00,4.150386051792e+01,2.310658209482e-05,-4.049405732724e+00,4.155373327268e+01,2.132359308743e-05,3.690017012168e-01,4.987275475316e-02,-1.782989007385e-06
"                 925",-4.418475205361e+00,4.150420912845e+01,2.310638758580e-05,-4.049470803731e+00,4.155408342914e+01,2.133676629155e-05,3.690044016298e-01,4.987430068974e-02,-1.769621294253e-06
"                 926",-4.418542600891e+00,4.150456169560e+01,2.310624597929e-05,-4.049535388155e+00,4.155443760297e+01,2.134643507210e-05,3.690072127360e-01,4.987590737151e-02,-1.759810907195e-06
"                 927",-4.418609495399e+00,4.150491837206e+01,2.310616659461e-05,-4.049599346096e+00,4.155479594207e+01,2.135854425223e-05,3.690101493027e-01,4.987757000735e-02,-1.747622342374e-06
"                 928",-4.418675817260e+00,4.150527889559e+01,2.310615681887e-05,-4.049662599420e+00,4.155515817881e+01,2.136701410577e-05,3.690132178397e-01,4.987928321865e-02,-1.739142713099e-06
"                 929",-4.418741608407e+00,4.150564297616e+01,2.310622517293e-05,-4.049725208674e+00,4.155552402957e+01,2.137661266800e-05,3.690163997332e-01,4.988105340936e-02,-1.729612504927e-06
"                 930",-4.418807082952e+00,4.150601107963e+01,2.310638030136e-05,-4.049787392985e+00,4.155589397100e+01,2.138210532488e-05,3.690196899668e-01,4.988289136731e-02,-1.724274976481e-06
"                 931",-4.418872357734e+00,4.150638337487e+01,2.310662693944e-05,-4.049849264782e+00,4.155626817177e+01,2.139124827526e-05,3.690230929523e-01,4.988479690601e-02,-1.715378664181e-06
"                 932",-4.418937600018e+00,4.150675966190e+01,2.310694945713e-05,-4.049910989509e+00,4.155664642881e+01,2.139850204978e-05,3.690266105092e-01,4.988676691300e-02,-1.708447407349e-06
"                 933",-4.419002406596e+00,4.150713867605e+01,2.310736288718e-05,-4.049972154003e+00,4.155702747237e+01,2.140697868028e-05,3.690302525927e-01,4.988879632352e-02,-1.700384206906e-06
"                 934",-4.419066633207e+00,4.150752016196e+01,2.310787330837e-05,-4.050032625293e+00,4.155741104985e+01,2.141410482648e-05,3.690340079138e-01,4.989088789168e-02,-1.693768481887e-06
"                 935",-4.419130446569e+00,4.150790513750e+01,2.310847206358e-05,-4.050092585576e+00,4.155779818479e+01,2.142134274876e-05,3.690378609927e-01,4.989304729193e-02,-1.687129314823e-06
"                 936",-4.419194079956e+00,4.150829464530e+01,2.310914568452e-05,-4.050152277008e+00,4.155818992407e+01,2.142757816375e-05,3.690418029478e-01,4.989527877277e-02,-1.681567520769e-06
"                 937",-4.419257609949e+00,4.150868858202e+01,2.310988234849e-05,-4.050211771007e+00,4.155858616017e+01,2.143303716339e-05,3.690458389418e-01,4.989757814790e-02,-1.676845185097e-06
"                 938",-4.419320933701e+00,4.150908550657e+01,2.311066823618e-05,-4.050270944629e+00,4.155898543705e+01,2.143780712996e-05,3.690499890711e-01,4.989993048066e-02,-1.672861106221e-06
"                 939",-4.419383877958e+00,4.150948354754e+01,2.311148894056e-05,-4.050329626653e+00,4.155938587598e+01,2.144195405552e-05,3.690542513057e-01,4.990232844448e-02,-1.669534885038e-06
"                 940",-4.419446393362e+00,4.150988392153e+01,2.311233163587e-05,-4.050387777166e+00,4.155978869561e+01,2.144567257857e-05,3.690586161961e-01,4.990477407765e-02,-1.666659057294e-06
"                 941",-4.419508529029e+00,4.151028873074e+01,2.311318054005e-05,-4.050445458828e+00,4.156019600164e+01,2.144919311319e-05,3.690630702003e-01,4.990727090091e-02,-1.663987426855e-06
"                 942",-4.419570426051e+00,4.151069876526e+01,2.311401831505e-05,-4.050502822882e+00,4.156060858749e+01,2.145269706376e-05,3.690676031685e-01,4.990982223058e-02,-1.661321251297e-06
"                 943",-4.419632125606e+00,4.151111295324e+01,2.311482827068e-05,-4.050559911769e+00,4.156102537590e+01,2.145622005772e-05,3.690722138369e-01,4.991242266180e-02,-1.658608212964e-06
"                 944",-4.419693608129e+00,4.151152907605e+01,2.311559581805e-05,-4.050616712263e+00,4.156144414054e+01,2.145974800546e-05,3.690768958654e-01,4.991506448671e-02,-1.655847812590e-06
"                 945",-4.419754929925e+00,4.151194720501e+01,2.311630180523e-05,-4.050673287191e+00,4.156186494748e+01,2.146328601398e-05,3.690816427337e-01,4.991774247327e-02,-1.653015791255e-06
"                 946",-4.419815500591e+00,4.151236890109e+01,2.311693926451e-05,-4.050729056644e+00,4.156228934807e+01,2.146671741004e-05,3.690864439472e-01,4.992044697356e-02,-1.650221854476e-06
"                 947",-4.419875669216e+00,4.151279388978e+01,2.311749122464e-05,-4.050784383743e+00,4.156271706313e+01,2.147004964772e-05,3.690912854726e-01,4.992317334739e-02,-1.647441576921e-06
"                 948",-4.419936190657e+00,4.151322184676e+01,2.311795010418e-05,-4.050840009777e+00,4.156314776572e+01,2.147325774705e-05,3.690961808797e-01,4.992591895958e-02,-1.644692357130e-06
"                 949",-4.419996066206e+00,4.151365270181e+01,2.311830860842e-05,-4.050894961436e+00,4.156358137847e+01,2.147666388906e-05,3.691011047707e-01,4.992867666643e-02,-1.641644719362e-06
"                 950",-4.420055339069e+00,4.151408479267e+01,2.311856058627e-05,-4.050949276641e+00,4.156401623407e+01,2.148055900411e-05,3.691060624288e-01,4.993144139458e-02,-1.638001582152e-06
"                 951",-4.420113874759e+00,4.151451907895e+01,2.311869807228e-05,-4.051002840249e+00,4.156445328174e+01,2.148500469704e-05,3.691110345102e-01,4.993420278664e-02,-1.633693375236e-06
"                 952",-4.420171749346e+00,4.151495640886e+01,2.311871746191e-05,-4.051055739300e+00,4.156489336031e+01,2.148999923287e-05,3.691160100463e-01,4.993695144617e-02,-1.628718229039e-06
"                 953",-4.420229127376e+00,4.151539653798e+01,2.311861749519e-05,-4.051108143243e+00,4.156533621693e+01,2.149558202298e-05,3.691209841327e-01,4.993967894967e-02,-1.623035472214e-06
"                 954",-4.420285981784e+00,4.151583946393e+01,2.311840068531e-05,-4.051160036904e+00,4.156578184234e+01,2.150164231174e-05,3.691259448799e-01,4.994237841289e-02,-1.616758373572e-06
"                 955",-4.420342198316e+00,4.151628512285e+01,2.311807250374e-05,-4.051211317027e+00,4.156623016727e+01,2.150782896818e-05,3.691308812887e-01,4.994504442026e-02,-1.610243535562e-06
"                 956",-4.420397710308e+00,4.151673304623e+01,2.311764564235e-05,-4.051261927566e+00,4.156668071897e+01,2.151395037609e-05,3.691357827424e-01,4.994767273257e-02,-1.603695266260e-06
"                 957",-4.420452507370e+00,4.151718270963e+01,2.311713683332e-05,-4.051311867572e+00,4.156713296784e+01,2.152012780621e-05,3.691406397980e-01,4.995025821014e-02,-1.597009027111e-06
"                 958",-4.420506570147e+00,4.151763376608e+01,2.311656200862e-05,-4.051361126451e+00,4.156758656110e+01,2.152651702712e-05,3.691454436963e-01,4.995279502671e-02,-1.590044981502e-06
"                 959",-4.420559873433e+00,4.151808613641e+01,2.311593781840e-05,-4.051409687654e+00,4.156804141308e+01,2.153342284281e-05,3.691501857787e-01,4.995527666702e-02,-1.582514975589e-06
"                 960",-4.420612385985e+00,4.151853981878e+01,2.311528288668e-05,-4.051457530379e+00,4.156849751602e+01,2.154108087832e-05,3.691548556066e-01,4.995769724509e-02,-1.574202008361e-06
"                 961",-4.420664079288e+00,4.151899447796e+01,2.311461592807e-05,-4.051504636453e+00,4.156895452900e+01,2.154957884884e-05,3.691594428351e-01,4.996005103556e-02,-1.565037079233e-06
"                 962",-4.420714928993e+00,4.151944980808e+01,2.311395593989e-05,-4.051550993894e+00,4.156941213982e+01,2.155882708769e-05,3.691639350992e-01,4.996233173674e-02,-1.555128852203e-06
"                 963",-4.420764898822e+00,4.151990567805e+01,2.311332222999e-05,-4.051596576493e+00,4.156987021101e+01,2.156872974717e-05,3.691683223285e-01,4.996453295815e-02,-1.544592482818e-06
"                 964",-4.420813936784e+00,4.152036199196e+01,2.311273261744e-05,-4.051641331862e+00,4.157032863710e+01,2.157915545730e-05,3.691726049220e-01,4.996664513161e-02,-1.533577160138e-06
"                 965",-4.420861947436e+00,4.152081840181e+01,2.311220359781e-05,-4.051685173428e+00,4.157078706439e+01,2.158995163989e-05,3.691767740074e-01,4.996866257550e-02,-1.522251957915e-06
"                 966",-4.420908946154e+00,4.152127473672e+01,2.311175436225e-05,-4.051728131955e+00,4.157124532248e+01,2.160113232584e-05,3.691808141993e-01,4.997058575121e-02,-1.510622036412e-06
"                 967",-4.420954972230e+00,4.152173096959e+01,2.311140179122e-05,-4.051770257718e+00,4.157170338159e+01,2.161260570195e-05,3.691847145114e-01,4.997241199210e-02,-1.498796089272e-06
"                 968",-4.421000052508e+00,4.152218663772e+01,2.311115700774e-05,-4.051811579167e+00,4.157216077213e+01,2.162437957880e-05,3.691884733408e-01,4.997413440802e-02,-1.486777428942e-06
"                 969",-4.421044152875e+00,4.152264069538e+01,2.311102836365e-05,-4.051852066547e+00,4.157261644205e+01,2.163600341351e-05,3.691920863287e-01,4.997574666654e-02,-1.475024950141e-06
"                 970",-4.421087180774e+00,4.152309313288e+01,2.311102021413e-05,-4.051891639249e+00,4.157307037953e+01,2.164878180385e-05,3.691955415249e-01,4.997724665238e-02,-1.462238410279e-06
"                 971",-4.421129098718e+00,4.152354425803e+01,2.311113730141e-05,-4.051930268716e+00,4.157352289051e+01,2.166079987936e-05,3.691988300020e-01,4.997863247834e-02,-1.450337422056e-06
"                 972",-4.421169932644e+00,4.152399382561e+01,2.311138523164e-05,-4.051967981288e+00,4.157397372136e+01,2.167492662128e-05,3.692019513556e-01,4.997989574902e-02,-1.436458610367e-06
"                 973",-4.421209654122e+00,4.152444082966e+01,2.311176929529e-05,-4.052004756028e+00,4.157442186032e+01,2.168866096809e-05,3.692048980938e-01,4.998103065974e-02,-1.423108327196e-06
"                 974",-4.421248314558e+00,4.152488430660e+01,2.311227607994e-05,-4.052040652027e+00,4.157486633931e+01,2.170326116053e-05,3.692076625313e-01,4.998203270839e-02,-1.409014919408e-06
"                 975",-4.421285908057e+00,4.152532388433e+01,2.311289414195e-05,-4.052075663892e+00,4.157530678040e+01,2.171826004187e-05,3.692102441646e-01,4.998289606933e-02,-1.394634100077e-06
"                 976",-4.421322381799e+00,4.152575938134e+01,2.311361643105e-05,-4.052109749289e+00,4.157574300926e+01,2.173319935966e-05,3.692126325095e-01,4.998362791758e-02,-1.380417071390e-06
"                 977",-4.421357785434e+00,4.152619101877e+01,2.311443408202e-05,-4.052142969216e+00,4.157617525371e+01,2.174778655965e-05,3.692148162177e-01,4.998423493463e-02,-1.366647522364e-06
"                 978",-4.421392177930e+00,4.152661870083e+01,2.311533909185e-05,-4.052175387778e+00,4.157660341919e+01,2.176263151811e-05,3.692167901518e-01,4.998471835675e-02,-1.352707573743e-06
"                 979",-4.421425607506e+00,4.152704171001e+01,2.311631708036e-05,-4.052207043822e+00,4.157702677926e+01,2.177697899795e-05,3.692185636845e-01,4.998506925166e-02,-1.339338082407e-06
"                 980",-4.421457991259e+00,4.152745860159e+01,2.311734408207e-05,-4.052237858412e+00,4.157744388304e+01,2.179197173431e-05,3.692201328471e-01,4.998528144392e-02,-1.325372347766e-06
"                 981",-4.421489315927e+00,4.152786868410e+01,2.311838774355e-05,-4.052267825442e+00,4.157785405028e+01,2.180596871935e-05,3.692214904851e-01,4.998536617722e-02,-1.312419024201e-06
"                 982",-4.421519641287e+00,4.152827206667e+01,2.311941840599e-05,-4.052297011309e+00,4.157825739451e+01,2.181937339985e-05,3.692226299779e-01,4.998532784017e-02,-1.300045006136e-06
"                 983",-4.421549030482e+00,4.152866890062e+01,2.312041486800e-05,-4.052325483492e+00,4.157865406756e+01,2.183223643721e-05,3.692235469899e-01,4.998516694875e-02,-1.288178430790e-06
"                 984",-4.421577505025e+00,4.152905858106e+01,2.312135741215e-05,-4.052353264792e+00,4.157904346146e+01,2.184501168703e-05,3.692242402324e-01,4.998488040120e-02,-1.276345725119e-06
"                 985",-4.421605063539e+00,4.152943990234e+01,2.312223299407e-05,-4.052380350088e+00,4.157942436846e+01,2.185749311550e-05,3.692247134511e-01,4.998446612332e-02,-1.264739878565e-06
"                 986",-4.421631697159e+00,4.152981187350e+01,2.312303033595e-05,-4.052406727592e+00,4.157979579705e+01,2.186934519569e-05,3.692249695674e-01,4.998392355013e-02,-1.253685140255e-06
"                 987",-4.421657408376e+00,4.153017390462e+01,2.312373234614e-05,-4.052432397498e+00,4.158015715765e+01,2.188085824532e-05,3.692250108788e-01,4.998325303481e-02,-1.242874100816e-06
"                 988",-4.421682200292e+00,4.153052599359e+01,2.312431932613e-05,-4.052457365206e+00,4.158050844993e+01,2.189208041645e-05,3.692248350864e-01,4.998245633986e-02,-1.232238909682e-06
"                 989",-4.421706081103e+00,4.153086817729e+01,2.312477586581e-05,-4.052481639568e+00,4.158084971139e+01,2.190249121031e-05,3.692244415346e-01,4.998153410427e-02,-1.222284655494e-06
"                 990",-4.421729078199e+00,4.153120000804e+01,2.312509117323e-05,-4.052505245139e+00,4.158118049522e+01,2.191253640204e-05,3.692238330598e-01,4.998048718354e-02,-1.212554771197e-06
"                 991",-4.421751219596e+00,4.153152060690e+01,2.312525870323e-05,-4.052528206929e+00,4.158149992349e+01,2.192216249024e-05,3.692230126663e-01,4.997931658807e-02,-1.203096212987e-06
"                 992",-4.421772541459e+00,4.153182934003e+01,2.312527648004e-05,-4.052550558036e+00,4.158180736397e+01,2.193145185687e-05,3.692219834231e-01,4.997802393810e-02,-1.193824623168e-06
"                 993",-4.421793065316e+00,4.153212593416e+01,2.312514675739e-05,-4.052572318046e+00,4.158210254752e+01,2.193980488926e-05,3.692207472698e-01,4.997661336255e-02,-1.185341868133e-06
"                 994",-4.421812798015e+00,4.153241021855e+01,2.312488180470e-05,-4.052593491503e+00,4.158238530440e+01,2.194795033331e-05,3.692193065121e-01,4.997508585107e-02,-1.176931471384e-06
"                 995",-4.421831743318e+00,4.153268195453e+01,2.312449389304e-05,-4.052614076944e+00,4.158265539844e+01,2.195561888791e-05,3.692176663736e-01,4.997344391353e-02,-1.168875005122e-06
"                 996",-4.421849919902e+00,4.153294080683e+01,2.312399741970e-05,-4.052634089118e+00,4.158291249737e+01,2.196288590567e-05,3.692158307841e-01,4.997169053897e-02,-1.161111514033e-06
"                 997",-4.421867351846e+00,4.153318639049e+01,2.312340805034e-05,-4.052653549015e+00,4.158315621890e+01,2.196989337852e-05,3.692138028318e-01,4.996982841110e-02,-1.153514671816e-06
"                 998",-4.421884059019e+00,4.153341836819e+01,2.312274112071e-05,-4.052672474049e+00,4.158338622752e+01,2.197636338018e-05,3.692115849700e-01,4.996785933394e-02,-1.146377740530e-06
"                 999",-4.421900047733e+00,4.153363654325e+01,2.312201482506e-05,-4.052690867091e+00,4.158360232883e+01,2.198290123053e-05,3.692091806421e-01,4.996578557789e-02,-1.139113594523e-06
"                1000",-4.421915319915e+00,4.153384088056e+01,2.312125201603e-05,-4.052708721169e+00,4.158380448954e+01,2.198796439686e-05,3.692065987461e-01,4.996360897225e-02,-1.133287619166e-06
