Time (s),PRESSURE_FORCE_X,PRESSURE_FORCE_Y,PRESSURE_FORCE_Z,TOTAL_FORCE_X,TOTAL_FORCE_Y,TOTAL_FORCE_Z,VISCOUS_FORCE_X,VISCOUS_FORCE_Y,VISCOUS_FORCE_Z
"                   1",8.404514251117e+00,-8.236492819748e+00,-8.914307017777e-05,8.456978298821e+00,-8.230803466288e+00,-8.942978862396e-05,5.246404770425e-02,5.689353459230e-03,-2.867184461886e-07
"                   2",3.294092313797e+00,-3.273305359569e+00,-2.936846660171e-05,3.307091973930e+00,-3.258216226509e+00,-3.083701841260e-05,1.299966013303e-02,1.508913306002e-02,-1.468551810890e-06
"                   3",-2.514836372833e+00,2.672965394788e+00,4.159010874965e-05,-2.521671373915e+00,2.695584133670e+00,3.749027694151e-05,-6.835001082015e-03,2.261873888120e-02,-4.099831808146e-06
"                   4",-4.054357351239e+00,4.070186855790e+00,5.032431591758e-05,-4.053840036446e+00,4.090953117435e+00,4.024255937799e-05,5.173147931560e-04,2.076626164539e-02,-1.008175653959e-05
"                   5",-1.342099452847e+00,1.077751796051e+00,6.808673560629e-06,-1.328017820552e+00,1.090235502310e+00,-1.613900665342e-06,1.408163229463e-02,1.248370625851e-02,-8.422574225971e-06
"                   6",1.539442140849e+00,-1.821777013441e+00,-2.943452942873e-05,1.561860331315e+00,-1.815225277651e+00,-3.814570277156e-05,2.241819046637e-02,6.551735789956e-03,-8.711173342835e-06
"                   7",2.681365252380e+00,-2.527234849301e+00,-2.313156603149e-05,2.699826020388e+00,-2.522460786847e+00,-3.017029409038e-05,1.846076800785e-02,4.774062454193e-03,-7.038728058895e-06
"                   8",1.396141351311e+00,-9.824451073845e-01,5.893228954106e-06,1.406890268358e+00,-9.758999645887e-01,-4.267477323948e-06,1.074891704679e-02,6.545142795861e-03,-1.016070627805e-05
"                   9",-2.775720795574e-01,5.936921848696e-01,2.264286229121e-05,-2.722381684823e-01,6.032242490557e-01,4.714365170069e-05,5.333911075006e-03,9.532064186059e-03,2.450078940947e-05
"                  10",-8.351758871533e-01,7.806872845569e-01,1.295538226578e-05,-8.313937056229e-01,7.928581121874e-01,3.425825127066e-05,3.782181530429e-03,1.217082763050e-02,2.130286900488e-05
"                  11",-3.709458704458e-01,1.439780535898e-02,-7.939394311969e-06,-3.647548931340e-01,2.512583261875e-02,-2.263065895569e-06,6.190977311787e-03,1.072802725978e-02,5.676328416400e-06
"                  12",3.627885533702e-01,-6.520261611709e-01,-1.543683072915e-05,3.694002853980e-01,-6.443216080882e-01,-6.468999668980e-06,6.611732027783e-03,7.704553082687e-03,8.967831060167e-06
"                  13",7.264081508378e-01,-7.035721646903e-01,-7.551274424163e-06,7.323597960265e-01,-6.984612409819e-01,2.148324164354e-05,5.951645188691e-03,5.110923708336e-03,2.903451606770e-05
"                  14",6.198607814478e-01,-3.666211893504e-01,4.713874473269e-06,6.254519007051e-01,-3.619545540536e-01,1.610702894041e-05,5.591119257268e-03,4.666635296763e-03,1.139315446714e-05
"                  15",2.903671461572e-01,-9.154728861863e-02,7.741088248074e-06,2.961056010518e-01,-8.625626402852e-02,1.315997586300e-05,5.738454894553e-03,5.291024590110e-03,5.418887614926e-06
"                  16",5.137742602089e-02,-7.900239904884e-02,2.620482739469e-06,5.666461297773e-02,-7.316119141568e-02,3.729818651102e-06,5.287186956841e-03,5.841207633153e-03,1.109335911633e-06
"                  17",4.626919739060e-02,-2.148493529753e-01,-2.534363189350e-06,5.040460094639e-02,-2.096025171896e-01,8.027433489101e-06,4.135403555785e-03,5.246835785784e-03,1.056179667845e-05
"                  18",2.157675824524e-01,-3.268449618637e-01,-2.612141094211e-06,2.186174622650e-01,-3.227870097444e-01,1.999474602658e-05,2.849879812634e-03,4.057952119297e-03,2.260688712079e-05
"                  19",3.847560178012e-01,-3.461529535122e-01,8.496889017950e-07,3.870572034383e-01,-3.428800624884e-01,2.294513244664e-05,2.301185637040e-03,3.272891023825e-03,2.209544354484e-05
"                  20",4.260967752515e-01,-3.103110924906e-01,2.882377260407e-06,4.287520584511e-01,-3.070898740317e-01,1.731952102046e-05,2.655283199522e-03,3.221218458886e-03,1.443714376005e-05
"                  21",3.456423123814e-01,-2.755386124203e-01,1.499682967614e-06,3.487939805616e-01,-2.722221135682e-01,8.207718953746e-06,3.151668180195e-03,3.316498852072e-03,6.708035986132e-06
"                  22",2.393483554580e-01,-2.575143240025e-01,-1.087620615237e-06,2.424187744755e-01,-2.544875593386e-01,2.392871680336e-06,3.070419017555e-03,3.026764663887e-03,3.480492295573e-06
"                  23",1.986778310109e-01,-2.505190444257e-01,-2.072920200338e-06,2.010803022854e-01,-2.481698571372e-01,5.230559739705e-06,2.402471274474e-03,2.349187288485e-03,7.303479940043e-06
"                  24",2.350716543412e-01,-2.502872885908e-01,-9.595732901062e-07,2.368434501142e-01,-2.484348147579e-01,1.088049678091e-05,1.771795773007e-03,1.852473832954e-03,1.184007007101e-05
"                  25",2.919532928022e-01,-2.565423870079e-01,5.944556221232e-07,2.935415711117e-01,-2.547597897028e-01,1.343986728988e-05,1.588278309468e-03,1.782597305099e-03,1.284541166776e-05
"                  26",3.175645402652e-01,-2.677484011455e-01,8.768023464231e-07,3.193016461630e-01,-2.657773017609e-01,1.090735055237e-05,1.737105897784e-03,1.971099384652e-03,1.003054820595e-05
"                  27",3.028837382914e-01,-2.738161946200e-01,-9.101887216277e-08,3.047042611590e-01,-2.718123661861e-01,5.859253182510e-06,1.820522867628e-03,2.003828433807e-03,5.950272054673e-06
"                  28",2.712071551777e-01,-2.638091413664e-01,-1.056016976186e-06,2.728359957429e-01,-2.620678833130e-01,2.545035592575e-06,1.628840565256e-03,1.741258053360e-03,3.601052568761e-06
"                  29",2.487389933780e-01,-2.408182957341e-01,-1.164157675902e-06,2.500866493956e-01,-2.393611152535e-01,1.604965690505e-06,1.347656017572e-03,1.457180480545e-03,2.769123366407e-06
"                  30",2.378083689142e-01,-2.146480692221e-01,-6.091762079554e-07,2.389676291776e-01,-2.133530346855e-01,2.299615775473e-06,1.159260263410e-03,1.295034536583e-03,2.908791983429e-06
"                  31",2.280831305002e-01,-1.949211541640e-01,-1.548807985113e-07,2.291954737601e-01,-1.936491372265e-01,3.015004017085e-06,1.112343259891e-03,1.272016937429e-03,3.169884815596e-06
"                  32",2.173113143266e-01,-1.872789510181e-01,-1.620740151206e-07,2.184387521144e-01,-1.859797789225e-01,2.504851210483e-06,1.127437787786e-03,1.299172095624e-03,2.666925225604e-06
"                  33",2.098582827113e-01,-1.875431139296e-01,-3.754663476094e-07,2.109771969590e-01,-1.862515605961e-01,1.178382414793e-06,1.118914247741e-03,1.291553333537e-03,1.553848762402e-06
"                  34",2.068366631636e-01,-1.860755236236e-01,-4.168336659142e-07,2.079277186579e-01,-1.848015673950e-01,-2.658735959382e-07,1.091055494284e-03,1.273956228638e-03,1.509600699760e-07
"                  35",2.007427484773e-01,-1.746891889293e-01,-1.933708601997e-07,2.018254706370e-01,-1.733972597460e-01,-1.468571616736e-06,1.082722159712e-03,1.291929183275e-03,-1.275200756536e-06
"                  36",1.856430022443e-01,-1.543323120854e-01,7.441606077293e-08,1.867629332062e-01,-1.529723224586e-01,-2.110788059913e-06,1.119930961929e-03,1.359989626837e-03,-2.185204120686e-06
"                  37",1.630720026006e-01,-1.318936087264e-01,1.852826025179e-07,1.642417221624e-01,-1.304575048013e-01,-2.470360090487e-06,1.169719561725e-03,1.436103925110e-03,-2.655642693005e-06
"                  38",1.406857662702e-01,-1.139611084819e-01,1.061345095541e-07,1.418863707060e-01,-1.124789508518e-01,-2.217058109333e-06,1.200604435768e-03,1.482157630048e-03,-2.323192618887e-06
"                  39",1.244180577152e-01,-1.017172514596e-01,6.380598454395e-09,1.256379953608e-01,-1.001854267427e-01,-1.617808185375e-06,1.219937645606e-03,1.531824716935e-03,-1.624188783829e-06
"                  40",1.138592446432e-01,-9.175358969237e-02,-5.911316096627e-10,1.151163851904e-01,-9.013627307631e-02,-1.227528439758e-06,1.257140547241e-03,1.617316616060e-03,-1.226937308149e-06
"                  41",1.027864205501e-01,-7.943140422197e-02,6.347828999131e-08,1.041362189204e-01,-7.771057322082e-02,-1.130910855986e-06,1.349798370345e-03,1.720831001158e-03,-1.194389145977e-06
"                  42",8.819219505650e-02,-6.447292722713e-02,1.068390537576e-07,8.965526227324e-02,-6.263620798915e-02,-1.174943102312e-06,1.463067216746e-03,1.836719237982e-03,-1.281782156069e-06
"                  43",7.230196052199e-02,-5.007638231243e-02,1.002650069725e-07,7.385152297569e-02,-4.811666376745e-02,-1.877180551297e-06,1.549562453693e-03,1.959718544981e-03,-1.977445558270e-06
"                  44",5.696563408801e-02,-3.702770966502e-02,5.970838512109e-08,5.856858513758e-02,-3.497806879963e-02,-3.866661344887e-06,1.602951049571e-03,2.049640865386e-03,-3.926369730008e-06
"                  45",4.226308643377e-02,-2.402615413902e-02,3.060957937348e-08,4.390705133635e-02,-2.191796825271e-02,-6.848947406348e-06,1.643964902581e-03,2.108185886309e-03,-6.879556985722e-06
"                  46",2.693092906407e-02,-9.983376907980e-03,2.790044226777e-09,2.862792772296e-02,-7.808995299178e-03,-9.005916010060e-06,1.696998658891e-03,2.174381608802e-03,-9.008706054287e-06
"                  47",1.055878829671e-02,4.370864260495e-03,-2.616470581083e-08,1.230720607879e-02,6.621776619956e-03,-1.042585981409e-05,1.748417782082e-03,2.250912359461e-03,-1.039969510828e-05
"                  48",-4.038580848587e-03,1.622787215268e-02,-9.827395776972e-08,-2.238907590638e-03,1.855180534229e-02,-1.163627740722e-05,1.799673257949e-03,2.323933189607e-03,-1.153800344945e-05
"                  49",-1.480310265970e-02,2.453843995530e-02,-1.422098359670e-07,-1.295707614279e-02,2.693711872512e-02,-1.208096466175e-05,1.846026516909e-03,2.398678769820e-03,-1.193875482578e-05
"                  50",-2.189888087116e-02,3.071189298503e-02,-1.735603891076e-07,-2.000943432799e-02,3.319886974697e-02,-1.189558331408e-05,1.889446543174e-03,2.486976761945e-03,-1.172202292498e-05
"                  51",-2.859201339294e-02,3.753998037824e-02,-2.066555582003e-07,-2.667647301281e-02,4.012351859478e-02,-1.055309723620e-05,1.915540380133e-03,2.583538216541e-03,-1.034644167800e-05
"                  52",-3.847615623948e-02,4.682949051843e-02,-2.472745021626e-07,-3.654589043159e-02,4.951938663863e-02,-8.384385413871e-06,1.930265807893e-03,2.689896120201e-03,-8.137110911708e-06
"                  53",-5.219551376587e-02,5.785166657693e-02,-3.083415676510e-07,-5.024070610312e-02,6.066131060646e-02,-5.681858407590e-06,1.954807662751e-03,2.809644029528e-03,-5.373516839939e-06
"                  54",-6.607936709908e-02,6.808962089573e-02,-3.531284882027e-07,-6.408596119977e-02,7.102206314433e-02,-4.893875639618e-06,1.993405899304e-03,2.932442248596e-03,-4.540747151416e-06
"                  55",-7.646399609712e-02,7.581634429029e-02,-3.969366909382e-07,-7.441098581533e-02,7.886732785470e-02,-5.380869948891e-06,2.053010281791e-03,3.050983564402e-03,-4.983933257953e-06
"                  56",-8.208318691654e-02,8.074009912837e-02,-3.973365710449e-07,-7.994676998641e-02,8.390802277400e-02,-6.306941468203e-06,2.136416930136e-03,3.167923645628e-03,-5.909604897158e-06
"                  57",-8.541161590558e-02,8.434078883484e-02,-4.157195441876e-07,-8.317384238943e-02,8.762472955579e-02,-6.677787432608e-06,2.237773516151e-03,3.283940720942e-03,-6.262067888420e-06
"                  58",-8.947133291439e-02,8.802012673877e-02,-4.303747678251e-07,-8.713117107806e-02,9.142034056688e-02,-6.460756348890e-06,2.340161836330e-03,3.400213828110e-03,-6.030381581065e-06
"                  59",-9.566067772357e-02,9.236152442328e-02,-4.954190950230e-07,-9.323086816761e-02,9.587572869737e-02,-5.933159898462e-06,2.429809555955e-03,3.514204274091e-03,-5.437740803439e-06
"                  60",-1.028445364526e-01,9.675523185597e-02,-5.668672654024e-07,-1.003432233839e-01,1.003799548086e-01,-5.635726139387e-06,2.501313068724e-03,3.624722952664e-03,-5.068858873985e-06
"                  61",-1.089309725913e-01,1.003463839848e-01,-6.296067766663e-07,-1.063709756878e-01,1.040742220936e-01,-5.783665429790e-06,2.559996903480e-03,3.727838108821e-03,-5.154058653124e-06
"                  62",-1.123321680402e-01,1.025668637435e-01,-6.609491533783e-07,-1.097177155752e-01,1.063898595616e-01,-6.386524529628e-06,2.614452465008e-03,3.822995818093e-03,-5.725575376250e-06
"                  63",-1.136078434349e-01,1.038895247024e-01,-6.615061322694e-07,-1.109372254609e-01,1.077995473745e-01,-7.392588424422e-06,2.670617973984e-03,3.910022672113e-03,-6.731082292153e-06
"                  64",-1.148062784353e-01,1.053307313778e-01,-6.427688425376e-07,-1.120780977562e-01,1.093214283741e-01,-8.208030089803e-06,2.728180679132e-03,3.990696996343e-03,-7.565261247265e-06
"                  65",-1.173951507012e-01,1.074327059772e-01,-5.922442188955e-07,-1.146169048264e-01,1.114931838427e-01,-9.093077570368e-06,2.778245874799e-03,4.060477865538e-03,-8.500833351472e-06
"                  66",-1.213797902750e-01,1.100559331091e-01,-5.454276895564e-07,-1.185645776449e-01,1.141704617211e-01,-9.200655481904e-06,2.815212630075e-03,4.114528611943e-03,-8.655227792347e-06
"                  67",-1.256634719720e-01,1.126314904048e-01,-5.245709051153e-07,-1.228275429448e-01,1.167857882468e-01,-8.662237909389e-06,2.835929027183e-03,4.154297842010e-03,-8.137667004273e-06
"                  68",-1.290542559359e-01,1.146569286251e-01,-5.206620369219e-07,-1.262094015178e-01,1.188373802593e-01,-7.871703089727e-06,2.844854418090e-03,4.180451634258e-03,-7.351041052805e-06
"                  69",-1.309864614932e-01,1.159209745296e-01,-5.183955594759e-07,-1.281410411973e-01,1.201170330007e-01,-6.943576332968e-06,2.845420295839e-03,4.196058471082e-03,-6.425180773492e-06
"                  70",-1.319206756202e-01,1.167423411275e-01,-5.141422712270e-07,-1.290834446602e-01,1.209446040466e-01,-6.415399056026e-06,2.837230959999e-03,4.202262919149e-03,-5.901256784799e-06
"                  71",-1.329622645400e-01,1.177303081790e-01,-5.141728900645e-07,-1.301388862538e-01,1.219311537610e-01,-6.341117459401e-06,2.823378286182e-03,4.200845581979e-03,-5.826944569337e-06
"                  72",-1.349069658057e-01,1.192472950684e-01,-5.280928846129e-07,-1.320993552666e-01,1.234404462930e-01,-6.524703507591e-06,2.807610539127e-03,4.193151224624e-03,-5.996610622978e-06
"                  73",-1.377598147865e-01,1.212286277471e-01,-5.489872909632e-07,-1.349690057915e-01,1.254110186851e-01,-6.060049226091e-06,2.790808994952e-03,4.182390937958e-03,-5.511061935128e-06
"                  74",-1.408863896832e-01,1.232777515548e-01,-5.594961290625e-07,-1.381089374448e-01,1.274529199392e-01,-5.191607938043e-06,2.777452238356e-03,4.175168384400e-03,-4.632111808980e-06
"                  75",-1.436049093737e-01,1.250312780598e-01,-5.684642199120e-07,-1.408337624120e-01,1.292107986816e-01,-4.457266279772e-06,2.771146961691e-03,4.179520621849e-03,-3.888802059860e-06
"                  76",-1.457947629140e-01,1.264945440227e-01,-5.760142855809e-07,-1.430252976286e-01,1.306862086459e-01,-4.934177100719e-06,2.769465285386e-03,4.191664623203e-03,-4.358162815138e-06
"                  77",-1.479091217553e-01,1.280148585388e-01,-5.799413041816e-07,-1.451379175531e-01,1.322251230541e-01,-5.781917130342e-06,2.771204202204e-03,4.210264515233e-03,-5.201975826160e-06
"                  78",-1.504699966388e-01,1.299256928666e-01,-5.848067225058e-07,-1.476959220446e-01,1.341592672182e-01,-6.186456792380e-06,2.774074594190e-03,4.233574351639e-03,-5.601650069874e-06
"                  79",-1.535088515924e-01,1.321883966780e-01,-5.904721010662e-07,-1.507324279592e-01,1.364441010068e-01,-6.168856293750e-06,2.776423633172e-03,4.255704328858e-03,-5.578384192684e-06
"                  80",-1.568482639916e-01,1.346519643925e-01,-5.951591396929e-07,-1.540726721665e-01,1.389220365504e-01,-6.246851832597e-06,2.775591825134e-03,4.270072157946e-03,-5.651692692904e-06
"                  81",-1.601026560256e-01,1.370395040228e-01,-5.984009006929e-07,-1.573310062391e-01,1.413143488186e-01,-6.089954619775e-06,2.771649786543e-03,4.274844795798e-03,-5.491553719082e-06
"                  82",-1.629376980854e-01,1.390999823891e-01,-5.995239998575e-07,-1.601688024370e-01,1.433743464935e-01,-5.688503216174e-06,2.768895648353e-03,4.274364104352e-03,-5.088979216317e-06
"                  83",-1.653354005620e-01,1.408204209759e-01,-5.994458455327e-07,-1.625660622598e-01,1.450944678175e-01,-5.362351072027e-06,2.769338302205e-03,4.274046841574e-03,-4.762905226494e-06
"                  84",-1.674212981451e-01,1.422967339995e-01,-5.979825349675e-07,-1.646483042438e-01,1.465714575342e-01,-5.228951028648e-06,2.772993901276e-03,4.274723534706e-03,-4.630968493681e-06
"                  85",-1.694842710706e-01,1.437502311676e-01,-5.957508823125e-07,-1.667045762792e-01,1.480284016117e-01,-4.801828764415e-06,2.779694791476e-03,4.278170444067e-03,-4.206077882102e-06
"                  86",-1.717307008580e-01,1.453469126269e-01,-5.934773798488e-07,-1.689402267754e-01,1.496321941774e-01,-4.054042980577e-06,2.790474082646e-03,4.285281550477e-03,-3.460565600729e-06
"                  87",-1.741504498917e-01,1.470892421920e-01,-5.919503276202e-07,-1.713432606311e-01,1.513857603711e-01,-2.816033338816e-06,2.807189260631e-03,4.296518179139e-03,-2.224083011196e-06
"                  88",-1.766969961163e-01,1.489257325555e-01,-5.951631105487e-07,-1.738687970659e-01,1.532367233076e-01,-2.131531884953e-06,2.828199050323e-03,4.310990752111e-03,-1.536368774405e-06
"                  89",-1.790079569389e-01,1.505669495468e-01,-6.004923798301e-07,-1.761574309849e-01,1.548940338139e-01,-1.466919868805e-06,2.850525954024e-03,4.327084267155e-03,-8.664274889746e-07
"                  90",-1.808507471963e-01,1.518295845083e-01,-6.046968410875e-07,-1.779801045674e-01,1.561683367913e-01,-1.088991230798e-06,2.870642628950e-03,4.338752283017e-03,-4.842943897106e-07
"                  91",-1.821949250720e-01,1.527203091337e-01,-6.065563627599e-07,-1.793104801205e-01,1.570621158765e-01,-1.276161272949e-06,2.884444951491e-03,4.341806742729e-03,-6.696049101895e-07
"                  92",-1.828879955626e-01,1.531363431057e-01,-6.089758888078e-07,-1.799951337178e-01,1.574722161473e-01,-1.542445672564e-06,2.892861844734e-03,4.335873041641e-03,-9.334697837561e-07
"                  93",-1.827976651287e-01,1.529625183796e-01,-6.129377040280e-07,-1.798984033229e-01,1.572896780293e-01,-1.874346988577e-06,2.899261805780e-03,4.327159649670e-03,-1.261409284549e-06
"                  94",-1.818918044583e-01,1.521249613300e-01,-6.165441189110e-07,-1.789872686816e-01,1.564427859675e-01,-2.352887729051e-06,2.904535776742e-03,4.317824637477e-03,-1.736343610140e-06
"                  95",-1.802560247989e-01,1.506569858730e-01,-6.191096407606e-07,-1.773478426031e-01,1.549656350750e-01,-2.564477549057e-06,2.908182195722e-03,4.308649201997e-03,-1.945367908297e-06
"                  96",-1.781399947635e-01,1.487706768807e-01,-6.196510772459e-07,-1.752300307131e-01,1.530722129443e-01,-2.452440651859e-06,2.909964050417e-03,4.301536063637e-03,-1.832789574613e-06
"                  97",-1.758473740803e-01,1.467563409230e-01,-6.176075142374e-07,-1.729367977975e-01,1.510545603227e-01,-2.322670284490e-06,2.910576282768e-03,4.298219399779e-03,-1.705062770253e-06
"                  98",-1.736603941150e-01,1.448680650503e-01,-6.178790811044e-07,-1.707491581961e-01,1.491669088855e-01,-2.221927572817e-06,2.911235918887e-03,4.298843835158e-03,-1.604048491712e-06
"                  99",-1.717688375628e-01,1.432595464747e-01,-6.223262969518e-07,-1.688559017970e-01,1.475612994868e-01,-2.025821382746e-06,2.912935765839e-03,4.301753012157e-03,-1.403495085794e-06
"                 100",-1.702442927695e-01,1.419774174979e-01,-6.280150095136e-07,-1.673285673042e-01,1.462831635280e-01,-1.823306556835e-06,2.915725465271e-03,4.305746030157e-03,-1.195291547321e-06
"                 101",-1.690740370807e-01,1.409915313354e-01,-6.335935712375e-07,-1.661542250672e-01,1.453025188011e-01,-1.549549673543e-06,2.919812013488e-03,4.310987465706e-03,-9.159561023056e-07
"                 102",-1.682420581265e-01,1.402872786761e-01,-6.386532543071e-07,-1.653175303042e-01,1.446037247109e-01,-1.084339396936e-06,2.924527822315e-03,4.316446034808e-03,-4.456861426293e-07
"                 103",-1.677181139298e-01,1.398466008802e-01,-6.433246552729e-07,-1.647876895426e-01,1.441684214839e-01,-6.286514077913e-07,2.930424387205e-03,4.321820603629e-03,1.467324748157e-08
"                 104",-1.674205194923e-01,1.396072708282e-01,-6.479227213426e-07,-1.644826851687e-01,1.439352245101e-01,-4.316701510022e-07,2.937834323602e-03,4.327953681953e-03,2.162525703404e-07
"                 105",-1.672501655541e-01,1.394875896172e-01,-6.520368215097e-07,-1.643035262176e-01,1.438243069550e-01,-2.573341764707e-07,2.946639336426e-03,4.336717337876e-03,3.947026450390e-07
"                 106",-1.671707602925e-01,1.394425435244e-01,-6.550287959816e-07,-1.642155153981e-01,1.437913931845e-01,-1.178272089195e-07,2.955244894420e-03,4.348849660037e-03,5.372015870621e-07
"                 107",-1.671787348398e-01,1.394537969705e-01,-6.565741958381e-07,-1.642151631467e-01,1.438153429734e-01,-1.938619819094e-07,2.963571693142e-03,4.361546002851e-03,4.627122139287e-07
"                 108",-1.672389042737e-01,1.394856209096e-01,-6.568149013044e-07,-1.642674283500e-01,1.438587909486e-01,-2.821600281046e-07,2.971475923726e-03,4.373170039057e-03,3.746548731998e-07
"                 109",-1.673194587620e-01,1.395166467041e-01,-6.558818032347e-07,-1.643401958650e-01,1.439010618101e-01,-2.789009778455e-07,2.979262897094e-03,4.384415106039e-03,3.769808253892e-07
"                 110",-1.673752486204e-01,1.395235561668e-01,-6.538518537312e-07,-1.643881360656e-01,1.439186137070e-01,-1.265235054632e-07,2.987112554787e-03,4.395057540216e-03,5.273283482680e-07
"                 111",-1.674230935441e-01,1.395291710992e-01,-6.503400007070e-07,-1.644283101715e-01,1.439353109761e-01,2.782244612376e-07,2.994783372568e-03,4.406139876818e-03,9.285644619446e-07
"                 112",-1.675271204491e-01,1.395830044454e-01,-6.450654698840e-07,-1.645247030628e-01,1.439992364338e-01,6.379427227483e-07,3.002417386355e-03,4.416231988421e-03,1.283008192632e-06
"                 113",-1.677157552244e-01,1.396978308089e-01,-6.388916975603e-07,-1.647053449936e-01,1.441239081267e-01,1.099374270004e-06,3.010410230754e-03,4.426077317836e-03,1.738265967565e-06
"                 114",-1.679514092192e-01,1.398357742256e-01,-6.338296428714e-07,-1.649334707242e-01,1.442704547371e-01,1.314659618096e-06,3.017938494984e-03,4.434680511511e-03,1.948489260967e-06
"                 115",-1.681349691414e-01,1.399224304794e-01,-6.309506437674e-07,-1.651097083233e-01,1.443659623008e-01,1.362757269913e-06,3.025260818140e-03,4.443531821332e-03,1.993707913680e-06
"                 116",-1.682116767784e-01,1.399238485346e-01,-6.309675337344e-07,-1.651784345565e-01,1.443768656329e-01,1.234306493869e-06,3.033242221970e-03,4.453017098300e-03,1.865274027603e-06
"                 117",-1.682280568968e-01,1.398792116860e-01,-6.335858516676e-07,-1.651864453274e-01,1.443435311857e-01,1.077278664526e-06,3.041611569414e-03,4.464319499685e-03,1.710864516194e-06
"                 118",-1.682382221005e-01,1.398294383318e-01,-6.365639240249e-07,-1.651878391646e-01,1.443055464383e-01,9.943400774144e-07,3.050382935871e-03,4.476108106592e-03,1.630904001439e-06
"                 119",-1.682914070745e-01,1.398135212206e-01,-6.381060052423e-07,-1.652323884023e-01,1.443021995086e-01,1.066068976257e-06,3.059018672175e-03,4.488678287998e-03,1.704174981499e-06
"                 120",-1.684093199903e-01,1.398512512740e-01,-6.388201455538e-07,-1.653421657114e-01,1.443529739887e-01,1.240600600831e-06,3.067154278880e-03,4.501722714760e-03,1.879420746385e-06
"                 121",-1.685988045132e-01,1.399507971797e-01,-6.398787261926e-07,-1.655241762542e-01,1.444651639542e-01,1.430536284626e-06,3.074628259045e-03,4.514366774438e-03,2.070415010819e-06
"                 122",-1.688733444991e-01,1.401247688789e-01,-6.405698985273e-07,-1.657923608919e-01,1.446512687316e-01,1.488901145906e-06,3.080983607240e-03,4.526499852692e-03,2.129471044433e-06
"                 123",-1.692156842041e-01,1.403602007441e-01,-6.405049194966e-07,-1.661289869741e-01,1.448980356014e-01,1.386020749682e-06,3.086697229983e-03,4.537834857297e-03,2.026525669179e-06
"                 124",-1.696193430261e-01,1.406521653689e-01,-6.398586226208e-07,-1.665276189506e-01,1.452006503795e-01,1.235971884621e-06,3.091724075461e-03,4.548485010597e-03,1.875830507242e-06
"                 125",-1.700832967130e-01,1.410003980057e-01,-6.388751223562e-07,-1.669869232026e-01,1.455588210312e-01,1.181524212653e-06,3.096373510398e-03,4.558423025570e-03,1.820399335009e-06
"                 126",-1.706162219279e-01,1.414116608508e-01,-6.377591231851e-07,-1.675154290088e-01,1.459792281507e-01,1.226144932009e-06,3.100792919045e-03,4.567567299905e-03,1.863904055194e-06
"                 127",-1.711891204973e-01,1.418596642363e-01,-6.367992887557e-07,-1.680840417123e-01,1.464354918667e-01,1.373865162559e-06,3.105078784916e-03,4.575827630427e-03,2.010664451314e-06
"                 128",-1.717577869887e-01,1.423030681029e-01,-6.359007297589e-07,-1.686487675995e-01,1.468861913149e-01,1.565881136242e-06,3.109019389245e-03,4.583123212054e-03,2.201781866001e-06
"                 129",-1.722802398015e-01,1.427070062109e-01,-6.346461738824e-07,-1.691678708460e-01,1.472965553045e-01,1.799732667815e-06,3.112368955459e-03,4.589549093546e-03,2.434378841697e-06
"                 130",-1.727386024209e-01,1.430595433602e-01,-6.328999714757e-07,-1.696230669917e-01,1.476551211555e-01,2.018303139512e-06,3.115535429127e-03,4.595577795313e-03,2.651203110988e-06
"                 131",-1.731479065125e-01,1.433763029100e-01,-6.308121601248e-07,-1.700285322226e-01,1.479782243200e-01,2.186254147972e-06,3.119374289939e-03,4.601921410080e-03,2.817066308097e-06
"                 132",-1.735537071820e-01,1.436923929500e-01,-6.287488048773e-07,-1.704296057553e-01,1.483015122573e-01,2.283392252877e-06,3.124101426724e-03,4.609119307296e-03,2.912141057755e-06
"                 133",-1.739558013022e-01,1.440001036933e-01,-6.271302940013e-07,-1.708261870773e-01,1.486174106698e-01,2.270357748087e-06,3.129614224840e-03,4.617306976514e-03,2.897488042089e-06
"                 134",-1.743204401784e-01,1.442662905370e-01,-6.261860963288e-07,-1.711853416055e-01,1.488919266437e-01,2.256998216414e-06,3.135098572931e-03,4.625636106722e-03,2.883184312743e-06
"                 135",-1.746347160913e-01,1.444850353085e-01,-6.258801532512e-07,-1.714948551352e-01,1.491183624718e-01,2.288737454229e-06,3.139860956040e-03,4.633327163377e-03,2.914617607480e-06
"                 136",-1.749077006595e-01,1.446748354705e-01,-6.259421356715e-07,-1.717639366848e-01,1.493150352485e-01,2.352263405683e-06,3.143763974655e-03,4.640199778015e-03,2.978205541355e-06
"                 137",-1.751872387630e-01,1.448817739067e-01,-6.263263919619e-07,-1.720403855866e-01,1.495279647367e-01,2.449454535884e-06,3.146853176378e-03,4.646190829969e-03,3.075780927846e-06
"                 138",-1.754995523305e-01,1.451256985316e-01,-6.270959014429e-07,-1.723499626258e-01,1.497774923497e-01,2.525517313483e-06,3.149589704708e-03,4.651793818161e-03,3.152613214925e-06
"                 139",-1.758338278138e-01,1.453886004213e-01,-6.282069558863e-07,-1.726815852269e-01,1.500458401541e-01,2.563776259342e-06,3.152242586938e-03,4.657239732740e-03,3.191983215229e-06
"                 140",-1.761339037686e-01,1.456149609429e-01,-6.294851167791e-07,-1.729792637150e-01,1.502774257316e-01,2.565980379799e-06,3.154640053647e-03,4.662464788754e-03,3.195465496578e-06
"                 141",-1.763845028133e-01,1.457921363207e-01,-6.308941360522e-07,-1.732276782144e-01,1.504592794216e-01,2.599710818333e-06,3.156824598952e-03,4.667143100967e-03,3.230604954385e-06
"                 142",-1.765998242927e-01,1.459392089923e-01,-6.323784599912e-07,-1.734411684067e-01,1.506108355985e-01,2.699277480322e-06,3.158655886012e-03,4.671626606143e-03,3.331655940313e-06
"                 143",-1.768086791672e-01,1.460872189221e-01,-6.337031082634e-07,-1.736479051757e-01,1.507634640394e-01,2.869268989588e-06,3.160773991526e-03,4.676245117304e-03,3.502972097852e-06
"                 144",-1.770433035443e-01,1.462642236388e-01,-6.346685249509e-07,-1.738798878196e-01,1.509454712779e-01,3.017779200733e-06,3.163415724778e-03,4.681247639107e-03,3.652447725684e-06
"                 145",-1.773140409581e-01,1.464757203448e-01,-6.352337567944e-07,-1.741475456815e-01,1.511621462322e-01,3.003001478351e-06,3.166495276564e-03,4.686425887387e-03,3.638235235145e-06
"                 146",-1.775777294472e-01,1.466798500389e-01,-6.356491194112e-07,-1.744079310583e-01,1.513716486204e-01,2.844626306157e-06,3.169798388921e-03,4.691798581541e-03,3.480275425568e-06
"                 147",-1.777963361306e-01,1.468410586046e-01,-6.360920353307e-07,-1.746237144694e-01,1.515377264143e-01,2.619436861347e-06,3.172621661202e-03,4.696667809721e-03,3.255528896678e-06
"                 148",-1.779742635040e-01,1.469673669578e-01,-6.367096902718e-07,-1.748003467982e-01,1.516673603003e-01,2.357288660404e-06,3.173916705868e-03,4.699993342541e-03,2.993998350676e-06
"                 149",-1.781626979092e-01,1.471135402618e-01,-6.375751879711e-07,-1.749885810657e-01,1.518154680383e-01,2.209010641809e-06,3.174116843468e-03,4.701927776454e-03,2.846585829780e-06
"                 150",-1.784272538471e-01,1.473361474336e-01,-6.384876644711e-07,-1.752535865657e-01,1.520391234501e-01,2.171976487759e-06,3.173667281430e-03,4.702976016546e-03,2.810464152230e-06
"                 151",-1.787169457230e-01,1.475816134310e-01,-6.393637279980e-07,-1.755439549451e-01,1.522851339567e-01,2.305345547533e-06,3.172990777909e-03,4.703520525743e-03,2.944709275531e-06
"                 152",-1.789897517072e-01,1.478077991441e-01,-6.398819805817e-07,-1.758183788378e-01,1.525111318672e-01,2.444163662310e-06,3.171372869371e-03,4.703332723084e-03,3.084045642892e-06
"                 153",-1.792439429388e-01,1.480149482907e-01,-6.397667442324e-07,-1.760753712283e-01,1.527170162511e-01,2.477895929794e-06,3.168571710558e-03,4.702067960440e-03,3.117662674026e-06
"                 154",-1.795162188880e-01,1.482421368486e-01,-6.391341704452e-07,-1.763509972790e-01,1.529419278127e-01,2.370365507555e-06,3.165221609023e-03,4.699790964170e-03,3.009499678000e-06
"                 155",-1.798555524417e-01,1.485332765488e-01,-6.381436883259e-07,-1.766941627193e-01,1.532300551040e-01,2.292780963344e-06,3.161389722363e-03,4.696778555138e-03,2.930924651670e-06
"                 156",-1.802356577815e-01,1.488632182189e-01,-6.369751832165e-07,-1.770782076534e-01,1.535564893083e-01,2.278165028227e-06,3.157450128062e-03,4.693271089425e-03,2.915140211443e-06
"                 157",-1.806202420552e-01,1.491952031624e-01,-6.359078081474e-07,-1.774658382620e-01,1.538852203593e-01,2.276120534406e-06,3.154403793141e-03,4.690017196852e-03,2.912028342553e-06
"                 158",-1.810132046901e-01,1.495282825139e-01,-6.349783043529e-07,-1.778615655056e-01,1.542153133454e-01,2.398776211696e-06,3.151639184485e-03,4.687030831544e-03,3.033754516049e-06
"                 159",-1.813958372891e-01,1.498466806106e-01,-6.342771974734e-07,-1.782462369636e-01,1.545312830980e-01,2.550946313554e-06,3.149600325519e-03,4.684602487419e-03,3.185223511028e-06
"                 160",-1.817775197908e-01,1.501629095964e-01,-6.338656540443e-07,-1.786292573753e-01,1.548454906230e-01,2.669538986384e-06,3.148262415473e-03,4.682581026637e-03,3.303404640428e-06
"                 161",-1.821621664028e-01,1.504835358162e-01,-6.335172007111e-07,-1.790145735600e-01,1.551649858550e-01,2.780846401140e-06,3.147592842792e-03,4.681450038839e-03,3.414363601852e-06
"                 162",-1.825339969942e-01,1.507923092596e-01,-6.332291871121e-07,-1.793861533188e-01,1.554734585141e-01,2.850694499589e-06,3.147843675361e-03,4.681149254503e-03,3.483923686701e-06
"                 163",-1.828724876583e-01,1.510668765926e-01,-6.329513585224e-07,-1.797236834600e-01,1.557485217253e-01,2.876297867650e-06,3.148804198333e-03,4.681645132732e-03,3.509249226172e-06
"                 164",-1.831709459721e-01,1.513004027461e-01,-6.326256878727e-07,-1.800208692954e-01,1.559827869963e-01,2.879691593083e-06,3.150076676682e-03,4.682384250200e-03,3.512317280956e-06
"                 165",-1.834324935803e-01,1.514999047542e-01,-6.322092689440e-07,-1.802811012698e-01,1.561836212059e-01,2.871645144737e-06,3.151392310425e-03,4.683716451709e-03,3.503854413681e-06
"                 166",-1.836889792188e-01,1.516985249795e-01,-6.314641050221e-07,-1.805353710950e-01,1.563840973762e-01,2.982641985474e-06,3.153608123836e-03,4.685572396649e-03,3.614106090496e-06
"                 167",-1.839587103204e-01,1.519149487564e-01,-6.303248309518e-07,-1.808027423583e-01,1.566027769498e-01,3.032365572605e-06,3.155967962071e-03,4.687828193440e-03,3.662690403557e-06
"                 168",-1.842108997085e-01,1.521174552038e-01,-6.289117155611e-07,-1.810519834704e-01,1.568071892224e-01,2.992891507815e-06,3.158916238101e-03,4.689734018600e-03,3.621803223377e-06
"                 169",-1.844319558663e-01,1.522904346311e-01,-6.275397400567e-07,-1.812699113806e-01,1.569826284770e-01,2.961460580469e-06,3.162044485680e-03,4.692193845859e-03,3.589000320526e-06
"                 170",-1.846631513433e-01,1.524733614491e-01,-6.265477762591e-07,-1.814978897457e-01,1.571673426524e-01,2.941564735390e-06,3.165261597611e-03,4.693981203349e-03,3.568112511649e-06
"                 171",-1.849538043375e-01,1.527146912210e-01,-6.260482413263e-07,-1.817854782483e-01,1.574109999719e-01,2.938912281190e-06,3.168326089220e-03,4.696308750837e-03,3.564960522516e-06
"                 172",-1.853122939260e-01,1.530189621938e-01,-6.260173716381e-07,-1.821405802103e-01,1.577181417905e-01,2.967555234162e-06,3.171713715700e-03,4.699179596739e-03,3.593572605800e-06
"                 173",-1.857063062866e-01,1.533501003520e-01,-6.259731584279e-07,-1.825300227698e-01,1.580530122011e-01,3.045406433726e-06,3.176283516825e-03,4.702911849172e-03,3.671379592154e-06
"                 174",-1.861032649887e-01,1.536753578099e-01,-6.259002933478e-07,-1.829211714980e-01,1.583829891596e-01,3.096880584020e-06,3.182093490719e-03,4.707631349718e-03,3.722780877368e-06
"                 175",-1.864421184071e-01,1.539377778489e-01,-6.258035677276e-07,-1.832544088538e-01,1.586507593310e-01,3.198606234174e-06,3.187709553278e-03,4.712981482176e-03,3.824409801902e-06
"                 176",-1.867030710894e-01,1.541236744185e-01,-6.255657855966e-07,-1.835084973601e-01,1.588418287627e-01,3.398927049268e-06,3.194573729293e-03,4.718154344220e-03,4.024492834865e-06
"                 177",-1.868968432848e-01,1.542493111913e-01,-6.251041961356e-07,-1.836940594540e-01,1.589729428823e-01,3.509525378657e-06,3.202783830787e-03,4.723631690956e-03,4.134629574792e-06
"                 178",-1.870665180339e-01,1.543555246586e-01,-6.245246157190e-07,-1.838554769365e-01,1.590843833533e-01,3.565198398634e-06,3.211041097374e-03,4.728858694724e-03,4.189723014353e-06
"                 179",-1.872206343043e-01,1.544492462767e-01,-6.238134281530e-07,-1.840013016169e-01,1.591831622437e-01,3.601237590159e-06,3.219332687443e-03,4.733915967089e-03,4.225051018312e-06
"                 180",-1.873515654125e-01,1.545221453367e-01,-6.231284542538e-07,-1.841241621413e-01,1.592615471835e-01,3.563109535776e-06,3.227403271271e-03,4.739401846821e-03,4.186237990030e-06
"                 181",-1.874634931161e-01,1.545781835565e-01,-6.229770440196e-07,-1.842284078492e-01,1.593230497367e-01,3.492114777655e-06,3.235085266895e-03,4.744866180118e-03,4.115091821675e-06
"                 182",-1.875532708683e-01,1.546154197417e-01,-6.236227330224e-07,-1.843108214576e-01,1.593657303544e-01,3.320904082963e-06,3.242449410694e-03,4.750310612680e-03,3.944526815986e-06
"                 183",-1.876037246980e-01,1.546182008888e-01,-6.251188709355e-07,-1.843544561377e-01,1.593741336873e-01,3.125372306829e-06,3.249268560255e-03,4.755932798501e-03,3.750491177765e-06
"                 184",-1.876078555990e-01,1.545828580980e-01,-6.271954093192e-07,-1.843518673393e-01,1.593439676867e-01,2.943064689416e-06,3.255988259753e-03,4.761109588655e-03,3.570260098735e-06
"                 185",-1.875679935266e-01,1.545139063438e-01,-6.295848366330e-07,-1.843053347280e-01,1.592799861155e-01,2.841606915067e-06,3.262658798628e-03,4.766079771728e-03,3.471191751700e-06
"                 186",-1.874946618039e-01,1.544209347951e-01,-6.323027432222e-07,-1.842255085879e-01,1.591920101382e-01,2.818528236700e-06,3.269153216019e-03,4.771075343028e-03,3.450830979922e-06
"                 187",-1.874001825796e-01,1.543145558528e-01,-6.353917859082e-07,-1.841246041736e-01,1.590899800696e-01,2.857489942473e-06,3.275578405983e-03,4.775424216808e-03,3.492881728381e-06
"                 188",-1.872953643634e-01,1.542028194369e-01,-6.386512823102e-07,-1.840131725430e-01,1.589825260230e-01,2.928069911064e-06,3.282191820383e-03,4.779706586120e-03,3.566721193374e-06
"                 189",-1.871876727404e-01,1.540912959494e-01,-6.419700867146e-07,-1.838985934432e-01,1.588753296703e-01,3.046712321205e-06,3.289079297219e-03,4.784033720923e-03,3.688682407920e-06
"                 190",-1.870767122865e-01,1.539780350728e-01,-6.449753666948e-07,-1.837807598625e-01,1.587660712399e-01,3.152705786665e-06,3.295952424066e-03,4.788036167138e-03,3.797681153360e-06
"                 191",-1.869595133795e-01,1.538594106413e-01,-6.476633144975e-07,-1.836569094235e-01,1.586515626529e-01,3.217128024340e-06,3.302603955987e-03,4.792152011667e-03,3.864791338837e-06
"                 192",-1.868290374500e-01,1.537290539711e-01,-6.503987886133e-07,-1.835200526628e-01,1.585248249027e-01,3.256584831886e-06,3.308984787188e-03,4.795770931633e-03,3.906983620499e-06
"                 193",-1.866868104795e-01,1.535888121341e-01,-6.537040107257e-07,-1.833719218318e-01,1.583881373913e-01,3.262892565297e-06,3.314888647654e-03,4.799325257171e-03,3.916596576023e-06
"                 194",-1.865423582002e-01,1.534476388658e-01,-6.579064348513e-07,-1.832221118670e-01,1.582502439737e-01,3.235594776171e-06,3.320246333145e-03,4.802605107915e-03,3.893501211022e-06
"                 195",-1.863994348101e-01,1.533104923637e-01,-6.627311389612e-07,-1.830741231479e-01,1.581159391059e-01,3.226816152116e-06,3.325311662270e-03,4.805446742281e-03,3.889547291077e-06
"                 196",-1.862569691049e-01,1.531767067033e-01,-6.678960539664e-07,-1.829266964036e-01,1.579850669174e-01,3.170522994206e-06,3.330272701278e-03,4.808360214120e-03,3.838419048173e-06
"                 197",-1.861091529290e-01,1.530409318671e-01,-6.729297164177e-07,-1.827738964851e-01,1.578522718668e-01,3.088659659007e-06,3.335256443818e-03,4.811339999728e-03,3.761589375424e-06
"                 198",-1.859524730122e-01,1.529002798706e-01,-6.775439709901e-07,-1.826121800560e-01,1.577144793400e-01,2.993633941158e-06,3.340292956223e-03,4.814199469445e-03,3.671177912148e-06
"                 199",-1.857883272366e-01,1.527548608366e-01,-6.817570252791e-07,-1.824431690384e-01,1.575718525853e-01,2.858602767419e-06,3.345158198221e-03,4.816991748719e-03,3.540359792699e-06
"                 200",-1.856201128984e-01,1.526068158159e-01,-6.854145487247e-07,-1.822703633180e-01,1.574265077942e-01,2.725300515141e-06,3.349749580338e-03,4.819691978254e-03,3.410715063866e-06
"                 201",-1.854565067054e-01,1.524628746573e-01,-6.883647693763e-07,-1.821024838955e-01,1.572851830339e-01,2.557893097660e-06,3.354022809914e-03,4.822308376511e-03,3.246257867036e-06
"                 202",-1.853063248532e-01,1.523300743791e-01,-6.906557528179e-07,-1.819484000643e-01,1.571548838359e-01,2.393208273246e-06,3.357924788921e-03,4.824809456801e-03,3.083864026064e-06
"                 203",-1.851724320422e-01,1.522114661510e-01,-6.925082268003e-07,-1.818109921078e-01,1.570387050239e-01,2.212979176041e-06,3.361439934416e-03,4.827238872928e-03,2.905487402841e-06
"                 204",-1.850562193207e-01,1.521092913903e-01,-6.940940684914e-07,-1.816914533380e-01,1.569388725971e-01,2.056205250185e-06,3.364765982709e-03,4.829581206751e-03,2.750299318677e-06
"                 205",-1.849534917983e-01,1.520204994524e-01,-6.954887835058e-07,-1.815856110953e-01,1.568526794198e-01,1.928240025119e-06,3.367880703022e-03,4.832179967332e-03,2.623728808625e-06
"                 206",-1.848569691203e-01,1.519384936016e-01,-6.966503993627e-07,-1.814861237147e-01,1.567730927637e-01,1.807457780559e-06,3.370845405595e-03,4.834599162130e-03,2.504108179922e-06
"                 207",-1.847589155614e-01,1.518557888968e-01,-6.975869710920e-07,-1.813853773564e-01,1.566928657682e-01,1.705322910515e-06,3.373538204971e-03,4.837076871430e-03,2.402909881607e-06
"                 208",-1.846558474975e-01,1.517682336024e-01,-6.982192648604e-07,-1.812798840210e-01,1.566077047689e-01,1.582947561378e-06,3.375963476425e-03,4.839471166512e-03,2.281166826238e-06
"                 209",-1.845496244634e-01,1.516772340172e-01,-6.986756875682e-07,-1.811715667482e-01,1.565189237668e-01,1.400593175288e-06,3.378057715211e-03,4.841689749622e-03,2.099268862856e-06
"                 210",-1.844403620102e-01,1.515837893641e-01,-6.988935860275e-07,-1.810604042291e-01,1.564274659788e-01,1.207383586364e-06,3.379957781059e-03,4.843676614718e-03,1.906277172392e-06
"                 211",-1.843301225243e-01,1.514909726880e-01,-6.988595255908e-07,-1.809483803537e-01,1.563366403375e-01,9.789112710216e-07,3.381742170641e-03,4.845667649529e-03,1.677770796612e-06
"                 212",-1.842210046174e-01,1.514011869640e-01,-6.986732990482e-07,-1.808374571642e-01,1.562487268281e-01,7.191491237060e-07,3.383547453197e-03,4.847539864134e-03,1.417822422754e-06
"                 213",-1.841118735864e-01,1.513130951386e-01,-6.981381616649e-07,-1.807262862369e-01,1.561620321544e-01,4.736763493871e-07,3.385587349550e-03,4.848937015848e-03,1.171814511052e-06
"                 214",-1.840023842881e-01,1.512258159495e-01,-6.967992307095e-07,-1.806146061532e-01,1.560758526177e-01,2.173833049128e-07,3.387778134929e-03,4.850036668138e-03,9.141825356224e-07
"                 215",-1.838939500474e-01,1.511405119044e-01,-6.947758376288e-07,-1.805038626454e-01,1.559913988805e-01,-6.458845983798e-08,3.390087401989e-03,4.850886976077e-03,6.301873777908e-07
"                 216",-1.837866073168e-01,1.510574100217e-01,-6.927806750598e-07,-1.803940707421e-01,1.559089249380e-01,-3.591038221829e-07,3.392536574665e-03,4.851514916289e-03,3.336768528769e-07
"                 217",-1.836862855636e-01,1.509808629316e-01,-6.920689740301e-07,-1.802915550217e-01,1.558332697095e-01,-6.779846192657e-07,3.394730541839e-03,4.852406777856e-03,1.408435476443e-08
"                 218",-1.835933733140e-01,1.509104272130e-01,-6.930753413185e-07,-1.801968093356e-01,1.557639731572e-01,-1.006178237095e-06,3.396563978355e-03,4.853545944244e-03,-3.131028957764e-07
"                 219",-1.835054888721e-01,1.508440508760e-01,-6.956658587769e-07,-1.801072502999e-01,1.556987803766e-01,-1.296174704016e-06,3.398238572278e-03,4.854729500646e-03,-6.005088452392e-07
"                 220",-1.834184948326e-01,1.507786644966e-01,-6.987896202262e-07,-1.800186268720e-01,1.556346988916e-01,-1.567648892782e-06,3.399867960621e-03,4.856034394973e-03,-8.688592725554e-07
"                 221",-1.833307584783e-01,1.507129884861e-01,-7.016094501260e-07,-1.799293131936e-01,1.555703931894e-01,-1.839844579616e-06,3.401445284733e-03,4.857404703255e-03,-1.138235129490e-06
"                 222",-1.832490112760e-01,1.506525481570e-01,-7.038472316587e-07,-1.798460316474e-01,1.555113939195e-01,-2.097823292243e-06,3.402979628634e-03,4.858845762482e-03,-1.393976060584e-06
"                 223",-1.831785042030e-01,1.506014572295e-01,-7.057888707919e-07,-1.797740825025e-01,1.554619965580e-01,-2.351310480600e-06,3.404421700596e-03,4.860539328514e-03,-1.645521609808e-06
"                 224",-1.831135514011e-01,1.505548531277e-01,-7.076686770452e-07,-1.797077789483e-01,1.554171370747e-01,-2.595110530553e-06,3.405772452788e-03,4.862283947006e-03,-1.887441853508e-06
"                 225",-1.830514565489e-01,1.505101340341e-01,-7.095721215185e-07,-1.796444213430e-01,1.553743664834e-01,-2.810875068462e-06,3.407035205919e-03,4.864232449289e-03,-2.101302946943e-06
"                 226",-1.829885234574e-01,1.504647332015e-01,-7.111184476290e-07,-1.795801925993e-01,1.553308703348e-01,-2.991710183004e-06,3.408330858085e-03,4.866137133282e-03,-2.280591735375e-06
"                 227",-1.829241059504e-01,1.504185134119e-01,-7.121642704511e-07,-1.795144402641e-01,1.552866010258e-01,-3.153163054565e-06,3.409665686342e-03,4.868087613959e-03,-2.440998784114e-06
"                 228",-1.828606426715e-01,1.503733025589e-01,-7.128087336497e-07,-1.794496021892e-01,1.552433903876e-01,-3.301303901233e-06,3.411040482290e-03,4.870087828701e-03,-2.588495167583e-06
"                 229",-1.827987485176e-01,1.503293663330e-01,-7.132089293783e-07,-1.793863043036e-01,1.552014647907e-01,-3.459206406956e-06,3.412444214031e-03,4.872098457760e-03,-2.745997477578e-06
"                 230",-1.827370137227e-01,1.502855298939e-01,-7.133946944452e-07,-1.793230709201e-01,1.551595656014e-01,-3.599698343027e-06,3.413942802581e-03,4.874035707533e-03,-2.886303648582e-06
"                 231",-1.826752461518e-01,1.502418348922e-01,-7.132744143853e-07,-1.792597174721e-01,1.551179549262e-01,-3.749961946666e-06,3.415528679637e-03,4.876120033986e-03,-3.036687532281e-06
"                 232",-1.826137153868e-01,1.501989133013e-01,-7.130022898820e-07,-1.791964706314e-01,1.550770780508e-01,-3.915673393011e-06,3.417244755459e-03,4.878164749449e-03,-3.202671103129e-06
"                 233",-1.825526291715e-01,1.501569697599e-01,-7.126777673972e-07,-1.791335035623e-01,1.550370705869e-01,-4.055416364380e-06,3.419125609193e-03,4.880100827055e-03,-3.342738596982e-06
"                 234",-1.824924110374e-01,1.501160866552e-01,-7.123920565579e-07,-1.790713803818e-01,1.549982960329e-01,-4.186791425019e-06,3.421030655612e-03,4.882209377758e-03,-3.474399368461e-06
"                 235",-1.824328545755e-01,1.500758112600e-01,-7.122534868564e-07,-1.790099654911e-01,1.549603035229e-01,-4.315697583521e-06,3.422889084348e-03,4.884492262918e-03,-3.603444096665e-06
"                 236",-1.823726341768e-01,1.500349697366e-01,-7.122277564318e-07,-1.789478593560e-01,1.549218227246e-01,-4.417384040465e-06,3.424774820841e-03,4.886852988002e-03,-3.705156284033e-06
"                 237",-1.823122969440e-01,1.499941192871e-01,-7.122943322987e-07,-1.788856304138e-01,1.548835209836e-01,-4.512731511467e-06,3.426666530203e-03,4.889401696495e-03,-3.800437179168e-06
"                 238",-1.822526700856e-01,1.499540020392e-01,-7.124681845289e-07,-1.788240855385e-01,1.548460463201e-01,-4.597784694824e-06,3.428584547094e-03,4.892044280849e-03,-3.885316510295e-06
"                 239",-1.821945318052e-01,1.499152276526e-01,-7.127007440807e-07,-1.787639870318e-01,1.548100504151e-01,-4.662617504611e-06,3.430544773359e-03,4.894822762404e-03,-3.949916760530e-06
"                 240",-1.821385241063e-01,1.498782255588e-01,-7.130316403966e-07,-1.787059565848e-01,1.547759984192e-01,-4.709051812529e-06,3.432567521554e-03,4.897772860371e-03,-3.996020172133e-06
"                 241",-1.820836941049e-01,1.498421711550e-01,-7.133718902185e-07,-1.786489893232e-01,1.547430226998e-01,-4.716754553983e-06,3.434704781765e-03,4.900851544877e-03,-4.003382663765e-06
"                 242",-1.820284579014e-01,1.498059812958e-01,-7.136981634224e-07,-1.785914482189e-01,1.547100378779e-01,-4.716669136763e-06,3.437009682540e-03,4.904056582131e-03,-4.002970973341e-06
"                 243",-1.819733528238e-01,1.497701345064e-01,-7.140202140881e-07,-1.785339343542e-01,1.546777180860e-01,-4.708677907583e-06,3.439418469525e-03,4.907583579556e-03,-3.994657693495e-06
"                 244",-1.819177422355e-01,1.497340103651e-01,-7.143340483329e-07,-1.784757793749e-01,1.546451290182e-01,-4.686746617726e-06,3.441962860586e-03,4.911118653161e-03,-3.972412569393e-06
"                 245",-1.818617812480e-01,1.496975901579e-01,-7.146013869215e-07,-1.784171551081e-01,1.546124477104e-01,-4.660092844930e-06,3.444626139923e-03,4.914857552482e-03,-3.945491458009e-06
"                 246",-1.818050803205e-01,1.496604114809e-01,-7.148512002875e-07,-1.783576460243e-01,1.545791541277e-01,-4.629031895074e-06,3.447434296250e-03,4.918742646752e-03,-3.914180694787e-06
"                 247",-1.817472337977e-01,1.496221317303e-01,-7.150478084171e-07,-1.782968836603e-01,1.545449013914e-01,-4.584046533904e-06,3.450350137415e-03,4.922769661122e-03,-3.868998725487e-06
"                 248",-1.816894082617e-01,1.495837647645e-01,-7.152354010607e-07,-1.782360553742e-01,1.545106406720e-01,-4.548848285941e-06,3.453352887490e-03,4.926875907509e-03,-3.833612884880e-06
"                 249",-1.816331062230e-01,1.495466960849e-01,-7.153708671378e-07,-1.781765931926e-01,1.544777927798e-01,-4.507226370287e-06,3.456513030325e-03,4.931096694851e-03,-3.791855503150e-06
"                 250",-1.815787833470e-01,1.495113686804e-01,-7.154664975882e-07,-1.781190018356e-01,1.544469303368e-01,-4.468696553302e-06,3.459781511360e-03,4.935561656384e-03,-3.753230055714e-06
"                 251",-1.815254600312e-01,1.494768734354e-01,-7.155078286369e-07,-1.780622578747e-01,1.544168480963e-01,-4.425367818072e-06,3.463202156418e-03,4.939974660875e-03,-3.709859989435e-06
"                 252",-1.814727924195e-01,1.494429296764e-01,-7.154691641121e-07,-1.780060584684e-01,1.543874937042e-01,-4.391300048945e-06,3.466733951119e-03,4.944564027808e-03,-3.675830884833e-06
"                 253",-1.814201973634e-01,1.494090351379e-01,-7.153967339048e-07,-1.779498498430e-01,1.543583367648e-01,-4.370044094264e-06,3.470347520483e-03,4.949301626897e-03,-3.654647360359e-06
"                 254",-1.813682265914e-01,1.493754969015e-01,-7.152544083149e-07,-1.778942158912e-01,1.543297449488e-01,-4.346901456789e-06,3.474010700261e-03,4.954248047343e-03,-3.631647048474e-06
"                 255",-1.813179997959e-01,1.493429969266e-01,-7.150925392689e-07,-1.778402377876e-01,1.543023941148e-01,-4.340894421954e-06,3.477762008317e-03,4.959397188244e-03,-3.625801882685e-06
"                 256",-1.812702439150e-01,1.493119717722e-01,-7.149071073960e-07,-1.777886867633e-01,1.542768265668e-01,-4.337933400452e-06,3.481557151706e-03,4.964854794615e-03,-3.623026293056e-06
"                 257",-1.812248677779e-01,1.492821928579e-01,-7.147172824459e-07,-1.777394904346e-01,1.542527713766e-01,-4.337358491225e-06,3.485377343307e-03,4.970578518783e-03,-3.622641208779e-06
"                 258",-1.811820061567e-01,1.492535882440e-01,-7.144764578374e-07,-1.776928472420e-01,1.542302672299e-01,-4.340863517975e-06,3.489158914714e-03,4.976678985931e-03,-3.626387060138e-06
"                 259",-1.811413662416e-01,1.492259703388e-01,-7.142289150323e-07,-1.776484303082e-01,1.542089826167e-01,-4.366872241406e-06,3.492935933419e-03,4.983012277914e-03,-3.652643326373e-06
"                 260",-1.811019368295e-01,1.491987913280e-01,-7.139308821881e-07,-1.776050555542e-01,1.541882177098e-01,-4.377195169061e-06,3.496881275394e-03,4.989426381861e-03,-3.663264286873e-06
"                 261",-1.810628783558e-01,1.491716247903e-01,-7.135354527807e-07,-1.775618479516e-01,1.541676819668e-01,-4.395357888729e-06,3.501030404205e-03,4.996057176462e-03,-3.681822435948e-06
"                 262",-1.810226334253e-01,1.491434650550e-01,-7.131235713477e-07,-1.775172203530e-01,1.541461958351e-01,-4.435171151031e-06,3.505413072277e-03,5.002730780069e-03,-3.722047579684e-06
"                 263",-1.809811027252e-01,1.491142808747e-01,-7.127016425527e-07,-1.774710135416e-01,1.541237111887e-01,-4.463486711159e-06,3.510089183587e-03,5.009430313925e-03,-3.750785068606e-06
"                 264",-1.809382497231e-01,1.490841347561e-01,-7.122658340917e-07,-1.774231978783e-01,1.541004351836e-01,-4.493004289537e-06,3.515051844823e-03,5.016300427472e-03,-3.780738455445e-06
"                 265",-1.808921068190e-01,1.490517044562e-01,-7.118804234797e-07,-1.773718070041e-01,1.540749007531e-01,-4.530493559962e-06,3.520299814942e-03,5.023196296813e-03,-3.818613136482e-06
"                 266",-1.808433081838e-01,1.490173251492e-01,-7.115182041933e-07,-1.773175212654e-01,1.540475071502e-01,-4.549661320234e-06,3.525786918400e-03,5.030182000992e-03,-3.838143116041e-06
"                 267",-1.807935087223e-01,1.489821184089e-01,-7.111318608152e-07,-1.772621199258e-01,1.540195265202e-01,-4.568438601409e-06,3.531388796444e-03,5.037408111312e-03,-3.857306740594e-06
"                 268",-1.807432677642e-01,1.489462653455e-01,-7.107330367831e-07,-1.772061533979e-01,1.539909415780e-01,-4.601338862720e-06,3.537114366362e-03,5.044676232510e-03,-3.890605825937e-06
"                 269",-1.806930346311e-01,1.489099833969e-01,-7.102912675745e-07,-1.771500257753e-01,1.539621034054e-01,-4.629261467880e-06,3.543008855815e-03,5.052120008431e-03,-3.918970200306e-06
"                 270",-1.806437605967e-01,1.488740970831e-01,-7.097915104755e-07,-1.770948108550e-01,1.539340103778e-01,-4.650832279958e-06,3.548949741759e-03,5.059913294675e-03,-3.941040769482e-06
"                 271",-1.805947850185e-01,1.488382358364e-01,-7.093075450575e-07,-1.770398051573e-01,1.539059978833e-01,-4.674299044344e-06,3.554979861292e-03,5.067762046867e-03,-3.964991499286e-06
"                 272",-1.805455062777e-01,1.488021239025e-01,-7.088935524493e-07,-1.769844269988e-01,1.538779598936e-01,-4.685908559847e-06,3.561079278960e-03,5.075835991107e-03,-3.977015007398e-06
"                 273",-1.804975378687e-01,1.487667763887e-01,-7.085067699833e-07,-1.769302545597e-01,1.538508616695e-01,-4.689337137224e-06,3.567283308963e-03,5.084085280824e-03,-3.980830367241e-06
"                 274",-1.804495945779e-01,1.487312590524e-01,-7.081828649048e-07,-1.768758180023e-01,1.538235248454e-01,-4.712489643522e-06,3.573776575688e-03,5.092265792955e-03,-4.004306778617e-06
"                 275",-1.804011983842e-01,1.486951276107e-01,-7.079888796982e-07,-1.768205430495e-01,1.537955076508e-01,-4.730522055773e-06,3.580655334702e-03,5.100380040095e-03,-4.022533176075e-06
"                 276",-1.803517078116e-01,1.486581314785e-01,-7.079601392679e-07,-1.767638395740e-01,1.537667036299e-01,-4.746785004240e-06,3.587868237567e-03,5.108572151337e-03,-4.038824864972e-06
"                 277",-1.803054000500e-01,1.486229036556e-01,-7.081620034303e-07,-1.767104231640e-01,1.537398619113e-01,-4.741489649208e-06,3.594976885972e-03,5.116958255616e-03,-4.033327645777e-06
"                 278",-1.802713081196e-01,1.485953285953e-01,-7.090501275091e-07,-1.766698139291e-01,1.537212988446e-01,-4.681976289418e-06,3.601494190516e-03,5.125970249286e-03,-3.972926161909e-06
"                 279",-1.802485137583e-01,1.485746713581e-01,-7.108256507779e-07,-1.766409134697e-01,1.537101137361e-01,-4.563349469306e-06,3.607600288692e-03,5.135442378046e-03,-3.852523818528e-06
"                 280",-1.802277751295e-01,1.485546652295e-01,-7.131894054904e-07,-1.766141411434e-01,1.536997841967e-01,-4.387576256557e-06,3.613633986118e-03,5.145118967182e-03,-3.674386851067e-06
"                 281",-1.802012069800e-01,1.485301251082e-01,-7.154087120637e-07,-1.765813452040e-01,1.536849380792e-01,-4.169764299052e-06,3.619861776046e-03,5.154812970998e-03,-3.454355586989e-06
"                 282",-1.801709517521e-01,1.485027382694e-01,-7.174206910846e-07,-1.765447159423e-01,1.536673655565e-01,-3.923825006515e-06,3.626235809826e-03,5.164627287171e-03,-3.206404315431e-06
"                 283",-1.801425417973e-01,1.484763987897e-01,-7.193224209755e-07,-1.765098029487e-01,1.536508511713e-01,-3.643883581749e-06,3.632738848521e-03,5.174452381536e-03,-2.924561160774e-06
"                 284",-1.801158558311e-01,1.484507772147e-01,-7.210949850922e-07,-1.764763758756e-01,1.536349688086e-01,-3.348912543960e-06,3.639479955485e-03,5.184191593904e-03,-2.627817558868e-06
"                 285",-1.800864612995e-01,1.484225763733e-01,-7.223376520701e-07,-1.764399431318e-01,1.536165953953e-01,-3.034391796606e-06,3.646518167752e-03,5.194019021982e-03,-2.312054144536e-06
"                 286",-1.800494557123e-01,1.483885430592e-01,-7.227247600168e-07,-1.763955438691e-01,1.535922321635e-01,-2.712869050817e-06,3.653911843279e-03,5.203689104365e-03,-1.990144290800e-06
"                 287",-1.800055624061e-01,1.483498238771e-01,-7.222899137277e-07,-1.763439854244e-01,1.535632163743e-01,-2.411814035662e-06,3.661576981686e-03,5.213392497187e-03,-1.689524121934e-06
"                 288",-1.799592818792e-01,1.483100346493e-01,-7.212735259637e-07,-1.762897776370e-01,1.535330974557e-01,-2.143170006674e-06,3.669504242264e-03,5.223062806455e-03,-1.421896480711e-06
"                 289",-1.799146885111e-01,1.482720204435e-01,-7.197746968430e-07,-1.762371510043e-01,1.535049279887e-01,-1.900511274336e-06,3.677537506848e-03,5.232907545164e-03,-1.180736577493e-06
"                 290",-1.798724321213e-01,1.482354354918e-01,-7.181067517210e-07,-1.761867404944e-01,1.534782569296e-01,-1.682855958302e-06,3.685691626840e-03,5.242821437808e-03,-9.647492065811e-07
"                 291",-1.798294435783e-01,1.481974168801e-01,-7.165194217601e-07,-1.761354767626e-01,1.534503487157e-01,-1.476796581210e-06,3.693966815691e-03,5.252931835599e-03,-7.602771594500e-07
"                 292",-1.797821140190e-01,1.481552626436e-01,-7.150918304580e-07,-1.760797605129e-01,1.534183803794e-01,-1.289294900202e-06,3.702353506170e-03,5.263117735813e-03,-5.742030697442e-07
"                 293",-1.797317434515e-01,1.481103000290e-01,-7.137625605824e-07,-1.760210251406e-01,1.533839193745e-01,-1.117172647451e-06,3.710718310900e-03,5.273619345513e-03,-4.034100868682e-07
"                 294",-1.796804746634e-01,1.480642711275e-01,-7.124715704459e-07,-1.759613852416e-01,1.533483548104e-01,-9.552725001638e-07,3.719089421806e-03,5.284083682950e-03,-2.428009297179e-07
"                 295",-1.796303454284e-01,1.480189056029e-01,-7.111907064420e-07,-1.759029426800e-01,1.533135551739e-01,-8.121111661394e-07,3.727402748453e-03,5.294649570954e-03,-1.009204596974e-07
"                 296",-1.795814844521e-01,1.479741472465e-01,-7.099766139808e-07,-1.758458605790e-01,1.532793663108e-01,-6.810972891462e-07,3.735623873088e-03,5.305219064324e-03,2.887932483464e-08
"                 297",-1.795316830120e-01,1.479283397019e-01,-7.087705967000e-07,-1.757879494081e-01,1.532440727534e-01,-5.494384481171e-07,3.743733603922e-03,5.315733051476e-03,1.593321485829e-07
"                 298",-1.794786154515e-01,1.478799576381e-01,-7.076291232040e-07,-1.757268784111e-01,1.532060891928e-01,-4.473725375748e-07,3.751737040384e-03,5.326131554716e-03,2.602565856292e-07
"                 299",-1.794251350879e-01,1.478313984171e-01,-7.065662488219e-07,-1.756654591184e-01,1.531678555943e-01,-3.449014561898e-07,3.759675969491e-03,5.336457177190e-03,3.616647926321e-07
"                 300",-1.793754918349e-01,1.477859013192e-01,-7.055198799035e-07,-1.756079642994e-01,1.531327127585e-01,-2.519079037258e-07,3.767527535470e-03,5.346811439284e-03,4.536119761777e-07
"                 301",-1.793313357628e-01,1.477442880968e-01,-7.045217484776e-07,-1.755559909745e-01,1.531012668524e-01,-1.863228155987e-07,3.775344788308e-03,5.356978755591e-03,5.181989328789e-07
"                 302",-1.792924391279e-01,1.477059692167e-01,-7.035236718013e-07,-1.755091578475e-01,1.530729889755e-01,-1.051287265261e-07,3.783281280411e-03,5.367019758790e-03,5.983949452751e-07
"                 303",-1.792578246685e-01,1.476701806262e-01,-7.025189140584e-07,-1.754665818181e-01,1.530473013727e-01,-3.430830906341e-08,3.791242850389e-03,5.377120746503e-03,6.682106049950e-07
"                 304",-1.792254751105e-01,1.476359265810e-01,-7.016140025486e-07,-1.754262160304e-01,1.530230630076e-01,7.349272780704e-09,3.799259080030e-03,5.387136426565e-03,7.089632753293e-07
"                 305",-1.791956097364e-01,1.476039895641e-01,-7.007712377314e-07,-1.753883023537e-01,1.530010710731e-01,5.397226870229e-08,3.807307382619e-03,5.397081508980e-03,7.547435064337e-07
"                 306",-1.791694305923e-01,1.475754332675e-01,-6.999119000261e-07,-1.753541410679e-01,1.529825999194e-01,9.359678774670e-08,3.815289524421e-03,5.407166651940e-03,7.935086877728e-07
"                 307",-1.791469147029e-01,1.475496817232e-01,-6.990416446461e-07,-1.753236378460e-01,1.529667210734e-01,1.140547196791e-07,3.823276856909e-03,5.417039350260e-03,8.130963643253e-07
"                 308",-1.791277312010e-01,1.475260771298e-01,-6.981773767064e-07,-1.752964496925e-01,1.529530269834e-01,1.421084496133e-07,3.831281508477e-03,5.426949853612e-03,8.402858263198e-07
"                 309",-1.791091267895e-01,1.475026498041e-01,-6.972452036607e-07,-1.752699242252e-01,1.529394845639e-01,1.764534469084e-07,3.839202564356e-03,5.436834759870e-03,8.736986505691e-07
"                 310",-1.790907065296e-01,1.474795801166e-01,-6.963038803661e-07,-1.752436710754e-01,1.529260817363e-01,1.862910380564e-07,3.847035454222e-03,5.446501619737e-03,8.825949184225e-07
"                 311",-1.790736625816e-01,1.474581392250e-01,-6.953772253947e-07,-1.752188402205e-01,1.529141902697e-01,1.959848062010e-07,3.854822361117e-03,5.456051044776e-03,8.913620315957e-07
"                 312",-1.790588164456e-01,1.474388538494e-01,-6.945009761639e-07,-1.751963625674e-01,1.529046392455e-01,2.010230729855e-07,3.862453878246e-03,5.465785396106e-03,8.955240491493e-07
"                 313",-1.790445717673e-01,1.474199265545e-01,-6.937208676606e-07,-1.751746082943e-01,1.528951933438e-01,2.040217506542e-07,3.869963473023e-03,5.475266789325e-03,8.977426183147e-07
"                 314",-1.790306628522e-01,1.474005975930e-01,-6.930679304530e-07,-1.751532702344e-01,1.528853406508e-01,2.093351803999e-07,3.877392617789e-03,5.484743057854e-03,9.024031108529e-07
"                 315",-1.790177740321e-01,1.473812348188e-01,-6.925004960584e-07,-1.751330733220e-01,1.528754759463e-01,2.124754597569e-07,3.884700710147e-03,5.494241127473e-03,9.049759558153e-07
"                 316",-1.790067453882e-01,1.473626764092e-01,-6.919466750398e-07,-1.751147752784e-01,1.528662480015e-01,2.143143413008e-07,3.891970109782e-03,5.503571592297e-03,9.062610163406e-07
"                 317",-1.789975499636e-01,1.473454088335e-01,-6.914026081026e-07,-1.750983877552e-01,1.528583308060e-01,2.149595767022e-07,3.899162208406e-03,5.512921972513e-03,9.063621848048e-07
"                 318",-1.789878110028e-01,1.473280427520e-01,-6.909392432161e-07,-1.750814479947e-01,1.528500474535e-01,2.106711843834e-07,3.906363008133e-03,5.522004701512e-03,9.016104275996e-07
"                 319",-1.789769829550e-01,1.473105204092e-01,-6.905541905554e-07,-1.750634960757e-01,1.528416085236e-01,2.068314034248e-07,3.913486879242e-03,5.531088114393e-03,8.973855939801e-07
"                 320",-1.789649843947e-01,1.472928388907e-01,-6.902063548515e-07,-1.750444011843e-01,1.528328624018e-01,2.048708397851e-07,3.920583210484e-03,5.540023511044e-03,8.950771946366e-07
"                 321",-1.789534434873e-01,1.472760541594e-01,-6.898147447130e-07,-1.750258959165e-01,1.528250833710e-01,2.038787687498e-07,3.927547570806e-03,5.549029211634e-03,8.936935134628e-07
"                 322",-1.789424468285e-01,1.472598097330e-01,-6.893625036245e-07,-1.750080267656e-01,1.528175156391e-01,2.003253927293e-07,3.934420062950e-03,5.557705906052e-03,8.896878963538e-07
"                 323",-1.789333066859e-01,1.472449283117e-01,-6.888576507653e-07,-1.749920778857e-01,1.528112247034e-01,1.959029679937e-07,3.941228800134e-03,5.566296391664e-03,8.847606187590e-07
"                 324",-1.789260682669e-01,1.472315637676e-01,-6.883454910487e-07,-1.749780881367e-01,1.528064244803e-01,1.971881225985e-07,3.947980130176e-03,5.574860712614e-03,8.855336136472e-07
"                 325",-1.789185645261e-01,1.472182888033e-01,-6.877889913444e-07,-1.749639042674e-01,1.528015765411e-01,2.114179394998e-07,3.954660258637e-03,5.583287737776e-03,8.992069308443e-07
"                 326",-1.789090938650e-01,1.472039102688e-01,-6.871277102733e-07,-1.749477748377e-01,1.527954809966e-01,2.217759276628e-07,3.961319027295e-03,5.591570727815e-03,9.089036379361e-07
"                 327",-1.789000339968e-01,1.471901789113e-01,-6.862981092652e-07,-1.749321476252e-01,1.527900489522e-01,2.364811713788e-07,3.967886371659e-03,5.599870040865e-03,9.227792806441e-07
"                 328",-1.788940841832e-01,1.471789602275e-01,-6.852948424140e-07,-1.749197207904e-01,1.527869667297e-01,2.596390573653e-07,3.974363392754e-03,5.608006502167e-03,9.449338997793e-07
"                 329",-1.788902936565e-01,1.471694778068e-01,-6.841408732719e-07,-1.749095569933e-01,1.527856158442e-01,2.832020168317e-07,3.980736663175e-03,5.616138037406e-03,9.673428901036e-07
"                 330",-1.788857045037e-01,1.471594054196e-01,-6.829181238903e-07,-1.748987533595e-01,1.527836155698e-01,3.017812678418e-07,3.986951144153e-03,5.624210150169e-03,9.846993917322e-07
"                 331",-1.788801723484e-01,1.471485086704e-01,-6.816061966432e-07,-1.748871563326e-01,1.527806788032e-01,3.330545494898e-07,3.993016015858e-03,5.632170132785e-03,1.014660746133e-06
"                 332",-1.788762853236e-01,1.471387101115e-01,-6.801872138889e-07,-1.748772949399e-01,1.527786739494e-01,3.643085607129e-07,3.998990383638e-03,5.639963837862e-03,1.044495774602e-06
"                 333",-1.788749634677e-01,1.471306351186e-01,-6.785997385841e-07,-1.748700868280e-01,1.527783366973e-01,3.996328782906e-07,4.004876639730e-03,5.647701578774e-03,1.078232616875e-06
"                 334",-1.788756776645e-01,1.471238575856e-01,-6.768303334221e-07,-1.748649711813e-01,1.527790954576e-01,4.258827835267e-07,4.010706483269e-03,5.655237872025e-03,1.102713116949e-06
"                 335",-1.788771560344e-01,1.471176787245e-01,-6.741628941098e-07,-1.748607113904e-01,1.527803103080e-01,4.566982118338e-07,4.016444644043e-03,5.662631583442e-03,1.130861105944e-06
"                 336",-1.788791572251e-01,1.471122356019e-01,-6.706334624224e-07,-1.748570965725e-01,1.527821584236e-01,4.892817555447e-07,4.022060652538e-03,5.669922821736e-03,1.159915217967e-06
"                 337",-1.788815174218e-01,1.471075294913e-01,-6.669600489106e-07,-1.748539087811e-01,1.527844731860e-01,5.238246168160e-07,4.027608640679e-03,5.676943694750e-03,1.190784665727e-06
"                 338",-1.788860102630e-01,1.471049651226e-01,-6.638265123621e-07,-1.748529539207e-01,1.527888182486e-01,5.617565221574e-07,4.033056342316e-03,5.683853125996e-03,1.225583034519e-06
"                 339",-1.788925731046e-01,1.471043967762e-01,-6.615041714596e-07,-1.748541433284e-01,1.527950571231e-01,5.989171724936e-07,4.038429776176e-03,5.690660346867e-03,1.260421343953e-06
"                 340",-1.788990751077e-01,1.471042677962e-01,-6.598706999137e-07,-1.748553793260e-01,1.528016626007e-01,6.412033278727e-07,4.043695781686e-03,5.697394804435e-03,1.301074027786e-06
"                 341",-1.789049941718e-01,1.471042522923e-01,-6.587331323268e-07,-1.748561581335e-01,1.528082566800e-01,6.808868141401e-07,4.048836038329e-03,5.704004387695e-03,1.339619946467e-06
"                 342",-1.789106641725e-01,1.471046515963e-01,-6.579069093405e-07,-1.748567980160e-01,1.528151761090e-01,7.275682512054e-07,4.053866156446e-03,5.710524512632e-03,1.385475160546e-06
"                 343",-1.789161079156e-01,1.471052815701e-01,-6.572576525235e-07,-1.748573371491e-01,1.528222663551e-01,7.765302863271e-07,4.058770766480e-03,5.716984785012e-03,1.433787938851e-06
"                 344",-1.789210575558e-01,1.471057012117e-01,-6.567575327518e-07,-1.748575054807e-01,1.528289748668e-01,8.166167058222e-07,4.063552075077e-03,5.723273655105e-03,1.473374238574e-06
"                 345",-1.789262530706e-01,1.471063645929e-01,-6.563996452742e-07,-1.748580496633e-01,1.528358102573e-01,8.531515090343e-07,4.068203407249e-03,5.729445664450e-03,1.509551154309e-06
"                 346",-1.789324683718e-01,1.471078797571e-01,-6.561786132398e-07,-1.748597437354e-01,1.528433716761e-01,8.846002437407e-07,4.072724636405e-03,5.735491918924e-03,1.540778856981e-06
"                 347",-1.789399057803e-01,1.471103587743e-01,-6.560534049966e-07,-1.748627904381e-01,1.528517865045e-01,9.122580105125e-07,4.077115342170e-03,5.741427730171e-03,1.568311415509e-06
"                 348",-1.789480198041e-01,1.471134257876e-01,-6.559920270185e-07,-1.748666376523e-01,1.528606209413e-01,9.328721868042e-07,4.081382151801e-03,5.747195153658e-03,1.588864213823e-06
"                 349",-1.789573635940e-01,1.471175624245e-01,-6.559576244291e-07,-1.748718322488e-01,1.528703719440e-01,9.510128055069e-07,4.085531345220e-03,5.752809519518e-03,1.606970429936e-06
"                 350",-1.789683563938e-01,1.471231284220e-01,-6.559321536902e-07,-1.748787742683e-01,1.528813897853e-01,9.678882840604e-07,4.089582125503e-03,5.758261363223e-03,1.623820437751e-06
"                 351",-1.789809344581e-01,1.471299305176e-01,-6.559213039916e-07,-1.748873553846e-01,1.528934782530e-01,9.841753992111e-07,4.093579073500e-03,5.763547735429e-03,1.640096703203e-06
"                 352",-1.789942986706e-01,1.471369818149e-01,-6.559465673498e-07,-1.748967710342e-01,1.529056758960e-01,1.000256090222e-06,4.097527636403e-03,5.768694081015e-03,1.656202657572e-06
"                 353",-1.790079148422e-01,1.471439865561e-01,-6.560181961642e-07,-1.749065598936e-01,1.529177367289e-01,1.015704850860e-06,4.101354948595e-03,5.773750172812e-03,1.671723047024e-06
"                 354",-1.790203531769e-01,1.471501758799e-01,-6.561562283726e-07,-1.749152268088e-01,1.529288875080e-01,1.032248233269e-06,4.105126368107e-03,5.778711628150e-03,1.688404461642e-06
"                 355",-1.790297242978e-01,1.471544434470e-01,-6.563718880537e-07,-1.749207623247e-01,1.529379402081e-01,1.051823244827e-06,4.108961973067e-03,5.783496761152e-03,1.708195132880e-06
"                 356",-1.790364848426e-01,1.471572148900e-01,-6.566634196478e-07,-1.749236585810e-01,1.529453767068e-01,1.074488053528e-06,4.112826261590e-03,5.788161816809e-03,1.731151473176e-06
"                 357",-1.790433450763e-01,1.471604356484e-01,-6.569982557721e-07,-1.749267231708e-01,1.529531635716e-01,1.097953157225e-06,4.116621905469e-03,5.792727923181e-03,1.754951412997e-06
"                 358",-1.790523518978e-01,1.471656415153e-01,-6.573229582185e-07,-1.749321155280e-01,1.529628482250e-01,1.120776572880e-06,4.120236369810e-03,5.797206709668e-03,1.778099531098e-06
"                 359",-1.790636891719e-01,1.471729174580e-01,-6.575879375966e-07,-1.749400210214e-01,1.529745106439e-01,1.140854332010e-06,4.123668150459e-03,5.801593185977e-03,1.798442269607e-06
"                 360",-1.790756301934e-01,1.471808153977e-01,-6.577984528799e-07,-1.749486624876e-01,1.529866985090e-01,1.157030219022e-06,4.126967705723e-03,5.805883111299e-03,1.814828671902e-06
"                 361",-1.790867084322e-01,1.471881661414e-01,-6.580045933900e-07,-1.749565154987e-01,1.529982322223e-01,1.170131295051e-06,4.130192933532e-03,5.810066080945e-03,1.828135888441e-06
"                 362",-1.790966172551e-01,1.471946465568e-01,-6.582423824413e-07,-1.749632553113e-01,1.530087888022e-01,1.182200205154e-06,4.133361943817e-03,5.814142245317e-03,1.840442587596e-06
"                 363",-1.791053591075e-01,1.472001337143e-01,-6.585147078326e-07,-1.749688765985e-01,1.530182680569e-01,1.194404240522e-06,4.136482508992e-03,5.818134342635e-03,1.852918948355e-06
"                 364",-1.791121841110e-01,1.472041470516e-01,-6.587945873709e-07,-1.749726406456e-01,1.530262167982e-01,1.204611926169e-06,4.139543465452e-03,5.822069746584e-03,1.863406513540e-06
"                 365",-1.791169019240e-01,1.472066239556e-01,-6.590476380386e-07,-1.749743725211e-01,1.530325767007e-01,1.213798717890e-06,4.142529402869e-03,5.825952745073e-03,1.872846355929e-06
"                 366",-1.791203356830e-01,1.472081478878e-01,-6.592563510143e-07,-1.749748991612e-01,1.530379280943e-01,1.221993614019e-06,4.145436521797e-03,5.829780206484e-03,1.881249965033e-06
"                 367",-1.791238829395e-01,1.472096678118e-01,-6.594324898581e-07,-1.749756174793e-01,1.530432122840e-01,1.228458561181e-06,4.148265460225e-03,5.833544472242e-03,1.887891051039e-06
"                 368",-1.791288289664e-01,1.472121148895e-01,-6.596023848527e-07,-1.749777820712e-01,1.530493307003e-01,1.233168105712e-06,4.151046895206e-03,5.837215810735e-03,1.892770490564e-06
"                 369",-1.791358285217e-01,1.472160187121e-01,-6.597849315818e-07,-1.749820308035e-01,1.530568003715e-01,1.239922390420e-06,4.153797718135e-03,5.840781659392e-03,1.899707322002e-06
"                 370",-1.791448669471e-01,1.472212723415e-01,-6.600052163506e-07,-1.749883469736e-01,1.530655311302e-01,1.248004253070e-06,4.156519973549e-03,5.844258788678e-03,1.908009469420e-06
"                 371",-1.791539208191e-01,1.472264540425e-01,-6.603021546837e-07,-1.749946876555e-01,1.530741132883e-01,1.257267651811e-06,4.159233163554e-03,5.847659245885e-03,1.917569806495e-06
"                 372",-1.791607684854e-01,1.472301421949e-01,-6.606935785608e-07,-1.749988676363e-01,1.530811258159e-01,1.269552472708e-06,4.161900849165e-03,5.850983621004e-03,1.930246051269e-06
"                 373",-1.791644254985e-01,1.472318758700e-01,-6.611686122566e-07,-1.749999232255e-01,1.530860764366e-01,1.284292506864e-06,4.164502273012e-03,5.854200566582e-03,1.945461119120e-06
"                 374",-1.791660343044e-01,1.472324196193e-01,-6.616951670370e-07,-1.749990323856e-01,1.530897395973e-01,1.297783952354e-06,4.167001918709e-03,5.857319978078e-03,1.959479119391e-06
"                 375",-1.791671616432e-01,1.472327075148e-01,-6.622297445219e-07,-1.749977696254e-01,1.530930699576e-01,1.307793426963e-06,4.169392017751e-03,5.860362442756e-03,1.970023171485e-06
"                 376",-1.791691842118e-01,1.472335302008e-01,-6.627378040626e-07,-1.749975106308e-01,1.530968805681e-01,1.312974826779e-06,4.171673580974e-03,5.863350367258e-03,1.975712630841e-06
"                 377",-1.791720620151e-01,1.472348953335e-01,-6.631967014894e-07,-1.749981786562e-01,1.531011637706e-01,1.312008182455e-06,4.173883358839e-03,5.866268437124e-03,1.975204883945e-06
"                 378",-1.791750975177e-01,1.472363474007e-01,-6.636340249961e-07,-1.749990424373e-01,1.531054739471e-01,1.306991483204e-06,4.176055080327e-03,5.869126546455e-03,1.970625508200e-06
"                 379",-1.791769095418e-01,1.472369406246e-01,-6.641013414486e-07,-1.749986775845e-01,1.531088584998e-01,1.297553635141e-06,4.178231957310e-03,5.871917875215e-03,1.961654976590e-06
"                 380",-1.791777370444e-01,1.472369939552e-01,-6.645506382913e-07,-1.749973434868e-01,1.531116324128e-01,1.283639989446e-06,4.180393557638e-03,5.874638457590e-03,1.948190627737e-06
"                 381",-1.791784206475e-01,1.472371890212e-01,-6.648537180979e-07,-1.749959100501e-01,1.531144772654e-01,1.272507793277e-06,4.182510597406e-03,5.877288244212e-03,1.937361511375e-06
"                 382",-1.791789501475e-01,1.472374191061e-01,-6.648669812358e-07,-1.749943923531e-01,1.531172878894e-01,1.259615073193e-06,4.184557794464e-03,5.879868783253e-03,1.924482054428e-06
"                 383",-1.791793580238e-01,1.472375781417e-01,-6.645556257430e-07,-1.749928482808e-01,1.531199556319e-01,1.242750093680e-06,4.186509743035e-03,5.882377490152e-03,1.907305719423e-06
"                 384",-1.791799144243e-01,1.472377452519e-01,-6.639422013294e-07,-1.749915660347e-01,1.531225609783e-01,1.221428027857e-06,4.188348389557e-03,5.884815726401e-03,1.885370229186e-06
"                 385",-1.791808590183e-01,1.472380830680e-01,-6.630966329092e-07,-1.749908313419e-01,1.531252744374e-01,1.197881051236e-06,4.190027676412e-03,5.887191369406e-03,1.860977684145e-06
"                 386",-1.791820918991e-01,1.472385334332e-01,-6.620959117407e-07,-1.749905045361e-01,1.531280359748e-01,1.172647733972e-06,4.191587362975e-03,5.889502541604e-03,1.834743645712e-06
"                 387",-1.791832034588e-01,1.472387710072e-01,-6.610315234154e-07,-1.749901156627e-01,1.531305068319e-01,1.148744058222e-06,4.193087796064e-03,5.891735824681e-03,1.809775581638e-06
"                 388",-1.791841126484e-01,1.472386157768e-01,-6.599679032878e-07,-1.749895431219e-01,1.531324963949e-01,1.127891918298e-06,4.194569526469e-03,5.893880618127e-03,1.787859821586e-06
"                 389",-1.791843655573e-01,1.472377392181e-01,-6.589606257495e-07,-1.749883304944e-01,1.531336722823e-01,1.114029772827e-06,4.196035062888e-03,5.895933064163e-03,1.772990398577e-06
"                 390",-1.791839240249e-01,1.472362887752e-01,-6.580546842290e-07,-1.749864375906e-01,1.531342032610e-01,1.106169859005e-06,4.197486434251e-03,5.897914485826e-03,1.764224543234e-06
"                 391",-1.791827400338e-01,1.472344131464e-01,-6.573442071980e-07,-1.749838243901e-01,1.531342565355e-01,1.098226542864e-06,4.198915643698e-03,5.899843389102e-03,1.755570750062e-06
"                 392",-1.791812289418e-01,1.472324764092e-01,-6.568532606833e-07,-1.749809214478e-01,1.531342301056e-01,1.094483107326e-06,4.200307494019e-03,5.901753696353e-03,1.751336368009e-06
"                 393",-1.791799349622e-01,1.472308396395e-01,-6.565512546057e-07,-1.749782822303e-01,1.531344841139e-01,1.093769465159e-06,4.201652731924e-03,5.903644474468e-03,1.750320719765e-06
"                 394",-1.791790161488e-01,1.472295418359e-01,-6.563848973782e-07,-1.749760551164e-01,1.531350487042e-01,1.094004986140e-06,4.202961032374e-03,5.905506868319e-03,1.750389883518e-06
"                 395",-1.791783344556e-01,1.472284349421e-01,-6.563026037725e-07,-1.749740784496e-01,1.531357750814e-01,1.093256342393e-06,4.204256005961e-03,5.907340139230e-03,1.749558946166e-06
"                 396",-1.791774859799e-01,1.472272169418e-01,-6.562627979488e-07,-1.749719214798e-01,1.531363632511e-01,1.091414139434e-06,4.205564500058e-03,5.909146309318e-03,1.747676937383e-06
"                 397",-1.791759423248e-01,1.472254987090e-01,-6.562350168601e-07,-1.749690754580e-01,1.531364267280e-01,1.084899316354e-06,4.206866866811e-03,5.910928018936e-03,1.741134333214e-06
"                 398",-1.791732708277e-01,1.472230082807e-01,-6.561902830149e-07,-1.749651170372e-01,1.531356805912e-01,1.072379946977e-06,4.208153790486e-03,5.912672310520e-03,1.728570229992e-06
"                 399",-1.791695388649e-01,1.472198204763e-01,-6.560953344730e-07,-1.749601300782e-01,1.531341760987e-01,1.063027008943e-06,4.209408786687e-03,5.914355622414e-03,1.719122343416e-06
"                 400",-1.791656840524e-01,1.472166325096e-01,-6.558665437511e-07,-1.749550541036e-01,1.531326130811e-01,1.055162034467e-06,4.210629948727e-03,5.915980571502e-03,1.711028578218e-06
"                 401",-1.791624952899e-01,1.472139980567e-01,-6.553174934733e-07,-1.749506909800e-01,1.531315397000e-01,1.047854958454e-06,4.211804309979e-03,5.917541643275e-03,1.703172451928e-06
"                 402",-1.791612092357e-01,1.472127429789e-01,-6.544081107271e-07,-1.749483098906e-01,1.531317915161e-01,1.042201803518e-06,4.212899345175e-03,5.919048537275e-03,1.696609914245e-06
"                 403",-1.791630825107e-01,1.472135138397e-01,-6.531652954935e-07,-1.749491829825e-01,1.531340525644e-01,1.034330758539e-06,4.213899528160e-03,5.920538724694e-03,1.687496054033e-06
"                 404",-1.791660766311e-01,1.472146150708e-01,-6.516208322103e-07,-1.749512364988e-01,1.531366274721e-01,1.026204661775e-06,4.214840132322e-03,5.922012401296e-03,1.677825493985e-06
"                 405",-1.791686924609e-01,1.472151603286e-01,-6.498110354141e-07,-1.749529527297e-01,1.531385969523e-01,1.020431543967e-06,4.215739731226e-03,5.923436623699e-03,1.670242579381e-06
"                 406",-1.791698767860e-01,1.472148675539e-01,-6.478609560350e-07,-1.749532479562e-01,1.531396637468e-01,1.016491707948e-06,4.216628829856e-03,5.924796192944e-03,1.664352663983e-06
"                 407",-1.791697545600e-01,1.472139878766e-01,-6.460203926444e-07,-1.749522267219e-01,1.531400634181e-01,1.014490989748e-06,4.217527838051e-03,5.926075541527e-03,1.660511382392e-06
"                 408",-1.791683508762e-01,1.472122962787e-01,-6.444213538720e-07,-1.749499480668e-01,1.531395741434e-01,1.014406453781e-06,4.218402809372e-03,5.927277864756e-03,1.658827807653e-06
"                 409",-1.791655106671e-01,1.472094115392e-01,-6.428679107934e-07,-1.749462840188e-01,1.531378125298e-01,1.015374815314e-06,4.219226648378e-03,5.928400990621e-03,1.658242726108e-06
"                 410",-1.791626834067e-01,1.472065017191e-01,-6.409691997632e-07,-1.749426473607e-01,1.531359953144e-01,1.015257053268e-06,4.220036046035e-03,5.929493595347e-03,1.656226253031e-06
"                 411",-1.791603381789e-01,1.472041064028e-01,-6.387976873174e-07,-1.749395060974e-01,1.531346709753e-01,1.015391871309e-06,4.220832081416e-03,5.930564572501e-03,1.654189558627e-06
"                 412",-1.791585926498e-01,1.472023118679e-01,-6.366016109224e-07,-1.749369738519e-01,1.531339389588e-01,1.015102825672e-06,4.221618797934e-03,5.931627090851e-03,1.651704436594e-06
"                 413",-1.791570472291e-01,1.472007302654e-01,-6.345557887167e-07,-1.749346364646e-01,1.531334283113e-01,1.015570777392e-06,4.222410764554e-03,5.932698045896e-03,1.650126566108e-06
"                 414",-1.791545968482e-01,1.471986503374e-01,-6.327106355872e-07,-1.749313849272e-01,1.531324179531e-01,1.017887774759e-06,4.223211921008e-03,5.933767615653e-03,1.650598410346e-06
"                 415",-1.791509981688e-01,1.471959656971e-01,-6.310250997502e-07,-1.749269914625e-01,1.531307854856e-01,1.024303421590e-06,4.224006706286e-03,5.934819788489e-03,1.655328521340e-06
"                 416",-1.791468162785e-01,1.471930052652e-01,-6.294600002391e-07,-1.749220470410e-01,1.531288547473e-01,1.035704380266e-06,4.224769237492e-03,5.935849482088e-03,1.665164380505e-06
"                 417",-1.791429243726e-01,1.471901108665e-01,-6.279926355215e-07,-1.749174589847e-01,1.531269459732e-01,1.047670281087e-06,4.225465387867e-03,5.936835106625e-03,1.675662916609e-06
"                 418",-1.791414592409e-01,1.471886443517e-01,-6.266228664556e-07,-1.749153476216e-01,1.531264230355e-01,1.059222714015e-06,4.226111619286e-03,5.937778683878e-03,1.685845580471e-06
"                 419",-1.791436952142e-01,1.471892688333e-01,-6.253936373865e-07,-1.749169467405e-01,1.531279865826e-01,1.070788692636e-06,4.226748473704e-03,5.938717749328e-03,1.696182330023e-06
"                 420",-1.791467594569e-01,1.471900259493e-01,-6.243723139696e-07,-1.749193651255e-01,1.531296804641e-01,1.082391853281e-06,4.227394331425e-03,5.939654514745e-03,1.706764167251e-06
"                 421",-1.791494433748e-01,1.471906247584e-01,-6.235958195580e-07,-1.749214071827e-01,1.531312259156e-01,1.092862985690e-06,4.228036192111e-03,5.940601157194e-03,1.716458805248e-06
"                 422",-1.791511590979e-01,1.471909598293e-01,-6.230509773950e-07,-1.749225032255e-01,1.531324885611e-01,1.101884125687e-06,4.228655872390e-03,5.941528731795e-03,1.724935103082e-06
"                 423",-1.791514420899e-01,1.471905352043e-01,-6.227081012391e-07,-1.749221792733e-01,1.531329359374e-01,1.111091843926e-06,4.229262816595e-03,5.942400733135e-03,1.733799945165e-06
"                 424",-1.791507515655e-01,1.471894377344e-01,-6.225063229104e-07,-1.749208915455e-01,1.531326302846e-01,1.120946460624e-06,4.229860019961e-03,5.943192550254e-03,1.743452783534e-06
"                 425",-1.791503992572e-01,1.471885696742e-01,-6.223657002128e-07,-1.749199306587e-01,1.531324685182e-01,1.131294198755e-06,4.230468598469e-03,5.943898844024e-03,1.753659898968e-06
"                 426",-1.791509225379e-01,1.471884251617e-01,-6.222259869294e-07,-1.749198320289e-01,1.531329749523e-01,1.139641671205e-06,4.231090508947e-03,5.944549790644e-03,1.761867658134e-06
"                 427",-1.791516317664e-01,1.471885817271e-01,-6.220686152314e-07,-1.749199091546e-01,1.531337596342e-01,1.143792500248e-06,4.231722611818e-03,5.945177907069e-03,1.765861115480e-06
"                 428",-1.791519647600e-01,1.471886002807e-01,-6.219144308088e-07,-1.749196132598e-01,1.531344026980e-01,1.143911923129e-06,4.232351500280e-03,5.945802417294e-03,1.765826353938e-06
"                 429",-1.791515550684e-01,1.471881111805e-01,-6.217932368341e-07,-1.749185957515e-01,1.531345515991e-01,1.141141410312e-06,4.232959316980e-03,5.946440418604e-03,1.762934647146e-06
"                 430",-1.791500138049e-01,1.471867728283e-01,-6.217039481301e-07,-1.749164724134e-01,1.531338695853e-01,1.137306109890e-06,4.233541391523e-03,5.947096756961e-03,1.759010058020e-06
"                 431",-1.791474564273e-01,1.471846708499e-01,-6.216176689391e-07,-1.749133566374e-01,1.531324381681e-01,1.133217218881e-06,4.234099789933e-03,5.947767318216e-03,1.754834887820e-06
"                 432",-1.791447525309e-01,1.471824162553e-01,-6.215084651846e-07,-1.749101273173e-01,1.531308600429e-01,1.128606682382e-06,4.234625213567e-03,5.948443787592e-03,1.750115147567e-06
"                 433",-1.791429967675e-01,1.471807245375e-01,-6.213736849486e-07,-1.749078897147e-01,1.531298533844e-01,1.122512092181e-06,4.235107052845e-03,5.949128846940e-03,1.743885777129e-06
"                 434",-1.791425016156e-01,1.471797853947e-01,-6.212361528479e-07,-1.749069703728e-01,1.531296111546e-01,1.114689444648e-06,4.235531242730e-03,5.949825759939e-03,1.735925597496e-06
"                 435",-1.791427926170e-01,1.471792925370e-01,-6.211247911288e-07,-1.749068870049e-01,1.531298151103e-01,1.105879342026e-06,4.235905612091e-03,5.950522573268e-03,1.727004133155e-06
"                 436",-1.791430364175e-01,1.471786937090e-01,-6.210541519910e-07,-1.749067598511e-01,1.531298931589e-01,1.097701961122e-06,4.236276566445e-03,5.951199449901e-03,1.718756113113e-06
"                 437",-1.791427308092e-01,1.471776155695e-01,-6.210208826582e-07,-1.749060405139e-01,1.531294577055e-01,1.092126213423e-06,4.236690295310e-03,5.951842135996e-03,1.713147096082e-06
"                 438",-1.791417804402e-01,1.471759927378e-01,-6.210172235722e-07,-1.749046204578e-01,1.531284446912e-01,1.089351556184e-06,4.237159982375e-03,5.952451953380e-03,1.710368779756e-06
"                 439",-1.791403776407e-01,1.471739834493e-01,-6.210484926429e-07,-1.749027089401e-01,1.531270265540e-01,1.087595980333e-06,4.237668700595e-03,5.953043104742e-03,1.708644472976e-06
"                 440",-1.791391987389e-01,1.471721752771e-01,-6.211183350211e-07,-1.749010014532e-01,1.531258080536e-01,1.086216310064e-06,4.238197285681e-03,5.953632776501e-03,1.707334645085e-06
"                 441",-1.791386061566e-01,1.471708038177e-01,-6.212196748510e-07,-1.748998764227e-01,1.531250358800e-01,1.085142358511e-06,4.238729733898e-03,5.954232062324e-03,1.706362033362e-06
"                 442",-1.791383053767e-01,1.471695772150e-01,-6.213341245166e-07,-1.748990502937e-01,1.531244193801e-01,1.084451648260e-06,4.239255083010e-03,5.954842165106e-03,1.705785772776e-06
"                 443",-1.791377302216e-01,1.471680413611e-01,-6.214466569311e-07,-1.748979602983e-01,1.531234967218e-01,1.084001159562e-06,4.239769923273e-03,5.955455360650e-03,1.705447816493e-06
"                 444",-1.791369747604e-01,1.471663557652e-01,-6.215534334133e-07,-1.748966991375e-01,1.531224176846e-01,1.083388100874e-06,4.240275622855e-03,5.956061919420e-03,1.704941534287e-06
"                 445",-1.791362706974e-01,1.471647761387e-01,-6.216606779153e-07,-1.748954972577e-01,1.531214316950e-01,1.082394488169e-06,4.240773439745e-03,5.956655556266e-03,1.704055166085e-06
"                 446",-1.791355036643e-01,1.471632588302e-01,-6.217739115664e-07,-1.748942387234e-01,1.531204893882e-01,1.080866778355e-06,4.241264940877e-03,5.957230558013e-03,1.702640689922e-06
"                 447",-1.791342955271e-01,1.471615194529e-01,-6.218920751111e-07,-1.748925464983e-01,1.531193011956e-01,1.079000138176e-06,4.241749028814e-03,5.957781742695e-03,1.700892213287e-06
"                 448",-1.791325332946e-01,1.471594690468e-01,-6.220079739652e-07,-1.748903123184e-01,1.531177780454e-01,1.076854461727e-06,4.242220976204e-03,5.958308998601e-03,1.698862435692e-06
"                 449",-1.791302689640e-01,1.471571140592e-01,-6.221168268493e-07,-1.748875954814e-01,1.531159294000e-01,1.074475282220e-06,4.242673482599e-03,5.958815340809e-03,1.696592109069e-06
"                 450",-1.791275794337e-01,1.471544794252e-01,-6.222144906938e-07,-1.748844754173e-01,1.531137817599e-01,1.072144168991e-06,4.243104016375e-03,5.959302334687e-03,1.694358659685e-06
"                 451",-1.791245263775e-01,1.471515787508e-01,-6.223001739549e-07,-1.748810122602e-01,1.531113511012e-01,1.070314560999e-06,4.243514117307e-03,5.959772350434e-03,1.692614734954e-06
"                 452",-1.791212443830e-01,1.471485020455e-01,-6.223725918066e-07,-1.748773399866e-01,1.531087284252e-01,1.069356210172e-06,4.243904396403e-03,5.960226379679e-03,1.691728801979e-06
"                 453",-1.791180014404e-01,1.471454498133e-01,-6.224314742836e-07,-1.748737260076e-01,1.531061173921e-01,1.069331769837e-06,4.244275432770e-03,5.960667578725e-03,1.691763244120e-06
"                 454",-1.791149069842e-01,1.471424818401e-01,-6.224785965199e-07,-1.748702787275e-01,1.531035803983e-01,1.069908327166e-06,4.244628256757e-03,5.961098558183e-03,1.692386923686e-06
"                 455",-1.791120598128e-01,1.471396410902e-01,-6.225179579861e-07,-1.748670945632e-01,1.531011619447e-01,1.070811682823e-06,4.244965249608e-03,5.961520854497e-03,1.693329640810e-06
"                 456",-1.791094188139e-01,1.471368845228e-01,-6.225540231317e-07,-1.748641303212e-01,1.530988189033e-01,1.072107117547e-06,4.245288492716e-03,5.961934380441e-03,1.694661140678e-06
"                 457",-1.791068936700e-01,1.471341577264e-01,-6.225909739841e-07,-1.748612931483e-01,1.530964952393e-01,1.074110309407e-06,4.245600521658e-03,5.962337512909e-03,1.696701283391e-06
"                 458",-1.791044142808e-01,1.471314346538e-01,-6.226314742698e-07,-1.748585103179e-01,1.530941623439e-01,1.076970445542e-06,4.245903962922e-03,5.962727690138e-03,1.699601919812e-06
"                 459",-1.791020197502e-01,1.471287685952e-01,-6.226772825092e-07,-1.748558179243e-01,1.530918711167e-01,1.080572130579e-06,4.246201825847e-03,5.963102521576e-03,1.703249413088e-06
"                 460",-1.790996856364e-01,1.471261610740e-01,-6.227298535228e-07,-1.748531890608e-01,1.530896209634e-01,1.084642592971e-06,4.246496575575e-03,5.963459889422e-03,1.707372446494e-06
"                 461",-1.790973967098e-01,1.471236113963e-01,-6.227893839213e-07,-1.748506067448e-01,1.530874111658e-01,1.088974321999e-06,4.246789964989e-03,5.963799769478e-03,1.711763705921e-06
"                 462",-1.790951462045e-01,1.471211240401e-01,-6.228529132881e-07,-1.748480632237e-01,1.530852468388e-01,1.093451422139e-06,4.247082980803e-03,5.964122798658e-03,1.716304335427e-06
"                 463",-1.790928914893e-01,1.471186816346e-01,-6.229163843499e-07,-1.748455160700e-01,1.530831127346e-01,1.098121262284e-06,4.247375419260e-03,5.964431099970e-03,1.721037646634e-06
"                 464",-1.790906330430e-01,1.471162848245e-01,-6.229752221912e-07,-1.748429674217e-01,1.530810121611e-01,1.102947729520e-06,4.247665621309e-03,5.964727336671e-03,1.725922951711e-06
"                 465",-1.790883915966e-01,1.471139400979e-01,-6.230257937915e-07,-1.748404394723e-01,1.530789537404e-01,1.107813255949e-06,4.247952124340e-03,5.965013642488e-03,1.730839049741e-06
"                 466",-1.790861809356e-01,1.471116490104e-01,-6.230662450103e-07,-1.748379475509e-01,1.530769399413e-01,1.112535222167e-06,4.248233384650e-03,5.965290930829e-03,1.735601467177e-06
"                 467",-1.790840159445e-01,1.471094171039e-01,-6.230970606190e-07,-1.748355076449e-01,1.530749774204e-01,1.117036309186e-06,4.248508299618e-03,5.965560316559e-03,1.740133369805e-06
"                 468",-1.790818925573e-01,1.471072375901e-01,-6.231198550901e-07,-1.748331166080e-01,1.530730593771e-01,1.121329311833e-06,4.248775949333e-03,5.965821787061e-03,1.744449166923e-06
"                 469",-1.790798140544e-01,1.471051101162e-01,-6.231371557551e-07,-1.748307789779e-01,1.530711880704e-01,1.125506630033e-06,4.249035076438e-03,5.966077954204e-03,1.748643785788e-06
"                 470",-1.790778063019e-01,1.471030484589e-01,-6.231503703635e-07,-1.748285214595e-01,1.530693790658e-01,1.129629408736e-06,4.249284842473e-03,5.966330606838e-03,1.752779779100e-06
"                 471",-1.790759266828e-01,1.471010939269e-01,-6.231601933234e-07,-1.748264022478e-01,1.530676760790e-01,1.133649710179e-06,4.249524435004e-03,5.966582152074e-03,1.756809903503e-06
"                 472",-1.790742233804e-01,1.470992785516e-01,-6.231680356973e-07,-1.748244708475e-01,1.530661152541e-01,1.137357880702e-06,4.249752532909e-03,5.966836702461e-03,1.760525916399e-06
"                 473",-1.790727487680e-01,1.470976314595e-01,-6.231753593482e-07,-1.748227811120e-01,1.530647304517e-01,1.140535393580e-06,4.249967655979e-03,5.967098992158e-03,1.763710752928e-06
"                 474",-1.790715011418e-01,1.470961431531e-01,-6.231836046193e-07,-1.748213294720e-01,1.530635122855e-01,1.143078652547e-06,4.250171669840e-03,5.967369132446e-03,1.766262257166e-06
"                 475",-1.790703730391e-01,1.470947395571e-01,-6.231941249564e-07,-1.748200051685e-01,1.530623821087e-01,1.145143825421e-06,4.250367870575e-03,5.967642551515e-03,1.768337950377e-06
"                 476",-1.790692069532e-01,1.470933197689e-01,-6.232086213465e-07,-1.748186479001e-01,1.530612340814e-01,1.146942229126e-06,4.250559053160e-03,5.967914312578e-03,1.770150850472e-06
"                 477",-1.790680215188e-01,1.470919166938e-01,-6.232275535933e-07,-1.748172741216e-01,1.530600973903e-01,1.148639283705e-06,4.250747397186e-03,5.968180696573e-03,1.771866837298e-06
"                 478",-1.790669043281e-01,1.470906005545e-01,-6.232497108512e-07,-1.748159706428e-01,1.530590399569e-01,1.150290163352e-06,4.250933685266e-03,5.968439402339e-03,1.773539874203e-06
"                 479",-1.790658724614e-01,1.470893732691e-01,-6.232739578167e-07,-1.748147556871e-01,1.530580631177e-01,1.151875196165e-06,4.251116774362e-03,5.968689848601e-03,1.775149153981e-06
"                 480",-1.790648732959e-01,1.470881795313e-01,-6.232985419342e-07,-1.748135773097e-01,1.530571127698e-01,1.153338854272e-06,4.251295986284e-03,5.968933238506e-03,1.776637396207e-06
"                 481",-1.790638280413e-01,1.470869566051e-01,-6.233219426887e-07,-1.748123572096e-01,1.530561277043e-01,1.154650816781e-06,4.251470831654e-03,5.969171099216e-03,1.777972759470e-06
"                 482",-1.790627296393e-01,1.470857065121e-01,-6.233426943672e-07,-1.748110867784e-01,1.530551085428e-01,1.155884444229e-06,4.251642860997e-03,5.969402030705e-03,1.779227138596e-06
"                 483",-1.790615903812e-01,1.470844561937e-01,-6.233600322387e-07,-1.748097766482e-01,1.530540789189e-01,1.157052788272e-06,4.251813733001e-03,5.969622725289e-03,1.780412820511e-06
"                 484",-1.790604514019e-01,1.470832341886e-01,-6.233733700839e-07,-1.748084684875e-01,1.530530677989e-01,1.157933068658e-06,4.251982914447e-03,5.969833610218e-03,1.781306438742e-06
"                 485",-1.790593445750e-01,1.470820544136e-01,-6.233825619734e-07,-1.748071960648e-01,1.530520912145e-01,1.158411450659e-06,4.252148510154e-03,5.970036800894e-03,1.781794012633e-06
"                 486",-1.790583020859e-01,1.470809259146e-01,-6.233873418192e-07,-1.748059940667e-01,1.530511616225e-01,1.158100734040e-06,4.252308019186e-03,5.970235707877e-03,1.781488075860e-06
"                 487",-1.790573330232e-01,1.470798540604e-01,-6.233876783326e-07,-1.748048731893e-01,1.530502863982e-01,1.157393682970e-06,4.252459833893e-03,5.970432337793e-03,1.780781361303e-06
"                 488",-1.790564277038e-01,1.470788305000e-01,-6.233838440718e-07,-1.748038238425e-01,1.530494578054e-01,1.156401298085e-06,4.252603861279e-03,5.970627305472e-03,1.779785142157e-06
"                 489",-1.790555899489e-01,1.470778676838e-01,-6.233772233431e-07,-1.748028491826e-01,1.530486877529e-01,1.155120506977e-06,4.252740766266e-03,5.970820069114e-03,1.778497730320e-06
"                 490",-1.790547868359e-01,1.470769415030e-01,-6.233695501551e-07,-1.748019148018e-01,1.530479503968e-01,1.153588859254e-06,4.252872034144e-03,5.971008893812e-03,1.776958409410e-06
"                 491",-1.790539487449e-01,1.470759881024e-01,-6.233621131146e-07,-1.748009476186e-01,1.530471769784e-01,1.151966947544e-06,4.253001126303e-03,5.971188876027e-03,1.775329060658e-06
"                 492",-1.790531187595e-01,1.470750518027e-01,-6.233569770681e-07,-1.747999868356e-01,1.530464045497e-01,1.150550807200e-06,4.253131923886e-03,5.971352747033e-03,1.773907784268e-06
"                 493",-1.790523294271e-01,1.470741678776e-01,-6.233540177060e-07,-1.747990676998e-01,1.530456690807e-01,1.149354964000e-06,4.253261727307e-03,5.971501203096e-03,1.772708981706e-06
"                 494",-1.790515723283e-01,1.470733156840e-01,-6.233531399227e-07,-1.747981745664e-01,1.530449463033e-01,1.148221047815e-06,4.253397761948e-03,5.971630619279e-03,1.771574187738e-06
"                 495",-1.790508107877e-01,1.470724554061e-01,-6.233542527613e-07,-1.747972778701e-01,1.530442021726e-01,1.147125325933e-06,4.253532917586e-03,5.971746766511e-03,1.770479578694e-06
"                 496",-1.790499867251e-01,1.470715443005e-01,-6.233565194389e-07,-1.747963207047e-01,1.530433920925e-01,1.146206494902e-06,4.253666020384e-03,5.971847792026e-03,1.769563014341e-06
"                 497",-1.790491405547e-01,1.470706321575e-01,-6.233592276703e-07,-1.747953462013e-01,1.530425698889e-01,1.145418677639e-06,4.253794353323e-03,5.971937731417e-03,1.768777905309e-06
"                 498",-1.790483609727e-01,1.470697923198e-01,-6.233612241160e-07,-1.747944459315e-01,1.530418127932e-01,1.144606488900e-06,4.253915041150e-03,5.972020473372e-03,1.767967713016e-06
"                 499",-1.790477571228e-01,1.470691083789e-01,-6.233617569470e-07,-1.747937322406e-01,1.530412127283e-01,1.143492034296e-06,4.254024882174e-03,5.972104349351e-03,1.766853791243e-06
"                 500",-1.790473697297e-01,1.470685945799e-01,-6.233598777861e-07,-1.747932466786e-01,1.530407878181e-01,1.141905144910e-06,4.254123051141e-03,5.972193238156e-03,1.765265022696e-06
"                 501",-1.790471260155e-01,1.470681922173e-01,-6.233554859825e-07,-1.747929128185e-01,1.530404767397e-01,1.140012352261e-06,4.254213196989e-03,5.972284522422e-03,1.763367838244e-06
"                 502",-1.790469039924e-01,1.470678137336e-01,-6.233485176320e-07,-1.747926056251e-01,1.530401888069e-01,1.138005653770e-06,4.254298367306e-03,5.972375073312e-03,1.761354171402e-06
"                 503",-1.790466892392e-01,1.470674561748e-01,-6.233394820507e-07,-1.747923097422e-01,1.530399222024e-01,1.136037199634e-06,4.254379496981e-03,5.972466027540e-03,1.759376681684e-06
"                 504",-1.790465138351e-01,1.470671452114e-01,-6.233287754901e-07,-1.747920567900e-01,1.530397026658e-01,1.134281946076e-06,4.254457045105e-03,5.972557454404e-03,1.757610721566e-06
"                 505",-1.790463807125e-01,1.470668715008e-01,-6.233172119097e-07,-1.747918482101e-01,1.530395191681e-01,1.132751107756e-06,4.254532502423e-03,5.972647667284e-03,1.756068319665e-06
"                 506",-1.790462389702e-01,1.470665869083e-01,-6.233054907634e-07,-1.747916319069e-01,1.530393220584e-01,1.131473804496e-06,4.254607063256e-03,5.972735150060e-03,1.754779295259e-06
"                 507",-1.790460727575e-01,1.470662707915e-01,-6.232950598428e-07,-1.747913954660e-01,1.530390929567e-01,1.130453065037e-06,4.254677291467e-03,5.972822165138e-03,1.753748124880e-06
"                 508",-1.790458783320e-01,1.470659310133e-01,-6.232865901166e-07,-1.747911322376e-01,1.530388377426e-01,1.129732906983e-06,4.254746094409e-03,5.972906729331e-03,1.753019497099e-06
"                 509",-1.790456463601e-01,1.470655632120e-01,-6.232802932996e-07,-1.747908288765e-01,1.530385493218e-01,1.129229545254e-06,4.254817483603e-03,5.972986109824e-03,1.752509838553e-06
"                 510",-1.790453771906e-01,1.470651798492e-01,-6.232753367897e-07,-1.747904892067e-01,1.530382425636e-01,1.128834361531e-06,4.254887983824e-03,5.973062714405e-03,1.752109698320e-06
"                 511",-1.790451003557e-01,1.470647928023e-01,-6.232704791950e-07,-1.747901443331e-01,1.530379308706e-01,1.128454528440e-06,4.254956022669e-03,5.973138068270e-03,1.751725007635e-06
"                 512",-1.790448155675e-01,1.470644034812e-01,-6.232644678295e-07,-1.747897945417e-01,1.530376154441e-01,1.128089407808e-06,4.255021025786e-03,5.973211962972e-03,1.751353875637e-06
"                 513",-1.790445182814e-01,1.470639959083e-01,-6.232572544130e-07,-1.747894350161e-01,1.530372789645e-01,1.127749314611e-06,4.255083265244e-03,5.973283056281e-03,1.751006569024e-06
"                 514",-1.790442085235e-01,1.470635875128e-01,-6.232491147985e-07,-1.747890655216e-01,1.530369377129e-01,1.127470760099e-06,4.255143001898e-03,5.973350200011e-03,1.750719874897e-06
"                 515",-1.790439204579e-01,1.470632018312e-01,-6.232408287333e-07,-1.747887200577e-01,1.530366146943e-01,1.127241059044e-06,4.255200400190e-03,5.973412863163e-03,1.750481887777e-06
"                 516",-1.790436622803e-01,1.470628605391e-01,-6.232328709727e-07,-1.747884070562e-01,1.530363312895e-01,1.127057593789e-06,4.255255224100e-03,5.973470750432e-03,1.750290464762e-06
"                 517",-1.790434415119e-01,1.470625531715e-01,-6.232260586655e-07,-1.747881342558e-01,1.530360772866e-01,1.126877973627e-06,4.255307256059e-03,5.973524115159e-03,1.750104032292e-06
"                 518",-1.790432333354e-01,1.470622697645e-01,-6.232206975737e-07,-1.747878771345e-01,1.530358427423e-01,1.126706148299e-06,4.255356200897e-03,5.973572977824e-03,1.749926845873e-06
"                 519",-1.790430379572e-01,1.470619940196e-01,-6.232169858780e-07,-1.747876358897e-01,1.530356116942e-01,1.126537296599e-06,4.255402067438e-03,5.973617674591e-03,1.749754282477e-06
"                 520",-1.790428373320e-01,1.470617274699e-01,-6.232146116789e-07,-1.747873925396e-01,1.530353856383e-01,1.126411588286e-06,4.255444792371e-03,5.973658168477e-03,1.749626199965e-06
"                 521",-1.790426454366e-01,1.470614662276e-01,-6.232133332454e-07,-1.747871607838e-01,1.530351610909e-01,1.126348629412e-06,4.255484652785e-03,5.973694863334e-03,1.749561962657e-06
"                 522",-1.790424566934e-01,1.470612234187e-01,-6.232125264610e-07,-1.747869350551e-01,1.530349511839e-01,1.126385486680e-06,4.255521638299e-03,5.973727765168e-03,1.749598013141e-06
"                 523",-1.790422854112e-01,1.470609916027e-01,-6.232119259476e-07,-1.747867293728e-01,1.530347490459e-01,1.126482359191e-06,4.255556038417e-03,5.973757443225e-03,1.749694285139e-06
"                 524",-1.790421122272e-01,1.470607727732e-01,-6.232110842386e-07,-1.747865244029e-01,1.530345567730e-01,1.126609067936e-06,4.255587824284e-03,5.973783999851e-03,1.749820152174e-06
"                 525",-1.790419491200e-01,1.470605568658e-01,-6.232100939358e-07,-1.747863316472e-01,1.530343646071e-01,1.126770685807e-06,4.255617472798e-03,5.973807741337e-03,1.749980779743e-06
"                 526",-1.790417836433e-01,1.470603542542e-01,-6.232088085790e-07,-1.747861384765e-01,1.530341828444e-01,1.127014240983e-06,4.255645166882e-03,5.973828590137e-03,1.750223049562e-06
"                 527",-1.790416433750e-01,1.470601678675e-01,-6.232078280965e-07,-1.747859720883e-01,1.530340148219e-01,1.127358526669e-06,4.255671286713e-03,5.973846954419e-03,1.750566354766e-06
"                 528",-1.790415099265e-01,1.470600030642e-01,-6.232069037699e-07,-1.747858144946e-01,1.530338662456e-01,1.127807223389e-06,4.255695431937e-03,5.973863181454e-03,1.751014127159e-06
"                 529",-1.790414040913e-01,1.470598553034e-01,-6.232063841009e-07,-1.747856863890e-01,1.530337337745e-01,1.128333019800e-06,4.255717702286e-03,5.973878471120e-03,1.751539403901e-06
"                 530",-1.790413052552e-01,1.470597255376e-01,-6.232061879435e-07,-1.747855674215e-01,1.530336188432e-01,1.128912265394e-06,4.255737833615e-03,5.973893305551e-03,1.752118453338e-06
"                 531",-1.790412243026e-01,1.470596036153e-01,-6.232065773255e-07,-1.747854681948e-01,1.530335118636e-01,1.129496236884e-06,4.255756107879e-03,5.973908248321e-03,1.752702814209e-06
"                 532",-1.790411387576e-01,1.470594912509e-01,-6.232073341451e-07,-1.747853661198e-01,1.530334148783e-01,1.130066777259e-06,4.255772637796e-03,5.973923627374e-03,1.753274111404e-06
"                 533",-1.790410657988e-01,1.470593838030e-01,-6.232085277343e-07,-1.747852782671e-01,1.530333242873e-01,1.130565053246e-06,4.255787531646e-03,5.973940484280e-03,1.753773580980e-06
"                 534",-1.790409940412e-01,1.470592887012e-01,-6.232097590458e-07,-1.747851932348e-01,1.530332481041e-01,1.130970613483e-06,4.255800806438e-03,5.973959402865e-03,1.754180372529e-06
"                 535",-1.790409347915e-01,1.470591966324e-01,-6.232109346873e-07,-1.747851216135e-01,1.530331765675e-01,1.131280531534e-06,4.255813178044e-03,5.973979935079e-03,1.754491466222e-06
"                 536",-1.790408596972e-01,1.470591031482e-01,-6.232115655356e-07,-1.747850346203e-01,1.530331048283e-01,1.131518192018e-06,4.255825076906e-03,5.974001680180e-03,1.754729757553e-06
"                 537",-1.790407768874e-01,1.470589966290e-01,-6.232115961053e-07,-1.747849400800e-01,1.530330211795e-01,1.131682005694e-06,4.255836807367e-03,5.974024550461e-03,1.754893601799e-06
"                 538",-1.790406723719e-01,1.470588840800e-01,-6.232106407333e-07,-1.747848239502e-01,1.530329324812e-01,1.131796578757e-06,4.255848421633e-03,5.974048401185e-03,1.755007219491e-06
"                 539",-1.790405651750e-01,1.470587615051e-01,-6.232088656993e-07,-1.747847051988e-01,1.530328346998e-01,1.131864205954e-06,4.255859976154e-03,5.974073194725e-03,1.755073071654e-06
"                 540",-1.790404483884e-01,1.470586413793e-01,-6.232060858247e-07,-1.747845771155e-01,1.530327399154e-01,1.131919929806e-06,4.255871272962e-03,5.974098536014e-03,1.755126015631e-06
"                 541",-1.790403308229e-01,1.470585099005e-01,-6.232026408058e-07,-1.747844482480e-01,1.530326340960e-01,1.131954489377e-06,4.255882574847e-03,5.974124195432e-03,1.755157130183e-06
"                 542",-1.790401986888e-01,1.470583749447e-01,-6.231986321215e-07,-1.747843047101e-01,1.530325246655e-01,1.131979743163e-06,4.255893978633e-03,5.974149720731e-03,1.755178375285e-06
"                 543",-1.790400658777e-01,1.470582297174e-01,-6.231945307698e-07,-1.747841603047e-01,1.530324045146e-01,1.131982932531e-06,4.255905572973e-03,5.974174797281e-03,1.755177463301e-06
"                 544",-1.790399291896e-01,1.470580920999e-01,-6.231904348251e-07,-1.747840118515e-01,1.530322910713e-01,1.131974228970e-06,4.255917338113e-03,5.974198971374e-03,1.755164663795e-06
"                 545",-1.790398008767e-01,1.470579530797e-01,-6.231867375081e-07,-1.747838715472e-01,1.530321750818e-01,1.131947228822e-06,4.255929329469e-03,5.974222002067e-03,1.755133966331e-06
"                 546",-1.790396692715e-01,1.470578222143e-01,-6.231834403569e-07,-1.747837278641e-01,1.530320656796e-01,1.131921903773e-06,4.255941407409e-03,5.974243465223e-03,1.755105344130e-06
"                 547",-1.790395434108e-01,1.470576878865e-01,-6.231807962389e-07,-1.747835898283e-01,1.530319510526e-01,1.131897354438e-06,4.255953582536e-03,5.974263166088e-03,1.755078150677e-06
"                 548",-1.790394100081e-01,1.470575588843e-01,-6.231785993946e-07,-1.747834443309e-01,1.530318396273e-01,1.131898120588e-06,4.255965677119e-03,5.974280742943e-03,1.755076719983e-06
"                 549",-1.790392806869e-01,1.470574262672e-01,-6.231769742651e-07,-1.747833030687e-01,1.530317224117e-01,1.131916182173e-06,4.255977618218e-03,5.974296144480e-03,1.755093156438e-06
"                 550",-1.790391457583e-01,1.470573019931e-01,-6.231755801924e-07,-1.747831564921e-01,1.530316112214e-01,1.131965288593e-06,4.255989266197e-03,5.974309228330e-03,1.755140868786e-06
"                 551",-1.790390162607e-01,1.470571758559e-01,-6.231744986315e-07,-1.747830156713e-01,1.530314959231e-01,1.132034199098e-06,4.256000589423e-03,5.974320067243e-03,1.755208697729e-06
"                 552",-1.790388795683e-01,1.470570559575e-01,-6.231733630079e-07,-1.747828681249e-01,1.530313846454e-01,1.132140906583e-06,4.256011443466e-03,5.974328687869e-03,1.755314269591e-06
"                 553",-1.790387481728e-01,1.470569331600e-01,-6.231722664308e-07,-1.747827264203e-01,1.530312684441e-01,1.132277188606e-06,4.256021752452e-03,5.974335284138e-03,1.755449455037e-06
"                 554",-1.790386096329e-01,1.470568158759e-01,-6.231708788094e-07,-1.747825782525e-01,1.530311558952e-01,1.132455796515e-06,4.256031380411e-03,5.974340019270e-03,1.755626675325e-06
"                 555",-1.790384777166e-01,1.470566963981e-01,-6.231693664630e-07,-1.747824374587e-01,1.530310395531e-01,1.132663982749e-06,4.256040257905e-03,5.974343154995e-03,1.755833349213e-06
"                 556",-1.790383400179e-01,1.470565831315e-01,-6.231674896776e-07,-1.747822916895e-01,1.530309280599e-01,1.132912360821e-06,4.256048328436e-03,5.974344928414e-03,1.756079850499e-06
"                 557",-1.790382130042e-01,1.470564700660e-01,-6.231655292210e-07,-1.747821574165e-01,1.530308157751e-01,1.133182674866e-06,4.256055587713e-03,5.974345709075e-03,1.756348204087e-06
"                 558",-1.790380844781e-01,1.470563660808e-01,-6.231633436552e-07,-1.747820224937e-01,1.530307116604e-01,1.133480784418e-06,4.256061984376e-03,5.974345579571e-03,1.756644128073e-06
"                 559",-1.790379676912e-01,1.470562622629e-01,-6.231612662288e-07,-1.747819001389e-01,1.530306071520e-01,1.133789719999e-06,4.256067552284e-03,5.974344889076e-03,1.756950986228e-06
"                 560",-1.790378545952e-01,1.470561709645e-01,-6.231591710657e-07,-1.747817822542e-01,1.530305148405e-01,1.134110993010e-06,4.256072341017e-03,5.974343875990e-03,1.757270164076e-06
"                 561",-1.790377471240e-01,1.470560752637e-01,-6.231574889341e-07,-1.747816706961e-01,1.530304181168e-01,1.134415093299e-06,4.256076427860e-03,5.974342853083e-03,1.757572582234e-06
"                 562",-1.790376384926e-01,1.470559876798e-01,-6.231559984222e-07,-1.747815586517e-01,1.530303295122e-01,1.134720124987e-06,4.256079840853e-03,5.974341832409e-03,1.757876123409e-06
"                 563",-1.790375445794e-01,1.470559011881e-01,-6.231549218417e-07,-1.747814619055e-01,1.530302423161e-01,1.135000162848e-06,4.256082673872e-03,5.974341128067e-03,1.758155084689e-06
"                 564",-1.790374552935e-01,1.470558271915e-01,-6.231540746450e-07,-1.747813702449e-01,1.530301680444e-01,1.135263197908e-06,4.256085048646e-03,5.974340852852e-03,1.758417272553e-06
"                 565",-1.790373698595e-01,1.470557467591e-01,-6.231536218064e-07,-1.747812827379e-01,1.530300880946e-01,1.135490692070e-06,4.256087121611e-03,5.974341335563e-03,1.758644313876e-06
"                 566",-1.790372761077e-01,1.470556688275e-01,-6.231533373715e-07,-1.747811871839e-01,1.530300113486e-01,1.135700590126e-06,4.256088923747e-03,5.974342521133e-03,1.758853927498e-06
"                 567",-1.790371869202e-01,1.470555842961e-01,-6.231533330982e-07,-1.747810963428e-01,1.530299289170e-01,1.135879974861e-06,4.256090577415e-03,5.974344620933e-03,1.759033307959e-06
"                 568",-1.790370965725e-01,1.470555079336e-01,-6.231533352770e-07,-1.747810044347e-01,1.530298555862e-01,1.136037091510e-06,4.256092137755e-03,5.974347652640e-03,1.759190426787e-06
"                 569",-1.790370143687e-01,1.470554279413e-01,-6.231534025092e-07,-1.747809206930e-01,1.530297797162e-01,1.136151977340e-06,4.256093675687e-03,5.974351774840e-03,1.759305379849e-06
"                 570",-1.790369299541e-01,1.470553559512e-01,-6.231533374528e-07,-1.747808347537e-01,1.530297128849e-01,1.136228575361e-06,4.256095200355e-03,5.974356933698e-03,1.759381912814e-06
"                 571",-1.790368524906e-01,1.470552799599e-01,-6.231532701453e-07,-1.747807556855e-01,1.530296431804e-01,1.136256102862e-06,4.256096805059e-03,5.974363220528e-03,1.759409373008e-06
"                 572",-1.790367701811e-01,1.470552094233e-01,-6.231530417080e-07,-1.747806716796e-01,1.530295799287e-01,1.136245370503e-06,4.256098501492e-03,5.974370505433e-03,1.759398412211e-06
"                 573",-1.790366943149e-01,1.470551342878e-01,-6.231527819868e-07,-1.747805939434e-01,1.530295130820e-01,1.136194797428e-06,4.256100371571e-03,5.974378794223e-03,1.759347579415e-06
"                 574",-1.790366140118e-01,1.470550649832e-01,-6.231523024140e-07,-1.747805115892e-01,1.530294528818e-01,1.136117609076e-06,4.256102422603e-03,5.974387898555e-03,1.759269911490e-06
"                 575",-1.790365390815e-01,1.470549904914e-01,-6.231517350588e-07,-1.747804343652e-01,1.530293882303e-01,1.136013432437e-06,4.256104716300e-03,5.974397738907e-03,1.759165167496e-06
"                 576",-1.790364602661e-01,1.470549225837e-01,-6.231508908789e-07,-1.747803530582e-01,1.530293306615e-01,1.135895044896e-06,4.256107207849e-03,5.974408077788e-03,1.759045935775e-06
"                 577",-1.790363877448e-01,1.470548506853e-01,-6.231499708236e-07,-1.747802777663e-01,1.530292694938e-01,1.135760666328e-06,4.256109978496e-03,5.974418808494e-03,1.758910637151e-06
"                 578",-1.790363133789e-01,1.470547871451e-01,-6.231488263374e-07,-1.747802003884e-01,1.530292168258e-01,1.135625144606e-06,4.256112990498e-03,5.974429680622e-03,1.758773970943e-06
"                 579",-1.790362483099e-01,1.470547222710e-01,-6.231477234147e-07,-1.747801320399e-01,1.530291627814e-01,1.135487094787e-06,4.256116269951e-03,5.974440510400e-03,1.758634818202e-06
"                 580",-1.790361831592e-01,1.470546673073e-01,-6.231465185461e-07,-1.747800633559e-01,1.530291183978e-01,1.135358731321e-06,4.256119803313e-03,5.974451090522e-03,1.758505249867e-06
"                 581",-1.790361277762e-01,1.470546118924e-01,-6.231454698130e-07,-1.747800041732e-01,1.530290731406e-01,1.135237851168e-06,4.256123603015e-03,5.974461248215e-03,1.758383320981e-06
"                 582",-1.790360723887e-01,1.470545669505e-01,-6.231444081794e-07,-1.747799447803e-01,1.530290377304e-01,1.135138175471e-06,4.256127608442e-03,5.974470779845e-03,1.758282583651e-06
"                 583",-1.790360267511e-01,1.470545217146e-01,-6.231435333027e-07,-1.747798949492e-01,1.530290012472e-01,1.135057397526e-06,4.256131801919e-03,5.974479532612e-03,1.758200930829e-06
"                 584",-1.790359811567e-01,1.470544870779e-01,-6.231426478755e-07,-1.747798450360e-01,1.530289744373e-01,1.135005731177e-06,4.256136120768e-03,5.974487359401e-03,1.758148379052e-06
"                 585",-1.790359437864e-01,1.470544508069e-01,-6.231418889348e-07,-1.747798032028e-01,1.530289449991e-01,1.134977098593e-06,4.256140583657e-03,5.974494192256e-03,1.758118987528e-06
"                 586",-1.790359069488e-01,1.470544257747e-01,-6.231410485354e-07,-1.747797618900e-01,1.530289256088e-01,1.134983764938e-06,4.256145058733e-03,5.974499834071e-03,1.758124813474e-06
"                 587",-1.790358783133e-01,1.470543987886e-01,-6.231402209966e-07,-1.747797287188e-01,1.530289031947e-01,1.135014157337e-06,4.256149594457e-03,5.974504406015e-03,1.758154378334e-06
"                 588",-1.790358519624e-01,1.470543843664e-01,-6.231392244384e-07,-1.747796979362e-01,1.530288921193e-01,1.135079913740e-06,4.256154026196e-03,5.974507752846e-03,1.758219138178e-06
"                 589",-1.790358343395e-01,1.470543684054e-01,-6.231381718798e-07,-1.747796759557e-01,1.530288784483e-01,1.135170147531e-06,4.256158383791e-03,5.974510042936e-03,1.758308319411e-06
"                 590",-1.790358190476e-01,1.470543646581e-01,-6.231369212027e-07,-1.747796564974e-01,1.530288759263e-01,1.135289292340e-06,4.256162550171e-03,5.974511268179e-03,1.758426213543e-06
"                 591",-1.790358127620e-01,1.470543593585e-01,-6.231356284965e-07,-1.747796462388e-01,1.530288709217e-01,1.135429066916e-06,4.256166523160e-03,5.974511563226e-03,1.758564695412e-06
"                 592",-1.790358088745e-01,1.470543657392e-01,-6.231341716909e-07,-1.747796386866e-01,1.530288767241e-01,1.135592877814e-06,4.256170187875e-03,5.974510984916e-03,1.758727049505e-06
"                 593",-1.790358137699e-01,1.470543700208e-01,-6.231327455368e-07,-1.747796402187e-01,1.530288797497e-01,1.135767182265e-06,4.256173551205e-03,5.974509728901e-03,1.758899927802e-06
"                 594",-1.790358204132e-01,1.470543849506e-01,-6.231312459345e-07,-1.747796438454e-01,1.530288928661e-01,1.135957237482e-06,4.256176567813e-03,5.974507915470e-03,1.759088483416e-06
"                 595",-1.790358347991e-01,1.470543965716e-01,-6.231298945866e-07,-1.747796555556e-01,1.530289022623e-01,1.136150362141e-06,4.256179243589e-03,5.974505690629e-03,1.759280256728e-06
"                 596",-1.790358492368e-01,1.470544169917e-01,-6.231285642259e-07,-1.747796676802e-01,1.530289201875e-01,1.136349603188e-06,4.256181556572e-03,5.974503195850e-03,1.759478167414e-06
"                 597",-1.790358704700e-01,1.470544330676e-01,-6.231274699772e-07,-1.747796869305e-01,1.530289336545e-01,1.136541556668e-06,4.256183539429e-03,5.974500586884e-03,1.759669026645e-06
"                 598",-1.790358898852e-01,1.470544560774e-01,-6.231264589745e-07,-1.747797047238e-01,1.530289540350e-01,1.136730218214e-06,4.256185161388e-03,5.974497957614e-03,1.759856677188e-06
"                 599",-1.790359148481e-01,1.470544735113e-01,-6.231257270198e-07,-1.747797283624e-01,1.530289690456e-01,1.136900469761e-06,4.256186485708e-03,5.974495534303e-03,1.760026196781e-06
"                 600",-1.790359365232e-01,1.470544965342e-01,-6.231250887512e-07,-1.747797490225e-01,1.530289899051e-01,1.137061916510e-06,4.256187500701e-03,5.974493370892e-03,1.760187005261e-06
"                 601",-1.790359621367e-01,1.470545125290e-01,-6.231247308208e-07,-1.747797738631e-01,1.530290041549e-01,1.137197870427e-06,4.256188273629e-03,5.974491625934e-03,1.760322601248e-06
"                 602",-1.790359834329e-01,1.470545333669e-01,-6.231244612255e-07,-1.747797946141e-01,1.530290237757e-01,1.137317908260e-06,4.256188818821e-03,5.974490408738e-03,1.760442369485e-06
"                 603",-1.790360069250e-01,1.470545456420e-01,-6.231244270634e-07,-1.747798177321e-01,1.530290354174e-01,1.137407722804e-06,4.256189192863e-03,5.974489775404e-03,1.760532149868e-06
"                 604",-1.790360261437e-01,1.470545630094e-01,-6.231244427123e-07,-1.747798367362e-01,1.530290528486e-01,1.137476672982e-06,4.256189407492e-03,5.974489839226e-03,1.760601115695e-06
"                 605",-1.790360470232e-01,1.470545714134e-01,-6.231246324107e-07,-1.747798574908e-01,1.530290620344e-01,1.137511770423e-06,4.256189532342e-03,5.974490620980e-03,1.760636402834e-06
"                 606",-1.790360627784e-01,1.470545844367e-01,-6.231248198749e-07,-1.747798731881e-01,1.530290765936e-01,1.137525548093e-06,4.256189590264e-03,5.974492156902e-03,1.760650367968e-06
"                 607",-1.790360797397e-01,1.470545883640e-01,-6.231251285810e-07,-1.747798901002e-01,1.530290828398e-01,1.137505337551e-06,4.256189639481e-03,5.974494475804e-03,1.760630466132e-06
"                 608",-1.790360908271e-01,1.470545963454e-01,-6.231253888149e-07,-1.747799011515e-01,1.530290938402e-01,1.137462969275e-06,4.256189675640e-03,5.974497494833e-03,1.760588358090e-06
"                 609",-1.790361031184e-01,1.470545955384e-01,-6.231257381904e-07,-1.747799133284e-01,1.530290967560e-01,1.137390468331e-06,4.256189789964e-03,5.974501217540e-03,1.760516206522e-06
"                 610",-1.790361094398e-01,1.470545988888e-01,-6.231260115236e-07,-1.747799194835e-01,1.530291043726e-01,1.137302578946e-06,4.256189956292e-03,5.974505483868e-03,1.760428590470e-06
"                 611",-1.790361172171e-01,1.470545938739e-01,-6.231263631498e-07,-1.747799269446e-01,1.530291041738e-01,1.137190011055e-06,4.256190272549e-03,5.974510299914e-03,1.760316374205e-06
"                 612",-1.790361194346e-01,1.470545936537e-01,-6.231266277957e-07,-1.747799287451e-01,1.530291091190e-01,1.137068475661e-06,4.256190689533e-03,5.974515465293e-03,1.760195103457e-06
"                 613",-1.790361236294e-01,1.470545857792e-01,-6.231269724762e-07,-1.747799323660e-01,1.530291067013e-01,1.136929459151e-06,4.256191263333e-03,5.974520922040e-03,1.760056431627e-06
"                 614",-1.790361228408e-01,1.470545834404e-01,-6.231272163484e-07,-1.747799308663e-01,1.530291099385e-01,1.136790490530e-06,4.256191974500e-03,5.974526498105e-03,1.759917706879e-06
"                 615",-1.790361247820e-01,1.470545742782e-01,-6.231275383178e-07,-1.747799319106e-01,1.530291063994e-01,1.136642607085e-06,4.256192871344e-03,5.974532121166e-03,1.759770145403e-06
"                 616",-1.790361223091e-01,1.470545713685e-01,-6.231277483975e-07,-1.747799284164e-01,1.530291089450e-01,1.136501599988e-06,4.256193892629e-03,5.974537576551e-03,1.759629348386e-06
"                 617",-1.790361232115e-01,1.470545623957e-01,-6.231280283395e-07,-1.747799281113e-01,1.530291052215e-01,1.136360511110e-06,4.256195100140e-03,5.974542825779e-03,1.759488539449e-06
"                 618",-1.790361205039e-01,1.470545606131e-01,-6.231281832443e-07,-1.747799240828e-01,1.530291082614e-01,1.136234578524e-06,4.256196421142e-03,5.974547648345e-03,1.759362761769e-06
"                 619",-1.790361217303e-01,1.470545533609e-01,-6.231283902302e-07,-1.747799238343e-01,1.530291053781e-01,1.136115209686e-06,4.256197896069e-03,5.974552017190e-03,1.759243599916e-06
"                 620",-1.790361202932e-01,1.470545543460e-01,-6.231284580063e-07,-1.747799208556e-01,1.530291101030e-01,1.136017870834e-06,4.256199437533e-03,5.974555757039e-03,1.759146328841e-06
"                 621",-1.790361232623e-01,1.470545502612e-01,-6.231285544749e-07,-1.747799221747e-01,1.530291090985e-01,1.135933378416e-06,4.256201087621e-03,5.974558837379e-03,1.759061932891e-06
"                 622",-1.790361242216e-01,1.470545549765e-01,-6.231284991396e-07,-1.747799214423e-01,1.530291161698e-01,1.135875905915e-06,4.256202779378e-03,5.974561193273e-03,1.759004405055e-06
"                 623",-1.790361297901e-01,1.470545547141e-01,-6.231284542595e-07,-1.747799252802e-01,1.530291175107e-01,1.135835754686e-06,4.256204509910e-03,5.974562796631e-03,1.758964208946e-06
"                 624",-1.790361338591e-01,1.470545635154e-01,-6.231282524405e-07,-1.747799276826e-01,1.530291271151e-01,1.135823931294e-06,4.256206176526e-03,5.974563599666e-03,1.758952183735e-06
"                 625",-1.790361430971e-01,1.470545677693e-01,-6.231280575932e-07,-1.747799352758e-01,1.530291314452e-01,1.135830620322e-06,4.256207821294e-03,5.974563675886e-03,1.758958677915e-06
"                 626",-1.790361508932e-01,1.470545808601e-01,-6.231277104730e-07,-1.747799415590e-01,1.530291438604e-01,1.135865301719e-06,4.256209334258e-03,5.974563000327e-03,1.758993012192e-06
"                 627",-1.790361641416e-01,1.470545895347e-01,-6.231273868817e-07,-1.747799533930e-01,1.530291512255e-01,1.135915593419e-06,4.256210748594e-03,5.974561690811e-03,1.759042980300e-06
"                 628",-1.790361755157e-01,1.470546063231e-01,-6.231269293902e-07,-1.747799635510e-01,1.530291660796e-01,1.135989512193e-06,4.256211964669e-03,5.974559756532e-03,1.759116441583e-06
"                 629",-1.790361927148e-01,1.470546188392e-01,-6.231265269401e-07,-1.747799796952e-01,1.530291761652e-01,1.136073988227e-06,4.256213019562e-03,5.974557325987e-03,1.759200515167e-06
"                 630",-1.790362078843e-01,1.470546390980e-01,-6.231260227196e-07,-1.747799940372e-01,1.530291935590e-01,1.136176950667e-06,4.256213847043e-03,5.974554460958e-03,1.759302973386e-06
"                 631",-1.790362281403e-01,1.470546541503e-01,-6.231256131568e-07,-1.747800136539e-01,1.530292054726e-01,1.136284161955e-06,4.256214486426e-03,5.974551322286e-03,1.759409775112e-06
"                 632",-1.790362456444e-01,1.470546760653e-01,-6.231251349996e-07,-1.747800307711e-01,1.530292240013e-01,1.136402574718e-06,4.256214873331e-03,5.974547936009e-03,1.759527709718e-06
"                 633",-1.790362684718e-01,1.470546928840e-01,-6.231247851198e-07,-1.747800534080e-01,1.530292373644e-01,1.136519582660e-06,4.256215063895e-03,5.974544480334e-03,1.759644367780e-06
"                 634",-1.790362869441e-01,1.470547149011e-01,-6.231243917485e-07,-1.747800719190e-01,1.530292559381e-01,1.136641649959e-06,4.256215025091e-03,5.974541036987e-03,1.759766041708e-06
"                 635",-1.790363095112e-01,1.470547305260e-01,-6.231241485643e-07,-1.747800947173e-01,1.530292682456e-01,1.136754278553e-06,4.256214793828e-03,5.974537719617e-03,1.759878427117e-06
"                 636",-1.790363275310e-01,1.470547511848e-01,-6.231238774429e-07,-1.747801131687e-01,1.530292857997e-01,1.136865543651e-06,4.256214362274e-03,5.974534614926e-03,1.759989421094e-06
"                 637",-1.790363492880e-01,1.470547650636e-01,-6.231237654386e-07,-1.747801355054e-01,1.530292969022e-01,1.136961573706e-06,4.256213782507e-03,5.974531838594e-03,1.760085339144e-06
"                 638",-1.790363662093e-01,1.470547837515e-01,-6.231236326157e-07,-1.747801531629e-01,1.530293131915e-01,1.137051134206e-06,4.256213046410e-03,5.974529440025e-03,1.760174766821e-06
"                 639",-1.790363857742e-01,1.470547946225e-01,-6.231236574295e-07,-1.747801735533e-01,1.530293221597e-01,1.137120424473e-06,4.256212220964e-03,5.974527537182e-03,1.760244081902e-06
"                 640",-1.790363999618e-01,1.470548098708e-01,-6.231236588869e-07,-1.747801886733e-01,1.530293359952e-01,1.137178744195e-06,4.256211288484e-03,5.974526124458e-03,1.760302403082e-06
"                 641",-1.790364162473e-01,1.470548168931e-01,-6.231238014309e-07,-1.747802059247e-01,1.530293421753e-01,1.137213980394e-06,4.256210322639e-03,5.974525282217e-03,1.760337781825e-06
"                 642",-1.790364270577e-01,1.470548281510e-01,-6.231239084249e-07,-1.747802177505e-01,1.530293531432e-01,1.137235841486e-06,4.256209307248e-03,5.974524992226e-03,1.760359749910e-06
"                 643",-1.790364400404e-01,1.470548315744e-01,-6.231241420388e-07,-1.747802317162e-01,1.530293568786e-01,1.137234033866e-06,4.256208324169e-03,5.974525304170e-03,1.760358175904e-06
"                 644",-1.790364471746e-01,1.470548390625e-01,-6.231243247405e-07,-1.747802398276e-01,1.530293652059e-01,1.137218864618e-06,4.256207346962e-03,5.974526143334e-03,1.760343189359e-06
"                 645",-1.790364564070e-01,1.470548388171e-01,-6.231246196445e-07,-1.747802499472e-01,1.530293663556e-01,1.137181425038e-06,4.256206459747e-03,5.974527538509e-03,1.760306044682e-06
"                 646",-1.790364596523e-01,1.470548425534e-01,-6.231248484570e-07,-1.747802540324e-01,1.530293719136e-01,1.137133118528e-06,4.256205619930e-03,5.974529360243e-03,1.760257966985e-06
"                 647",-1.790364652190e-01,1.470548388962e-01,-6.231251787479e-07,-1.747802602940e-01,1.530293705301e-01,1.137065418463e-06,4.256204925003e-03,5.974531633951e-03,1.760190597211e-06
"                 648",-1.790364650744e-01,1.470548397348e-01,-6.231254281407e-07,-1.747802607497e-01,1.530293739378e-01,1.136991906496e-06,4.256204324696e-03,5.974534202996e-03,1.760117334637e-06
"                 649",-1.790364676521e-01,1.470548337244e-01,-6.231257671967e-07,-1.747802637562e-01,1.530293707731e-01,1.136904728054e-06,4.256203895922e-03,5.974537048686e-03,1.760030495250e-06
"                 650",-1.790364649682e-01,1.470548327830e-01,-6.231260105755e-07,-1.747802613823e-01,1.530293727912e-01,1.136817374723e-06,4.256203585927e-03,5.974540008245e-03,1.759943385298e-06
"                 651",-1.790364655106e-01,1.470548255049e-01,-6.231263316227e-07,-1.747802620633e-01,1.530293685605e-01,1.136722839306e-06,4.256203447216e-03,5.974543055613e-03,1.759849170929e-06
"                 652",-1.790364613891e-01,1.470548239940e-01,-6.231265430474e-07,-1.747802579529e-01,1.530293700350e-01,1.136633711013e-06,4.256203436127e-03,5.974546040968e-03,1.759760254061e-06
"                 653",-1.790364610671e-01,1.470548167360e-01,-6.231268201433e-07,-1.747802574863e-01,1.530293656463e-01,1.136542111533e-06,4.256203580781e-03,5.974548910308e-03,1.759668931677e-06
"                 654",-1.790364567676e-01,1.470548160327e-01,-6.231269764130e-07,-1.747802529290e-01,1.530293675781e-01,1.136461309515e-06,4.256203838567e-03,5.974551545396e-03,1.759588285928e-06
"                 655",-1.790364571713e-01,1.470548104467e-01,-6.231271859626e-07,-1.747802529188e-01,1.530293643685e-01,1.136384030598e-06,4.256204252501e-03,5.974553921868e-03,1.759511216561e-06
"                 656",-1.790364537204e-01,1.470548115606e-01,-6.231272665701e-07,-1.747802489857e-01,1.530293674385e-01,1.136323265202e-06,4.256204734751e-03,5.974555877936e-03,1.759450531772e-06
"                 657",-1.790364551313e-01,1.470548079204e-01,-6.231273901070e-07,-1.747802498009e-01,1.530293653552e-01,1.136270772936e-06,4.256205330427e-03,5.974557434847e-03,1.759398163043e-06
"                 658",-1.790364534038e-01,1.470548115536e-01,-6.231273804584e-07,-1.747802474347e-01,1.530293700758e-01,1.136237376554e-06,4.256205969050e-03,5.974558522279e-03,1.759364757013e-06
"                 659",-1.790364572854e-01,1.470548110979e-01,-6.231274087441e-07,-1.747802506225e-01,1.530293702298e-01,1.136214546693e-06,4.256206662963e-03,5.974559131929e-03,1.759341955437e-06
"                 660",-1.790364584314e-01,1.470548181121e-01,-6.231273043510e-07,-1.747802510861e-01,1.530293773266e-01,1.136212391558e-06,4.256207345381e-03,5.974559214509e-03,1.759339695909e-06
"                 661",-1.790364653873e-01,1.470548211853e-01,-6.231272408737e-07,-1.747802573540e-01,1.530293800106e-01,1.136221366313e-06,4.256208033340e-03,5.974558825225e-03,1.759348607187e-06
"                 662",-1.790364690572e-01,1.470548309889e-01,-6.231270503299e-07,-1.747802604018e-01,1.530293889364e-01,1.136250828254e-06,4.256208655365e-03,5.974557947519e-03,1.759377878584e-06
"                 663",-1.790364792945e-01,1.470548374990e-01,-6.231269133398e-07,-1.747802700592e-01,1.530293941557e-01,1.136289485865e-06,4.256209235302e-03,5.974556656679e-03,1.759416399205e-06
"                 664",-1.790364866616e-01,1.470548509606e-01,-6.231266606607e-07,-1.747802769628e-01,1.530294058993e-01,1.136346521274e-06,4.256209698835e-03,5.974554938764e-03,1.759473181935e-06
"                 665",-1.790365003772e-01,1.470548607384e-01,-6.231264792447e-07,-1.747802902890e-01,1.530294136493e-01,1.136408702719e-06,4.256210088144e-03,5.974552910906e-03,1.759535181964e-06
"                 666",-1.790365106224e-01,1.470548767070e-01,-6.231262006782e-07,-1.747803002825e-01,1.530294273105e-01,1.136485055704e-06,4.256210339847e-03,5.974550603530e-03,1.759611256382e-06
"                 667",-1.790365266855e-01,1.470548883384e-01,-6.231260130757e-07,-1.747803162030e-01,1.530294364429e-01,1.136563774960e-06,4.256210482494e-03,5.974548104529e-03,1.759689788035e-06
"                 668",-1.790365391065e-01,1.470549059138e-01,-6.231257453171e-07,-1.747803286344e-01,1.530294513883e-01,1.136651514973e-06,4.256210472136e-03,5.974545474486e-03,1.759777260290e-06
"                 669",-1.790365570232e-01,1.470549187390e-01,-6.231255863498e-07,-1.747803466648e-01,1.530294615696e-01,1.136736898583e-06,4.256210358434e-03,5.974542830608e-03,1.759862484933e-06
"                 670",-1.790365710019e-01,1.470549371558e-01,-6.231253625019e-07,-1.747803609228e-01,1.530294773374e-01,1.136826912917e-06,4.256210079012e-03,5.974540181615e-03,1.759952275419e-06
"                 671",-1.790365897608e-01,1.470549500331e-01,-6.231252605202e-07,-1.747803800564e-01,1.530294877027e-01,1.136909268960e-06,4.256209704398e-03,5.974537669552e-03,1.760034529481e-06
"                 672",-1.790366040014e-01,1.470549679047e-01,-6.231251046726e-07,-1.747803948129e-01,1.530295032196e-01,1.136991320678e-06,4.256209188512e-03,5.974535314885e-03,1.760116425351e-06
"                 673",-1.790366223292e-01,1.470549795572e-01,-6.231250773158e-07,-1.747804137304e-01,1.530295127766e-01,1.137060991058e-06,4.256208598870e-03,5.974533219430e-03,1.760186068374e-06
"                 674",-1.790366357428e-01,1.470549958585e-01,-6.231250021469e-07,-1.747804278406e-01,1.530295272616e-01,1.137127042238e-06,4.256207902181e-03,5.974531403086e-03,1.760252044385e-06
"                 675",-1.790366527928e-01,1.470550055681e-01,-6.231250562032e-07,-1.747804456206e-01,1.530295355183e-01,1.137177649663e-06,4.256207172215e-03,5.974529950171e-03,1.760302705867e-06
"                 676",-1.790366645863e-01,1.470550196343e-01,-6.231250629026e-07,-1.747804582186e-01,1.530295484844e-01,1.137220858348e-06,4.256206367736e-03,5.974528850068e-03,1.760345921250e-06
"                 677",-1.790366797144e-01,1.470550269106e-01,-6.231251914381e-07,-1.747804741403e-01,1.530295550930e-01,1.137247097398e-06,4.256205574081e-03,5.974528182375e-03,1.760372288836e-06
"                 678",-1.790366892283e-01,1.470550382331e-01,-6.231252675436e-07,-1.747804844695e-01,1.530295661374e-01,1.137264519412e-06,4.256204758835e-03,5.974527904367e-03,1.760389786956e-06
"                 679",-1.790367019070e-01,1.470550427419e-01,-6.231254623765e-07,-1.747804979248e-01,1.530295707945e-01,1.137264355006e-06,4.256203982286e-03,5.974528052579e-03,1.760389817383e-06
"                 680",-1.790367087072e-01,1.470550511256e-01,-6.231255953810e-07,-1.747805054825e-01,1.530295797015e-01,1.137256096339e-06,4.256203224674e-03,5.974528575899e-03,1.760381691720e-06
"                 681",-1.790367186504e-01,1.470550528485e-01,-6.231258369620e-07,-1.747805161084e-01,1.530295823365e-01,1.137230094033e-06,4.256202541986e-03,5.974529488013e-03,1.760355930995e-06
"                 682",-1.790367226545e-01,1.470550585155e-01,-6.231260053256e-07,-1.747805207421e-01,1.530295892234e-01,1.137198474825e-06,4.256201912431e-03,5.974530707843e-03,1.760324480150e-06
"                 683",-1.790367299183e-01,1.470550577476e-01,-6.231262728311e-07,-1.747805285229e-01,1.530295899880e-01,1.137151759136e-06,4.256201395411e-03,5.974532240432e-03,1.760278031967e-06
"                 684",-1.790367313709e-01,1.470550611881e-01,-6.231264556209e-07,-1.747805304251e-01,1.530295951546e-01,1.137102054072e-06,4.256200945876e-03,5.974533966487e-03,1.760228509693e-06
"                 685",-1.790367363590e-01,1.470550585401e-01,-6.231267269418e-07,-1.747805357278e-01,1.530295944362e-01,1.137040815435e-06,4.256200631248e-03,5.974535896054e-03,1.760167542377e-06
"                 686",-1.790367358247e-01,1.470550604952e-01,-6.231269015113e-07,-1.747805354145e-01,1.530295983997e-01,1.136980969130e-06,4.256200410202e-03,5.974537904566e-03,1.760107870642e-06
"                 687",-1.790367391400e-01,1.470550567215e-01,-6.231271539119e-07,-1.747805388207e-01,1.530295966930e-01,1.136913561149e-06,4.256200319305e-03,5.974539971501e-03,1.760040715061e-06
"                 688",-1.790367373385e-01,1.470550580356e-01,-6.231272997081e-07,-1.747805370226e-01,1.530296000228e-01,1.136851839429e-06,4.256200315850e-03,5.974541987142e-03,1.759979139138e-06
"                 689",-1.790367398075e-01,1.470550540546e-01,-6.231275138658e-07,-1.747805393562e-01,1.530295979994e-01,1.136787353064e-06,4.256200451327e-03,5.974543944753e-03,1.759914866929e-06
"                 690",-1.790367375968e-01,1.470550556436e-01,-6.231276132009e-07,-1.747805369448e-01,1.530296013565e-01,1.136732550444e-06,4.256200652008e-03,5.974545712897e-03,1.759860163644e-06
"                 691",-1.790367400444e-01,1.470550523152e-01,-6.231277729513e-07,-1.747805390726e-01,1.530295996267e-01,1.136677486343e-06,4.256200971768e-03,5.974547311589e-03,1.759805259294e-06
"                 692",-1.790367382332e-01,1.470550549477e-01,-6.231278127353e-07,-1.747805369002e-01,1.530296035729e-01,1.136636042516e-06,4.256201333021e-03,5.974548625211e-03,1.759763855252e-06
"                 693",-1.790367414701e-01,1.470550530143e-01,-6.231279069581e-07,-1.747805396898e-01,1.530296026962e-01,1.136597574014e-06,4.256201780309e-03,5.974549681911e-03,1.759725480972e-06
"                 694",-1.790367408039e-01,1.470550573080e-01,-6.231278782439e-07,-1.747805385624e-01,1.530296076952e-01,1.136574629606e-06,4.256202241428e-03,5.974550387229e-03,1.759702507849e-06
"                 695",-1.790367455045e-01,1.470550573002e-01,-6.231279028325e-07,-1.747805427443e-01,1.530296080967e-01,1.136556906860e-06,4.256202760222e-03,5.974550796484e-03,1.759684809693e-06
"                 696",-1.790367465030e-01,1.470550636136e-01,-6.231278070709e-07,-1.747805432529e-01,1.530296144439e-01,1.136555612549e-06,4.256203250065e-03,5.974550830268e-03,1.759683419620e-06
"                 697",-1.790367530733e-01,1.470550657822e-01,-6.231277700030e-07,-1.747805493115e-01,1.530296163485e-01,1.136559321759e-06,4.256203761798e-03,5.974550566279e-03,1.759687091762e-06
"                 698",-1.790367560408e-01,1.470550742429e-01,-6.231276189841e-07,-1.747805518319e-01,1.530296241864e-01,1.136579197634e-06,4.256204208977e-03,5.974549943512e-03,1.759706816618e-06
"                 699",-1.790367647173e-01,1.470550786051e-01,-6.231275361140e-07,-1.747805600724e-01,1.530296276624e-01,1.136603025292e-06,4.256204644884e-03,5.974549057257e-03,1.759730561405e-06
"                 700",-1.790367697646e-01,1.470550891167e-01,-6.231273478554e-07,-1.747805647740e-01,1.530296369933e-01,1.136641206244e-06,4.256204990584e-03,5.974547876636e-03,1.759768554099e-06
"                 701",-1.790367804711e-01,1.470550953777e-01,-6.231272378029e-07,-1.747805751731e-01,1.530296418802e-01,1.136681121536e-06,4.256205297973e-03,5.974546502563e-03,1.759808359338e-06
"                 702",-1.790367873780e-01,1.470551075221e-01,-6.231270323380e-07,-1.747805818846e-01,1.530296524339e-01,1.136733026139e-06,4.256205493434e-03,5.974544911802e-03,1.759860058477e-06
"                 703",-1.790367997218e-01,1.470551150994e-01,-6.231269166238e-07,-1.747805940841e-01,1.530296583272e-01,1.136783989381e-06,4.256205637703e-03,5.974543227881e-03,1.759910906005e-06
"                 704",-1.790368080210e-01,1.470551282554e-01,-6.231267165838e-07,-1.747806023635e-01,1.530296696880e-01,1.136843627842e-06,4.256205657484e-03,5.974541432634e-03,1.759970344426e-06
"                 705",-1.790368214446e-01,1.470551364618e-01,-6.231266178747e-07,-1.747806158330e-01,1.530296761043e-01,1.136898888745e-06,4.256205611601e-03,5.974539642570e-03,1.760025506620e-06
"                 706",-1.790368305592e-01,1.470551499454e-01,-6.231264458936e-07,-1.747806251062e-01,1.530296877978e-01,1.136958995438e-06,4.256205452973e-03,5.974537852322e-03,1.760085441332e-06
"                 707",-1.790368443996e-01,1.470551580412e-01,-6.231263840545e-07,-1.747806391673e-01,1.530296942086e-01,1.137011997565e-06,4.256205232294e-03,5.974536167449e-03,1.760138381620e-06
"                 708",-1.790368535994e-01,1.470551710761e-01,-6.231262563695e-07,-1.747806486804e-01,1.530297056724e-01,1.137066822079e-06,4.256204918991e-03,5.974534596337e-03,1.760193078449e-06
"                 709",-1.790368671041e-01,1.470551783098e-01,-6.231262432997e-07,-1.747806625507e-01,1.530297115174e-01,1.137111461755e-06,4.256204553393e-03,5.974533207609e-03,1.760237705055e-06
"                 710",-1.790368756500e-01,1.470551901868e-01,-6.231261678461e-07,-1.747806715284e-01,1.530297222073e-01,1.137154693696e-06,4.256204121554e-03,5.974532020498e-03,1.760280861542e-06
"                 711",-1.790368881699e-01,1.470551959864e-01,-6.231262086407e-07,-1.747806845088e-01,1.530297270621e-01,1.137185046304e-06,4.256203661131e-03,5.974531075707e-03,1.760311254944e-06
"                 712",-1.790368954162e-01,1.470552061561e-01,-6.231261886327e-07,-1.747806922614e-01,1.530297365354e-01,1.137213386964e-06,4.256203154873e-03,5.974530379256e-03,1.760339575596e-06
"                 713",-1.790369064058e-01,1.470552100982e-01,-6.231262839739e-07,-1.747807037479e-01,1.530297400793e-01,1.137227135092e-06,4.256202657967e-03,5.974529981125e-03,1.760353419066e-06
"                 714",-1.790369118986e-01,1.470552182377e-01,-6.231263155184e-07,-1.747807097612e-01,1.530297480752e-01,1.137237194157e-06,4.256202137354e-03,5.974529837425e-03,1.760363509676e-06
"                 715",-1.790369210120e-01,1.470552201245e-01,-6.231264579049e-07,-1.747807193595e-01,1.530297501138e-01,1.137232815385e-06,4.256201652467e-03,5.974529989291e-03,1.760359273290e-06
"                 716",-1.790369245006e-01,1.470552261422e-01,-6.231265299685e-07,-1.747807233193e-01,1.530297565404e-01,1.137224931539e-06,4.256201181294e-03,5.974530398123e-03,1.760351461507e-06
"                 717",-1.790369316042e-01,1.470552260014e-01,-6.231267065693e-07,-1.747807308347e-01,1.530297570707e-01,1.137204047386e-06,4.256200769537e-03,5.974531069215e-03,1.760330753955e-06
"                 718",-1.790369330735e-01,1.470552300798e-01,-6.231268061263e-07,-1.747807326900e-01,1.530297620230e-01,1.137181088890e-06,4.256200383466e-03,5.974531943238e-03,1.760307895016e-06
"                 719",-1.790369382689e-01,1.470552281842e-01,-6.231270030707e-07,-1.747807381862e-01,1.530297612203e-01,1.137146009412e-06,4.256200082720e-03,5.974533036086e-03,1.760273012483e-06
"                 720",-1.790369379508e-01,1.470552307072e-01,-6.231271142310e-07,-1.747807381241e-01,1.530297649644e-01,1.137110825314e-06,4.256199826638e-03,5.974534257241e-03,1.760237939545e-06
"                 721",-1.790369415318e-01,1.470552274906e-01,-6.231273148935e-07,-1.747807418722e-01,1.530297630934e-01,1.137066557091e-06,4.256199659622e-03,5.974535602794e-03,1.760193871984e-06
"                 722",-1.790369397703e-01,1.470552289437e-01,-6.231274211993e-07,-1.747807402230e-01,1.530297659409e-01,1.137024922325e-06,4.256199547212e-03,5.974536997139e-03,1.760152343525e-06
"                 723",-1.790369421500e-01,1.470552249325e-01,-6.231276089588e-07,-1.747807426172e-01,1.530297633662e-01,1.136976728592e-06,4.256199532798e-03,5.974538433654e-03,1.760104337551e-06
"                 724",-1.790369394639e-01,1.470552259168e-01,-6.231276948284e-07,-1.747807398929e-01,1.530297657481e-01,1.136933556725e-06,4.256199570959e-03,5.974539831289e-03,1.760061251554e-06
"                 725",-1.790369412130e-01,1.470552217419e-01,-6.231278544716e-07,-1.747807415118e-01,1.530297629237e-01,1.136887372656e-06,4.256199701241e-03,5.974541181830e-03,1.760015227127e-06
"                 726",-1.790369382098e-01,1.470552228940e-01,-6.231279060530e-07,-1.747807383426e-01,1.530297652866e-01,1.136848936941e-06,4.256199867225e-03,5.974542392586e-03,1.759976842994e-06
"                 727",-1.790369399258e-01,1.470552191604e-01,-6.231280261104e-07,-1.747807398047e-01,1.530297626571e-01,1.136809577634e-06,4.256200121067e-03,5.974543496683e-03,1.759937603744e-06
"                 728",-1.790369371783e-01,1.470552210175e-01,-6.231280349972e-07,-1.747807367804e-01,1.530297654181e-01,1.136780743301e-06,4.256200397912e-03,5.974544400657e-03,1.759908778298e-06
"                 729",-1.790369394245e-01,1.470552182314e-01,-6.231281094637e-07,-1.747807386795e-01,1.530297633756e-01,1.136753092310e-06,4.256200744961e-03,5.974545144213e-03,1.759881201774e-06
"                 730",-1.790369374426e-01,1.470552212156e-01,-6.231280714772e-07,-1.747807363652e-01,1.530297668428e-01,1.136737065623e-06,4.256201077336e-03,5.974545627223e-03,1.759865137100e-06
"                 731",-1.790369406576e-01,1.470552197285e-01,-6.231280993197e-07,-1.747807391960e-01,1.530297656526e-01,1.136723047555e-06,4.256201461532e-03,5.974545924083e-03,1.759851146875e-06
"                 732",-1.790369398093e-01,1.470552241055e-01,-6.231280167436e-07,-1.747807379943e-01,1.530297700596e-01,1.136721743800e-06,4.256201815049e-03,5.974545954148e-03,1.759849760543e-06
"                 733",-1.790369443017e-01,1.470552241051e-01,-6.231280032557e-07,-1.747807421146e-01,1.530297698894e-01,1.136722230764e-06,4.256202187107e-03,5.974545784371e-03,1.759850234019e-06
"                 734",-1.790369448019e-01,1.470552299612e-01,-6.231278833045e-07,-1.747807422883e-01,1.530297753342e-01,1.136735389901e-06,4.256202513640e-03,5.974545373038e-03,1.759863273205e-06
"                 735",-1.790369506914e-01,1.470552314260e-01,-6.231278386844e-07,-1.747807478585e-01,1.530297762131e-01,1.136749536218e-06,4.256202832882e-03,5.974544787082e-03,1.759877374902e-06
"                 736",-1.790369525647e-01,1.470552386445e-01,-6.231276941832e-07,-1.747807494774e-01,1.530297826389e-01,1.136775145177e-06,4.256203087301e-03,5.974543994415e-03,1.759902839361e-06
"                 737",-1.790369597938e-01,1.470552413668e-01,-6.231276318891e-07,-1.747807564783e-01,1.530297844365e-01,1.136800842697e-06,4.256203315488e-03,5.974543069702e-03,1.759928474586e-06
"                 738",-1.790369628902e-01,1.470552496651e-01,-6.231274759851e-07,-1.747807594221e-01,1.530297916650e-01,1.136835989797e-06,4.256203468141e-03,5.974541999949e-03,1.759963465782e-06
"                 739",-1.790369720232e-01,1.470552541002e-01,-6.231274097444e-07,-1.747807684360e-01,1.530297949673e-01,1.136868833477e-06,4.256203587245e-03,5.974540867146e-03,1.759996243222e-06
"                 740",-1.790369757544e-01,1.470552627797e-01,-6.231272569886e-07,-1.747807721374e-01,1.530298024306e-01,1.136909064407e-06,4.256203617070e-03,5.974539650950e-03,1.760036321396e-06
"                 741",-1.790369848784e-01,1.470552668917e-01,-6.231272022785e-07,-1.747807812680e-01,1.530298053384e-01,1.136945326080e-06,4.256203610391e-03,5.974538446698e-03,1.760072528359e-06
"                 742",-1.790369882999e-01,1.470552749593e-01,-6.231270681114e-07,-1.747807847809e-01,1.530298121945e-01,1.136986256935e-06,4.256203519002e-03,5.974537235193e-03,1.760113325046e-06
"                 743",-1.790369981611e-01,1.470552794767e-01,-6.231270390601e-07,-1.747807947660e-01,1.530298155766e-01,1.137021027332e-06,4.256203395042e-03,5.974536099951e-03,1.760148066392e-06
"                 744",-1.790370026275e-01,1.470552882320e-01,-6.231269349628e-07,-1.747807994332e-01,1.530298232558e-01,1.137058591556e-06,4.256203194228e-03,5.974535023819e-03,1.760185526519e-06
"                 745",-1.790370126545e-01,1.470552925241e-01,-6.231269379950e-07,-1.747808096831e-01,1.530298266125e-01,1.137087805359e-06,4.256202971440e-03,5.974534088490e-03,1.760214743354e-06
"                 746",-1.790370161628e-01,1.470552999358e-01,-6.231268673396e-07,-1.747808134795e-01,1.530298331967e-01,1.137117531550e-06,4.256202683290e-03,5.974533260959e-03,1.760244398890e-06
"                 747",-1.790370247509e-01,1.470553024767e-01,-6.231269056970e-07,-1.747808223575e-01,1.530298351068e-01,1.137137259187e-06,4.256202393449e-03,5.974532630122e-03,1.760264164884e-06
"                 748",-1.790370270906e-01,1.470553084933e-01,-6.231268728437e-07,-1.747808250276e-01,1.530298406431e-01,1.137156265988e-06,4.256202063063e-03,5.974532149754e-03,1.760283138832e-06
"                 749",-1.790370349494e-01,1.470553101527e-01,-6.231269488880e-07,-1.747808332006e-01,1.530298420393e-01,1.137164743779e-06,4.256201748826e-03,5.974531886641e-03,1.760291692667e-06
"                 750",-1.790370366390e-01,1.470553153639e-01,-6.231269519255e-07,-1.747808352390e-01,1.530298471336e-01,1.137172428045e-06,4.256201399982e-03,5.974531769723e-03,1.760299379971e-06
"                 751",-1.790370435407e-01,1.470553159079e-01,-6.231270609469e-07,-1.747808424471e-01,1.530298477894e-01,1.137168707031e-06,4.256201093626e-03,5.974531881499e-03,1.760295767978e-06
"                 752",-1.790370438084e-01,1.470553195670e-01,-6.231270925943e-07,-1.747808430283e-01,1.530298517131e-01,1.137164468163e-06,4.256200780110e-03,5.974532146118e-03,1.760291560757e-06
"                 753",-1.790370490109e-01,1.470553183811e-01,-6.231272254665e-07,-1.747808484981e-01,1.530298509828e-01,1.137149000546e-06,4.256200512723e-03,5.974532601699e-03,1.760276226012e-06
"                 754",-1.790370475732e-01,1.470553204117e-01,-6.231272754721e-07,-1.747808473125e-01,1.530298535972e-01,1.137133971910e-06,4.256200260642e-03,5.974533185479e-03,1.760261247382e-06
"                 755",-1.790370513011e-01,1.470553179109e-01,-6.231274216433e-07,-1.747808512356e-01,1.530298518321e-01,1.137109543628e-06,4.256200065504e-03,5.974533921199e-03,1.760236965272e-06
"                 756",-1.790370486783e-01,1.470553189550e-01,-6.231274797829e-07,-1.747808487860e-01,1.530298536942e-01,1.137086622257e-06,4.256199892290e-03,5.974534739222e-03,1.760214102040e-06
"                 757",-1.790370514882e-01,1.470553157330e-01,-6.231276286987e-07,-1.747808516921e-01,1.530298514010e-01,1.137055464898e-06,4.256199796112e-03,5.974535668078e-03,1.760183093597e-06
"                 758",-1.790370480792e-01,1.470553162135e-01,-6.231276836776e-07,-1.747808483660e-01,1.530298528156e-01,1.137027947682e-06,4.256199713236e-03,5.974536602107e-03,1.760155631360e-06
"                 759",-1.790370501829e-01,1.470553125386e-01,-6.231278238166e-07,-1.747808504673e-01,1.530298501330e-01,1.136993854226e-06,4.256199715592e-03,5.974537594370e-03,1.760121678043e-06
"                 760",-1.790370461573e-01,1.470553127035e-01,-6.231278646814e-07,-1.747808464197e-01,1.530298512447e-01,1.136965368384e-06,4.256199737612e-03,5.974538541166e-03,1.760093233065e-06
"                 761",-1.790370477884e-01,1.470553088855e-01,-6.231279855228e-07,-1.747808479528e-01,1.530298483643e-01,1.136932790382e-06,4.256199835627e-03,5.974539478784e-03,1.760060775904e-06
"                 762",-1.790370435043e-01,1.470553091318e-01,-6.231280029331e-07,-1.747808435504e-01,1.530298494574e-01,1.136907135186e-06,4.256199953945e-03,5.974540325588e-03,1.760035138119e-06
"                 763",-1.790370451273e-01,1.470553056287e-01,-6.231280966541e-07,-1.747808449997e-01,1.530298467234e-01,1.136878707477e-06,4.256200127547e-03,5.974541094737e-03,1.760006804131e-06
"                 764",-1.790370410890e-01,1.470553064133e-01,-6.231280842152e-07,-1.747808407796e-01,1.530298481434e-01,1.136859237295e-06,4.256200309405e-03,5.974541730159e-03,1.759987321510e-06
"                 765",-1.790370431627e-01,1.470553036290e-01,-6.231281472247e-07,-1.747808426150e-01,1.530298458934e-01,1.136838436043e-06,4.256200547633e-03,5.974542264417e-03,1.759966583267e-06
"                 766",-1.790370397298e-01,1.470553052623e-01,-6.231281035436e-07,-1.747808389501e-01,1.530298478914e-01,1.136827409405e-06,4.256200779638e-03,5.974542629089e-03,1.759955512949e-06
"                 767",-1.790370425271e-01,1.470553034246e-01,-6.231281344202e-07,-1.747808414879e-01,1.530298462899e-01,1.136816299870e-06,4.256201039145e-03,5.974542865300e-03,1.759944434291e-06
"                 768",-1.790370399395e-01,1.470553060778e-01,-6.231280600588e-07,-1.747808386564e-01,1.530298490060e-01,1.136814864023e-06,4.256201283084e-03,5.974542928241e-03,1.759942924082e-06
"                 769",-1.790370432695e-01,1.470553048798e-01,-6.231280642636e-07,-1.747808417244e-01,1.530298477374e-01,1.136813242052e-06,4.256201545088e-03,5.974542857684e-03,1.759941306315e-06
"                 770",-1.790370416857e-01,1.470553086274e-01,-6.231279672685e-07,-1.747808399201e-01,1.530298512384e-01,1.136821625078e-06,4.256201765573e-03,5.974542610949e-03,1.759949592347e-06
"                 771",-1.790370462299e-01,1.470553087217e-01,-6.231279507459e-07,-1.747808442398e-01,1.530298509665e-01,1.136829544543e-06,4.256201990057e-03,5.974542244802e-03,1.759957495289e-06
"                 772",-1.790370461122e-01,1.470553139319e-01,-6.231278341052e-07,-1.747808439462e-01,1.530298556683e-01,1.136846752912e-06,4.256202166019e-03,5.974541736367e-03,1.759974587017e-06
"                 773",-1.790370514950e-01,1.470553148105e-01,-6.231278042892e-07,-1.747808491545e-01,1.530298559546e-01,1.136862182013e-06,4.256202340455e-03,5.974541144061e-03,1.759989986303e-06
"                 774",-1.790370518417e-01,1.470553203889e-01,-6.231276811606e-07,-1.747808493964e-01,1.530298608193e-01,1.136886114912e-06,4.256202445276e-03,5.974540430401e-03,1.760013796073e-06
"                 775",-1.790370577482e-01,1.470553216586e-01,-6.231276501989e-07,-1.747808552068e-01,1.530298613363e-01,1.136907351206e-06,4.256202541373e-03,5.974539677718e-03,1.760035001405e-06
"                 776",-1.790370588365e-01,1.470553278218e-01,-6.231275298463e-07,-1.747808562674e-01,1.530298666802e-01,1.136935301611e-06,4.256202569038e-03,5.974538858420e-03,1.760062831457e-06
"                 777",-1.790370655686e-01,1.470553297205e-01,-6.231275053369e-07,-1.747808629805e-01,1.530298677743e-01,1.136958705330e-06,4.256202588176e-03,5.974538053856e-03,1.760086210667e-06
"                 778",-1.790370673166e-01,1.470553363100e-01,-6.231273953261e-07,-1.747808647821e-01,1.530298735341e-01,1.136987702832e-06,4.256202534502e-03,5.974537224172e-03,1.760115098159e-06
"                 779",-1.790370743868e-01,1.470553382826e-01,-6.231273853469e-07,-1.747808719167e-01,1.530298747277e-01,1.137010385120e-06,4.256202470181e-03,5.974536445091e-03,1.760137770467e-06
"                 780",-1.790370761596e-01,1.470553446322e-01,-6.231272940345e-07,-1.747808738235e-01,1.530298803226e-01,1.137036684899e-06,4.256202336103e-03,5.974535690446e-03,1.760163978933e-06
"                 781",-1.790370830339e-01,1.470553461588e-01,-6.231273060793e-07,-1.747808808287e-01,1.530298812016e-01,1.137055637345e-06,4.256202205131e-03,5.974535042728e-03,1.760182943424e-06
"                 782",-1.790370845000e-01,1.470553519725e-01,-6.231272390794e-07,-1.747808824816e-01,1.530298864289e-01,1.137077484888e-06,4.256202018406e-03,5.974534456484e-03,1.760204723968e-06
"                 783",-1.790370909631e-01,1.470553528851e-01,-6.231272761299e-07,-1.747808891289e-01,1.530298868786e-01,1.137090656395e-06,4.256201834227e-03,5.974533993475e-03,1.760217932525e-06
"                 784",-1.790370919048e-01,1.470553579835e-01,-6.231272345168e-07,-1.747808902931e-01,1.530298916102e-01,1.137105386917e-06,4.256201611688e-03,5.974533626663e-03,1.760232621434e-06
"                 785",-1.790370976987e-01,1.470553580605e-01,-6.231272969470e-07,-1.747808962884e-01,1.530298914750e-01,1.137111163363e-06,4.256201410242e-03,5.974533414493e-03,1.760238460310e-06
"                 786",-1.790370978220e-01,1.470553622039e-01,-6.231272799011e-07,-1.747808966449e-01,1.530298955063e-01,1.137117967268e-06,4.256201177143e-03,5.974533302456e-03,1.760245247169e-06
"                 787",-1.790371026841e-01,1.470553612574e-01,-6.231273651131e-07,-1.747809017115e-01,1.530298945974e-01,1.137115673140e-06,4.256200972637e-03,5.974533340091e-03,1.760243038253e-06
"                 788",-1.790371018041e-01,1.470553643438e-01,-6.231273685420e-07,-1.747809010503e-01,1.530298978224e-01,1.137114458487e-06,4.256200753812e-03,5.974533478619e-03,1.760241827029e-06
"                 789",-1.790371056563e-01,1.470553623756e-01,-6.231274718237e-07,-1.747809050768e-01,1.530298961388e-01,1.137104321115e-06,4.256200579431e-03,5.974533763228e-03,1.760231792939e-06
"                 790",-1.790371037890e-01,1.470553645030e-01,-6.231274898699e-07,-1.747809033858e-01,1.530298986274e-01,1.137095796369e-06,4.256200403219e-03,5.974534124403e-03,1.760223286239e-06
"                 791",-1.790371066957e-01,1.470553616593e-01,-6.231276036579e-07,-1.747809064260e-01,1.530298962586e-01,1.137079126410e-06,4.256200269646e-03,5.974534599295e-03,1.760206730068e-06
"                 792",-1.790371039428e-01,1.470553630038e-01,-6.231276285394e-07,-1.747809037978e-01,1.530298981388e-01,1.137065244851e-06,4.256200144995e-03,5.974535134959e-03,1.760192873390e-06
"                 793",-1.790371060584e-01,1.470553594996e-01,-6.231277462275e-07,-1.747809059811e-01,1.530298952538e-01,1.137043963054e-06,4.256200077297e-03,5.974535754178e-03,1.760171709282e-06
"                 794",-1.790371025919e-01,1.470553602960e-01,-6.231277710715e-07,-1.747809025806e-01,1.530298966776e-01,1.137026535578e-06,4.256200011295e-03,5.974536381595e-03,1.760154306650e-06
"                 795",-1.790371041000e-01,1.470553563701e-01,-6.231278844162e-07,-1.747809040917e-01,1.530298934251e-01,1.137003041767e-06,4.256200008311e-03,5.974537055068e-03,1.760130926183e-06
"                 796",-1.790371001549e-01,1.470553568920e-01,-6.231279007382e-07,-1.747809001429e-01,1.530298945952e-01,1.136984565271e-06,4.256200011957e-03,5.974537703203e-03,1.760112466009e-06
"                 797",-1.790371013290e-01,1.470553528460e-01,-6.231280018156e-07,-1.747809012517e-01,1.530298912064e-01,1.136961455828e-06,4.256200077298e-03,5.974538360390e-03,1.760089457644e-06
"                 798",-1.790370972107e-01,1.470553534195e-01,-6.231280028091e-07,-1.747808970727e-01,1.530298923659e-01,1.136944404639e-06,4.256200138013e-03,5.974538946324e-03,1.760072407448e-06
"                 799",-1.790370983723e-01,1.470553495824e-01,-6.231280861492e-07,-1.747808981109e-01,1.530298890937e-01,1.136923872312e-06,4.256200261464e-03,5.974539511343e-03,1.760051958461e-06
"                 800",-1.790370943879e-01,1.470553505015e-01,-6.231280675845e-07,-1.747808940139e-01,1.530298904731e-01,1.136910849386e-06,4.256200374030e-03,5.974539971611e-03,1.760038916971e-06
"                 801",-1.790370958126e-01,1.470553471239e-01,-6.231281299391e-07,-1.747808952705e-01,1.530298875067e-01,1.136894850405e-06,4.256200542073e-03,5.974540382813e-03,1.760022980344e-06
"                 802",-1.790370922129e-01,1.470553486032e-01,-6.231280896535e-07,-1.747808915282e-01,1.530298892683e-01,1.136886870845e-06,4.256200684727e-03,5.974540665140e-03,1.760014960499e-06
"                 803",-1.790370941392e-01,1.470553458818e-01,-6.231281301321e-07,-1.747808932718e-01,1.530298867558e-01,1.136877097201e-06,4.256200867361e-03,5.974540873947e-03,1.760005227333e-06
"                 804",-1.790370911484e-01,1.470553480919e-01,-6.231280684156e-07,-1.747808901277e-01,1.530298890396e-01,1.136875708855e-06,4.256201020698e-03,5.974540947685e-03,1.760003777270e-06
"                 805",-1.790370937571e-01,1.470553461476e-01,-6.231280886110e-07,-1.747808925526e-01,1.530298870918e-01,1.136872360179e-06,4.256201204567e-03,5.974540944145e-03,1.760000448790e-06
"                 806",-1.790370914889e-01,1.470553491442e-01,-6.231280084090e-07,-1.747808901334e-01,1.530298899625e-01,1.136877553478e-06,4.256201355589e-03,5.974540818226e-03,1.760005561887e-06
"                 807",-1.790370948450e-01,1.470553479822e-01,-6.231280125207e-07,-1.747808933258e-01,1.530298885980e-01,1.136880640101e-06,4.256201519193e-03,5.974540615772e-03,1.760008652621e-06
"                 808",-1.790370933337e-01,1.470553517335e-01,-6.231279186971e-07,-1.747808916946e-01,1.530298920331e-01,1.136891811820e-06,4.256201639038e-03,5.974540299624e-03,1.760019730517e-06
"                 809",-1.790370974377e-01,1.470553512820e-01,-6.231279122514e-07,-1.747808956676e-01,1.530298912144e-01,1.136900418948e-06,4.256201770186e-03,5.974539932415e-03,1.760028331199e-06
"                 810",-1.790370966256e-01,1.470553556641e-01,-6.231278110730e-07,-1.747808947810e-01,1.530298951331e-01,1.136916619478e-06,4.256201844587e-03,5.974539468946e-03,1.760044430551e-06
"                 811",-1.790371013685e-01,1.470553557540e-01,-6.231278007665e-07,-1.747808994440e-01,1.530298947370e-01,1.136929105211e-06,4.256201924496e-03,5.974538982922e-03,1.760056905977e-06
"                 812",-1.790371011133e-01,1.470553605738e-01,-6.231276991959e-07,-1.747808991622e-01,1.530298990109e-01,1.136948206697e-06,4.256201951049e-03,5.974538437109e-03,1.760075905893e-06
"                 813",-1.790371063163e-01,1.470553609856e-01,-6.231276921167e-07,-1.747809043391e-01,1.530298988771e-01,1.136963131126e-06,4.256201977221e-03,5.974537891576e-03,1.760090823242e-06
"                 814",-1.790371064047e-01,1.470553659970e-01,-6.231275971543e-07,-1.747809044552e-01,1.530299033210e-01,1.136983373687e-06,4.256201949554e-03,5.974537323986e-03,1.760110970841e-06
"                 815",-1.790371118348e-01,1.470553664719e-01,-6.231275996287e-07,-1.747809099113e-01,1.530299032696e-01,1.136998068784e-06,4.256201923476e-03,5.974536797728e-03,1.760125668413e-06
"                 816",-1.790371120418e-01,1.470553714340e-01,-6.231275166859e-07,-1.747809102011e-01,1.530299077011e-01,1.137017272036e-06,4.256201840614e-03,5.974536267089e-03,1.760144788721e-06
"                 817",-1.790371174673e-01,1.470553717349e-01,-6.231275332557e-07,-1.747809156969e-01,1.530299075469e-01,1.137029693605e-06,4.256201770410e-03,5.974535811940e-03,1.760157226861e-06
"                 818",-1.790371175338e-01,1.470553763939e-01,-6.231274661116e-07,-1.747809158885e-01,1.530299117736e-01,1.137046027481e-06,4.256201645387e-03,5.974535379709e-03,1.760173493593e-06
"                 819",-1.790371226952e-01,1.470553762782e-01,-6.231274998408e-07,-1.747809211562e-01,1.530299113266e-01,1.137055101041e-06,4.256201539057e-03,5.974535048401e-03,1.760182600882e-06
"                 820",-1.790371223992e-01,1.470553804360e-01,-6.231274508043e-07,-1.747809210081e-01,1.530299151997e-01,1.137067149707e-06,4.256201391098e-03,5.974534763738e-03,1.760194600511e-06
"                 821",-1.790371270991e-01,1.470553797441e-01,-6.231275028975e-07,-1.747809258360e-01,1.530299143269e-01,1.137071358585e-06,4.256201263154e-03,5.974534582817e-03,1.760198861482e-06
"                 822",-1.790371262539e-01,1.470553832566e-01,-6.231274718602e-07,-1.747809251539e-01,1.530299177154e-01,1.137078088706e-06,4.256201100028e-03,5.974534458859e-03,1.760205560566e-06
"                 823",-1.790371303481e-01,1.470553818847e-01,-6.231275410278e-07,-1.747809293731e-01,1.530299163464e-01,1.137076829961e-06,4.256200974936e-03,5.974534461687e-03,1.760204370989e-06
"                 824",-1.790371288614e-01,1.470553847065e-01,-6.231275256122e-07,-1.747809280419e-01,1.530299192199e-01,1.137078189684e-06,4.256200819500e-03,5.974534513417e-03,1.760205715297e-06
"                 825",-1.790371322818e-01,1.470553826434e-01,-6.231276086645e-07,-1.747809315789e-01,1.530299173173e-01,1.137071814363e-06,4.256200702864e-03,5.974534673840e-03,1.760199423028e-06
"                 826",-1.790371301083e-01,1.470553847858e-01,-6.231276049192e-07,-1.747809295385e-01,1.530299196691e-01,1.137068114706e-06,4.256200569782e-03,5.974534883269e-03,1.760195719625e-06
"                 827",-1.790371328635e-01,1.470553820902e-01,-6.231276972156e-07,-1.747809323816e-01,1.530299172761e-01,1.137057025332e-06,4.256200481918e-03,5.974535185877e-03,1.760184722548e-06
"                 828",-1.790371300595e-01,1.470553836595e-01,-6.231277000741e-07,-1.747809296754e-01,1.530299191780e-01,1.137049214353e-06,4.256200384074e-03,5.974535518464e-03,1.760176914427e-06
"                 829",-1.790371322336e-01,1.470553804642e-01,-6.231277963594e-07,-1.747809318958e-01,1.530299163930e-01,1.137034508434e-06,4.256200337760e-03,5.974535928805e-03,1.760162304793e-06
"                 830",-1.790371289096e-01,1.470553816196e-01,-6.231278004404e-07,-1.747809286296e-01,1.530299179576e-01,1.137024053457e-06,4.256200279961e-03,5.974536337923e-03,1.760151853897e-06
"                 831",-1.790371306445e-01,1.470553781060e-01,-6.231278948094e-07,-1.747809303693e-01,1.530299149021e-01,1.137007387022e-06,4.256200275167e-03,5.974536796094e-03,1.760135281832e-06
"                 832",-1.790371269700e-01,1.470553790435e-01,-6.231278938809e-07,-1.747809267098e-01,1.530299162730e-01,1.136995810311e-06,4.256200260135e-03,5.974537229459e-03,1.760123704192e-06
"                 833",-1.790371284574e-01,1.470553754209e-01,-6.231279806714e-07,-1.747809281567e-01,1.530299131081e-01,1.136979015380e-06,4.256200300705e-03,5.974537687188e-03,1.760106996051e-06
"                 834",-1.790371246313e-01,1.470553763519e-01,-6.231279700622e-07,-1.747809243035e-01,1.530299144428e-01,1.136967928035e-06,4.256200327793e-03,5.974538090833e-03,1.760095898097e-06
"                 835",-1.790371260594e-01,1.470553728177e-01,-6.231280454803e-07,-1.747809256506e-01,1.530299113138e-01,1.136952657228e-06,4.256200408826e-03,5.974538496043e-03,1.760080702709e-06
"                 836",-1.790371222752e-01,1.470553739380e-01,-6.231280217569e-07,-1.747809218034e-01,1.530299127624e-01,1.136943872873e-06,4.256200471873e-03,5.974538824419e-03,1.760071894629e-06
"                 837",-1.790371238455e-01,1.470553706863e-01,-6.231280826960e-07,-1.747809232628e-01,1.530299098196e-01,1.136931398570e-06,4.256200582684e-03,5.974539133377e-03,1.760059481266e-06
"                 838",-1.790371203027e-01,1.470553721733e-01,-6.231280440614e-07,-1.747809196333e-01,1.530299115192e-01,1.136926049808e-06,4.256200669427e-03,5.974539345813e-03,1.760054093870e-06
"                 839",-1.790371221982e-01,1.470553693558e-01,-6.231280897429e-07,-1.747809214030e-01,1.530299088808e-01,1.136917456658e-06,4.256200795208e-03,5.974539524989e-03,1.760045546401e-06
"                 840",-1.790371190539e-01,1.470553713302e-01,-6.231280360014e-07,-1.747809181563e-01,1.530299109388e-01,1.136916361944e-06,4.256200897633e-03,5.974539608655e-03,1.760044397946e-06
"                 841",-1.790371214007e-01,1.470553690378e-01,-6.231280672708e-07,-1.747809203730e-01,1.530299086823e-01,1.136911845962e-06,4.256201027696e-03,5.974539644482e-03,1.760039913233e-06
"                 842",-1.790371187465e-01,1.470553715547e-01,-6.231280000186e-07,-1.747809176207e-01,1.530299111403e-01,1.136915312784e-06,4.256201125768e-03,5.974539585612e-03,1.760043312803e-06
"                 843",-1.790371216138e-01,1.470553698120e-01,-6.231280192097e-07,-1.747809203689e-01,1.530299092955e-01,1.136915381663e-06,4.256201244930e-03,5.974539483410e-03,1.760043400872e-06
"                 844",-1.790371194882e-01,1.470553728620e-01,-6.231279416792e-07,-1.747809181619e-01,1.530299121540e-01,1.136922994794e-06,4.256201326246e-03,5.974539291958e-03,1.760050936473e-06
"                 845",-1.790371228746e-01,1.470553716197e-01,-6.231279527379e-07,-1.747809214477e-01,1.530299106957e-01,1.136927010808e-06,4.256201426965e-03,5.974539076017e-03,1.760054963546e-06
"                 846",-1.790371212429e-01,1.470553751262e-01,-6.231278693373e-07,-1.747809197584e-01,1.530299139081e-01,1.136938082584e-06,4.256201484519e-03,5.974538781914e-03,1.760065951922e-06
"                 847",-1.790371250836e-01,1.470553742843e-01,-6.231278768354e-07,-1.747809235327e-01,1.530299127585e-01,1.136945152917e-06,4.256201550825e-03,5.974538474135e-03,1.760073029752e-06
"                 848",-1.790371238584e-01,1.470553781245e-01,-6.231277921143e-07,-1.747809222859e-01,1.530299162364e-01,1.136958529923e-06,4.256201572523e-03,5.974538111891e-03,1.760086322038e-06
"                 849",-1.790371280563e-01,1.470553775482e-01,-6.231278005826e-07,-1.747809264515e-01,1.530299153071e-01,1.136967356978e-06,4.256201604859e-03,5.974537758976e-03,1.760095157560e-06
"                 850",-1.790371271160e-01,1.470553815700e-01,-6.231277190760e-07,-1.747809255264e-01,1.530299189413e-01,1.136981767235e-06,4.256201589591e-03,5.974537371308e-03,1.760109486311e-06
"                 851",-1.790371315145e-01,1.470553810834e-01,-6.231277329259e-07,-1.747809299306e-01,1.530299180956e-01,1.136991133822e-06,4.256201583849e-03,5.974537012177e-03,1.760118866748e-06
"                 852",-1.790371306845e-01,1.470553851023e-01,-6.231276588150e-07,-1.747809291547e-01,1.530299217410e-01,1.137005279596e-06,4.256201529856e-03,5.974536638742e-03,1.760132938411e-06
"                 853",-1.790371351071e-01,1.470553845242e-01,-6.231276817425e-07,-1.747809336151e-01,1.530299208458e-01,1.137013514380e-06,4.256201492002e-03,5.974536321581e-03,1.760141196123e-06
"                 854",-1.790371342236e-01,1.470553883759e-01,-6.231276181180e-07,-1.747809328101e-01,1.530299243881e-01,1.137025909732e-06,4.256201413473e-03,5.974536012215e-03,1.760153527850e-06
"                 855",-1.790371385104e-01,1.470553875566e-01,-6.231276525334e-07,-1.747809371560e-01,1.530299233317e-01,1.137031726212e-06,4.256201354351e-03,5.974535775097e-03,1.760159378745e-06
"                 856",-1.790371374134e-01,1.470553910997e-01,-6.231276010236e-07,-1.747809361645e-01,1.530299266488e-01,1.137041468594e-06,4.256201248884e-03,5.974535549100e-03,1.760169069617e-06
"                 857",-1.790371414263e-01,1.470553899186e-01,-6.231276478252e-07,-1.747809402550e-01,1.530299253299e-01,1.137044273907e-06,4.256201171294e-03,5.974535411300e-03,1.760171921732e-06
"                 858",-1.790371400005e-01,1.470553930542e-01,-6.231276086643e-07,-1.747809389403e-01,1.530299283545e-01,1.137050463802e-06,4.256201060214e-03,5.974535300217e-03,1.760178072467e-06
"                 859",-1.790371436237e-01,1.470553914253e-01,-6.231276674507e-07,-1.747809426469e-01,1.530299267017e-01,1.137049592206e-06,4.256200976870e-03,5.974535276450e-03,1.760177259657e-06
"                 860",-1.790371417660e-01,1.470553940905e-01,-6.231276395079e-07,-1.747809409004e-01,1.530299293721e-01,1.137052108587e-06,4.256200865589e-03,5.974535281591e-03,1.760179748095e-06
"                 861",-1.790371449373e-01,1.470553919891e-01,-6.231277084062e-07,-1.747809441475e-01,1.530299273593e-01,1.137047636300e-06,4.256200789808e-03,5.974535370195e-03,1.760175344707e-06
"                 862",-1.790371426168e-01,1.470553941869e-01,-6.231276891677e-07,-1.747809419264e-01,1.530299296711e-01,1.137046598623e-06,4.256200690443e-03,5.974535484156e-03,1.760174287791e-06
"                 863",-1.790371453314e-01,1.470553916430e-01,-6.231277651860e-07,-1.747809447019e-01,1.530299273159e-01,1.137039042858e-06,4.256200629489e-03,5.974535672871e-03,1.760166808044e-06
"                 864",-1.790371425749e-01,1.470553934362e-01,-6.231277513025e-07,-1.747809420207e-01,1.530299293149e-01,1.137035148146e-06,4.256200554199e-03,5.974535878763e-03,1.760162899448e-06
"                 865",-1.790371448762e-01,1.470553905289e-01,-6.231278308325e-07,-1.747809443577e-01,1.530299266724e-01,1.137024769031e-06,4.256200518554e-03,5.974536143514e-03,1.760152599864e-06
"                 866",-1.790371417406e-01,1.470553920088e-01,-6.231278185088e-07,-1.747809412678e-01,1.530299284179e-01,1.137018684390e-06,4.256200472843e-03,5.974536409188e-03,1.760146502899e-06
"                 867",-1.790371437125e-01,1.470553888492e-01,-6.231278975533e-07,-1.747809432465e-01,1.530299255656e-01,1.137006832676e-06,4.256200466042e-03,5.974536716395e-03,1.760134730229e-06
"                 868",-1.790371403117e-01,1.470553901502e-01,-6.231278828138e-07,-1.747809398674e-01,1.530299271532e-01,1.137000057864e-06,4.256200444332e-03,5.974537003049e-03,1.760127940678e-06
"                 869",-1.790371420970e-01,1.470553868931e-01,-6.231279577648e-07,-1.747809416298e-01,1.530299242102e-01,1.136987779179e-06,4.256200467297e-03,5.974537317144e-03,1.760115736943e-06
"                 870",-1.790371385748e-01,1.470553881670e-01,-6.231279374230e-07,-1.747809380979e-01,1.530299257617e-01,1.136980954193e-06,4.256200476942e-03,5.974537594657e-03,1.760108891616e-06
"                 871",-1.790371402950e-01,1.470553849449e-01,-6.231280053049e-07,-1.747809397658e-01,1.530299228271e-01,1.136969446117e-06,4.256200529157e-03,5.974537882180e-03,1.760097451422e-06
"                 872",-1.790371367710e-01,1.470553863191e-01,-6.231279766316e-07,-1.747809362092e-01,1.530299244326e-01,1.136963764538e-06,4.256200561757e-03,5.974538113493e-03,1.760091741170e-06
"                 873",-1.790371385640e-01,1.470553832650e-01,-6.231280351631e-07,-1.747809379290e-01,1.530299216055e-01,1.136953866970e-06,4.256200635033e-03,5.974538340450e-03,1.760081902133e-06
"                 874",-1.790371351827e-01,1.470553848669e-01,-6.231279965357e-07,-1.747809344937e-01,1.530299233704e-01,1.136950426978e-06,4.256200689042e-03,5.974538503431e-03,1.760078423513e-06
"                 875",-1.790371371741e-01,1.470553820888e-01,-6.231280448322e-07,-1.747809363972e-01,1.530299207367e-01,1.136943015869e-06,4.256200776868e-03,5.974538647849e-03,1.760071060702e-06
"                 876",-1.790371340395e-01,1.470553840053e-01,-6.231279969018e-07,-1.747809331985e-01,1.530299227284e-01,1.136942293139e-06,4.256200840972e-03,5.974538723125e-03,1.760070290041e-06
"                 877",-1.790371363215e-01,1.470553815740e-01,-6.231280361963e-07,-1.747809353866e-01,1.530299203515e-01,1.136938042721e-06,4.256200934881e-03,5.974538777542e-03,1.760066078917e-06
"                 878",-1.790371335161e-01,1.470553838606e-01,-6.231279786726e-07,-1.747809325162e-01,1.530299226186e-01,1.136940340219e-06,4.256200999827e-03,5.974538758004e-03,1.760068318892e-06
"                 879",-1.790371361513e-01,1.470553818075e-01,-6.231280090286e-07,-1.747809350624e-01,1.530299205265e-01,1.136939024468e-06,4.256201088945e-03,5.974538718983e-03,1.760067033496e-06
"                 880",-1.790371337103e-01,1.470553844674e-01,-6.231279437747e-07,-1.747809325699e-01,1.530299230712e-01,1.136944293151e-06,4.256201140426e-03,5.974538603819e-03,1.760072236925e-06
"                 881",-1.790371367087e-01,1.470553827693e-01,-6.231279678497e-07,-1.747809354919e-01,1.530299212491e-01,1.136945680609e-06,4.256201216723e-03,5.974538479785e-03,1.760073648459e-06
"                 882",-1.790371346128e-01,1.470553857525e-01,-6.231278978196e-07,-1.747809333599e-01,1.530299240423e-01,1.136953259402e-06,4.256201252896e-03,5.974538289744e-03,1.760081157222e-06
"                 883",-1.790371379348e-01,1.470553843454e-01,-6.231279185954e-07,-1.747809366256e-01,1.530299224463e-01,1.136956877041e-06,4.256201309130e-03,5.974538100948e-03,1.760084795637e-06
"                 884",-1.790371361365e-01,1.470553875822e-01,-6.231278466534e-07,-1.747809348129e-01,1.530299254426e-01,1.136966422555e-06,4.256201323599e-03,5.974537860391e-03,1.760094269209e-06
"                 885",-1.790371397220e-01,1.470553863829e-01,-6.231278670200e-07,-1.747809383665e-01,1.530299240148e-01,1.136971241323e-06,4.256201355564e-03,5.974537631859e-03,1.760099108343e-06
"                 886",-1.790371381368e-01,1.470553897673e-01,-6.231277962448e-07,-1.747809367889e-01,1.530299271369e-01,1.136981781770e-06,4.256201347924e-03,5.974537369570e-03,1.760109578015e-06
"                 887",-1.790371418774e-01,1.470553886515e-01,-6.231278193450e-07,-1.747809405222e-01,1.530299257835e-01,1.136987187677e-06,4.256201355223e-03,5.974537132034e-03,1.760115007022e-06
"                 888",-1.790371403937e-01,1.470553920618e-01,-6.231277527881e-07,-1.747809390727e-01,1.530299289350e-01,1.136997709548e-06,4.256201320998e-03,5.974536873272e-03,1.760125462336e-06
"                 889",-1.790371441872e-01,1.470553909195e-01,-6.231277814567e-07,-1.747809428814e-01,1.530299275766e-01,1.137002526973e-06,4.256201305815e-03,5.974536657068e-03,1.760130308429e-06
"                 890",-1.790371427021e-01,1.470553942492e-01,-6.231277215809e-07,-1.747809414515e-01,1.530299306821e-01,1.137012182434e-06,4.256201250610e-03,5.974536432822e-03,1.760139904015e-06
"                 891",-1.790371464340e-01,1.470553929703e-01,-6.231277577241e-07,-1.747809452166e-01,1.530299292337e-01,1.137015711353e-06,4.256201217377e-03,5.974536263371e-03,1.760143469077e-06
"                 892",-1.790371448300e-01,1.470553961123e-01,-6.231277058770e-07,-1.747809436828e-01,1.530299322076e-01,1.137023530498e-06,4.256201147228e-03,5.974536095286e-03,1.760151236375e-06
"                 893",-1.790371483924e-01,1.470553946027e-01,-6.231277503727e-07,-1.747809472929e-01,1.530299305899e-01,1.137025229324e-06,4.256201099497e-03,5.974535987220e-03,1.760152979697e-06
"                 894",-1.790371465790e-01,1.470553974795e-01,-6.231277069309e-07,-1.747809455557e-01,1.530299333744e-01,1.137030858188e-06,4.256201023246e-03,5.974535894871e-03,1.760158565118e-06
"                 895",-1.790371498946e-01,1.470553956779e-01,-6.231277596302e-07,-1.747809489243e-01,1.530299315400e-01,1.137029930081e-06,4.256200970254e-03,5.974535862060e-03,1.760157689711e-06
"                 896",-1.790371478020e-01,1.470553982428e-01,-6.231277240029e-07,-1.747809469076e-01,1.530299340909e-01,1.137033153140e-06,4.256200894354e-03,5.974535848099e-03,1.760160877142e-06
"                 897",-1.790371508138e-01,1.470553961183e-01,-6.231277839073e-07,-1.747809499701e-01,1.530299320113e-01,1.137030002588e-06,4.256200843688e-03,5.974535893034e-03,1.760157786495e-06
"                 898",-1.790371484105e-01,1.470553983645e-01,-6.231277546195e-07,-1.747809476411e-01,1.530299343128e-01,1.137030638714e-06,4.256200769396e-03,5.974535948247e-03,1.760158393333e-06
"                 899",-1.790371511182e-01,1.470553959380e-01,-6.231278198800e-07,-1.747809503864e-01,1.530299320051e-01,1.137025046788e-06,4.256200731799e-03,5.974536067165e-03,1.760152866668e-06
"                 900",-1.790371484170e-01,1.470553979025e-01,-6.231277948192e-07,-1.747809477454e-01,1.530299340903e-01,1.137023623673e-06,4.256200671563e-03,5.974536187795e-03,1.760151418492e-06
"                 901",-1.790371508398e-01,1.470553952204e-01,-6.231278630821e-07,-1.747809501941e-01,1.530299315771e-01,1.137016208675e-06,4.256200645720e-03,5.974536356726e-03,1.760144071757e-06
"                 902",-1.790371478739e-01,1.470553969574e-01,-6.231278395396e-07,-1.747809472699e-01,1.530299334801e-01,1.137013282559e-06,4.256200603932e-03,5.974536522746e-03,1.760141122099e-06
"                 903",-1.790371500618e-01,1.470553940857e-01,-6.231279081113e-07,-1.747809494610e-01,1.530299308170e-01,1.137004609765e-06,4.256200600753e-03,5.974536731254e-03,1.760132517876e-06
"                 904",-1.790371468985e-01,1.470553956814e-01,-6.231278839181e-07,-1.747809463198e-01,1.530299326025e-01,1.137000777574e-06,4.256200578737e-03,5.974536921049e-03,1.760128661492e-06
"                 905",-1.790371489319e-01,1.470553927182e-01,-6.231279505274e-07,-1.747809483360e-01,1.530299298576e-01,1.136991683379e-06,4.256200595874e-03,5.974537139327e-03,1.760119633906e-06
"                 906",-1.790371456574e-01,1.470553942692e-01,-6.231279230451e-07,-1.747809450629e-01,1.530299315962e-01,1.136987884639e-06,4.256200594485e-03,5.974537326954e-03,1.760115807684e-06
"                 907",-1.790371476279e-01,1.470553913090e-01,-6.231279851840e-07,-1.747809469980e-01,1.530299288378e-01,1.136978903365e-06,4.256200629911e-03,5.974537528781e-03,1.760106888549e-06
"                 908",-1.790371443418e-01,1.470553929122e-01,-6.231279523500e-07,-1.747809436945e-01,1.530299306044e-01,1.136975724824e-06,4.256200647267e-03,5.974537692236e-03,1.760103677174e-06
"                 909",-1.790371463457e-01,1.470553900480e-01,-6.231280084673e-07,-1.747809456499e-01,1.530299279050e-01,1.136967951023e-06,4.256200695743e-03,5.974537856956e-03,1.760095959490e-06
"                 910",-1.790371431386e-01,1.470553917892e-01,-6.231279691443e-07,-1.747809424120e-01,1.530299297657e-01,1.136966175837e-06,4.256200726558e-03,5.974537976454e-03,1.760094144982e-06
"                 911",-1.790371452613e-01,1.470553890991e-01,-6.231280184995e-07,-1.747809444753e-01,1.530299271888e-01,1.136959876151e-06,4.256200786031e-03,5.974538089667e-03,1.760087894650e-06
"                 912",-1.790371422064e-01,1.470553910427e-01,-6.231279722937e-07,-1.747809413809e-01,1.530299291957e-01,1.136959821033e-06,4.256200825480e-03,5.974538152930e-03,1.760087793327e-06
"                 913",-1.790371445125e-01,1.470553885790e-01,-6.231280147964e-07,-1.747809436202e-01,1.530299267870e-01,1.136955528102e-06,4.256200892326e-03,5.974538208003e-03,1.760083542899e-06
"                 914",-1.790371416691e-01,1.470553907680e-01,-6.231279619665e-07,-1.747809407388e-01,1.530299289712e-01,1.136957406680e-06,4.256200930329e-03,5.974538203205e-03,1.760085368647e-06
"                 915",-1.790371442105e-01,1.470553885600e-01,-6.231279983446e-07,-1.747809432157e-01,1.530299267537e-01,1.136955110740e-06,4.256200994823e-03,5.974538193727e-03,1.760083109084e-06
"                 916",-1.790371416156e-01,1.470553910050e-01,-6.231279401051e-07,-1.747809405832e-01,1.530299291369e-01,1.136959153462e-06,4.256201032365e-03,5.974538131882e-03,1.760087093567e-06
"                 917",-1.790371444035e-01,1.470553890439e-01,-6.231279718758e-07,-1.747809433118e-01,1.530299271102e-01,1.136958925337e-06,4.256201091679e-03,5.974538066281e-03,1.760086897213e-06
"                 918",-1.790371420441e-01,1.470553917185e-01,-6.231279098951e-07,-1.747809409281e-01,1.530299296655e-01,1.136964592006e-06,4.256201116004e-03,5.974537946958e-03,1.760092501901e-06
"                 919",-1.790371450605e-01,1.470553899688e-01,-6.231279389112e-07,-1.747809438982e-01,1.530299278022e-01,1.136965739313e-06,4.256201162235e-03,5.974537833393e-03,1.760093678224e-06
"                 920",-1.790371429188e-01,1.470553928320e-01,-6.231278751758e-07,-1.747809417454e-01,1.530299305090e-01,1.136972725379e-06,4.256201173410e-03,5.974537677034e-03,1.760100600555e-06
"                 921",-1.790371461303e-01,1.470553912402e-01,-6.231279035093e-07,-1.747809449283e-01,1.530299287708e-01,1.136975037730e-06,4.256201201946e-03,5.974537530588e-03,1.760102941239e-06
"                 922",-1.790371441530e-01,1.470553942244e-01,-6.231278402099e-07,-1.747809429587e-01,1.530299315735e-01,1.136983005398e-06,4.256201194263e-03,5.974537349065e-03,1.760110845608e-06
"                 923",-1.790371474930e-01,1.470553927122e-01,-6.231278700617e-07,-1.747809462858e-01,1.530299299050e-01,1.136985781008e-06,4.256201207253e-03,5.974537192805e-03,1.760113651070e-06
"                 924",-1.790371456025e-01,1.470553957323e-01,-6.231278092579e-07,-1.747809444153e-01,1.530299327493e-01,1.136993712511e-06,4.256201187230e-03,5.974537016988e-03,1.760121521769e-06
"                 925",-1.790371489922e-01,1.470553942197e-01,-6.231278424596e-07,-1.747809478110e-01,1.530299310867e-01,1.136996306949e-06,4.256201181115e-03,5.974536866925e-03,1.760124149409e-06
"                 926",-1.790371471219e-01,1.470553972073e-01,-6.231277857634e-07,-1.747809459775e-01,1.530299339142e-01,1.137003762807e-06,4.256201144378e-03,5.974536706852e-03,1.760131548571e-06
"                 927",-1.790371504942e-01,1.470553956232e-01,-6.231278237281e-07,-1.747809493689e-01,1.530299322080e-01,1.137005578406e-06,4.256201125228e-03,5.974536584773e-03,1.760133402134e-06
"                 928",-1.790371485652e-01,1.470553985005e-01,-6.231277722855e-07,-1.747809474886e-01,1.530299349599e-01,1.137012126746e-06,4.256201076536e-03,5.974536459302e-03,1.760139899032e-06
"                 929",-1.790371518380e-01,1.470553967716e-01,-6.231278157923e-07,-1.747809507877e-01,1.530299331522e-01,1.137012612844e-06,4.256201050354e-03,5.974536380555e-03,1.760140428636e-06
"                 930",-1.790371497732e-01,1.470553994760e-01,-6.231277699950e-07,-1.747809487763e-01,1.530299357800e-01,1.137017666613e-06,4.256200996889e-03,5.974536304073e-03,1.760145436608e-06
"                 931",-1.790371528862e-01,1.470553975573e-01,-6.231278191062e-07,-1.747809519216e-01,1.530299338306e-01,1.137016668227e-06,4.256200964570e-03,5.974536273292e-03,1.760144487333e-06
"                 932",-1.790371506475e-01,1.470554000617e-01,-6.231277787350e-07,-1.747809497398e-01,1.530299363082e-01,1.137020222122e-06,4.256200907664e-03,5.974536246503e-03,1.760148000857e-06
"                 933",-1.790371535702e-01,1.470553979328e-01,-6.231278329593e-07,-1.747809526920e-01,1.530299342036e-01,1.137017469124e-06,4.256200878205e-03,5.974536270860e-03,1.760145302083e-06
"                 934",-1.790371511245e-01,1.470554002199e-01,-6.231277971984e-07,-1.747809503035e-01,1.530299365113e-01,1.137019144736e-06,4.256200820982e-03,5.974536291482e-03,1.760146941934e-06
"                 935",-1.790371538367e-01,1.470553978773e-01,-6.231278553588e-07,-1.747809530415e-01,1.530299342397e-01,1.137014891003e-06,4.256200795272e-03,5.974536362387e-03,1.760142746361e-06
"                 936",-1.790371511825e-01,1.470553999613e-01,-6.231278227946e-07,-1.747809504342e-01,1.530299363925e-01,1.137015186127e-06,4.256200748326e-03,5.974536431205e-03,1.760143008921e-06
"                 937",-1.790371536922e-01,1.470553974326e-01,-6.231278833595e-07,-1.747809529589e-01,1.530299339762e-01,1.137009641943e-06,4.256200733390e-03,5.974536543591e-03,1.760137525302e-06
"                 938",-1.790371508499e-01,1.470553993533e-01,-6.231278523421e-07,-1.747809501540e-01,1.530299359971e-01,1.137008680717e-06,4.256200695916e-03,5.974536643789e-03,1.760136533059e-06
"                 939",-1.790371531942e-01,1.470553966881e-01,-6.231279135851e-07,-1.747809524984e-01,1.530299334737e-01,1.137002125641e-06,4.256200695851e-03,5.974536785602e-03,1.760130039226e-06
"                 940",-1.790371502066e-01,1.470553984984e-01,-6.231278823994e-07,-1.747809495307e-01,1.530299354081e-01,1.137000527030e-06,4.256200675860e-03,5.974536909680e-03,1.760128409429e-06
"                 941",-1.790371524276e-01,1.470553957515e-01,-6.231279426203e-07,-1.747809517391e-01,1.530299328124e-01,1.136993463879e-06,4.256200688489e-03,5.974537060869e-03,1.760121406499e-06
"                 942",-1.790371493491e-01,1.470553975150e-01,-6.231279095608e-07,-1.747809486695e-01,1.530299346990e-01,1.136991733189e-06,4.256200679521e-03,5.974537184049e-03,1.760119642749e-06
"                 943",-1.790371515166e-01,1.470553947576e-01,-6.231279671305e-07,-1.747809508123e-01,1.530299320846e-01,1.136984882856e-06,4.256200704282e-03,5.974537326982e-03,1.760112849987e-06
"                 944",-1.790371484179e-01,1.470553965432e-01,-6.231279307465e-07,-1.747809477080e-01,1.530299339811e-01,1.136983523444e-06,4.256200709911e-03,5.974537437853e-03,1.760111454190e-06
"                 945",-1.790371505908e-01,1.470553938357e-01,-6.231279844762e-07,-1.747809498430e-01,1.530299314000e-01,1.136977163212e-06,4.256200747802e-03,5.974537564361e-03,1.760105147689e-06
"                 946",-1.790371475251e-01,1.470553956997e-01,-6.231279438803e-07,-1.747809467636e-01,1.530299333467e-01,1.136976495484e-06,4.256200761503e-03,5.974537647020e-03,1.760104439364e-06
"                 947",-1.790371497663e-01,1.470553931006e-01,-6.231279931039e-07,-1.747809489583e-01,1.530299308407e-01,1.136971240955e-06,4.256200808008e-03,5.974537740134e-03,1.760099234059e-06
"                 948",-1.790371468008e-01,1.470553950984e-01,-6.231279478648e-07,-1.747809459745e-01,1.530299328818e-01,1.136971692784e-06,4.256200826288e-03,5.974537783412e-03,1.760099640649e-06
"                 949",-1.790371491661e-01,1.470553926500e-01,-6.231279924343e-07,-1.747809482909e-01,1.530299304839e-01,1.136967757519e-06,4.256200875117e-03,5.974537833837e-03,1.760095749953e-06
"                 950",-1.790371463415e-01,1.470553948091e-01,-6.231279426675e-07,-1.747809454432e-01,1.530299326478e-01,1.136969607962e-06,4.256200898310e-03,5.974537838695e-03,1.760097550630e-06
"                 951",-1.790371488579e-01,1.470553925295e-01,-6.231279829691e-07,-1.747809479120e-01,1.530299303744e-01,1.136966833827e-06,4.256200945866e-03,5.974537844853e-03,1.760094816796e-06
"                 952",-1.790371461935e-01,1.470553948615e-01,-6.231279293071e-07,-1.747809452270e-01,1.530299326683e-01,1.136970099687e-06,4.256200966443e-03,5.974537806784e-03,1.760098028994e-06
"                 953",-1.790371488776e-01,1.470553927548e-01,-6.231279661837e-07,-1.747809478659e-01,1.530299305290e-01,1.136968781636e-06,4.256201011710e-03,5.974537774214e-03,1.760096747820e-06
"                 954",-1.790371463797e-01,1.470553952505e-01,-6.231279096827e-07,-1.747809453531e-01,1.530299329487e-01,1.136973177212e-06,4.256201026656e-03,5.974537698190e-03,1.760101086895e-06
"                 955",-1.790371492224e-01,1.470553932925e-01,-6.231279444123e-07,-1.747809481592e-01,1.530299309228e-01,1.136972920124e-06,4.256201063221e-03,5.974537630370e-03,1.760100864537e-06
"                 956",-1.790371468745e-01,1.470553959218e-01,-6.231278864680e-07,-1.747809458050e-01,1.530299334479e-01,1.136978377283e-06,4.256201069529e-03,5.974537526137e-03,1.760106263751e-06
"                 957",-1.790371498560e-01,1.470553940803e-01,-6.231279204605e-07,-1.747809487578e-01,1.530299315180e-01,1.136979031637e-06,4.256201098199e-03,5.974537437685e-03,1.760106952097e-06
"                 958",-1.790371476275e-01,1.470553968032e-01,-6.231278625007e-07,-1.747809465354e-01,1.530299341179e-01,1.136984972031e-06,4.256201092106e-03,5.974537314688e-03,1.760112834531e-06
"                 959",-1.790371507076e-01,1.470553950302e-01,-6.231278972179e-07,-1.747809495998e-01,1.530299322441e-01,1.136985988423e-06,4.256201107791e-03,5.974537213959e-03,1.760113885641e-06
"                 960",-1.790371485554e-01,1.470553977950e-01,-6.231278406633e-07,-1.747809474644e-01,1.530299348832e-01,1.136992205781e-06,4.256201090967e-03,5.974537088198e-03,1.760120046444e-06
"                 961",-1.790371516855e-01,1.470553960362e-01,-6.231278773945e-07,-1.747809505903e-01,1.530299330262e-01,1.136993182403e-06,4.256201095213e-03,5.974536990007e-03,1.760121059797e-06
"                 962",-1.790371495550e-01,1.470553987864e-01,-6.231278233891e-07,-1.747809484885e-01,1.530299356589e-01,1.136999070147e-06,4.256201066470e-03,5.974536872489e-03,1.760126893536e-06
"                 963",-1.790371526811e-01,1.470553969864e-01,-6.231278631285e-07,-1.747809516208e-01,1.530299337758e-01,1.136999687876e-06,4.256201060246e-03,5.974536789429e-03,1.760127551004e-06
"                 964",-1.790371505227e-01,1.470553996720e-01,-6.231278124960e-07,-1.747809494990e-01,1.530299363658e-01,1.137005040542e-06,4.256201023676e-03,5.974536693863e-03,1.760132853038e-06
"                 965",-1.790371535934e-01,1.470553977840e-01,-6.231278558695e-07,-1.747809525815e-01,1.530299344223e-01,1.137004758152e-06,4.256201011904e-03,5.974536638277e-03,1.760132614021e-06
"                 966",-1.790371513533e-01,1.470554003614e-01,-6.231278090171e-07,-1.747809503841e-01,1.530299369336e-01,1.137009082819e-06,4.256200969208e-03,5.974536572249e-03,1.760136891836e-06
"                 967",-1.790371543242e-01,1.470553983509e-01,-6.231278562106e-07,-1.747809533689e-01,1.530299349031e-01,1.137007983916e-06,4.256200955287e-03,5.974536552225e-03,1.760135840126e-06
"                 968",-1.790371519703e-01,1.470554007958e-01,-6.231278131123e-07,-1.747809510603e-01,1.530299373160e-01,1.137011308595e-06,4.256200910023e-03,5.974536520202e-03,1.760139121707e-06
"                 969",-1.790371548166e-01,1.470553986457e-01,-6.231278638713e-07,-1.747809539215e-01,1.530299351803e-01,1.137009000475e-06,4.256200895027e-03,5.974536534690e-03,1.760136864347e-06
"                 970",-1.790371523293e-01,1.470554009461e-01,-6.231278240449e-07,-1.747809514761e-01,1.530299374863e-01,1.137011169277e-06,4.256200853195e-03,5.974536540198e-03,1.760138993322e-06
"                 971",-1.790371550333e-01,1.470553986500e-01,-6.231278776966e-07,-1.747809541944e-01,1.530299352355e-01,1.137007679835e-06,4.256200838907e-03,5.974536585471e-03,1.760135557532e-06
"                 972",-1.790371524031e-01,1.470554008093e-01,-6.231278402916e-07,-1.747809516022e-01,1.530299374310e-01,1.137008898497e-06,4.256200800979e-03,5.974536621717e-03,1.760136738788e-06
"                 973",-1.790371549694e-01,1.470553983830e-01,-6.231278958578e-07,-1.747809541779e-01,1.530299350775e-01,1.137004350054e-06,4.256200791565e-03,5.974536694492e-03,1.760132245912e-06
"                 974",-1.790371522111e-01,1.470554004267e-01,-6.231278598038e-07,-1.747809514486e-01,1.530299371851e-01,1.137004708415e-06,4.256200762463e-03,5.974536758462e-03,1.760132568218e-06
"                 975",-1.790371546587e-01,1.470553979000e-01,-6.231279160808e-07,-1.747809538959e-01,1.530299347531e-01,1.136999558642e-06,4.256200762734e-03,5.974536853095e-03,1.760127474723e-06
"                 976",-1.790371517915e-01,1.470553998587e-01,-6.231278801328e-07,-1.747809510502e-01,1.530299367880e-01,1.136999413009e-06,4.256200741299e-03,5.974536929306e-03,1.760127293142e-06
"                 977",-1.790371541466e-01,1.470553972658e-01,-6.231279359790e-07,-1.747809533958e-01,1.530299342993e-01,1.136993878101e-06,4.256200750810e-03,5.974537033461e-03,1.760121814080e-06
"                 978",-1.790371512099e-01,1.470553991824e-01,-6.231278990386e-07,-1.747809504695e-01,1.530299362980e-01,1.136993519969e-06,4.256200740358e-03,5.974537115503e-03,1.760121419007e-06
"                 979",-1.790371535176e-01,1.470553965717e-01,-6.231279533147e-07,-1.747809527575e-01,1.530299337909e-01,1.136987981484e-06,4.256200760167e-03,5.974537219115e-03,1.760115934799e-06
"                 980",-1.790371505535e-01,1.470553984926e-01,-6.231279143227e-07,-1.747809497963e-01,1.530299357853e-01,1.136987785922e-06,4.256200757144e-03,5.974537292752e-03,1.760115700244e-06
"                 981",-1.790371528576e-01,1.470553959086e-01,-6.231279661636e-07,-1.747809520726e-01,1.530299332928e-01,1.136982656985e-06,4.256200785015e-03,5.974537384153e-03,1.760110623148e-06
"                 982",-1.790371499120e-01,1.470553978766e-01,-6.231279244455e-07,-1.747809491214e-01,1.530299353192e-01,1.136982857705e-06,4.256200790608e-03,5.974537442526e-03,1.760110782151e-06
"                 983",-1.790371522532e-01,1.470553953578e-01,-6.231279733355e-07,-1.747809514285e-01,1.530299328716e-01,1.136978290348e-06,4.256200824688e-03,5.974537513758e-03,1.760106263684e-06
"                 984",-1.790371493646e-01,1.470553974091e-01,-6.231279285222e-07,-1.747809485323e-01,1.530299349539e-01,1.136979273285e-06,4.256200832300e-03,5.974537544805e-03,1.760107201807e-06
"                 985",-1.790371517837e-01,1.470553949890e-01,-6.231279742564e-07,-1.747809509141e-01,1.530299325777e-01,1.136975557014e-06,4.256200869580e-03,5.974537588732e-03,1.760103531271e-06
"                 986",-1.790371489864e-01,1.470553971476e-01,-6.231279263299e-07,-1.747809481048e-01,1.530299347421e-01,1.136977480769e-06,4.256200881532e-03,5.974537594456e-03,1.760105407099e-06
"                 987",-1.790371515032e-01,1.470553948392e-01,-6.231279690911e-07,-1.747809505852e-01,1.530299324465e-01,1.136974619301e-06,4.256200917955e-03,5.974537607319e-03,1.760102588392e-06
"                 988",-1.790371488106e-01,1.470553971121e-01,-6.231279184074e-07,-1.747809478823e-01,1.530299346951e-01,1.136977486444e-06,4.256200928369e-03,5.974537582948e-03,1.760105404851e-06
"                 989",-1.790371514393e-01,1.470553949197e-01,-6.231279587057e-07,-1.747809504753e-01,1.530299324897e-01,1.136975484828e-06,4.256200963981e-03,5.974537569961e-03,1.760103443534e-06
"                 990",-1.790371488632e-01,1.470553973090e-01,-6.231279059193e-07,-1.747809478930e-01,1.530299348274e-01,1.136979222635e-06,4.256200970193e-03,5.974537518448e-03,1.760107128554e-06
"                 991",-1.790371516074e-01,1.470553952271e-01,-6.231279445363e-07,-1.747809506061e-01,1.530299327086e-01,1.136978100020e-06,4.256201001306e-03,5.974537481498e-03,1.760106044556e-06
"                 992",-1.790371491390e-01,1.470553977145e-01,-6.231278905302e-07,-1.747809481350e-01,1.530299351260e-01,1.136982555125e-06,4.256201003936e-03,5.974537411535e-03,1.760110445655e-06
"                 993",-1.790371519784e-01,1.470553957152e-01,-6.231279284209e-07,-1.747809509512e-01,1.530299330707e-01,1.136981927626e-06,4.256201027184e-03,5.974537355565e-03,1.760109856047e-06
"                 994",-1.790371495946e-01,1.470553982704e-01,-6.231278741814e-07,-1.747809485716e-01,1.530299355432e-01,1.136986886366e-06,4.256201023023e-03,5.974537272813e-03,1.760114760548e-06
"                 995",-1.790371525080e-01,1.470553963253e-01,-6.231279123259e-07,-1.747809514682e-01,1.530299335348e-01,1.136986635681e-06,4.256201039721e-03,5.974537209449e-03,1.760114548007e-06
"                 996",-1.790371501854e-01,1.470553989195e-01,-6.231278587898e-07,-1.747809491601e-01,1.530299360389e-01,1.136991639507e-06,4.256201025331e-03,5.974537119433e-03,1.760119498296e-06
"                 997",-1.790371531449e-01,1.470553969947e-01,-6.231278980852e-07,-1.747809521101e-01,1.530299340510e-01,1.136991541347e-06,4.256201034795e-03,5.974537056274e-03,1.760119439432e-06
"                 998",-1.790371508465e-01,1.470553995874e-01,-6.231278461455e-07,-1.747809498312e-01,1.530299365616e-01,1.136996546180e-06,4.256201015334e-03,5.974536974197e-03,1.760124392325e-06
"                 999",-1.790371538081e-01,1.470553976416e-01,-6.231278873972e-07,-1.747809527942e-01,1.530299345576e-01,1.136996035856e-06,4.256201013859e-03,5.974536915984e-03,1.760123923253e-06
"                1000",-1.790371514986e-01,1.470554001984e-01,-6.231278376740e-07,-1.747809505117e-01,1.530299370440e-01,1.137000655861e-06,4.256200986931e-03,5.974536845589e-03,1.760128493535e-06
