Time (s),PRESSURE_FORCE_X,PRESSURE_FORCE_Y,PRESSURE_FORCE_Z,TOTAL_FORCE_X,TOTAL_FORCE_Y,TOTAL_FORCE_Z,VISCOUS_FORCE_X,VISCOUS_FORCE_Y,VISCOUS_FORCE_Z
"                   1",4.593470219471e+01,5.152846135066e+02,-6.356782618682e-05,4.743740723899e+01,5.156022355432e+02,-6.186218715769e-05,1.502705044280e+00,3.176220366494e-01,1.705639029127e-06
"                   2",2.494728329071e+01,3.304140132787e+02,-4.161218067119e-05,2.616276381425e+01,3.304785792213e+02,-3.290175969498e-05,1.215480523545e+00,6.456594259680e-02,8.710420976212e-06
"                   3",-1.387263903735e+01,-8.829606358382e+01,1.747532459865e-06,-1.286318787220e+01,-8.838623567757e+01,1.222719429948e-05,1.009451165153e+00,-9.017209374628e-02,1.047966183961e-05
"                   4",-2.887091599097e+01,-2.623926878859e+02,2.771824686007e-05,-2.795337455544e+01,-2.624528724568e+02,3.303341671653e-05,9.175414355383e-01,-6.018457083052e-02,5.315169856461e-06
"                   5",-1.376527612171e+01,-1.056548892252e+02,2.652111332483e-05,-1.295544319721e+01,-1.056310733251e+02,2.600598268407e-05,8.098329244966e-01,2.381590010270e-02,-5.151306407607e-07
"                   6",7.616629863004e+00,1.190255734771e+02,1.054935589412e-05,8.353963383703e+00,1.191214415339e+02,8.552219171417e-06,7.373335206993e-01,9.586805681886e-02,-1.997136722704e-06
"                   7",1.361804159846e+01,1.803715386271e+02,-3.792966832462e-07,1.430231227164e+01,1.804578557240e+02,1.320024144225e-06,6.842706731769e-01,8.631709691180e-02,1.699320827471e-06
"                   8",3.557352677839e+00,7.720868773669e+01,2.367133161572e-07,4.173300675148e+00,7.724796125106e+01,4.497609877713e-06,6.159479973096e-01,3.927351437557e-02,4.260896561556e-06
"                   9",-8.049421556328e+00,-3.546242009249e+01,6.240850322189e-06,-7.509111344409e+00,-3.546603134201e+01,8.538155057600e-06,5.403102119189e-01,-3.611249518612e-03,2.297304735410e-06
"                  10",-1.021262610237e+01,-4.888894801324e+01,1.001323025336e-05,-9.741402985154e+00,-4.889742040906e+01,9.097481641956e-06,4.712231172142e-01,-8.472395821611e-03,-9.157486114016e-07
"                  11",-4.203111873205e+00,1.527556688604e+01,9.618468590081e-06,-3.781174727722e+00,1.529351010283e+01,7.829315932514e-06,4.219371454829e-01,1.794321678831e-02,-1.789152657566e-06
"                  12",1.814133966262e+00,7.246195810926e+01,7.824062544329e-06,2.205175594097e+00,7.249789229189e+01,8.402006584037e-06,3.910416278353e-01,3.593418262971e-02,5.779440397080e-07
"                  13",2.383899236822e+00,7.196497358166e+01,7.279117498213e-06,2.759640577065e+00,7.200539237337e+01,1.032589909629e-05,3.757413402424e-01,4.041879171310e-02,3.046781598080e-06
"                  14",-1.253886718356e+00,3.396589806364e+01,8.301165516668e-06,-9.017531352034e-01,3.399689486100e+01,1.038577238173e-05,3.521335831523e-01,3.099679736297e-02,2.084606865066e-06
"                  15",-4.589706342078e+00,6.222064761983e+00,9.645645271790e-06,-4.263525380734e+00,6.245352165297e+00,8.977792044467e-06,3.261809613437e-01,2.328740331376e-02,-6.678532273235e-07
"                  16",-4.833083681376e+00,1.147876361996e+01,1.012686154876e-05,-4.530849150517e+00,1.149996425674e+01,7.971296839064e-06,3.022345308583e-01,2.120063677960e-02,-2.155564709691e-06
"                  17",-2.807002628884e+00,3.422419469779e+01,9.919897074871e-06,-2.522143799608e+00,3.424918041508e+01,9.191389373743e-06,2.848588292765e-01,2.498571729000e-02,-7.285077011277e-07
"                  18",-1.064500617065e+00,4.815065070645e+01,9.754176484914e-06,-7.912298220844e-01,4.817948630723e+01,1.135769304849e-05,2.732707949809e-01,2.883560077880e-02,1.603516563578e-06
"                  19",-1.060370222450e+00,4.339141659258e+01,1.026905970779e-05,-7.930762595611e-01,4.342219554670e+01,1.283361465329e-05,2.672939628893e-01,3.077895412437e-02,2.564554945508e-06
"                  20",-2.317516082087e+00,3.065437815174e+01,1.099958720503e-05,-2.061494032302e+00,3.068420267584e+01,1.116328633559e-05,2.560220497852e-01,2.982452409675e-02,1.636991305670e-07
"                  21",-3.433565408656e+00,2.470262675445e+01,1.155037975271e-05,-3.190864878615e+00,2.473137296512e+01,9.428065703275e-06,2.427005300419e-01,2.874621066460e-02,-2.122314049437e-06
"                  22",-3.550257804370e+00,2.913806567251e+01,1.168688591485e-05,-3.317696428309e+00,2.916638781670e+01,9.396279716571e-06,2.325613760607e-01,2.832214419220e-02,-2.290606198283e-06
"                  23",-2.914419679591e+00,3.687455619201e+01,1.172655770674e-05,-2.688012169988e+00,3.690331590095e+01,1.197438397975e-05,2.264075096031e-01,2.875970893389e-02,2.478262730142e-07
"                  24",-2.333848096578e+00,4.007340708801e+01,1.179506910697e-05,-2.112221720048e+00,4.010306020547e+01,1.497883580927e-05,2.216263765297e-01,2.965311745632e-02,3.183766702300e-06
"                  25",-2.336632597587e+00,3.760754887811e+01,1.207727148274e-05,-2.121239189553e+00,3.763756661637e+01,1.668538779918e-05,2.153934080339e-01,3.001773826370e-02,4.608116316442e-06
"                  26",-2.800151203717e+00,3.383094416369e+01,1.249069850033e-05,-2.592032646277e+00,3.386105617324e+01,1.608865101620e-05,2.081185574397e-01,3.011200955019e-02,3.597952515866e-06
"                  27",-3.250182451563e+00,3.290163424226e+01,1.290488593536e-05,-3.049263626155e+00,3.293177363216e+01,1.477647898135e-05,2.009188254076e-01,3.013938989414e-02,1.871593045990e-06
"                  28",-3.369898867162e+00,3.500395589440e+01,1.322210930026e-05,-3.174432913984e+00,3.503426913394e+01,1.411057625293e-05,1.954659531774e-01,3.031323953547e-02,8.884669526676e-07
"                  29",-3.203350670550e+00,3.747756595284e+01,1.346718622023e-05,-3.012134387146e+00,3.750804678488e+01,1.472428020152e-05,1.912162834034e-01,3.048083203273e-02,1.257093981295e-06
"                  30",-3.015394141141e+00,3.828328204242e+01,1.373233146053e-05,-2.828362515462e+00,3.831408238030e+01,1.561062655492e-05,1.870316256790e-01,3.080033788397e-02,1.878295094391e-06
"                  31",-3.017525542495e+00,3.755589062250e+01,1.403605513791e-05,-2.835089135615e+00,3.758695613578e+01,1.596799517285e-05,1.824364068798e-01,3.106551328591e-02,1.931940034937e-06
"                  32",-3.203665595743e+00,3.676622577363e+01,1.436450779833e-05,-3.026796482211e+00,3.679748043496e+01,1.560431224555e-05,1.768691135323e-01,3.125466132789e-02,1.239804447212e-06
"                  33",-3.422523151962e+00,3.697663705440e+01,1.470129677325e-05,-3.251579548767e+00,3.700798211611e+01,1.434849393467e-05,1.709436031944e-01,3.134506171237e-02,-3.528028385782e-07
"                  34",-3.530827880226e+00,3.797321446875e+01,1.500959399134e-05,-3.364956181953e+00,3.800458491853e+01,1.364877060852e-05,1.658716982727e-01,3.137044978632e-02,-1.360823382825e-06
"                  35",-3.519356757149e+00,3.885900119632e+01,1.527135686003e-05,-3.357682195398e+00,3.889035566361e+01,1.408760958146e-05,1.616745617511e-01,3.135446729082e-02,-1.183747278574e-06
"                  36",-3.490899299126e+00,3.913190389491e+01,1.552336330051e-05,-3.333585057336e+00,3.916321680286e+01,1.541087036190e-05,1.573142417906e-01,3.131290795897e-02,-1.124929386100e-07
"                  37",-3.523650828258e+00,3.900991793503e+01,1.575932760720e-05,-3.371009475604e+00,3.904125529043e+01,1.617521668332e-05,1.526413526538e-01,3.133735539278e-02,4.158890761169e-07
"                  38",-3.629917722614e+00,3.902606268869e+01,1.596139301483e-05,-3.482126857668e+00,3.905748397885e+01,1.570264745036e-05,1.477908649466e-01,3.142129015979e-02,-2.587455644668e-07
"                  39",-3.748197688616e+00,3.941159803521e+01,1.638761534353e-05,-3.604879989768e+00,3.944309157610e+01,1.461637818317e-05,1.433176988483e-01,3.149354088725e-02,-1.771237160363e-06
"                  40",-3.821110298838e+00,3.998770491033e+01,1.699132949297e-05,-3.682198342036e+00,4.001917338913e+01,1.409147227857e-05,1.389119568016e-01,3.146847879878e-02,-2.899857214393e-06
"                  41",-3.850793963167e+00,4.043190919269e+01,1.735230581477e-05,-3.715627566174e+00,4.046334578783e+01,1.454914394336e-05,1.351663969936e-01,3.143659514524e-02,-2.803161871413e-06
"                  42",-3.875736591583e+00,4.062361992137e+01,1.767538991967e-05,-3.743934608977e+00,4.065509074798e+01,1.557853528870e-05,1.318019826062e-01,3.147082661096e-02,-2.096854630969e-06
"                  43",-3.923071819629e+00,4.067091165535e+01,1.804940422368e-05,-3.794737791507e+00,4.070242680352e+01,1.736077105737e-05,1.283340281213e-01,3.151514816460e-02,-6.886331663138e-07
"                  44",-3.993440237150e+00,4.076220010365e+01,1.830793377858e-05,-3.868536379729e+00,4.079377932452e+01,1.846462397620e-05,1.249038574212e-01,3.157922086960e-02,1.566901976221e-07
"                  45",-4.068807779085e+00,4.101697098554e+01,1.834061584329e-05,-3.947247202559e+00,4.104867520379e+01,1.783634025836e-05,1.215605765262e-01,3.170421825069e-02,-5.042755849314e-07
"                  46",-4.132433596577e+00,4.140965010503e+01,1.826115346058e-05,-4.013790232503e+00,4.144148152639e+01,1.570090009163e-05,1.186433640735e-01,3.183142136112e-02,-2.560253368945e-06
"                  47",-4.177057561300e+00,4.178707149516e+01,1.816641381444e-05,-4.060638535022e+00,4.181901225457e+01,1.335767215084e-05,1.164190262782e-01,3.194075940305e-02,-4.808741663599e-06
"                  48",-4.211146521715e+00,4.202649034787e+01,1.810262669263e-05,-4.096859967071e+00,4.205852432326e+01,1.114819254641e-05,1.142865546435e-01,3.203397539289e-02,-6.954434146221e-06
"                  49",-4.246974769569e+00,4.215030835306e+01,1.804702653900e-05,-4.134788870097e+00,4.218248880268e+01,1.035199114378e-05,1.121858994721e-01,3.218044961434e-02,-7.695035395218e-06
"                  50",-4.292701793738e+00,4.225834873766e+01,1.809679191750e-05,-4.182726096653e+00,4.229067405485e+01,1.012815496170e-05,1.099756970845e-01,3.232531718741e-02,-7.968636955805e-06
"                  51",-4.344764105160e+00,4.243429613332e+01,1.799177091486e-05,-4.236948998666e+00,4.246664699213e+01,1.058516344790e-05,1.078151064935e-01,3.235085881348e-02,-7.406607466955e-06
"                  52",-4.394723831975e+00,4.268743317826e+01,1.719018724019e-05,-4.288761834248e+00,4.271957398830e+01,9.799537318686e-06,1.059619977267e-01,3.214081004522e-02,-7.390649921502e-06
"                  53",-4.438432684810e+00,4.296273644072e+01,1.786789109385e-05,-4.333838947815e+00,4.299445094297e+01,6.802265636692e-06,1.045937369950e-01,3.171450224517e-02,-1.106562545716e-05
"                  54",-4.477080163413e+00,4.319132075343e+01,1.874600958767e-05,-4.373439072974e+00,4.322229134117e+01,6.129604118010e-06,1.036410904387e-01,3.097058773340e-02,-1.261640546966e-05
"                  55",-4.513933490519e+00,4.333771298771e+01,1.776291738640e-05,-4.411202890848e+00,4.336766934151e+01,4.648209814836e-06,1.027305996709e-01,2.995635380480e-02,-1.311470757156e-05
"                  56",-4.550104670484e+00,4.344600524784e+01,1.701526185734e-05,-4.447370700475e+00,4.347529215661e+01,3.504965998045e-06,1.027339700092e-01,2.928690876260e-02,-1.351029585929e-05
"                  57",-4.585296607291e+00,4.359209600150e+01,1.697744198497e-05,-4.483013085500e+00,4.362095413639e+01,2.469272550500e-06,1.022835217916e-01,2.885813489825e-02,-1.450816943447e-05
"                  58",-4.619912694123e+00,4.379769959822e+01,1.726060057694e-05,-4.518236378413e+00,4.382614311076e+01,1.965657105745e-07,1.016763157106e-01,2.844351253688e-02,-1.706403486636e-05
"                  59",-4.653773703553e+00,4.403749041041e+01,1.759895130592e-05,-4.552539234531e+00,4.406538980130e+01,-3.214824669829e-06,1.012344690223e-01,2.789939088357e-02,-2.081377597575e-05
"                  60",-4.687052102237e+00,4.426674041882e+01,1.774762468947e-05,-4.586011027825e+00,4.429386788561e+01,-4.921781942877e-06,1.010410744126e-01,2.712746679022e-02,-2.266940663235e-05
"                  61",-4.720653859357e+00,4.443057657462e+01,1.745349907498e-05,-4.619337223348e+00,4.445675169140e+01,-6.872074049428e-06,1.013166360092e-01,2.617511677244e-02,-2.432557312440e-05
"                  62",-4.752225128584e+00,4.453801314687e+01,1.693575916296e-05,-4.650071363012e+00,4.456369084354e+01,-1.036732707390e-05,1.021537655719e-01,2.567769667126e-02,-2.730308623686e-05
"                  63",-4.778439034741e+00,4.464340651289e+01,1.652809756264e-05,-4.675563942846e+00,4.466888086447e+01,-1.373351011983e-05,1.028750918951e-01,2.547435157592e-02,-3.026160768247e-05
"                  64",-4.801370193781e+00,4.478664480586e+01,1.596084986877e-05,-4.697756297630e+00,4.481197175735e+01,-1.660823375070e-05,1.036138961509e-01,2.532695149579e-02,-3.256908361948e-05
"                  65",-4.826149906070e+00,4.497226112630e+01,1.518517832869e-05,-4.721584917914e+00,4.499755902882e+01,-1.760917574238e-05,1.045649881566e-01,2.529790252122e-02,-3.279435407106e-05
"                  66",-4.853124689447e+00,4.516197554131e+01,1.496409717460e-05,-4.747432330854e+00,4.518737392199e+01,-1.245127852598e-05,1.056923585925e-01,2.539838067886e-02,-2.741537570058e-05
"                  67",-4.878430818893e+00,4.533060188448e+01,1.551539512298e-05,-4.771729609920e+00,4.535615790707e+01,-5.120524896434e-06,1.067012089722e-01,2.555602258976e-02,-2.063592001941e-05
"                  68",-4.898957600521e+00,4.546756438899e+01,1.628351035873e-05,-4.791301277003e+00,4.549337651979e+01,-4.118011748213e-07,1.076563235183e-01,2.581213080015e-02,-1.669531153355e-05
"                  69",-4.918463211397e+00,4.557256217910e+01,1.671907365425e-05,-4.809888417793e+00,4.559877186390e+01,6.619719361417e-06,1.085747936033e-01,2.620968479919e-02,-1.009935429283e-05
"                  70",-4.937924071179e+00,4.566404568208e+01,1.672997713633e-05,-4.828424424025e+00,4.569064972016e+01,1.356322649085e-05,1.094996471541e-01,2.660403808126e-02,-3.166750645480e-06
"                  71",-4.956148012866e+00,4.576060013657e+01,1.682720087328e-05,-4.845647789997e+00,4.578754771183e+01,1.634789617901e-05,1.105002228685e-01,2.694757526142e-02,-4.793046942733e-07
"                  72",-4.973183157430e+00,4.587789570507e+01,1.717423032259e-05,-4.861545285039e+00,4.590517022971e+01,1.620049568872e-05,1.116378723914e-01,2.727452464214e-02,-9.737346338649e-07
"                  73",-4.989665840516e+00,4.601432353212e+01,1.770783269434e-05,-4.876835289424e+00,4.604192300618e+01,1.544027501769e-05,1.128305510923e-01,2.759947405600e-02,-2.267557676653e-06
"                  74",-5.006946715130e+00,4.615881594293e+01,1.896403723307e-05,-4.892873830615e+00,4.618676702623e+01,1.952708230938e-05,1.140728845148e-01,2.795108329985e-02,5.630450763087e-07
"                  75",-5.027303503721e+00,4.629679799720e+01,2.083334321995e-05,-4.912057539965e+00,4.632510367777e+01,2.981407276714e-05,1.152459637555e-01,2.830568057408e-02,8.980729547199e-06
"                  76",-5.052907802634e+00,4.641592561676e+01,2.149580565801e-05,-4.936560550032e+00,4.644458883461e+01,3.835141796277e-05,1.163472526021e-01,2.866321785450e-02,1.685561230475e-05
"                  77",-5.081202753185e+00,4.650792868765e+01,2.008579978228e-05,-4.963789098458e+00,4.653693472382e+01,3.737258875204e-05,1.174136547277e-01,2.900603617042e-02,1.728678896976e-05
"                  78",-5.107042744501e+00,4.658599544846e+01,1.844525656501e-05,-4.988714194923e+00,4.661535003003e+01,3.641737832214e-05,1.183285495780e-01,2.935458157522e-02,1.797212175713e-05
"                  79",-5.128459383369e+00,4.667676627322e+01,1.752130673223e-05,-5.009420378895e+00,4.670642456253e+01,3.779192612027e-05,1.190390044740e-01,2.965828931169e-02,2.027061938803e-05
"                  80",-5.149419974039e+00,4.679444159863e+01,1.748298444644e-05,-5.029803141391e+00,4.682436610432e+01,2.812516744041e-05,1.196168326484e-01,2.992450569252e-02,1.064218299397e-05
"                  81",-5.175042643152e+00,4.694187247996e+01,1.728950821414e-05,-5.055003288992e+00,4.697187429979e+01,1.261023521148e-05,1.200393541602e-01,3.000181982508e-02,-4.679273002653e-06
"                  82",-5.204658222660e+00,4.710723986378e+01,1.550591760366e-05,-5.084408659347e+00,4.713708627555e+01,-1.107423785967e-08,1.202495633126e-01,2.984641177705e-02,-1.551699184152e-05
"                  83",-5.233420837146e+00,4.726192303521e+01,1.244728242660e-05,-5.113206896930e+00,4.729146616708e+01,-8.833642798624e-06,1.202139402168e-01,2.954313187300e-02,-2.128092522522e-05
"                  84",-5.257027116418e+00,4.739629154689e+01,1.096356657984e-05,-5.137098934913e+00,4.742540933649e+01,-1.901414140676e-05,1.199281815056e-01,2.911778959775e-02,-2.997770798660e-05
"                  85",-5.274422191240e+00,4.752338889196e+01,1.214699087495e-05,-5.154877548764e+00,4.755197328026e+01,-2.102967109619e-05,1.195446424759e-01,2.858438829457e-02,-3.317666197115e-05
"                  86",-5.289560499246e+00,4.765331987678e+01,1.508818627259e-05,-5.170351754223e+00,4.768136779148e+01,-1.075832233237e-05,1.192087450232e-01,2.804791469924e-02,-2.584650860496e-05
"                  87",-5.305176909848e+00,4.777961765456e+01,1.808343514370e-05,-5.186055391766e+00,4.780721051469e+01,-1.649685028030e-07,1.191215180824e-01,2.759286012911e-02,-1.824840364651e-05
"                  88",-5.321405255122e+00,4.789081865777e+01,2.096804536262e-05,-5.202055500873e+00,4.791806275640e+01,1.429104132918e-05,1.193497542484e-01,2.724409862466e-02,-6.677004033448e-06
"                  89",-5.335794527714e+00,4.799128802894e+01,2.392814697705e-05,-5.215971228672e+00,4.801825998149e+01,3.218966452808e-05,1.198232990421e-01,2.697195255424e-02,8.261517551032e-06
"                  90",-5.348148538324e+00,4.808908135448e+01,2.591032228397e-05,-5.227592653853e+00,4.811584322884e+01,4.960602981555e-05,1.205558844713e-01,2.676187436691e-02,2.369570753158e-05
"                  91",-5.359206098714e+00,4.818022047164e+01,2.666451170910e-05,-5.237673534353e+00,4.820681643910e+01,6.504830857711e-05,1.215325643609e-01,2.659596745754e-02,3.838379686800e-05
"                  92",-5.369465267912e+00,4.825510516360e+01,2.708915267198e-05,-5.246885809960e+00,4.828162617077e+01,7.307295321364e-05,1.225794579520e-01,2.652100717049e-02,4.598380054166e-05
"                  93",-5.379199556384e+00,4.831114432063e+01,2.773769720281e-05,-5.255516348376e+00,4.833769195732e+01,7.733575230759e-05,1.236832080086e-01,2.654763669759e-02,4.959805510478e-05
"                  94",-5.388004350127e+00,4.835650256301e+01,2.871397920267e-05,-5.263134551889e+00,4.838313557816e+01,8.408183855947e-05,1.248697982377e-01,2.663301514895e-02,5.536785935680e-05
"                  95",-5.396311171182e+00,4.839631294351e+01,2.976487080092e-05,-5.270203826256e+00,4.842304322820e+01,9.371042583804e-05,1.261073449262e-01,2.673028468917e-02,6.394555503712e-05
"                  96",-5.404372207904e+00,4.843042201998e+01,3.123130711133e-05,-5.277027193383e+00,4.845731821788e+01,9.757998288647e-05,1.273450145211e-01,2.689619790330e-02,6.634867577515e-05
"                  97",-5.413296633409e+00,4.846398849722e+01,3.338510721595e-05,-5.284774391072e+00,4.849108273906e+01,8.503388721763e-05,1.285222423364e-01,2.709424184870e-02,5.164878000168e-05
"                  98",-5.424361242342e+00,4.850077160580e+01,3.562421584824e-05,-5.294698816253e+00,4.852817130116e+01,5.636662312296e-05,1.296624260885e-01,2.739969535929e-02,2.074240727472e-05
"                  99",-5.436919775797e+00,4.854276828102e+01,3.710506644754e-05,-5.306263623162e+00,4.857064912414e+01,2.575762943780e-05,1.306561526351e-01,2.788084312420e-02,-1.134743700975e-05
"                 100",-5.451317197565e+00,4.859437863967e+01,3.707587991633e-05,-5.319700986352e+00,4.862275876204e+01,-7.153736452230e-06,1.316162112128e-01,2.838012237505e-02,-4.422961636856e-05
"                 101",-5.466867713034e+00,4.867350529515e+01,3.660446456679e-05,-5.334417906694e+00,4.870235488119e+01,-4.132158935293e-05,1.324498063403e-01,2.884958603128e-02,-7.792605391971e-05
"                 102",-5.484190511335e+00,4.877516785671e+01,3.605609903829e-05,-5.351012667550e+00,4.880430236574e+01,-7.219488840760e-05,1.331778437854e-01,2.913450902163e-02,-1.082509874459e-04
"                 103",-5.502562436717e+00,4.887969884976e+01,3.552262997724e-05,-5.368784716898e+00,4.890887577446e+01,-5.826185071381e-05,1.337777198196e-01,2.917692470732e-02,-9.378448069105e-05
"                 104",-5.518893043921e+00,4.897980658480e+01,3.461027481443e-05,-5.384838769217e+00,4.900894964219e+01,-2.481842748480e-05,1.340542747044e-01,2.914305738944e-02,-5.942870229923e-05
"                 105",-5.530263424071e+00,4.906917642276e+01,3.308913085423e-05,-5.396343137644e+00,4.909822248112e+01,8.836361962564e-07,1.339202864267e-01,2.904605835571e-02,-3.220549465798e-05
"                 106",-5.537145081190e+00,4.916534945208e+01,3.128511806800e-05,-5.403622274754e+00,4.919424585472e+01,2.461517803452e-05,1.335228064356e-01,2.889640264212e-02,-6.669940033473e-06
"                 107",-5.542486211695e+00,4.928295179960e+01,2.946580163910e-05,-5.409311706280e+00,4.931162858700e+01,4.177757958852e-05,1.331745054145e-01,2.867678740643e-02,1.231177794942e-05
"                 108",-5.548862862644e+00,4.940650918434e+01,2.695472931519e-05,-5.416028075330e+00,4.943494147685e+01,6.577148405115e-05,1.328347873138e-01,2.843229251418e-02,3.881675473595e-05
"                 109",-5.556629297918e+00,4.950928370235e+01,2.437554218567e-05,-5.423972748582e+00,4.953754712059e+01,1.300929509038e-04,1.326565493361e-01,2.826341823922e-02,1.057174087181e-04
"                 110",-5.560256513277e+00,4.959510958725e+01,2.161682358796e-05,-5.427759760673e+00,4.962323910367e+01,2.047200601409e-04,1.324967526033e-01,2.812951641722e-02,1.831032365529e-04
"                 111",-5.558045787017e+00,4.968859071637e+01,1.849795821381e-05,-5.425564346026e+00,4.971665361105e+01,2.974328989393e-04,1.324814409915e-01,2.806289468515e-02,2.789349407255e-04
"                 112",-5.553785054400e+00,4.980781284654e+01,1.501178193483e-05,-5.421282847515e+00,4.983583541232e+01,3.843045727544e-04,1.325022068857e-01,2.802256577827e-02,3.692927908196e-04
"                 113",-5.550555470502e+00,4.993658250515e+01,1.038697474650e-05,-5.418017192161e+00,4.996460244397e+01,4.406591092138e-04,1.325382783415e-01,2.801993881595e-02,4.302721344673e-04
"                 114",-5.547382232382e+00,5.005862371275e+01,6.786552316679e-06,-5.414913354954e+00,5.008663100647e+01,4.697905556172e-04,1.324688774280e-01,2.800729372371e-02,4.630040033005e-04
"                 115",-5.541126917343e+00,5.016372999261e+01,4.786727851578e-06,-5.408705034983e+00,5.019175531735e+01,4.607375882871e-04,1.324218823597e-01,2.802532474267e-02,4.559508604355e-04
"                 116",-5.531484370916e+00,5.026415823432e+01,4.078915905598e-06,-5.399101638766e+00,5.029220909574e+01,4.510966322257e-04,1.323827321500e-01,2.805086141925e-02,4.470177163201e-04
"                 117",-5.519986402550e+00,5.036518822241e+01,3.679461441077e-06,-5.387608369098e+00,5.039322902779e+01,4.951288946329e-04,1.323780334522e-01,2.804080538110e-02,4.914494331919e-04
"                 118",-5.509765243948e+00,5.045690716811e+01,3.339413615462e-06,-5.377205894043e+00,5.048493886022e+01,5.555904017139e-04,1.325593499052e-01,2.803169211115e-02,5.522509880984e-04
"                 119",-5.502008038218e+00,5.053290595280e+01,3.297913352928e-06,-5.369089490243e+00,5.056094908337e+01,6.700535288417e-04,1.329185479755e-01,2.804313056738e-02,6.667556154888e-04
"                 120",-5.494901925213e+00,5.060377416374e+01,3.853027989440e-06,-5.361504523118e+00,5.063194331406e+01,8.023221671452e-04,1.333974020947e-01,2.816915032233e-02,7.984691391558e-04
"                 121",-5.487333898974e+00,5.068031536739e+01,5.001843925382e-06,-5.353384928142e+00,5.070873184388e+01,9.282784419602e-04,1.339489708318e-01,2.841647648448e-02,9.232765980348e-04
"                 122",-5.479801385420e+00,5.075416354007e+01,6.424191472413e-06,-5.345164894830e+00,5.078289335685e+01,1.039592932068e-03,1.346364905897e-01,2.872981678479e-02,1.033168740596e-03
"                 123",-5.476606412727e+00,5.081028201799e+01,8.238514474061e-06,-5.341193873968e+00,5.083934756427e+01,1.153220420690e-03,1.354125387589e-01,2.906554628087e-02,1.144981906216e-03
"                 124",-5.478108946497e+00,5.083495851611e+01,1.057594953641e-05,-5.341806961938e+00,5.086435250972e+01,1.257952356807e-03,1.363019845594e-01,2.939399361579e-02,1.247376407271e-03
"                 125",-5.483318242903e+00,5.082632390444e+01,1.190449424994e-05,-5.346040454192e+00,5.085605253779e+01,1.353417681373e-03,1.372777887113e-01,2.972863335082e-02,1.341513187123e-03
"                 126",-5.489643526332e+00,5.080525505182e+01,1.162415683060e-05,-5.351481220710e+00,5.083526662267e+01,1.450410369978e-03,1.381623056215e-01,3.001157085117e-02,1.438786213147e-03
"                 127",-5.495640225266e+00,5.078015332804e+01,1.114330071606e-05,-5.356613445658e+00,5.081042293979e+01,1.570800447927e-03,1.390267796082e-01,3.026961175684e-02,1.559657147211e-03
"                 128",-5.502367061184e+00,5.074036191580e+01,1.115535792485e-05,-5.362503563992e+00,5.077084912790e+01,1.727686583056e-03,1.398634971918e-01,3.048721209207e-02,1.716531225131e-03
"                 129",-5.512145772929e+00,5.068686128124e+01,1.086042770304e-05,-5.371605606980e+00,5.071749839556e+01,1.931805693719e-03,1.405401659490e-01,3.063711432505e-02,1.920945266016e-03
"                 130",-5.524555706210e+00,5.060637000051e+01,1.070335892089e-05,-5.383417636789e+00,5.063713724784e+01,2.133382672843e-03,1.411380694219e-01,3.076724733289e-02,2.122679313922e-03
"                 131",-5.537610152151e+00,5.050302268671e+01,1.006676683101e-05,-5.395980038269e+00,5.053384454636e+01,2.312904556054e-03,1.416301138813e-01,3.082185964803e-02,2.302837789223e-03
"                 132",-5.546042391176e+00,5.040391695262e+01,7.838609535901e-06,-5.404030746866e+00,5.043467714453e+01,2.464554882084e-03,1.420116443106e-01,3.076019190501e-02,2.456716272548e-03
"                 133",-5.551741280178e+00,5.031430193075e+01,5.167228654936e-06,-5.409360727093e+00,5.034491610308e+01,2.587651714433e-03,1.423805530852e-01,3.061417232349e-02,2.582484485778e-03
"                 134",-5.558548411395e+00,5.022139527062e+01,3.017881678857e-06,-5.415770698686e+00,5.025190130079e+01,2.649784102638e-03,1.427777127091e-01,3.050603017252e-02,2.646766220959e-03
"                 135",-5.565720578287e+00,5.012560166864e+01,1.743254600169e-06,-5.422571443733e+00,5.015602837915e+01,2.652094863602e-03,1.431491345532e-01,3.042671051204e-02,2.650351609001e-03
"                 136",-5.573277646153e+00,5.002564847414e+01,1.430591931370e-06,-5.429756469050e+00,5.005603089342e+01,2.595586655408e-03,1.435211771033e-01,3.038241928250e-02,2.594156063477e-03
"                 137",-5.577856167049e+00,4.993305605281e+01,1.805833150588e-06,-5.434010434037e+00,4.996344742661e+01,2.485642957456e-03,1.438457330125e-01,3.039137380355e-02,2.483837124305e-03
"                 138",-5.577064610082e+00,4.985979457215e+01,2.161441246256e-06,-5.432974738413e+00,4.989013861826e+01,2.370992615389e-03,1.440898716689e-01,3.034404610448e-02,2.368831174143e-03
"                 139",-5.574965348935e+00,4.980820914414e+01,2.046144545955e-06,-5.430652095289e+00,4.983847150674e+01,2.215887103936e-03,1.443132536457e-01,3.026236259725e-02,2.213840959390e-03
"                 140",-5.573470193435e+00,4.975107938638e+01,1.404206643245e-06,-5.428966154440e+00,4.978129059122e+01,2.056728251780e-03,1.445040389943e-01,3.021120484269e-02,2.055324045137e-03
"                 141",-5.569806300273e+00,4.967282555705e+01,7.291158434903e-07,-5.425112058370e+00,4.970301300353e+01,1.905517236666e-03,1.446942419036e-01,3.018744647939e-02,1.904788120823e-03
"                 142",-5.560166805226e+00,4.960350662882e+01,5.170553816604e-07,-5.415264482654e+00,4.963368643816e+01,1.697073139914e-03,1.449023225714e-01,3.017980933276e-02,1.696556084533e-03
"                 143",-5.546983440696e+00,4.956070713262e+01,8.116448350087e-07,-5.401896164226e+00,4.959086197674e+01,1.445155296631e-03,1.450872764696e-01,3.015484411995e-02,1.444343651796e-03
"                 144",-5.534862572514e+00,4.954204396129e+01,1.206552713132e-06,-5.389560633935e+00,4.957220801348e+01,1.139386105209e-03,1.453019385787e-01,3.016405219031e-02,1.138179552495e-03
"                 145",-5.523821784671e+00,4.953170608075e+01,9.095207691116e-07,-5.378359015639e+00,4.956187669821e+01,8.031232313437e-04,1.454627690323e-01,3.017061746316e-02,8.022137105746e-04
"                 146",-5.510934506191e+00,4.952468063503e+01,3.753289338441e-07,-5.365266330594e+00,4.955485819634e+01,5.023909757515e-04,1.456681755975e-01,3.017756130599e-02,5.020156468177e-04
"                 147",-5.496237561031e+00,4.951128632843e+01,3.538064758681e-07,-5.350395486560e+00,4.954142571663e+01,2.300492048609e-04,1.458420744712e-01,3.013938820105e-02,2.296953983850e-04
"                 148",-5.478355493825e+00,4.949558362039e+01,7.226714788796e-07,-5.332347647011e+00,4.952570038240e+01,-2.398423826604e-05,1.460078468139e-01,3.011676201361e-02,-2.470690974492e-05
"                 149",-5.459917770143e+00,4.948671326910e+01,8.786925741762e-07,-5.313741520019e+00,4.951684099073e+01,-2.662062608206e-04,1.461762501241e-01,3.012772163351e-02,-2.670849533948e-04
"                 150",-5.445790602231e+00,4.950338569564e+01,8.523950534194e-07,-5.299448941361e+00,4.953355986121e+01,-5.235148009065e-04,1.463416608703e-01,3.017416557645e-02,-5.243671959600e-04
"                 151",-5.436645135256e+00,4.953661175801e+01,1.134926932271e-06,-5.290098057862e+00,4.956685513925e+01,-8.343451187269e-04,1.465470773944e-01,3.024338124023e-02,-8.354800456591e-04
"                 152",-5.427853377491e+00,4.957514999741e+01,1.986315884326e-06,-5.281038050304e+00,4.960547467332e+01,-1.192847278901e-03,1.468153271863e-01,3.032467591162e-02,-1.194833594785e-03
"                 153",-5.414708034790e+00,4.959535281539e+01,3.422296454594e-06,-5.267458544438e+00,4.962578005556e+01,-1.595498229237e-03,1.472494903522e-01,3.042724016689e-02,-1.598920525691e-03
"                 154",-5.400181062943e+00,4.958527000074e+01,4.984875555067e-06,-5.252315233746e+00,4.961579353265e+01,-2.045400027056e-03,1.478658291966e-01,3.052353191792e-02,-2.050384902611e-03
"                 155",-5.388811658915e+00,4.953859592133e+01,6.379118920113e-06,-5.240185068144e+00,4.956920847272e+01,-2.501233361230e-03,1.486265907709e-01,3.061255138790e-02,-2.507612480150e-03
"                 156",-5.382478148224e+00,4.945297807714e+01,7.322201592850e-06,-5.233006359274e+00,4.948368007307e+01,-2.919466112867e-03,1.494717889503e-01,3.070199593575e-02,-2.926788314460e-03
"                 157",-5.380341389144e+00,4.931261552488e+01,8.028990889161e-06,-5.229982883582e+00,4.934338249572e+01,-3.304030750677e-03,1.503585055620e-01,3.076697084786e-02,-3.312059741566e-03
"                 158",-5.379940470744e+00,4.912926550712e+01,8.557599227460e-06,-5.228616225471e+00,4.916006860404e+01,-3.649638827500e-03,1.513242452734e-01,3.080309692580e-02,-3.658196426727e-03
"                 159",-5.378041416572e+00,4.892220287879e+01,8.309907745274e-06,-5.225642953480e+00,4.895301827533e+01,-3.943292703942e-03,1.523984630922e-01,3.081539653958e-02,-3.951602611687e-03
"                 160",-5.372342877692e+00,4.870764102445e+01,7.172906018664e-06,-5.218790177439e+00,4.873845762690e+01,-4.198989531131e-03,1.535527002531e-01,3.081660244844e-02,-4.206162437150e-03
"                 161",-5.364042477396e+00,4.847387290884e+01,5.908057808656e-06,-5.209298580977e+00,4.850469904433e+01,-4.399068661591e-03,1.547438964198e-01,3.082613548802e-02,-4.404976719400e-03
"                 162",-5.356836851929e+00,4.820236770275e+01,4.469132015223e-06,-5.200982005778e+00,4.823320174482e+01,-4.563282967711e-03,1.558548461511e-01,3.083404206334e-02,-4.567752099726e-03
"                 163",-5.351980048255e+00,4.789021349449e+01,2.811364264243e-06,-5.195105710516e+00,4.792103500475e+01,-4.665921907298e-03,1.568743377397e-01,3.082151025579e-02,-4.668733271563e-03
"                 164",-5.347061653927e+00,4.756268909170e+01,1.291278267465e-06,-5.189366677903e+00,4.759342883855e+01,-4.729208731135e-03,1.576949760242e-01,3.073974685192e-02,-4.730500009402e-03
"                 165",-5.338474120289e+00,4.725266585370e+01,1.150034372931e-07,-5.180144870066e+00,4.728326029039e+01,-4.740342730419e-03,1.583292502224e-01,3.059443668746e-02,-4.740457733856e-03
"                 166",-5.326217316040e+00,4.698484765051e+01,-9.148230211220e-07,-5.167366981714e+00,4.701527470523e+01,-4.667934395996e-03,1.588503343268e-01,3.042705472250e-02,-4.667019572975e-03
"                 167",-5.314088033213e+00,4.674274414110e+01,-9.753356714301e-07,-5.154813054130e+00,4.677302916344e+01,-4.518739073284e-03,1.592749790833e-01,3.028502233227e-02,-4.517763737613e-03
"                 168",-5.303442769781e+00,4.649590149466e+01,7.145053566793e-07,-5.143831026402e+00,4.652611658255e+01,-4.289972754020e-03,1.596117433793e-01,3.021508788812e-02,-4.290687259377e-03
"                 169",-5.291185122210e+00,4.627358599440e+01,3.657205882370e-06,-5.131368371293e+00,4.630377348616e+01,-4.006962481493e-03,1.598167509174e-01,3.018749175612e-02,-4.010619687375e-03
"                 170",-5.273189385411e+00,4.611571257733e+01,6.637566512293e-06,-5.113229006182e+00,4.614587270247e+01,-3.691950156856e-03,1.599603792293e-01,3.016012514710e-02,-3.698587723368e-03
"                 171",-5.254514911827e+00,4.601514155523e+01,9.257630815301e-06,-5.094436785744e+00,4.604528590034e+01,-3.362052643234e-03,1.600781260832e-01,3.014434511140e-02,-3.371310274049e-03
"                 172",-5.236377414649e+00,4.595801464497e+01,1.116052334135e-05,-5.076200913021e+00,4.598815651989e+01,-3.068470335268e-03,1.601765016279e-01,3.014187491731e-02,-3.079630858609e-03
"                 173",-5.219192489387e+00,4.591100819612e+01,1.248360604290e-05,-5.058984981766e+00,4.594117308642e+01,-2.865831974166e-03,1.602075076209e-01,3.016489029136e-02,-2.878315580209e-03
"                 174",-5.201857430434e+00,4.584379839813e+01,1.400793827218e-05,-5.041673099625e+00,4.587401627990e+01,-2.739611666936e-03,1.601843308091e-01,3.021788177009e-02,-2.753619605208e-03
"                 175",-5.178399863966e+00,4.581281991525e+01,1.587298744283e-05,-5.018312837635e+00,4.584312120136e+01,-2.656740238814e-03,1.600870263312e-01,3.030128610947e-02,-2.672613226257e-03
"                 176",-5.151201779124e+00,4.583023313680e+01,1.707150338100e-05,-4.991136667372e+00,4.586067499500e+01,-2.588520551095e-03,1.600651117526e-01,3.044185820235e-02,-2.605592054476e-03
"                 177",-5.129117331341e+00,4.584003262677e+01,1.748081354182e-05,-4.968984281883e+00,4.587062155235e+01,-2.547058563234e-03,1.601330494577e-01,3.058892557786e-02,-2.564539376776e-03
"                 178",-5.113026829723e+00,4.577137565792e+01,1.754038511369e-05,-4.952730458455e+00,4.580210033421e+01,-2.585085964740e-03,1.602963712678e-01,3.072467628633e-02,-2.602626349854e-03
"                 179",-5.099938819508e+00,4.560786364308e+01,1.801252189554e-05,-4.939373391406e+00,4.563869370041e+01,-2.678563185018e-03,1.605654281025e-01,3.083005732558e-02,-2.696575706913e-03
"                 180",-5.084812014257e+00,4.542009292779e+01,1.960065112073e-05,-4.923871080637e+00,4.545099698180e+01,-2.793517786292e-03,1.609409336203e-01,3.090405401330e-02,-2.813118437412e-03
"                 181",-5.065350792297e+00,4.527608397816e+01,2.228698894179e-05,-4.903898777971e+00,4.530707023486e+01,-2.898221665220e-03,1.614520143261e-01,3.098625669603e-02,-2.920508654162e-03
"                 182",-5.042414072953e+00,4.517002858718e+01,2.574740213696e-05,-4.880389072388e+00,4.520110972689e+01,-2.954821001922e-03,1.620250005650e-01,3.108113970837e-02,-2.980568404059e-03
"                 183",-5.018276644666e+00,4.508154244359e+01,2.882348482429e-05,-4.855672475069e+00,4.511274650870e+01,-2.943425956824e-03,1.626041695961e-01,3.120406510887e-02,-2.972249441648e-03
"                 184",-4.993835831761e+00,4.499783863902e+01,3.202735012357e-05,-4.830671423147e+00,4.502917987983e+01,-2.885122510948e-03,1.631644086145e-01,3.134124080604e-02,-2.917149861072e-03
"                 185",-4.970027361125e+00,4.488234429433e+01,3.574093987211e-05,-4.806355864610e+00,4.491384306786e+01,-2.821885978083e-03,1.636714965149e-01,3.149877352569e-02,-2.857626917955e-03
"                 186",-4.944371641932e+00,4.475155532143e+01,3.970529582843e-05,-4.780248260101e+00,4.478321527570e+01,-2.748472675182e-03,1.641233818303e-01,3.165995426944e-02,-2.788177971011e-03
"                 187",-4.916248863576e+00,4.464943118609e+01,4.293609649567e-05,-4.751667104517e+00,4.468124250717e+01,-2.613270347055e-03,1.645817590591e-01,3.181132107301e-02,-2.656206443550e-03
"                 188",-4.885442489460e+00,4.462084197787e+01,4.545426036370e-05,-4.720403148896e+00,4.465279042344e+01,-2.394387480119e-03,1.650393405643e-01,3.194844557004e-02,-2.439841740482e-03
"                 189",-4.851409999084e+00,4.464327562318e+01,4.688453711311e-05,-4.685954182763e+00,4.467534217571e+01,-2.115825513193e-03,1.654558163210e-01,3.206655253062e-02,-2.162710050306e-03
"                 190",-4.816838617228e+00,4.467771806121e+01,4.755967143391e-05,-4.651047869194e+00,4.470991457462e+01,-1.791401712651e-03,1.657907480344e-01,3.219651341288e-02,-1.838961384085e-03
"                 191",-4.786590561543e+00,4.469352936990e+01,4.824731158896e-05,-4.620545621688e+00,4.472586807561e+01,-1.455981864410e-03,1.660449398546e-01,3.233870571429e-02,-1.504229175999e-03
"                 192",-4.758312819468e+00,4.468571883474e+01,4.925052260538e-05,-4.592064573788e+00,4.471819921560e+01,-1.120793635730e-03,1.662482456798e-01,3.248038086521e-02,-1.170044158335e-03
"                 193",-4.727651781074e+00,4.466661061912e+01,5.000763904443e-05,-4.561204049628e+00,4.469921409214e+01,-7.950725780822e-04,1.664477314456e-01,3.260347302188e-02,-8.450802171266e-04
"                 194",-4.691806048325e+00,4.463056633049e+01,5.015588194261e-05,-4.525147704306e+00,4.466325047862e+01,-4.801007111064e-04,1.666583440185e-01,3.268414813905e-02,-5.302565930490e-04
"                 195",-4.652974186400e+00,4.455399077508e+01,5.027755754691e-05,-4.486101766451e+00,4.458669407896e+01,-1.809893371462e-04,1.668724199488e-01,3.270330388417e-02,-2.312668946931e-04
"                 196",-4.615759826812e+00,4.444332634751e+01,5.004906087473e-05,-4.448670454667e+00,4.447600124871e+01,9.461229976550e-05,1.670893721444e-01,3.267490120945e-02,4.456323889077e-05
"                 197",-4.580956154663e+00,4.432216284103e+01,4.960166215071e-05,-4.413651732673e+00,4.435477421675e+01,3.512011596720e-04,1.673044219903e-01,3.261137572484e-02,3.015994975213e-04
"                 198",-4.545955786787e+00,4.421594226402e+01,4.914859813351e-05,-4.378447418727e+00,4.424846308776e+01,5.882563422643e-04,1.675083680591e-01,3.252082373436e-02,5.391077441308e-04
"                 199",-4.508261500872e+00,4.413301554045e+01,4.845900001715e-05,-4.340540823559e+00,4.416542756136e+01,8.029406331464e-04,1.677206773131e-01,3.241202091266e-02,7.544816331292e-04
"                 200",-4.465985237154e+00,4.408382981270e+01,4.694569465855e-05,-4.298014710507e+00,4.411611009323e+01,9.848255188346e-04,1.679705266468e-01,3.228028052833e-02,9.378798241760e-04
"                 201",-4.422415419623e+00,4.404198504075e+01,4.624448991907e-05,-4.254136311642e+00,4.407412240714e+01,1.113329631609e-03,1.682791079815e-01,3.213736639159e-02,1.067085141690e-03
"                 202",-4.381267253156e+00,4.397708089426e+01,4.665689572273e-05,-4.212624762318e+00,4.400906799224e+01,1.186016502820e-03,1.686424908373e-01,3.198709797962e-02,1.139359607098e-03
"                 203",-4.342531593227e+00,4.389051998098e+01,4.774453565126e-05,-4.173523383543e+00,4.392234041182e+01,1.226214079520e-03,1.690082096837e-01,3.182043083590e-02,1.178469543869e-03
"                 204",-4.306069119800e+00,4.377594638126e+01,4.910539831921e-05,-4.136695744172e+00,4.380758897047e+01,1.237702909514e-03,1.693733756283e-01,3.164258920913e-02,1.188597511195e-03
"                 205",-4.273530001072e+00,4.363122981327e+01,5.048772891477e-05,-4.103757009758e+00,4.366268061467e+01,1.204654414661e-03,1.697729913144e-01,3.145080139237e-02,1.154166685746e-03
"                 206",-4.243788224042e+00,4.345094401551e+01,5.199595806557e-05,-4.073517352692e+00,4.348217686199e+01,1.122300666442e-03,1.702708713501e-01,3.123284648073e-02,1.070304708377e-03
"                 207",-4.217389973064e+00,4.320605401964e+01,5.321218417307e-05,-4.046504097478e+00,4.323705054403e+01,1.004055127368e-03,1.708858755869e-01,3.099652438689e-02,9.508429431953e-04
"                 208",-4.195999148469e+00,4.288007173821e+01,5.450029258139e-05,-4.024372749527e+00,4.291081303427e+01,8.562753461590e-04,1.716263989421e-01,3.074129605775e-02,8.017750535776e-04
"                 209",-4.179409094187e+00,4.248081520793e+01,5.615324166777e-05,-4.006931706061e+00,4.251129742556e+01,6.685104319828e-04,1.724773881259e-01,3.048221763807e-02,6.123571903150e-04
"                 210",-4.166112340264e+00,4.203118227426e+01,5.703837338998e-05,-3.992681510029e+00,4.206141630455e+01,4.458755518182e-04,1.734308302347e-01,3.023403029291e-02,3.888371784282e-04
"                 211",-4.153447340304e+00,4.157210342552e+01,5.603354975431e-05,-3.978983620535e+00,4.160210071001e+01,1.812552839119e-04,1.744637197687e-01,2.999728448686e-02,1.252217341576e-04
"                 212",-4.141257391359e+00,4.110614200244e+01,5.416881791197e-05,-3.965682741771e+00,4.113590784229e+01,-1.045942094966e-04,1.755746495875e-01,2.976583985744e-02,-1.587630274086e-04
"                 213",-4.130872862419e+00,4.063193055627e+01,5.189036717680e-05,-3.954086250608e+00,4.066146506377e+01,-3.914456901353e-04,1.767866118106e-01,2.953450750602e-02,-4.433360573121e-04
"                 214",-4.120884922486e+00,4.017175938563e+01,4.908447373386e-05,-3.942847265055e+00,4.020108352933e+01,-6.899065860181e-04,1.780376574309e-01,2.932414370379e-02,-7.389910597520e-04
"                 215",-4.111631671371e+00,3.974667165861e+01,4.553197864507e-05,-3.932396488903e+00,3.977581878012e+01,-9.924529591926e-04,1.792351824688e-01,2.914712151602e-02,-1.037984937838e-03
"                 216",-4.101161660331e+00,3.941121118004e+01,4.143951285033e-05,-3.920850768604e+00,3.944022415982e+01,-1.287986814744e-03,1.803108917274e-01,2.901297977736e-02,-1.329426327594e-03
"                 217",-4.090845628255e+00,3.920016840650e+01,3.709992125753e-05,-3.909609423535e+00,3.922910047476e+01,-1.563959002543e-03,1.812362047200e-01,2.893206826193e-02,-1.601058923801e-03
"                 218",-4.081566094902e+00,3.907737512737e+01,3.267671488752e-05,-3.899576040728e+00,3.910626994594e+01,-1.803988274248e-03,1.819900541745e-01,2.889481857000e-02,-1.836664989136e-03
"                 219",-4.073769284661e+00,3.899339858683e+01,2.875470884277e-05,-3.891239593925e+00,3.902229054802e+01,-1.991929927859e-03,1.825296907362e-01,2.889196118893e-02,-2.020684636701e-03
"                 220",-4.066936719375e+00,3.898607989906e+01,2.536597219047e-05,-3.884069152382e+00,3.901500487045e+01,-2.135643910895e-03,1.828675669921e-01,2.892497139347e-02,-2.161009883086e-03
"                 221",-4.060332450751e+00,3.910479526215e+01,2.219843809665e-05,-3.877292766917e+00,3.913380163395e+01,-2.233806920244e-03,1.830396838331e-01,2.900637179844e-02,-2.256005358341e-03
"                 222",-4.055092228611e+00,3.932638520676e+01,1.928198182540e-05,-3.872036487244e+00,3.935552397204e+01,-2.284669128683e-03,1.830557413675e-01,2.913876527958e-02,-2.303951110509e-03
"                 223",-4.053830910140e+00,3.960871914445e+01,1.688315110900e-05,-3.870913040507e+00,3.963803508896e+01,-2.290815107677e-03,1.829178696322e-01,2.931594450699e-02,-2.307698258786e-03
"                 224",-4.055042966031e+00,3.990679859290e+01,1.482060270999e-05,-3.872399248323e+00,3.993631121125e+01,-2.244885860204e-03,1.826437177080e-01,2.951261835317e-02,-2.259706462914e-03
"                 225",-4.052019785476e+00,4.024159406568e+01,1.313091578510e-05,-3.869731795628e+00,4.027130232234e+01,-2.164429150048e-03,1.822879898483e-01,2.970825665782e-02,-2.177560065833e-03
"                 226",-4.052185252691e+00,4.049310868234e+01,1.192411828462e-05,-3.870254866697e+00,4.052300383628e+01,-2.087802433390e-03,1.819303859940e-01,2.989515393516e-02,-2.099726551674e-03
"                 227",-4.057884303619e+00,4.061794180866e+01,1.144630864960e-05,-3.876298333191e+00,4.064800800949e+01,-2.028686040091e-03,1.815859704283e-01,3.006620083506e-02,-2.040132348741e-03
"                 228",-4.061374709927e+00,4.065796467476e+01,1.149606744833e-05,-3.880094684233e+00,4.068818129949e+01,-1.971217284529e-03,1.812800256942e-01,3.021662473546e-02,-1.982713351977e-03
"                 229",-4.063083218502e+00,4.060883946439e+01,1.184289765581e-05,-3.882009155150e+00,4.063917507140e+01,-1.903262468411e-03,1.810740633520e-01,3.033560700880e-02,-1.915105366067e-03
"                 230",-4.065255868659e+00,4.047575257962e+01,1.196754473765e-05,-3.884273414562e+00,4.050618748338e+01,-1.820958890676e-03,1.809824540975e-01,3.043490375545e-02,-1.832926435414e-03
"                 231",-4.064495314317e+00,4.031345628434e+01,1.269173036948e-05,-3.883533498582e+00,4.034396721918e+01,-1.719264818318e-03,1.809618157350e-01,3.051093483932e-02,-1.731956548688e-03
"                 232",-4.059958312080e+00,4.016367582188e+01,1.407547819717e-05,-3.878981529086e+00,4.019423328245e+01,-1.613459389557e-03,1.809767829945e-01,3.055746056877e-02,-1.627534867754e-03
"                 233",-4.053008870627e+00,4.006292411704e+01,1.551320427662e-05,-3.871990782241e+00,4.009350963803e+01,-1.499240431860e-03,1.810180883859e-01,3.058552098533e-02,-1.514753636137e-03
"                 234",-4.044850262653e+00,4.000579787598e+01,1.713894425430e-05,-3.863766724841e+00,4.003644010169e+01,-1.371094579362e-03,1.810835378117e-01,3.064222571259e-02,-1.388233523616e-03
"                 235",-4.035738295803e+00,3.998604672163e+01,1.901620199607e-05,-3.854603020068e+00,4.001675978137e+01,-1.234463817828e-03,1.811352757355e-01,3.071305974838e-02,-1.253480019824e-03
"                 236",-4.024354038772e+00,4.002743101274e+01,2.094606573600e-05,-3.843227795980e+00,4.005823047204e+01,-1.098541179883e-03,1.811262427918e-01,3.079945930144e-02,-1.119487245619e-03
"                 237",-4.009810798542e+00,4.013420733593e+01,2.312171900198e-05,-3.828757888073e+00,4.016508428288e+01,-9.691851250470e-04,1.810529104695e-01,3.087694695488e-02,-9.923068440490e-04
"                 238",-3.995020067424e+00,4.026413506286e+01,2.496442502063e-05,-3.814044069946e+00,4.029505888274e+01,-8.251599634278e-04,1.809759974781e-01,3.092381987648e-02,-8.501243884484e-04
"                 239",-3.983525544694e+00,4.036001727655e+01,2.598655632862e-05,-3.802578236654e+00,4.039097608856e+01,-6.684607028610e-04,1.809473080403e-01,3.095881200972e-02,-6.944472591896e-04
"                 240",-3.974300758884e+00,4.040946727886e+01,2.677033204000e-05,-3.793284344676e+00,4.044045551349e+01,-5.203831780011e-04,1.810164142083e-01,3.098823462301e-02,-5.471535100411e-04
"                 241",-3.965687485978e+00,4.042442626365e+01,2.755055377115e-05,-3.784483767518e+00,4.045545002284e+01,-4.100588067989e-04,1.812037184597e-01,3.102375918491e-02,-4.376093605700e-04
"                 242",-3.954540446356e+00,4.043588827751e+01,2.874812252184e-05,-3.773061696854e+00,4.046695321022e+01,-3.571048658965e-04,1.814787495018e-01,3.106493270648e-02,-3.858529884184e-04
"                 243",-3.942756039849e+00,4.043172858812e+01,3.044396074808e-05,-3.760926733135e+00,4.046284373409e+01,-3.624394522512e-04,1.818293067140e-01,3.111514597242e-02,-3.928834129993e-04
"                 244",-3.932178530876e+00,4.038564995517e+01,3.218750044097e-05,-3.749931792199e+00,4.041682062543e+01,-4.169658106659e-04,1.822467386768e-01,3.117067025679e-02,-4.491533111069e-04
"                 245",-3.922856595836e+00,4.029654783367e+01,3.332048740060e-05,-3.740101475766e+00,4.032778896624e+01,-5.147459821992e-04,1.827551200700e-01,3.124113256961e-02,-5.480664695998e-04
"                 246",-3.913172535552e+00,4.016800270009e+01,3.344731152893e-05,-3.729786045124e+00,4.019931789645e+01,-6.363109576593e-04,1.833864904288e-01,3.131519636484e-02,-6.697582691883e-04
"                 247",-3.903348129432e+00,3.998489015268e+01,3.317051812874e-05,-3.719226991392e+00,4.001625893872e+01,-7.430578713786e-04,1.841211380402e-01,3.136878603615e-02,-7.762283895073e-04
"                 248",-3.895536736522e+00,3.974723631353e+01,3.356825297623e-05,-3.710571030037e+00,3.977864600088e+01,-8.311189971399e-04,1.849657064851e-01,3.140968735106e-02,-8.646872501161e-04
"                 249",-3.890716528087e+00,3.947854743398e+01,3.450412396108e-05,-3.704809266874e+00,3.951000270666e+01,-9.108325566404e-04,1.859072612127e-01,3.145527267168e-02,-9.453366806015e-04
"                 250",-3.886588701490e+00,3.920676153140e+01,3.579323287833e-05,-3.699695026560e+00,3.923827115297e+01,-9.880591978464e-04,1.868936749292e-01,3.150962156768e-02,-1.023852430725e-03
"                 251",-3.880516820639e+00,3.894493315439e+01,3.726025584612e-05,-3.692665908204e+00,3.897649364008e+01,-1.060261531470e-03,1.878509124348e-01,3.156048568968e-02,-1.097521787316e-03
"                 252",-3.871746688656e+00,3.870277408053e+01,3.833840467197e-05,-3.682973784731e+00,3.873437063386e+01,-1.120474976490e-03,1.887729039247e-01,3.159655333230e-02,-1.158813381162e-03
"                 253",-3.862571171534e+00,3.849248811708e+01,3.986870003089e-05,-3.672921620189e+00,3.852412147499e+01,-1.150105923334e-03,1.896495513447e-01,3.163335791260e-02,-1.189974623365e-03
"                 254",-3.854954997349e+00,3.833884600939e+01,4.207922971498e-05,-3.664485139599e+00,3.837053884735e+01,-1.144863046751e-03,1.904698577500e-01,3.169283796125e-02,-1.186942276466e-03
"                 255",-3.849620010375e+00,3.825176068422e+01,4.453422323450e-05,-3.658409279822e+00,3.828353719487e+01,-1.109738250371e-03,1.912107305523e-01,3.177651064975e-02,-1.154272473606e-03
"                 256",-3.844190599431e+00,3.825491284995e+01,4.722140321890e-05,-3.652354666080e+00,3.828678445961e+01,-1.048713344248e-03,1.918359333514e-01,3.187160966102e-02,-1.095934747467e-03
"                 257",-3.835778274791e+00,3.833738182255e+01,5.085254028548e-05,-3.643477998384e+00,3.836935655436e+01,-9.713371780702e-04,1.923002764069e-01,3.197473181196e-02,-1.022189718356e-03
"                 258",-3.826968576423e+00,3.845287300342e+01,5.510196432920e-05,-3.634319326845e+00,3.848495364837e+01,-8.813133566962e-04,1.926492495785e-01,3.208064495102e-02,-9.364153210254e-04
"                 259",-3.820913463907e+00,3.857803689429e+01,5.987967365211e-05,-3.628013515532e+00,3.861022511789e+01,-7.771176658098e-04,1.928999483745e-01,3.218822359980e-02,-8.369973394619e-04
"                 260",-3.817709734911e+00,3.873247388868e+01,6.450776029043e-05,-3.624622995962e+00,3.876479321347e+01,-6.575016768687e-04,1.930867389499e-01,3.231932478690e-02,-7.220094371591e-04
"                 261",-3.815789603583e+00,3.889968356689e+01,6.849313195811e-05,-3.622565149517e+00,3.893211920013e+01,-5.236722150144e-04,1.932244540662e-01,3.243563324574e-02,-5.921653469725e-04
"                 262",-3.814216694724e+00,3.901860859116e+01,7.215702188657e-05,-3.620875709740e+00,3.905113934327e+01,-3.851770652454e-04,1.933409849845e-01,3.253075211396e-02,-4.573340871320e-04
"                 263",-3.812678877030e+00,3.905946696334e+01,7.573064474615e-05,-3.619186824454e+00,3.909207485201e+01,-2.373865757667e-04,1.934920525758e-01,3.260788866690e-02,-3.131172205129e-04
"                 264",-3.811371499511e+00,3.905536797710e+01,7.921370187848e-05,-3.617692892183e+00,3.908802552062e+01,-7.025452477757e-05,1.936786073279e-01,3.265754352708e-02,-1.494682266561e-04
"                 265",-3.811419758082e+00,3.903408689838e+01,8.130055000714e-05,-3.617563813526e+00,3.906679975569e+01,1.145830038755e-04,1.938559445562e-01,3.271285731539e-02,3.328245386836e-05
"                 266",-3.813224662342e+00,3.901462492541e+01,8.237117694198e-05,-3.619218687991e+00,3.904740899539e+01,3.135178776159e-04,1.940059743507e-01,3.278406998751e-02,2.311467006739e-04
"                 267",-3.815158828197e+00,3.900283186944e+01,8.297867069115e-05,-3.621018236258e+00,3.903569360326e+01,5.306978054409e-04,1.941405919395e-01,3.286173381174e-02,4.477191347498e-04
"                 268",-3.816089692882e+00,3.899382385545e+01,8.389048602751e-05,-3.621823447564e+00,3.902676763632e+01,7.674829843696e-04,1.942662453183e-01,3.294378086679e-02,6.835924983421e-04
"                 269",-3.816700789725e+00,3.895645786723e+01,8.535168905922e-05,-3.622287160044e+00,3.898948327176e+01,9.952972988083e-04,1.944136296813e-01,3.302540452320e-02,9.099456097491e-04
"                 270",-3.817777165975e+00,3.888030067064e+01,8.668083476517e-05,-3.623201244032e+00,3.891341673486e+01,1.192984031292e-03,1.945759219435e-01,3.311606421098e-02,1.106303196527e-03
"                 271",-3.818998614287e+00,3.878777074520e+01,8.748431325743e-05,-3.624259975816e+00,3.882098534630e+01,1.350018504527e-03,1.947386384707e-01,3.321460109940e-02,1.262534191269e-03
"                 272",-3.820090782964e+00,3.870244151889e+01,8.799600883381e-05,-3.625181327019e+00,3.873574932544e+01,1.474005376175e-03,1.949094559449e-01,3.330780654536e-02,1.386009367341e-03
"                 273",-3.820681768478e+00,3.863406861752e+01,8.867670708909e-05,-3.625594851506e+00,3.866745704472e+01,1.564859359675e-03,1.950869169722e-01,3.338842719866e-02,1.476182652586e-03
"                 274",-3.820353202291e+00,3.858076802733e+01,8.917708534419e-05,-3.625118767322e+00,3.861424938721e+01,1.636923284158e-03,1.952344349688e-01,3.348135988417e-02,1.547746198814e-03
"                 275",-3.819051888273e+00,3.855343167740e+01,8.872260167146e-05,-3.623721094189e+00,3.858702590109e+01,1.706035916777e-03,1.953307940837e-01,3.359422369389e-02,1.617313315106e-03
"                 276",-3.815669887953e+00,3.857193490664e+01,8.680519579241e-05,-3.620301415325e+00,3.860565375680e+01,1.768750389497e-03,1.953684726287e-01,3.371885015301e-02,1.681945193705e-03
"                 277",-3.810447825011e+00,3.865032583820e+01,8.456344919070e-05,-3.615099494382e+00,3.868417795364e+01,1.832129041017e-03,1.953483306291e-01,3.385211544078e-02,1.747565591826e-03
"                 278",-3.803747934379e+00,3.878364151262e+01,8.331324494858e-05,-3.608477904701e+00,3.881763550995e+01,1.906782011905e-03,1.952700296776e-01,3.399399732989e-02,1.823468766956e-03
"                 279",-3.795665224445e+00,3.894535720427e+01,8.274685654082e-05,-3.600508545710e+00,3.897947838766e+01,1.979761960239e-03,1.951566787347e-01,3.412118339367e-02,1.897015103698e-03
"                 280",-3.787461179396e+00,3.910327171303e+01,8.258973652307e-05,-3.592421174792e+00,3.913750893156e+01,2.043314195790e-03,1.950400046041e-01,3.423721853031e-02,1.960724459267e-03
"                 281",-3.779654391406e+00,3.924456898521e+01,8.250527118090e-05,-3.584698291807e+00,3.927890917800e+01,2.100305913681e-03,1.949560995992e-01,3.434019278733e-02,2.017800642500e-03
"                 282",-3.771812585197e+00,3.937955467916e+01,8.226389189326e-05,-3.576887661171e+00,3.941399636801e+01,2.142249719039e-03,1.949249240256e-01,3.444168885308e-02,2.059985827146e-03
"                 283",-3.764329805831e+00,3.949783991877e+01,8.206354213940e-05,-3.569379441085e+00,3.953238591247e+01,2.174683681161e-03,1.949503647457e-01,3.454599370195e-02,2.092620139022e-03
"                 284",-3.757313966818e+00,3.958714298889e+01,8.152039421011e-05,-3.562267284342e+00,3.962178950476e+01,2.208653625451e-03,1.950466824751e-01,3.464651587117e-02,2.127133231241e-03
"                 285",-3.750034794439e+00,3.964648932951e+01,8.024709796251e-05,-3.554828250207e+00,3.968122430536e+01,2.231019253781e-03,1.952065442322e-01,3.473497584760e-02,2.150772155819e-03
"                 286",-3.743039737255e+00,3.967503907441e+01,7.883865998263e-05,-3.547609331051e+00,3.970985086579e+01,2.241317967771e-03,1.954304062035e-01,3.481179137495e-02,2.162479307788e-03
"                 287",-3.737186574319e+00,3.967708691916e+01,7.717402386174e-05,-3.541451429864e+00,3.971196652654e+01,2.239396285669e-03,1.957351444557e-01,3.487960737441e-02,2.162222261807e-03
"                 288",-3.731817559669e+00,3.965855858077e+01,7.502857915070e-05,-3.535685360551e+00,3.969350301109e+01,2.221160179705e-03,1.961321991179e-01,3.494443032883e-02,2.146131600554e-03
"                 289",-3.726544967342e+00,3.962609603007e+01,7.254511000114e-05,-3.529941844258e+00,3.966110425473e+01,2.190325182834e-03,1.966031230846e-01,3.500822465783e-02,2.117780072833e-03
"                 290",-3.720881162258e+00,3.958474001235e+01,7.003587445818e-05,-3.523772106276e+00,3.961980669558e+01,2.144822101887e-03,1.971090559820e-01,3.506668323097e-02,2.074786227428e-03
"                 291",-3.715411411454e+00,3.953626949643e+01,6.765028117790e-05,-3.517771279833e+00,3.957139760357e+01,2.083430863994e-03,1.976401316211e-01,3.512810713730e-02,2.015780582816e-03
"                 292",-3.710364141441e+00,3.949583738591e+01,6.524797229822e-05,-3.512165941318e+00,3.953102172712e+01,2.003967709915e-03,1.981982001229e-01,3.518434121169e-02,1.938719737617e-03
"                 293",-3.705029818256e+00,3.947428947973e+01,6.243979086846e-05,-3.506254647300e+00,3.950951975164e+01,1.919509974648e-03,1.987751709562e-01,3.523027191545e-02,1.857070183779e-03
"                 294",-3.699606029227e+00,3.946743959814e+01,5.988499256541e-05,-3.500242664337e+00,3.950271284201e+01,1.835753389690e-03,1.993633648895e-01,3.527324386896e-02,1.775868397125e-03
"                 295",-3.694164720612e+00,3.946719612868e+01,5.787726867902e-05,-3.494224758056e+00,3.950252395784e+01,1.764623935630e-03,1.999399625567e-01,3.532782915043e-02,1.706746666951e-03
"                 296",-3.689906634851e+00,3.945999246123e+01,5.625879854269e-05,-3.489403604858e+00,3.949539804707e+01,1.708779412571e-03,2.005030299930e-01,3.540558583572e-02,1.652520614028e-03
"                 297",-3.688010709719e+00,3.943003462476e+01,5.454463874747e-05,-3.486968489262e+00,3.946552907538e+01,1.672290338925e-03,2.010422204571e-01,3.549445061244e-02,1.617745700178e-03
"                 298",-3.687499878540e+00,3.938230464435e+01,5.249730679190e-05,-3.485928382419e+00,3.941788852622e+01,1.661112761195e-03,2.015714961215e-01,3.558388187431e-02,1.608615454404e-03
"                 299",-3.687072828109e+00,3.931511906932e+01,5.053091867175e-05,-3.484973920266e+00,3.935078089246e+01,1.676018595776e-03,2.020989078439e-01,3.566182314642e-02,1.625487677104e-03
"                 300",-3.685398820427e+00,3.923378092657e+01,4.889559888941e-05,-3.482768123091e+00,3.926950043469e+01,1.700505980534e-03,2.026306973366e-01,3.571950811790e-02,1.651610381645e-03
"                 301",-3.681864832793e+00,3.915228027294e+01,4.786895206006e-05,-3.478705134331e+00,3.918804147918e+01,1.733985945862e-03,2.031596984615e-01,3.576120623677e-02,1.686116993802e-03
"                 302",-3.677816837461e+00,3.909008955197e+01,4.687315236600e-05,-3.474130800238e+00,3.912589084539e+01,1.763516420689e-03,2.036860372223e-01,3.580129342097e-02,1.716643268323e-03
"                 303",-3.672955995684e+00,3.906356716880e+01,4.579976488505e-05,-3.468776946344e+00,3.909940603973e+01,1.788989648570e-03,2.041790493400e-01,3.583887093627e-02,1.743189883685e-03
"                 304",-3.666795600364e+00,3.908279481588e+01,4.474544422718e-05,-3.462172392739e+00,3.911865204238e+01,1.804864473732e-03,2.046232076244e-01,3.585722649443e-02,1.760119029504e-03
"                 305",-3.659400157174e+00,3.914812159063e+01,4.383576767834e-05,-3.454383873154e+00,3.918399852659e+01,1.806406633875e-03,2.050162840199e-01,3.587693596162e-02,1.762570866197e-03
"                 306",-3.652184140510e+00,3.923492827664e+01,4.344012746924e-05,-3.446838518434e+00,3.927083547847e+01,1.773428852536e-03,2.053456220763e-01,3.590720182191e-02,1.729988725067e-03
"                 307",-3.645117407310e+00,3.933296794086e+01,4.342705088755e-05,-3.439505158501e+00,3.936892330450e+01,1.708984438554e-03,2.056122488085e-01,3.595536364492e-02,1.665557387667e-03
"                 308",-3.637381209340e+00,3.943640936669e+01,4.316410588746e-05,-3.431516885555e+00,3.947242679667e+01,1.610351058023e-03,2.058643237850e-01,3.601742998482e-02,1.567186952136e-03
"                 309",-3.629398878881e+00,3.953646000000e+01,4.235417867507e-05,-3.423279406904e+00,3.957253617969e+01,1.483935290509e-03,2.061194719768e-01,3.607617968461e-02,1.441581111834e-03
"                 310",-3.621006911287e+00,3.963038858427e+01,4.148696801485e-05,-3.414617937740e+00,3.966650967774e+01,1.336263660713e-03,2.063889735474e-01,3.612109347544e-02,1.294776692698e-03
"                 311",-3.613446472407e+00,3.970696455558e+01,4.083890636760e-05,-3.406741712579e+00,3.974312360216e+01,1.173260638762e-03,2.067047598277e-01,3.615904657645e-02,1.132421732394e-03
"                 312",-3.608843247401e+00,3.973587463188e+01,4.015099359945e-05,-3.401767782734e+00,3.977205851454e+01,1.001957102127e-03,2.070754646669e-01,3.618388266647e-02,9.618061085279e-04
"                 313",-3.607172197933e+00,3.969329839715e+01,3.937262260588e-05,-3.399661813020e+00,3.972949802564e+01,8.334494459780e-04,2.075103849138e-01,3.619962849023e-02,7.940768233721e-04
"                 314",-3.606084131945e+00,3.957952670638e+01,3.853459513965e-05,-3.398041951083e+00,3.961572700240e+01,6.784472134547e-04,2.080421808620e-01,3.620029601959e-02,6.399126183150e-04
"                 315",-3.605222166914e+00,3.941521052680e+01,3.761206140693e-05,-3.396519694841e+00,3.945140493828e+01,5.279617873023e-04,2.087024720730e-01,3.619441148050e-02,4.903497258954e-04
"                 316",-3.605442096028e+00,3.921184235376e+01,3.685044346287e-05,-3.395961443869e+00,3.924802608639e+01,3.760539973712e-04,2.094806521585e-01,3.618373262584e-02,3.392035539083e-04
"                 317",-3.607419189768e+00,3.897654162222e+01,3.627413365849e-05,-3.397057408570e+00,3.901271402063e+01,2.313310911726e-04,2.103617811986e-01,3.617239840801e-02,1.950569575142e-04
"                 318",-3.610844566553e+00,3.872564952617e+01,3.571999746480e-05,-3.399546970976e+00,3.876179584956e+01,9.569830770799e-05,2.112975955773e-01,3.614632339023e-02,5.997831024320e-05
"                 319",-3.613916156221e+00,3.848414048335e+01,3.507253452866e-05,-3.401672927909e+00,3.852025442968e+01,-4.278797479842e-05,2.122432283120e-01,3.611394632851e-02,-7.786050932708e-05
"                 320",-3.615129246478e+00,3.826862415400e+01,3.432114015485e-05,-3.401942894237e+00,3.830471376516e+01,-1.842671864508e-04,2.131863522409e-01,3.608961115570e-02,-2.185883266057e-04
"                 321",-3.615806616619e+00,3.807426771969e+01,3.363608141250e-05,-3.401682225292e+00,3.811035639485e+01,-3.344864417616e-04,2.141243913266e-01,3.608867516292e-02,-3.681225231741e-04
"                 322",-3.616448372703e+00,3.790035439887e+01,3.311387558350e-05,-3.401423650396e+00,3.793645211489e+01,-4.954743601935e-04,2.150247223073e-01,3.609771602382e-02,-5.285882357770e-04
"                 323",-3.615862042472e+00,3.776780792496e+01,3.273600960749e-05,-3.399995366933e+00,3.780391766825e+01,-6.612852744558e-04,2.158666755399e-01,3.610974328991e-02,-6.940212840632e-04
"                 324",-3.613379540477e+00,3.769460725980e+01,3.242950420942e-05,-3.396736321105e+00,3.773074004191e+01,-8.206222292580e-04,2.166432193721e-01,3.613278210708e-02,-8.530517334674e-04
"                 325",-3.609332115495e+00,3.768298432637e+01,3.208128758646e-05,-3.391997744183e+00,3.771915021782e+01,-9.650156103352e-04,2.173343713118e-01,3.616589144593e-02,-9.970968979216e-04
"                 326",-3.603618913676e+00,3.772647536172e+01,3.173454016084e-05,-3.385688188548e+00,3.776267195387e+01,-1.092814789143e-03,2.179307251288e-01,3.619659214940e-02,-1.124549329304e-03
"                 327",-3.597498831202e+00,3.780971026186e+01,3.135031231666e-05,-3.379051575212e+00,3.784594058911e+01,-1.190161913995e-03,2.184472559907e-01,3.623032725933e-02,-1.221512226311e-03
"                 328",-3.592386871832e+00,3.792013285934e+01,3.092457160561e-05,-3.373499097064e+00,3.795640077358e+01,-1.248077766474e-03,2.188877747686e-01,3.626791424254e-02,-1.279002338080e-03
"                 329",-3.587409999422e+00,3.806212323179e+01,3.065681542639e-05,-3.368143611115e+00,3.809844486973e+01,-1.268541262074e-03,2.192663883065e-01,3.632163794337e-02,-1.299198077500e-03
"                 330",-3.581680483070e+00,3.822598454191e+01,3.066650271511e-05,-3.362070175018e+00,3.826236300227e+01,-1.237857142948e-03,2.196103080519e-01,3.637846035896e-02,-1.268523645663e-03
"                 331",-3.575965923199e+00,3.839415847884e+01,3.088700732385e-05,-3.356025635215e+00,3.843059783402e+01,-1.143685656042e-03,2.199402879834e-01,3.643935517840e-02,-1.174572663366e-03
"                 332",-3.571410162975e+00,3.853948826936e+01,3.122109005821e-05,-3.351135737160e+00,3.857597530226e+01,-1.004518745231e-03,2.202744258149e-01,3.648703289818e-02,-1.035739835290e-03
"                 333",-3.569303725187e+00,3.863952975395e+01,3.158970659010e-05,-3.348675667946e+00,3.867605380886e+01,-8.349018761258e-04,2.206280572404e-01,3.652405490978e-02,-8.664915827159e-04
"                 334",-3.569786722580e+00,3.867100692843e+01,3.199972174124e-05,-3.348742983986e+00,3.870756477518e+01,-6.516680797379e-04,2.210437385940e-01,3.655784674506e-02,-6.836678014791e-04
"                 335",-3.573273023603e+00,3.860676086643e+01,3.254798522389e-05,-3.351715335230e+00,3.864335787551e+01,-4.723313379088e-04,2.215576883732e-01,3.659700907660e-02,-5.048793231327e-04
"                 336",-3.578409994451e+00,3.845610426814e+01,3.324864073096e-05,-3.356230513646e+00,3.849273563870e+01,-3.085691904980e-04,2.221794808044e-01,3.663137055444e-02,-3.418178312290e-04
"                 337",-3.583866531063e+00,3.824675437461e+01,3.402936994313e-05,-3.360940328452e+00,3.828340090897e+01,-1.621671380242e-04,2.229262026110e-01,3.664653435967e-02,-1.961965079674e-04
"                 338",-3.590296736546e+00,3.799774151789e+01,3.480058258303e-05,-3.366510053289e+00,3.803438299801e+01,-3.613981001380e-05,2.237866832569e-01,3.664148012409e-02,-7.094039259683e-05
"                 339",-3.598528774924e+00,3.772720003053e+01,3.549238006541e-05,-3.373805949040e+00,3.776381624419e+01,6.449326505371e-05,2.247228258843e-01,3.661621365992e-02,2.900088498829e-05
"                 340",-3.608298483810e+00,3.746097252391e+01,3.606058537982e-05,-3.382612385011e+00,3.749755224760e+01,1.404932565592e-04,2.256860987999e-01,3.657972369226e-02,1.044326711794e-04
"                 341",-3.618822412299e+00,3.721982818044e+01,3.645940429361e-05,-3.392189893970e+00,3.725637382146e+01,1.866697664125e-04,2.266325183287e-01,3.654564101835e-02,1.502103621189e-04
"                 342",-3.628586993507e+00,3.701577857951e+01,3.666150097830e-05,-3.401050897275e+00,3.705231309176e+01,2.106983779473e-04,2.275360962313e-01,3.653451224751e-02,1.740368769690e-04
"                 343",-3.637999067575e+00,3.685300493839e+01,3.665083893236e-05,-3.409631541641e+00,3.688954726090e+01,2.187371496235e-04,2.283675259345e-01,3.654232251228e-02,1.820863106912e-04
"                 344",-3.647978462454e+00,3.672662815489e+01,3.646393999590e-05,-3.418875080327e+00,3.676319769807e+01,2.263431356397e-04,2.291033821266e-01,3.656954318301e-02,1.898791956438e-04
"                 345",-3.659784448563e+00,3.661722100421e+01,3.612799908375e-05,-3.430032899754e+00,3.665382833534e+01,2.355209557998e-04,2.297515488089e-01,3.660733113501e-02,1.993929567161e-04
"                 346",-3.673446171758e+00,3.650501392047e+01,3.570044341550e-05,-3.443129821156e+00,3.654166298418e+01,2.369402979378e-04,2.303163506020e-01,3.664906371225e-02,2.012398545223e-04
"                 347",-3.686698909985e+00,3.639616484134e+01,3.525012961069e-05,-3.455892820106e+00,3.643286946856e+01,2.250683644513e-04,2.308060898793e-01,3.670462721240e-02,1.898182348406e-04
"                 348",-3.698511305996e+00,3.629071335175e+01,3.483498081934e-05,-3.467279025578e+00,3.632748911309e+01,2.001301449669e-04,2.312322804175e-01,3.677576134560e-02,1.652951641476e-04
"                 349",-3.709400070688e+00,3.618711205627e+01,3.444166687092e-05,-3.477790608150e+00,3.622396370534e+01,1.615285416296e-04,2.316094625385e-01,3.685164907304e-02,1.270868747586e-04
"                 350",-3.718481366171e+00,3.610374475255e+01,3.411653847938e-05,-3.486542396361e+00,3.614066791921e+01,1.204816342722e-04,2.319389698103e-01,3.692316666605e-02,8.636509579279e-05
"                 351",-3.725822966287e+00,3.605172843051e+01,3.389493793549e-05,-3.493595733034e+00,3.608872240083e+01,8.244275956589e-05,2.322272332527e-01,3.699397031553e-02,4.854782163040e-05
"                 352",-3.731070640571e+00,3.604699175279e+01,3.376610531034e-05,-3.498594690007e+00,3.608406898924e+01,3.983551510904e-05,2.324759505642e-01,3.707723645283e-02,6.069409798700e-06
"                 353",-3.733448322840e+00,3.610133999229e+01,3.370590268789e-05,-3.500769267402e+00,3.613851255556e+01,-1.035074532913e-05,2.326790554381e-01,3.717256327514e-02,-4.405664801702e-05
"                 354",-3.732502342745e+00,3.622427846401e+01,3.369445310048e-05,-3.499687407897e+00,3.626154970938e+01,-7.074187770574e-05,2.328149348480e-01,3.727124536704e-02,-1.044363308062e-04
"                 355",-3.727896452349e+00,3.642670115757e+01,3.370691003551e-05,-3.495025121875e+00,3.646407313791e+01,-1.359152092950e-04,2.328713304747e-01,3.737198033617e-02,-1.696221193305e-04
"                 356",-3.720977196408e+00,3.668026549740e+01,3.367458998314e-05,-3.488111486080e+00,3.671774786016e+01,-2.028091459397e-04,2.328657103283e-01,3.748236276502e-02,-2.364837359228e-04
"                 357",-3.713938678522e+00,3.695222146531e+01,3.364108870259e-05,-3.481122044224e+00,3.698982307019e+01,-2.655541084016e-04,2.328166342978e-01,3.760160488011e-02,-2.991951971042e-04
"                 358",-3.707849850097e+00,3.722290020043e+01,3.362964042158e-05,-3.475100158714e+00,3.726061634310e+01,-3.204455555377e-04,2.327496913832e-01,3.771614266971e-02,-3.540751959593e-04
"                 359",-3.703026708591e+00,3.747019981004e+01,3.373914308228e-05,-3.470325259836e+00,3.750801520015e+01,-3.666089723770e-04,2.327014487548e-01,3.781539011222e-02,-4.003481154593e-04
"                 360",-3.699402314184e+00,3.767323198127e+01,3.400264178372e-05,-3.466702050523e+00,3.771112710216e+01,-4.064029723449e-04,2.327002636612e-01,3.789512088620e-02,-4.404056141286e-04
"                 361",-3.696934324725e+00,3.781611206418e+01,3.435118705518e-05,-3.464170664355e+00,3.785406855774e+01,-4.362760590664e-04,2.327636603704e-01,3.795649356575e-02,-4.706272461216e-04
"                 362",-3.695545125879e+00,3.789048609853e+01,3.473668539788e-05,-3.462642344287e+00,3.792848565661e+01,-4.544032043895e-04,2.329027815924e-01,3.799955808023e-02,-4.891398897874e-04
"                 363",-3.694318428044e+00,3.791427035278e+01,3.512803823758e-05,-3.461195873735e+00,3.795229853408e+01,-4.615771378011e-04,2.331225543090e-01,3.802818130176e-02,-4.967051760387e-04
"                 364",-3.692225179378e+00,3.792416548578e+01,3.551933051097e-05,-3.458809287213e+00,3.796221279836e+01,-4.623868049212e-04,2.334158921651e-01,3.804731257750e-02,-4.979061354322e-04
"                 365",-3.689483037729e+00,3.794401377254e+01,3.588937661133e-05,-3.455730915380e+00,3.798207774082e+01,-4.666610286322e-04,2.337521223490e-01,3.806396828104e-02,-5.025504052436e-04
"                 366",-3.685770690065e+00,3.798326362294e+01,3.623897392059e-05,-3.451670614045e+00,3.802134378868e+01,-4.784355381692e-04,2.341000760203e-01,3.808016574330e-02,-5.146745120898e-04
"                 367",-3.681707682075e+00,3.803646845607e+01,3.657756159736e-05,-3.447253641276e+00,3.807456536351e+01,-4.940397467776e-04,2.344540407986e-01,3.809690743499e-02,-5.306173083749e-04
"                 368",-3.677283790480e+00,3.809196607501e+01,3.691331050102e-05,-3.442466401533e+00,3.813007478287e+01,-5.127888811130e-04,2.348173889468e-01,3.810870785980e-02,-5.497021916140e-04
"                 369",-3.672721568615e+00,3.814602578854e+01,3.722897081507e-05,-3.437536323454e+00,3.818413447207e+01,-5.321873560105e-04,2.351852451610e-01,3.810868353481e-02,-5.694163268256e-04
"                 370",-3.668399908875e+00,3.819609578324e+01,3.748926321485e-05,-3.432846873905e+00,3.823419984122e+01,-5.476122020900e-04,2.355530349699e-01,3.810405798269e-02,-5.851014653048e-04
"                 371",-3.664484640891e+00,3.823789163610e+01,3.767289093386e-05,-3.428546418770e+00,3.827598613011e+01,-5.571348036445e-04,2.359382221207e-01,3.809449400598e-02,-5.948076945784e-04
"                 372",-3.661504615902e+00,3.826647499449e+01,3.778596298702e-05,-3.425140304207e+00,3.830455333047e+01,-5.609410012871e-04,2.363643116958e-01,3.807833597988e-02,-5.987269642741e-04
"                 373",-3.660050497458e+00,3.827066500433e+01,3.785290655642e-05,-3.423222733963e+00,3.830871949791e+01,-5.615303227311e-04,2.368277634957e-01,3.805449357876e-02,-5.993832292876e-04
"                 374",-3.659815827059e+00,3.824522579983e+01,3.790357751365e-05,-3.422491291092e+00,3.828324960244e+01,-5.609656633335e-04,2.373245359673e-01,3.802380261044e-02,-5.988692408472e-04
"                 375",-3.660092494578e+00,3.819690982867e+01,3.795293651283e-05,-3.422242484848e+00,3.823489483638e+01,-5.575455979350e-04,2.378500097296e-01,3.798500771374e-02,-5.954985344479e-04
"                 376",-3.660858313014e+00,3.813427296626e+01,3.796430323834e-05,-3.422450222045e+00,3.817220868366e+01,-5.507291450368e-04,2.384080909681e-01,3.793571739781e-02,-5.886934482752e-04
"                 377",-3.662628182441e+00,3.806024611618e+01,3.793027338410e-05,-3.423626146734e+00,3.809812519575e+01,-5.441244012969e-04,2.390020357071e-01,3.787907956744e-02,-5.820546746810e-04
"                 378",-3.665538135091e+00,3.797741371500e+01,3.783527597164e-05,-3.425917543661e+00,3.801523022135e+01,-5.480517501956e-04,2.396205914300e-01,3.781650634900e-02,-5.858870261673e-04
"                 379",-3.669100804959e+00,3.788538586436e+01,3.766647385979e-05,-3.428846738563e+00,3.792313900859e+01,-5.664197618201e-04,2.402540663957e-01,3.775314423219e-02,-6.040862356799e-04
"                 380",-3.672805929135e+00,3.778897768327e+01,3.743007985128e-05,-3.431919698593e+00,3.782667161391e+01,-5.981870080955e-04,2.408862305425e-01,3.769393064440e-02,-6.356170879467e-04
"                 381",-3.676639709930e+00,3.769601328239e+01,3.712717625990e-05,-3.435127305588e+00,3.773365758779e+01,-6.345344985232e-04,2.415124043419e-01,3.764430539152e-02,-6.716616747831e-04
"                 382",-3.680696421935e+00,3.761572401970e+01,3.673387773871e-05,-3.438574179605e+00,3.765332609100e+01,-6.725603958999e-04,2.421222423295e-01,3.760207130653e-02,-7.092942736386e-04
"                 383",-3.685103111208e+00,3.754898378548e+01,3.626400313124e-05,-3.442393798624e+00,3.758655139095e+01,-7.123968012920e-04,2.427093125844e-01,3.756760546748e-02,-7.486608044232e-04
"                 384",-3.690464036786e+00,3.748918108327e+01,3.578486228517e-05,-3.447201023814e+00,3.752672347301e+01,-7.551768266550e-04,2.432630129724e-01,3.754238973861e-02,-7.909616889402e-04
"                 385",-3.696428809232e+00,3.743159781286e+01,3.537192960476e-05,-3.452648733276e+00,3.746912378306e+01,-8.062164134916e-04,2.437800759562e-01,3.752597019729e-02,-8.415883430963e-04
"                 386",-3.702595374099e+00,3.738008628612e+01,3.509017796167e-05,-3.458329780067e+00,3.741759789627e+01,-8.578095057029e-04,2.442655940327e-01,3.751161014482e-02,-8.928996836646e-04
"                 387",-3.708778895338e+00,3.733687617459e+01,3.494545972644e-05,-3.464070069906e+00,3.737437852613e+01,-9.022991660113e-04,2.447088254321e-01,3.750235154198e-02,-9.372446257377e-04
"                 388",-3.716134042639e+00,3.729481770602e+01,3.488637465772e-05,-3.471013148838e+00,3.733231555433e+01,-9.396534810049e-04,2.451208938010e-01,3.749784831164e-02,-9.745398556627e-04
"                 389",-3.724751946035e+00,3.725892613786e+01,3.489291173059e-05,-3.479246218594e+00,3.729642065794e+01,-9.775019662493e-04,2.455057274410e-01,3.749452008285e-02,-1.012394877980e-03
"                 390",-3.733967782860e+00,3.722587687618e+01,3.502059511851e-05,-3.488104101374e+00,3.726336776228e+01,-1.017465041947e-03,2.458636814866e-01,3.749088609052e-02,-1.052485637066e-03
"                 391",-3.743559366668e+00,3.718666775780e+01,3.522994176115e-05,-3.497342428904e+00,3.722416031426e+01,-1.057006271366e-03,2.462169377644e-01,3.749255646269e-02,-1.092236213127e-03
"                 392",-3.752505626678e+00,3.714236458361e+01,3.544816031131e-05,-3.505927841927e+00,3.717985616574e+01,-1.099992366485e-03,2.465777847516e-01,3.749158212487e-02,-1.135440526796e-03
"                 393",-3.760721191343e+00,3.709182996160e+01,3.566822214013e-05,-3.513772631042e+00,3.712931318335e+01,-1.146450539607e-03,2.469485603014e-01,3.748322175637e-02,-1.182118761747e-03
"                 394",-3.768561903239e+00,3.703781418579e+01,3.589875083467e-05,-3.521233561671e+00,3.707528371755e+01,-1.196572735477e-03,2.473283415676e-01,3.746953176126e-02,-1.232471486312e-03
"                 395",-3.776999573654e+00,3.696975627683e+01,3.612691632005e-05,-3.529281544343e+00,3.700721196196e+01,-1.247689991607e-03,2.477180293104e-01,3.745568512770e-02,-1.283816907927e-03
"                 396",-3.786048316569e+00,3.689013127308e+01,3.634051165081e-05,-3.537922075288e+00,3.692758008522e+01,-1.293999228550e-03,2.481262412817e-01,3.744881213706e-02,-1.330339740201e-03
"                 397",-3.794654359568e+00,3.681521071743e+01,3.649854608921e-05,-3.546106002897e+00,3.685266048935e+01,-1.335490487889e-03,2.485483566710e-01,3.744977191904e-02,-1.371989033978e-03
"                 398",-3.801550258591e+00,3.676880105434e+01,3.657420522767e-05,-3.552578242082e+00,3.680625326387e+01,-1.372203854750e-03,2.489720165088e-01,3.745220952716e-02,-1.408778059978e-03
"                 399",-3.806574221799e+00,3.675785339822e+01,3.655033285907e-05,-3.557197350900e+00,3.679531029049e+01,-1.400397578093e-03,2.493768708994e-01,3.745689227577e-02,-1.436947910952e-03
"                 400",-3.810552433386e+00,3.678062554710e+01,3.645344824109e-05,-3.560800351130e+00,3.681809623902e+01,-1.423771339093e-03,2.497520822561e-01,3.747069192566e-02,-1.460224787334e-03
"                 401",-3.813894531159e+00,3.683488652629e+01,3.626741649508e-05,-3.563819704855e+00,3.687238358853e+01,-1.443913062238e-03,2.500748263040e-01,3.749706224158e-02,-1.480180478733e-03
"                 402",-3.817161560286e+00,3.691636815980e+01,3.598091355748e-05,-3.566812090780e+00,3.695390021894e+01,-1.462087521384e-03,2.503494695057e-01,3.753205913834e-02,-1.498068434942e-03
"                 403",-3.820417823416e+00,3.701992703203e+01,3.561785351597e-05,-3.569844078740e+00,3.705749546119e+01,-1.478081656575e-03,2.505737446759e-01,3.756842915533e-02,-1.513699510091e-03
"                 404",-3.823837520933e+00,3.713563348618e+01,3.518923852513e-05,-3.573072374494e+00,3.717323349242e+01,-1.487127141470e-03,2.507651464385e-01,3.760000624726e-02,-1.522316379995e-03
"                 405",-3.826698669417e+00,3.725688298563e+01,3.477721819731e-05,-3.575768457283e+00,3.729450365207e+01,-1.492076566118e-03,2.509302121338e-01,3.762066644366e-02,-1.526853784315e-03
"                 406",-3.829028198083e+00,3.738135840760e+01,3.445052336082e-05,-3.577938772328e+00,3.741899670439e+01,-1.489234288252e-03,2.510894257547e-01,3.763829679255e-02,-1.523684811613e-03
"                 407",-3.831675055394e+00,3.750240204621e+01,3.418324208028e-05,-3.580408111300e+00,3.754005357956e+01,-1.477087073237e-03,2.512669440936e-01,3.765153335485e-02,-1.511270315318e-03
"                 408",-3.835260232651e+00,3.760990425647e+01,3.394341701895e-05,-3.583799485466e+00,3.764756468592e+01,-1.454741696539e-03,2.514607471848e-01,3.766042944250e-02,-1.488685113558e-03
"                 409",-3.839965998178e+00,3.769910766444e+01,3.376999507725e-05,-3.588305016651e+00,3.773677592358e+01,-1.430781530559e-03,2.516609815269e-01,3.766825913823e-02,-1.464551525636e-03
"                 410",-3.845382941670e+00,3.777048589913e+01,3.368499348205e-05,-3.593514246531e+00,3.780816285042e+01,-1.410695244568e-03,2.518686951389e-01,3.767695128661e-02,-1.444380238050e-03
"                 411",-3.850620802479e+00,3.783216826325e+01,3.370983274304e-05,-3.598540257165e+00,3.786985392446e+01,-1.395698535881e-03,2.520805453144e-01,3.768566121593e-02,-1.429408368624e-03
"                 412",-3.855271879266e+00,3.789305189673e+01,3.382945126653e-05,-3.602973241728e+00,3.793074579781e+01,-1.388589759944e-03,2.522986375379e-01,3.769390107307e-02,-1.422419211211e-03
"                 413",-3.859818769088e+00,3.795594406680e+01,3.403700406282e-05,-3.607299324178e+00,3.799364402752e+01,-1.389814663569e-03,2.525194449092e-01,3.769996071705e-02,-1.423851667632e-03
"                 414",-3.864902577252e+00,3.801363460043e+01,3.433151997113e-05,-3.612160544841e+00,3.805133677411e+01,-1.398645432323e-03,2.527420324103e-01,3.770217367466e-02,-1.432976952295e-03
"                 415",-3.870616898844e+00,3.806237574644e+01,3.468838377065e-05,-3.617652674868e+00,3.810007558146e+01,-1.414147910758e-03,2.529642239759e-01,3.769983502439e-02,-1.448836294529e-03
"                 416",-3.876652609568e+00,3.809978552787e+01,3.505860934945e-05,-3.623453809140e+00,3.813747662053e+01,-1.435200367480e-03,2.531988004282e-01,3.769109266360e-02,-1.470258976830e-03
"                 417",-3.882509272047e+00,3.812423470364e+01,3.539748940665e-05,-3.629052900220e+00,3.816191129898e+01,-1.463274585511e-03,2.534563718267e-01,3.767659533353e-02,-1.498672074918e-03
"                 418",-3.888260529640e+00,3.813373649313e+01,3.567550253754e-05,-3.634526319594e+00,3.817138749750e+01,-1.497247648034e-03,2.537342100466e-01,3.765100437542e-02,-1.532923150572e-03
"                 419",-3.894237332473e+00,3.812677364256e+01,3.584433344238e-05,-3.640205805794e+00,3.816438955123e+01,-1.532218739611e-03,2.540315266791e-01,3.761590866991e-02,-1.568063073053e-03
"                 420",-3.900951916483e+00,3.810370330183e+01,3.590182120258e-05,-3.646602738986e+00,3.814127918038e+01,-1.564056360658e-03,2.543491774962e-01,3.757587854248e-02,-1.599958181861e-03
"                 421",-3.908291037935e+00,3.806996626731e+01,3.588312332217e-05,-3.653610487402e+00,3.810750224834e+01,-1.592540792617e-03,2.546805505338e-01,3.753598102757e-02,-1.628423915939e-03
"                 422",-3.915479089652e+00,3.803351590027e+01,3.582344318387e-05,-3.660462896014e+00,3.807100654380e+01,-1.615553530490e-03,2.550161936378e-01,3.749064353579e-02,-1.651376973674e-03
"                 423",-3.922049380547e+00,3.800179602700e+01,3.573057691368e-05,-3.666694491382e+00,3.803923909038e+01,-1.634297765683e-03,2.553548891649e-01,3.744306338505e-02,-1.670028342597e-03
"                 424",-3.928527228537e+00,3.797646731651e+01,3.559143935502e-05,-3.672831036200e+00,3.801386713078e+01,-1.649080215282e-03,2.556961923373e-01,3.739981427471e-02,-1.684671654637e-03
"                 425",-3.935002792080e+00,3.795574285341e+01,3.542972404358e-05,-3.678972563593e+00,3.799310721201e+01,-1.658534831617e-03,2.560302284867e-01,3.736435859902e-02,-1.693964555661e-03
"                 426",-3.941216876419e+00,3.794088127860e+01,3.527027965716e-05,-3.684859634142e+00,3.797821839966e+01,-1.664347610404e-03,2.563572422775e-01,3.733712106338e-02,-1.699617890061e-03
"                 427",-3.947149150806e+00,3.793330148473e+01,3.512485016998e-05,-3.690473177251e+00,3.797061779983e+01,-1.668649461657e-03,2.566759735543e-01,3.731631510345e-02,-1.703774311827e-03
"                 428",-3.952920422540e+00,3.793497343929e+01,3.499465330258e-05,-3.695945760502e+00,3.797227007595e+01,-1.669998314693e-03,2.569746620384e-01,3.729663665167e-02,-1.704992967995e-03
"                 429",-3.958466562560e+00,3.794841020633e+01,3.486232091074e-05,-3.701212499796e+00,3.798568726630e+01,-1.669492670905e-03,2.572540627634e-01,3.727705997044e-02,-1.704354991815e-03
"                 430",-3.963655943502e+00,3.797606633450e+01,3.474387328614e-05,-3.706145790804e+00,3.801332681088e+01,-1.669605512417e-03,2.575101526984e-01,3.726047638438e-02,-1.704349385703e-03
"                 431",-3.968457075555e+00,3.801552959607e+01,3.465833117337e-05,-3.710709160555e+00,3.805277550438e+01,-1.673647969756e-03,2.577479149999e-01,3.724590831421e-02,-1.708306300929e-03
"                 432",-3.972733349030e+00,3.806464908365e+01,3.461370649503e-05,-3.714763233642e+00,3.810188088371e+01,-1.679397174102e-03,2.579701153874e-01,3.723180006177e-02,-1.714010880597e-03
"                 433",-3.976868881874e+00,3.811977241318e+01,3.460734829613e-05,-3.718686761589e+00,3.815699215166e+01,-1.686142242169e-03,2.581821202854e-01,3.721973848136e-02,-1.720749590465e-03
"                 434",-3.981041307606e+00,3.817728974919e+01,3.462580720519e-05,-3.722659289306e+00,3.821449979340e+01,-1.693762931284e-03,2.583820183002e-01,3.721004421279e-02,-1.728388738489e-03
"                 435",-3.985430949144e+00,3.823514805415e+01,3.466295233659e-05,-3.726860926499e+00,3.827234701650e+01,-1.697882901661e-03,2.585700226441e-01,3.719896235656e-02,-1.732545853998e-03
"                 436",-3.990428498561e+00,3.828521946356e+01,3.470546936991e-05,-3.731670342378e+00,3.832240887153e+01,-1.696816208050e-03,2.587581561822e-01,3.718940796413e-02,-1.731521677420e-03
"                 437",-3.995976541506e+00,3.832597206295e+01,3.476721543786e-05,-3.737032983445e+00,3.836315216357e+01,-1.693355414912e-03,2.589435580616e-01,3.718010061987e-02,-1.728122630350e-03
"                 438",-4.001931140395e+00,3.836170442353e+01,3.485002786099e-05,-3.742808173506e+00,3.839887067542e+01,-1.688739756490e-03,2.591229668891e-01,3.716625188954e-02,-1.723589784351e-03
"                 439",-4.008213429246e+00,3.839304917822e+01,3.493910483735e-05,-3.748909044932e+00,3.843019278819e+01,-1.684925683735e-03,2.593043843139e-01,3.714360997238e-02,-1.719864788573e-03
"                 440",-4.014712934483e+00,3.842144337871e+01,3.501360134396e-05,-3.755227104814e+00,3.845855956745e+01,-1.681940120205e-03,2.594858296691e-01,3.711618873580e-02,-1.716953721549e-03
"                 441",-4.021186999856e+00,3.845071220492e+01,3.505785367453e-05,-3.761521005630e+00,3.848780137330e+01,-1.679342199651e-03,2.596659942255e-01,3.708916837622e-02,-1.714400053325e-03
"                 442",-4.027580485941e+00,3.848353004791e+01,3.507200586084e-05,-3.767739600325e+00,3.852059122909e+01,-1.679420356030e-03,2.598408856158e-01,3.706118117766e-02,-1.714492361891e-03
"                 443",-4.034252389805e+00,3.852069015508e+01,3.506152127030e-05,-3.774238187600e+00,3.855772568746e+01,-1.684131776355e-03,2.600142022053e-01,3.703553238462e-02,-1.719193297625e-03
"                 444",-4.041517310848e+00,3.855992354746e+01,3.502101061898e-05,-3.781333034038e+00,3.859693270113e+01,-1.692318937685e-03,2.601842768099e-01,3.700915367446e-02,-1.727339948304e-03
"                 445",-4.049212285167e+00,3.859701957261e+01,3.494769332457e-05,-3.788858533921e+00,3.863400157704e+01,-1.704770963001e-03,2.603537512463e-01,3.698200443532e-02,-1.739718656325e-03
"                 446",-4.057018548084e+00,3.862960830551e+01,3.482878692569e-05,-3.796495352892e+00,3.866656818471e+01,-1.723058797056e-03,2.605231951927e-01,3.695987920308e-02,-1.757887583981e-03
"                 447",-4.064819494564e+00,3.865778090775e+01,3.467182880880e-05,-3.804126505190e+00,3.869472510744e+01,-1.744251243573e-03,2.606929893745e-01,3.694419968915e-02,-1.778923072382e-03
"                 448",-4.072687767109e+00,3.868158193301e+01,3.447958527630e-05,-3.811827439625e+00,3.871851120205e+01,-1.765679783904e-03,2.608603274845e-01,3.692926904343e-02,-1.800159369180e-03
"                 449",-4.080662071544e+00,3.870286684474e+01,3.424848926243e-05,-3.819633612409e+00,3.873978058148e+01,-1.787797731103e-03,2.610284591351e-01,3.691373674334e-02,-1.822046220366e-03
"                 450",-4.088855669505e+00,3.872098215069e+01,3.396555992601e-05,-3.827651785082e+00,3.875788016200e+01,-1.809500996036e-03,2.612038844225e-01,3.689801131490e-02,-1.843466555962e-03
"                 451",-4.097126663093e+00,3.873748311166e+01,3.363073231421e-05,-3.835743285164e+00,3.877436791848e+01,-1.829039222114e-03,2.613833779291e-01,3.688480682231e-02,-1.862669954428e-03
"                 452",-4.105301739102e+00,3.875588939149e+01,3.325220721893e-05,-3.843736640615e+00,3.879276847487e+01,-1.845758091775e-03,2.615650984863e-01,3.687908338269e-02,-1.879010298994e-03
"                 453",-4.113356098248e+00,3.878144689664e+01,3.284056596823e-05,-3.851610551114e+00,3.881832723222e+01,-1.855154240278e-03,2.617455471344e-01,3.688033557527e-02,-1.887994806246e-03
"                 454",-4.121040866860e+00,3.881705056126e+01,3.240864504540e-05,-3.859126203548e+00,3.885393378577e+01,-1.853959687050e-03,2.619146633112e-01,3.688322450201e-02,-1.886368332096e-03
"                 455",-4.128384995838e+00,3.886269385534e+01,3.195762094656e-05,-3.866318680635e+00,3.889958468418e+01,-1.839777550620e-03,2.620663152022e-01,3.689082884068e-02,-1.871735171567e-03
"                 456",-4.135360146985e+00,3.891896558639e+01,3.150617221517e-05,-3.873166094538e+00,3.895586759145e+01,-1.811849695962e-03,2.621940524473e-01,3.690200506250e-02,-1.843355868177e-03
"                 457",-4.142056123025e+00,3.898602165534e+01,3.108235541904e-05,-3.879760687807e+00,3.902293637890e+01,-1.772441805768e-03,2.622954352180e-01,3.691472355425e-02,-1.803524161187e-03
"                 458",-4.148503554206e+00,3.906271347216e+01,3.071229434383e-05,-3.886131432509e+00,3.909963471127e+01,-1.720918679010e-03,2.623721216976e-01,3.692123910783e-02,-1.751630973354e-03
"                 459",-4.154884745855e+00,3.914764397073e+01,3.040987420957e-05,-3.892456449654e+00,3.918456672241e+01,-1.655683813280e-03,2.624282962006e-01,3.692275168392e-02,-1.686093687490e-03
"                 460",-4.161358794127e+00,3.923701350409e+01,3.016417477985e-05,-3.898884455909e+00,3.927393677864e+01,-1.579089161661e-03,2.624743382183e-01,3.692327455032e-02,-1.609253336441e-03
"                 461",-4.167938175101e+00,3.932437584279e+01,2.994580618118e-05,-3.905426696398e+00,3.936129564179e+01,-1.493467954648e-03,2.625114787025e-01,3.691979899856e-02,-1.523413760829e-03
"                 462",-4.174891250081e+00,3.940288132382e+01,2.974355975206e-05,-3.912340969195e+00,3.943979445572e+01,-1.401016906991e-03,2.625502808866e-01,3.691313189848e-02,-1.430760466743e-03
"                 463",-4.182128436289e+00,3.947282961178e+01,2.956168098975e-05,-3.919530775951e+00,3.950973529756e+01,-1.303548036428e-03,2.625976603382e-01,3.690568577935e-02,-1.333109717417e-03
"                 464",-4.189291765306e+00,3.953665491110e+01,2.940558756407e-05,-3.926637638294e+00,3.957355035230e+01,-1.202315362489e-03,2.626541270116e-01,3.689544119756e-02,-1.231720950053e-03
"                 465",-4.196448044662e+00,3.959573782216e+01,2.928589533393e-05,-3.933727473109e+00,3.963262120004e+01,-1.100654953798e-03,2.627205715527e-01,3.688337787654e-02,-1.129940849132e-03
"                 466",-4.203716176727e+00,3.964991784630e+01,2.920313873172e-05,-3.940916549233e+00,3.968678617958e+01,-1.001293751576e-03,2.627996274946e-01,3.686833328011e-02,-1.030496890308e-03
"                 467",-4.211232573113e+00,3.969686906822e+01,2.913709869574e-05,-3.948338102726e+00,3.973371976212e+01,-9.052366951697e-04,2.628944703878e-01,3.685069390393e-02,-9.343737938655e-04
"                 468",-4.219018638819e+00,3.973583763497e+01,2.906921641210e-05,-3.956021591257e+00,3.977266966189e+01,-8.119387492254e-04,2.629970475621e-01,3.683202692263e-02,-8.410079656375e-04
"                 469",-4.226766525273e+00,3.977104086104e+01,2.900342834519e-05,-3.963667674526e+00,3.980785475315e+01,-7.252235720767e-04,2.630988507467e-01,3.681389210839e-02,-7.542270004219e-04
"                 470",-4.234463607649e+00,3.980704811209e+01,2.894150510107e-05,-3.971257783866e+00,3.984384364201e+01,-6.482885365053e-04,2.632058237834e-01,3.679552992389e-02,-6.772300416063e-04
"                 471",-4.242061428555e+00,3.984587670512e+01,2.887734346338e-05,-3.978742801259e+00,3.988265245913e+01,-5.808101946882e-04,2.633186272956e-01,3.677575400551e-02,-6.096875381516e-04
"                 472",-4.249475688033e+00,3.988612511851e+01,2.880598557827e-05,-3.986039231603e+00,3.992288006897e+01,-5.200506497446e-04,2.634364564293e-01,3.675495046307e-02,-5.488566353228e-04
"                 473",-4.256812690911e+00,3.992642178037e+01,2.872792320556e-05,-3.993248980381e+00,3.996315492965e+01,-4.673193549044e-04,2.635637105301e-01,3.673314927719e-02,-4.960472781100e-04
"                 474",-4.264014905748e+00,3.996630878304e+01,2.865520467100e-05,-4.000315501879e+00,4.000302188673e+01,-4.240527108525e-04,2.636994038693e-01,3.671310368713e-02,-4.527079155235e-04
"                 475",-4.271164773178e+00,4.000533804671e+01,2.858468222892e-05,-4.007323150623e+00,4.004203256971e+01,-3.893886437836e-04,2.638416225542e-01,3.669452299410e-02,-4.179733260126e-04
"                 476",-4.278409561375e+00,4.004294703253e+01,2.850875831735e-05,-4.014420820163e+00,4.007962394305e+01,-3.612334398629e-04,2.639887412124e-01,3.667691052168e-02,-3.897421981803e-04
"                 477",-4.285803486040e+00,4.007748402511e+01,2.842485153568e-05,-4.021657012291e+00,4.011414503290e+01,-3.409825811901e-04,2.641464737487e-01,3.666100778774e-02,-3.694074327258e-04
"                 478",-4.293201701228e+00,4.010766139940e+01,2.833592610702e-05,-4.028887648155e+00,4.014430758010e+01,-3.282767388039e-04,2.643140530736e-01,3.664618070515e-02,-3.566126649109e-04
"                 479",-4.300617518626e+00,4.013288821221e+01,2.824104441638e-05,-4.036132827176e+00,4.016951653858e+01,-3.219618631191e-04,2.644846914504e-01,3.662832637343e-02,-3.502029075355e-04
"                 480",-4.307990980460e+00,4.015237480225e+01,2.813275992887e-05,-4.043326416417e+00,4.018897975594e+01,-3.222634745864e-04,2.646645640431e-01,3.660495368893e-02,-3.503962345152e-04
"                 481",-4.315706351963e+00,4.016601756833e+01,2.801464426609e-05,-4.050850561253e+00,4.020259738779e+01,-3.278366308548e-04,2.648557907098e-01,3.657981946539e-02,-3.558512751209e-04
"                 482",-4.323625340685e+00,4.017474971964e+01,2.790280491677e-05,-4.058571562609e+00,4.021130725842e+01,-3.389645825514e-04,2.650537780760e-01,3.655753878002e-02,-3.668673874681e-04
"                 483",-4.331522243999e+00,4.017935654523e+01,2.780815115816e-05,-4.066265819544e+00,4.021589202830e+01,-3.553584804816e-04,2.652564244551e-01,3.653548306520e-02,-3.831666316398e-04
"                 484",-4.339402672272e+00,4.018108314114e+01,2.773950918584e-05,-4.073939663498e+00,4.021759788100e+01,-3.738246718949e-04,2.654630087738e-01,3.651473985878e-02,-4.015641810808e-04
"                 485",-4.347102025436e+00,4.018272003750e+01,2.767227892818e-05,-4.081426995782e+00,4.021920917834e+01,-3.920202157755e-04,2.656750296541e-01,3.648914084296e-02,-4.196924947037e-04
"                 486",-4.354620133160e+00,4.018565621634e+01,2.759572987198e-05,-4.088730607633e+00,4.022212142687e+01,-4.072164498615e-04,2.658895255278e-01,3.646521053065e-02,-4.348121797335e-04
"                 487",-4.362225421978e+00,4.019052411963e+01,2.751827644104e-05,-4.096124394187e+00,4.022696632330e+01,-4.216682364491e-04,2.661010277909e-01,3.644220366543e-02,-4.491865128901e-04
"                 488",-4.369860683650e+00,4.019785611250e+01,2.744437344315e-05,-4.103558358843e+00,4.023427428571e+01,-4.372332251145e-04,2.663023248077e-01,3.641817321054e-02,-4.646775985576e-04
"                 489",-4.377445726750e+00,4.020964318061e+01,2.737552904208e-05,-4.110951081477e+00,4.024603436595e+01,-4.532678375591e-04,2.664946452730e-01,3.639118534060e-02,-4.806433666012e-04
"                 490",-4.384955718804e+00,4.022663710215e+01,2.730440765620e-05,-4.118282039417e+00,4.026299855672e+01,-4.676389579112e-04,2.666736793870e-01,3.636145456594e-02,-4.949433655674e-04
"                 491",-4.392355501053e+00,4.024853295436e+01,2.724281187255e-05,-4.125517716324e+00,4.028485886202e+01,-4.787084245556e-04,2.668377847293e-01,3.632590765689e-02,-5.059512364281e-04
"                 492",-4.399665215939e+00,4.027429636621e+01,2.716064968682e-05,-4.132677393201e+00,4.031058379636e+01,-4.833008651681e-04,2.669878227389e-01,3.628743014801e-02,-5.104615148549e-04
"                 493",-4.407173116486e+00,4.030297671191e+01,2.705149872757e-05,-4.140045842844e+00,4.033922855138e+01,-4.817508830132e-04,2.671272736411e-01,3.625183946999e-02,-5.088023817408e-04
"                 494",-4.414882635574e+00,4.033290703498e+01,2.691070676466e-05,-4.147621505330e+00,4.036912372212e+01,-4.754936850248e-04,2.672611302444e-01,3.621668714272e-02,-5.024043917894e-04
"                 495",-4.422573466769e+00,4.036301352875e+01,2.675219467209e-05,-4.155181457468e+00,4.039918800231e+01,-4.616240646724e-04,2.673920093003e-01,3.617447355930e-02,-4.883762593445e-04
"                 496",-4.430108272086e+00,4.039412324691e+01,2.660029309793e-05,-4.162597704560e+00,4.043024929632e+01,-4.400101674356e-04,2.675105675256e-01,3.612604940947e-02,-4.666104605335e-04
"                 497",-4.437374999788e+00,4.042640804818e+01,2.650073292983e-05,-4.169753595957e+00,4.046248157124e+01,-4.097825185215e-04,2.676214038303e-01,3.607352306081e-02,-4.362832514513e-04
"                 498",-4.444704673300e+00,4.045990961053e+01,2.644501114197e-05,-4.176975005879e+00,4.049592924618e+01,-3.729520852814e-04,2.677296674207e-01,3.601963565269e-02,-3.993970964233e-04
"                 499",-4.452268939466e+00,4.049383852914e+01,2.642262136670e-05,-4.184439445955e+00,4.052980415599e+01,-3.314489805821e-04,2.678294935108e-01,3.596562684940e-02,-3.578716019488e-04
"                 500",-4.460319937057e+00,4.052828676300e+01,2.640403575549e-05,-4.192396614560e+00,4.056420110685e+01,-2.846725146381e-04,2.679233224969e-01,3.591434385378e-02,-3.110765503936e-04
"                 501",-4.468572161278e+00,4.056380097931e+01,2.638479787606e-05,-4.200559139974e+00,4.059966905612e+01,-2.364018574598e-04,2.680130213045e-01,3.586807680923e-02,-2.627866553359e-04
"                 502",-4.476873369109e+00,4.060075468266e+01,2.639487092400e-05,-4.208765488007e+00,4.063658488429e+01,-1.874733327244e-04,2.681078811022e-01,3.583020162462e-02,-2.138682036484e-04
"                 503",-4.484981562698e+00,4.063941849858e+01,2.645244512511e-05,-4.216783806722e+00,4.067521399510e+01,-1.371579797478e-04,2.681977559760e-01,3.579549651222e-02,-1.636104248729e-04
"                 504",-4.492627955430e+00,4.067844702375e+01,2.654960853322e-05,-4.224347998890e+00,4.071420504992e+01,-8.353287700741e-05,2.682799565401e-01,3.575802616826e-02,-1.100824855406e-04
"                 505",-4.500203127291e+00,4.071707685472e+01,2.667310021959e-05,-4.231845118227e+00,4.075279762494e+01,-2.875490112373e-05,2.683580090636e-01,3.572077022370e-02,-5.542800134333e-05
"                 506",-4.508163477108e+00,4.075679947108e+01,2.681634771512e-05,-4.239734165522e+00,4.079248764097e+01,2.300361662705e-05,2.684293115861e-01,3.568816989547e-02,-3.812731088073e-06
"                 507",-4.516399103491e+00,4.079776014167e+01,2.698057320925e-05,-4.247908664041e+00,4.083342203477e+01,6.999898660220e-05,2.684904394500e-01,3.566189309564e-02,4.301841339295e-05
"                 508",-4.524488177716e+00,4.083910833649e+01,2.718003248310e-05,-4.255944065281e+00,4.087474400644e+01,1.130901143525e-04,2.685441124347e-01,3.563566995854e-02,8.591008186940e-05
"                 509",-4.532329995095e+00,4.088048334393e+01,2.741816676844e-05,-4.263738114045e+00,4.091609365507e+01,1.511688020292e-04,2.685918810500e-01,3.561031113916e-02,1.237506352608e-04
"                 510",-4.540096734411e+00,4.092250696414e+01,2.767985089267e-05,-4.271458207971e+00,4.095809224373e+01,1.830247863104e-04,2.686385264400e-01,3.558527958544e-02,1.553449354177e-04
"                 511",-4.547786686990e+00,4.096448937631e+01,2.795853621764e-05,-4.279096984418e+00,4.100004804064e+01,2.105974526978e-04,2.686897025720e-01,3.555866433457e-02,1.826389164801e-04
"                 512",-4.555131537337e+00,4.100632083740e+01,2.825819367914e-05,-4.286396851313e+00,4.104185409133e+01,2.395515877440e-04,2.687346860247e-01,3.553325392813e-02,2.112933940649e-04
"                 513",-4.562137830266e+00,4.104935470995e+01,2.856749626670e-05,-4.293377137868e+00,4.108485984764e+01,2.726145127255e-04,2.687606923982e-01,3.550513768838e-02,2.440470164588e-04
"                 514",-4.569312066314e+00,4.109542472185e+01,2.888141599689e-05,-4.300542855259e+00,4.113089988462e+01,3.068835006240e-04,2.687692110544e-01,3.547516277672e-02,2.780020846271e-04
"                 515",-4.576308536587e+00,4.114242376595e+01,2.919118093373e-05,-4.307534384545e+00,4.117786306866e+01,3.362798158466e-04,2.687741520417e-01,3.543930271102e-02,3.070886349128e-04
"                 516",-4.583526183085e+00,4.118854019743e+01,2.950991406158e-05,-4.314751364225e+00,4.122394506286e+01,3.602584486034e-04,2.687748188593e-01,3.540486542621e-02,3.307485345418e-04
"                 517",-4.590828934750e+00,4.123362889583e+01,2.983946317923e-05,-4.322055525080e+00,4.126900370850e+01,3.778398718039e-04,2.687734096708e-01,3.537481266968e-02,3.480004086247e-04
"                 518",-4.597982395403e+00,4.127852851299e+01,3.015787088543e-05,-4.329217054568e+00,4.131386938597e+01,3.897634691338e-04,2.687653408349e-01,3.534087297918e-02,3.596055982484e-04
"                 519",-4.604706485994e+00,4.132454442828e+01,3.042857494365e-05,-4.335955750104e+00,4.135984780606e+01,3.961633891924e-04,2.687507358901e-01,3.530337777491e-02,3.657348142487e-04
"                 520",-4.611466125857e+00,4.137162669116e+01,3.064531612858e-05,-4.342730493102e+00,4.140689801782e+01,3.957436952516e-04,2.687356327555e-01,3.527132665878e-02,3.650983791230e-04
"                 521",-4.618386016874e+00,4.141814873812e+01,3.085899644317e-05,-4.349669619574e+00,4.145338773344e+01,3.879791914542e-04,2.687163973006e-01,3.523899531780e-02,3.571201950111e-04
"                 522",-4.625621146770e+00,4.146312408760e+01,3.110251598492e-05,-4.356925853648e+00,4.149833340251e+01,3.732385124612e-04,2.686952931221e-01,3.520931490487e-02,3.421359964763e-04
"                 523",-4.633016233541e+00,4.150665345808e+01,3.138120484867e-05,-4.364335960486e+00,4.154183416086e+01,3.546177960264e-04,2.686802730549e-01,3.518070278532e-02,3.232365911777e-04
"                 524",-4.640273241931e+00,4.155004137552e+01,3.168770027054e-05,-4.371610809960e+00,4.158519613686e+01,3.321469919574e-04,2.686624319718e-01,3.515476134069e-02,3.004592916869e-04
"                 525",-4.647178197928e+00,4.159468234338e+01,3.202845939206e-05,-4.378541054719e+00,4.162981465969e+01,3.052551254814e-04,2.686371432086e-01,3.513231631078e-02,2.732266660894e-04
"                 526",-4.653926590335e+00,4.164066848479e+01,3.241073840072e-05,-4.385318697262e+00,4.167577556892e+01,2.769731351960e-04,2.686078930730e-01,3.510708412570e-02,2.445623967952e-04
"                 527",-4.660761243617e+00,4.168648619508e+01,3.283364811949e-05,-4.392173461007e+00,4.172156817741e+01,2.485203011120e-04,2.685877826104e-01,3.508198232272e-02,2.156866529925e-04
"                 528",-4.667760742803e+00,4.172897115281e+01,3.328939541135e-05,-4.399173267157e+00,4.176402953957e+01,2.190818713647e-04,2.685874756458e-01,3.505838676567e-02,1.857924759534e-04
"                 529",-4.674722873503e+00,4.176908200310e+01,3.377722292294e-05,-4.406124865841e+00,4.180411970164e+01,1.934216278126e-04,2.685980076618e-01,3.503769854248e-02,1.596444048896e-04
"                 530",-4.681340306653e+00,4.180936444501e+01,3.431050694042e-05,-4.412737749481e+00,4.184437428430e+01,1.722507612604e-04,2.686025571724e-01,3.500983928625e-02,1.379402543200e-04
"                 531",-4.687607689206e+00,4.185111444618e+01,3.491831243223e-05,-4.419000733394e+00,4.188609390739e+01,1.552626626634e-04,2.686069558124e-01,3.497946120905e-02,1.203443502311e-04
"                 532",-4.694287048509e+00,4.189535767332e+01,3.558323551445e-05,-4.425669208628e+00,4.193031029442e+01,1.458953624141e-04,2.686178398816e-01,3.495262109918e-02,1.103121268997e-04
"                 533",-4.701458713466e+00,4.193888083500e+01,3.626581917603e-05,-4.432823945179e+00,4.197380809607e+01,1.431882343036e-04,2.686347682871e-01,3.492726107499e-02,1.069224151276e-04
"                 534",-4.708352876236e+00,4.197799756436e+01,3.698949180069e-05,-4.439689669761e+00,4.201290063952e+01,1.507016758933e-04,2.686632064757e-01,3.490307515777e-02,1.137121840926e-04
"                 535",-4.714941313665e+00,4.201307967726e+01,3.774022333427e-05,-4.446230368112e+00,4.204796086377e+01,1.694440204947e-04,2.687109455531e-01,3.488118650930e-02,1.317037971604e-04
"                 536",-4.721056911047e+00,4.204691622707e+01,3.851189833841e-05,-4.452283494715e+00,4.208177352062e+01,1.934916940612e-04,2.687734163318e-01,3.485729354712e-02,1.549797957228e-04
"                 537",-4.726907001347e+00,4.208119872941e+01,3.930441370704e-05,-4.458067261269e+00,4.211603222284e+01,2.134634376654e-04,2.688397400782e-01,3.483349342466e-02,1.741590239584e-04
"                 538",-4.732707271518e+00,4.211495777411e+01,4.015706305007e-05,-4.463804659691e+00,4.214976817142e+01,2.277143816684e-04,2.689026118265e-01,3.481039730933e-02,1.875573186183e-04
"                 539",-4.739198376809e+00,4.214833475022e+01,4.107152288571e-05,-4.470230990234e+00,4.218312647126e+01,2.428493907090e-04,2.689673865751e-01,3.479172104452e-02,2.017778678233e-04
"                 540",-4.746291741755e+00,4.218068712860e+01,4.198825890261e-05,-4.477250286439e+00,4.221545596148e+01,2.604664153617e-04,2.690414553157e-01,3.476883288394e-02,2.184781564591e-04
"                 541",-4.753249639842e+00,4.221082521782e+01,4.286246059359e-05,-4.484128937561e+00,4.224557315348e+01,2.822280737814e-04,2.691207022808e-01,3.474793565431e-02,2.393656131878e-04
"                 542",-4.759445412810e+00,4.223913315113e+01,4.371077601473e-05,-4.490240166722e+00,4.227385977921e+01,3.078452516232e-04,2.692052460886e-01,3.472662807339e-02,2.641344756085e-04
"                 543",-4.765223284236e+00,4.226705312364e+01,4.453577479642e-05,-4.495939104543e+00,4.230175353654e+01,3.297052497867e-04,2.692841796932e-01,3.470041290616e-02,2.851694749902e-04
"                 544",-4.770935436880e+00,4.229548387098e+01,4.531206489536e-05,-4.501593417134e+00,4.233015429830e+01,3.481776034041e-04,2.693420197458e-01,3.467042731768e-02,3.028655385088e-04
"                 545",-4.776942782140e+00,4.232283451039e+01,4.608024837167e-05,-4.507554496628e+00,4.235747771639e+01,3.670337820125e-04,2.693882855121e-01,3.464320599818e-02,3.209535336408e-04
"                 546",-4.783155752660e+00,4.234857475340e+01,4.686841744776e-05,-4.513728006957e+00,4.238319680069e+01,3.854706887481e-04,2.694277457037e-01,3.462204728224e-02,3.386022713003e-04
"                 547",-4.789546799485e+00,4.237359079354e+01,4.770928994698e-05,-4.520078266709e+00,4.240820061560e+01,4.022928758967e-04,2.694685327757e-01,3.460982206503e-02,3.545835859497e-04
"                 548",-4.796099683074e+00,4.239918876505e+01,4.857426758686e-05,-4.526588068386e+00,4.243379036844e+01,4.213828317288e-04,2.695116146888e-01,3.460160338668e-02,3.728085641419e-04
"                 549",-4.802707901671e+00,4.242506125285e+01,4.942437858626e-05,-4.533149157546e+00,4.245965529306e+01,4.372859854946e-04,2.695587441250e-01,3.459404021207e-02,3.878616069083e-04
"                 550",-4.809224232058e+00,4.245045334746e+01,5.025826282566e-05,-4.539619334419e+00,4.248503323435e+01,4.466885828622e-04,2.696048976382e-01,3.457988689625e-02,3.964303200365e-04
"                 551",-4.815424202749e+00,4.247556109690e+01,5.110887257726e-05,-4.545781458850e+00,4.251011953076e+01,4.486702499625e-04,2.696427438994e-01,3.455843385259e-02,3.975613773853e-04
"                 552",-4.821398525941e+00,4.250174430528e+01,5.203949247809e-05,-4.551728524709e+00,4.253627980591e+01,4.469447879076e-04,2.696700012313e-01,3.453550063191e-02,3.949052954295e-04
"                 553",-4.827695608282e+00,4.253129522964e+01,5.303615689294e-05,-4.558010568297e+00,4.256581442597e+01,4.441315893183e-04,2.696850399852e-01,3.451919633618e-02,3.910954324253e-04
"                 554",-4.834514838565e+00,4.256309719795e+01,5.412515323530e-05,-4.564815074245e+00,4.259760769468e+01,4.403373739950e-04,2.696997643199e-01,3.451049673854e-02,3.862122207597e-04
"                 555",-4.841867002156e+00,4.259514684715e+01,5.527558370537e-05,-4.572147024092e+00,4.262964953760e+01,4.389826028716e-04,2.697199780649e-01,3.450269044947e-02,3.837070191662e-04
"                 556",-4.848914434236e+00,4.262692045091e+01,5.639507630427e-05,-4.579172851039e+00,4.266140805168e+01,4.440275177945e-04,2.697415831971e-01,3.448760077761e-02,3.876324414902e-04
"                 557",-4.855427477764e+00,4.266001407798e+01,5.740463985232e-05,-4.585672681777e+00,4.269448174895e+01,4.517538774439e-04,2.697547959868e-01,3.446767096869e-02,3.943492375916e-04
"                 558",-4.861884151683e+00,4.269579988789e+01,5.830153003328e-05,-4.592125454013e+00,4.273025160279e+01,4.551266281805e-04,2.697586976701e-01,3.445171490019e-02,3.968250981472e-04
"                 559",-4.868416807209e+00,4.273308139626e+01,5.915923965765e-05,-4.598664894904e+00,4.276752126187e+01,4.545568897913e-04,2.697519123058e-01,3.443986561498e-02,3.953976501337e-04
"                 560",-4.874911447623e+00,4.277164585837e+01,6.006113081999e-05,-4.605178851509e+00,4.280607177143e+01,4.504123962169e-04,2.697325961139e-01,3.442591306131e-02,3.903512653969e-04
"                 561",-4.881351366996e+00,4.281302565504e+01,6.099680117500e-05,-4.611646301560e+00,4.284743014050e+01,4.481539433329e-04,2.697050654363e-01,3.440448545832e-02,3.871571421579e-04
"                 562",-4.887467108266e+00,4.285549507343e+01,6.193048377895e-05,-4.617799692569e+00,4.288986682960e+01,4.489820438474e-04,2.696674156967e-01,3.437175616325e-02,3.870515600684e-04
"                 563",-4.893129662424e+00,4.289739720484e+01,6.286164235725e-05,-4.623515430818e+00,4.293172828003e+01,4.530590356938e-04,2.696142316064e-01,3.433107519163e-02,3.901973933365e-04
"                 564",-4.898807431939e+00,4.293917325995e+01,6.383440694993e-05,-4.629257131799e+00,4.297346870358e+01,4.601581063950e-04,2.695503001399e-01,3.429544362932e-02,3.963236994450e-04
"                 565",-4.904939792675e+00,4.298115530169e+01,6.488928194281e-05,-4.635454728015e+00,4.301542046559e+01,4.646746078599e-04,2.694850646603e-01,3.426516389939e-02,3.997853259171e-04
"                 566",-4.911021043019e+00,4.302365809597e+01,6.601229219484e-05,-4.641607420583e+00,4.305789633810e+01,4.722212905747e-04,2.694136224351e-01,3.423824213771e-02,4.062089983799e-04
"                 567",-4.916467657772e+00,4.306617167454e+01,6.717091477434e-05,-4.647129321178e+00,4.310039099391e+01,4.871233185762e-04,2.693383365934e-01,3.421931936671e-02,4.199524038019e-04
"                 568",-4.921073118852e+00,4.310679221979e+01,6.835535969135e-05,-4.651811369095e+00,4.314099477417e+01,5.156428749970e-04,2.692617497571e-01,3.420255438388e-02,4.472875153057e-04
"                 569",-4.924948141857e+00,4.314563357381e+01,6.961466292385e-05,-4.655772383318e+00,4.317981895687e+01,5.584929313972e-04,2.691757585391e-01,3.418538306258e-02,4.888782684733e-04
"                 570",-4.929000057636e+00,4.318341752555e+01,7.091821187345e-05,-4.659914509335e+00,4.321757672111e+01,6.082216584160e-04,2.690855483014e-01,3.415919555979e-02,5.373034465425e-04
"                 571",-4.933139616689e+00,4.322115425222e+01,7.226513068668e-05,-4.664157831562e+00,4.325528053468e+01,6.584640097435e-04,2.689817851273e-01,3.412628245717e-02,5.861988790568e-04
"                 572",-4.937783209993e+00,4.326070120959e+01,7.366493595914e-05,-4.668915864856e+00,4.329478766589e+01,7.032681299266e-04,2.688673451370e-01,3.408645629528e-02,6.296031939674e-04
"                 573",-4.942407439354e+00,4.329960604077e+01,7.509521788806e-05,-4.673655499529e+00,4.333365592683e+01,7.455054448760e-04,2.687519398252e-01,3.404988605379e-02,6.704102269880e-04
"                 574",-4.946312513714e+00,4.333463242313e+01,7.650863226810e-05,-4.677693472623e+00,4.336864202450e+01,7.857441431338e-04,2.686190410910e-01,3.400960137301e-02,7.092355108657e-04
"                 575",-4.949325343775e+00,4.336782593241e+01,7.801294511032e-05,-4.680850114577e+00,4.340178579403e+01,8.238620793165e-04,2.684752291979e-01,3.395986162045e-02,7.458491342062e-04
"                 576",-4.952319138505e+00,4.340008138120e+01,7.972476919896e-05,-4.683982926620e+00,4.343398847603e+01,8.531649909643e-04,2.683362118854e-01,3.390709483317e-02,7.734402217654e-04
"                 577",-4.955806412096e+00,4.343280176618e+01,8.147523724672e-05,-4.687609157424e+00,4.346666195562e+01,8.735877116386e-04,2.681972546723e-01,3.386018943727e-02,7.921124743919e-04
"                 578",-4.959368674596e+00,4.346517675470e+01,8.311170479465e-05,-4.691319344423e+00,4.349899702682e+01,8.950309052269e-04,2.680493301729e-01,3.382027211655e-02,8.119192004323e-04
"                 579",-4.962574432419e+00,4.349467452010e+01,8.458121972701e-05,-4.694667757616e+00,4.352845494589e+01,9.270746630242e-04,2.679066748032e-01,3.378042579743e-02,8.424934432972e-04
"                 580",-4.965737550558e+00,4.352086917855e+01,8.602501563038e-05,-4.697967753223e+00,4.355460997155e+01,9.762616716998e-04,2.677697973349e-01,3.374079299158e-02,8.902366560695e-04
"                 581",-4.969246437860e+00,4.354774399935e+01,8.750071581771e-05,-4.701615425689e+00,4.358144883782e+01,1.033922429861e-03,2.676310121711e-01,3.370483846242e-02,9.464217140437e-04
"                 582",-4.973636308117e+00,4.357971894024e+01,8.895027717593e-05,-4.706131926856e+00,4.361339573902e+01,1.097749671507e-03,2.675043812603e-01,3.367679878835e-02,1.008799394331e-03
"                 583",-4.978761595207e+00,4.361233323739e+01,9.026276523557e-05,-4.711352840842e+00,4.364599607908e+01,1.153266993662e-03,2.674087543653e-01,3.366284168883e-02,1.063004228427e-03
"                 584",-4.983828786912e+00,4.364176199780e+01,9.155438294270e-05,-4.716488357394e+00,4.367542534226e+01,1.193824070909e-03,2.673404295174e-01,3.366334445731e-02,1.102269687966e-03
"                 585",-4.988386110863e+00,4.366779118214e+01,9.268979330137e-05,-4.721095526951e+00,4.370145215883e+01,1.223725806608e-03,2.672905839121e-01,3.366097668644e-02,1.131036013307e-03
"                 586",-4.992592792921e+00,4.369465313626e+01,9.371444922847e-05,-4.725358795840e+00,4.372831448218e+01,1.240406392660e-03,2.672339970813e-01,3.366134592023e-02,1.146691943432e-03
"                 587",-4.997028801664e+00,4.372436525447e+01,9.477713136737e-05,-4.729858714030e+00,4.375803076459e+01,1.239203810121e-03,2.671700876338e-01,3.366551012051e-02,1.144426678754e-03
"                 588",-5.002139512989e+00,4.375549817682e+01,9.590722542960e-05,-4.735050523580e+00,4.378916427611e+01,1.216376276143e-03,2.670889894082e-01,3.366609928579e-02,1.120469050714e-03
"                 589",-5.007559385932e+00,4.378595858783e+01,9.695711439855e-05,-4.740575293231e+00,4.381961654846e+01,1.181115271650e-03,2.669840927011e-01,3.365796063910e-02,1.084158157252e-03
"                 590",-5.012601813267e+00,4.381364466796e+01,9.785536608627e-05,-4.745721961069e+00,4.384729075911e+01,1.133890956913e-03,2.668798521981e-01,3.364609115307e-02,1.036035590827e-03
"                 591",-5.017002992013e+00,4.384152442668e+01,9.847065534542e-05,-4.750245855177e+00,4.387515780972e+01,1.078102500593e-03,2.667571368365e-01,3.363338303783e-02,9.796318452478e-04
"                 592",-5.021326874971e+00,4.387123738767e+01,9.877391872572e-05,-4.754721672405e+00,4.390484744619e+01,1.023556474702e-03,2.666052025659e-01,3.361005852347e-02,9.247825559760e-04
"                 593",-5.025945387249e+00,4.390152425535e+01,9.893972003363e-05,-4.759510823987e+00,4.393509489919e+01,9.676416926485e-04,2.664345632619e-01,3.357064383224e-02,8.687019726149e-04
"                 594",-5.030356150148e+00,4.393078667372e+01,9.867923052649e-05,-4.764121383647e+00,4.396430575889e+01,9.063642677906e-04,2.662347665004e-01,3.351908516818e-02,8.076850372641e-04
"                 595",-5.034323683031e+00,4.395836161544e+01,9.751262463963e-05,-4.768309932906e+00,4.399182096450e+01,8.447575918875e-04,2.660137501250e-01,3.345934905985e-02,7.472449672478e-04
"                 596",-5.037918898024e+00,4.398334927869e+01,9.537471030382e-05,-4.772125396908e+00,4.401675839437e+01,7.835262151999e-04,2.657935011153e-01,3.340911567599e-02,6.881515048961e-04
"                 597",-5.041830611449e+00,4.400768682619e+01,9.249246779820e-05,-4.776261669531e+00,4.404106113784e+01,7.098406282304e-04,2.655689419182e-01,3.337431165166e-02,6.173481604322e-04
"                 598",-5.045622103352e+00,4.403337189952e+01,8.934960561664e-05,-4.780293198123e+00,4.406671005928e+01,6.235597544818e-04,2.653289052290e-01,3.333815975799e-02,5.342101488652e-04
"                 599",-5.048822700263e+00,4.406152748088e+01,8.599944522531e-05,-4.783745119550e+00,4.409482791457e+01,5.260476002370e-04,2.650775807137e-01,3.330043368996e-02,4.400481550117e-04
"                 600",-5.051195759520e+00,4.408877838201e+01,8.250193736215e-05,-4.786378003806e+00,4.412203304064e+01,4.187911981180e-04,2.648177557145e-01,3.325465863730e-02,3.362892607559e-04
"                 601",-5.053076819270e+00,4.411108615931e+01,7.888738195073e-05,-4.788512119430e+00,4.414429311492e+01,3.070096435081e-04,2.645646998405e-01,3.320695561939e-02,2.281222615574e-04
"                 602",-5.055373981252e+00,4.413109350831e+01,7.519516793090e-05,-4.791041404430e+00,4.416425947395e+01,1.957715512708e-04,2.643325768214e-01,3.316596564477e-02,1.205763833399e-04
"                 603",-5.057906964863e+00,4.415040196683e+01,7.148154080762e-05,-4.793789691149e+00,4.418353572986e+01,8.799328742608e-05,2.641172737141e-01,3.313376302687e-02,1.651174661846e-05
"                 604",-5.059687073474e+00,4.416944998146e+01,6.769060491589e-05,-4.795788368478e+00,4.420256050099e+01,-1.162407065823e-05,2.638987049966e-01,3.311051952989e-02,-7.931467557412e-05
"                 605",-5.060469328407e+00,4.418936804907e+01,6.358300726608e-05,-4.796810174096e+00,4.422244153487e+01,-1.032007949677e-04,2.636591543107e-01,3.307348580825e-02,-1.667838022338e-04
"                 606",-5.060917720223e+00,4.421093623331e+01,5.932184288517e-05,-4.797510427528e+00,4.424395848025e+01,-1.855805349191e-04,2.634072926950e-01,3.302224693633e-02,-2.449023778042e-04
"                 607",-5.062270507419e+00,4.423196631102e+01,5.511172261037e-05,-4.799114096582e+00,4.426492921699e+01,-2.591166473745e-04,2.631564108375e-01,3.296290596942e-02,-3.142283699849e-04
"                 608",-5.064778183326e+00,4.425101705566e+01,5.085856638982e-05,-4.801863489534e+00,4.428392590849e+01,-3.266540017346e-04,2.629146937919e-01,3.290885282170e-02,-3.775125681244e-04
"                 609",-5.066983056077e+00,4.426722455685e+01,4.648306348559e-05,-4.804309272912e+00,4.430008440507e+01,-3.841213105324e-04,2.626737831653e-01,3.285984821823e-02,-4.306043740180e-04
"                 610",-5.067941504949e+00,4.428304685583e+01,4.190531233261e-05,-4.805530036407e+00,4.431585739316e+01,-4.401430439877e-04,2.624114685419e-01,3.281053732735e-02,-4.820483563203e-04
"                 611",-5.068000536249e+00,4.429960769296e+01,3.748056365967e-05,-4.805872619078e+00,4.433236356545e+01,-4.983599341838e-04,2.621279171711e-01,3.275587248794e-02,-5.358404978435e-04
"                 612",-5.068763579797e+00,4.431711494937e+01,3.341922411666e-05,-4.806924588250e+00,4.434981479865e+01,-5.601049589996e-04,2.618389915476e-01,3.269984927928e-02,-5.935241831163e-04
"                 613",-5.070637764868e+00,4.433450683966e+01,2.914705248736e-05,-4.809062184411e+00,4.436714253822e+01,-6.221762150618e-04,2.615755804574e-01,3.263569855340e-02,-6.513232675491e-04
"                 614",-5.072640384429e+00,4.434997726876e+01,2.481698755961e-05,-4.811299877737e+00,4.438255285489e+01,-6.796721947569e-04,2.613405066920e-01,3.257558612579e-02,-7.044891823165e-04
"                 615",-5.074169466284e+00,4.436283579410e+01,2.066801351591e-05,-4.813037801893e+00,4.439536846946e+01,-7.377980828037e-04,2.611316643911e-01,3.253267536297e-02,-7.584660963196e-04
"                 616",-5.075800372519e+00,4.437474128899e+01,1.664776364451e-05,-4.814876010928e+00,4.440724517503e+01,-8.009611117292e-04,2.609243615915e-01,3.250388604017e-02,-8.176088753737e-04
"                 617",-5.077795117670e+00,4.438965898430e+01,1.266480666806e-05,-4.817088965413e+00,4.442214714778e+01,-8.670538695850e-04,2.607061522569e-01,3.248816347299e-02,-8.797186762530e-04
"                 618",-5.080311156300e+00,4.440683561501e+01,8.253675858661e-06,-4.819829407354e+00,4.443931437794e+01,-9.371446313669e-04,2.604817489454e-01,3.247876293215e-02,-9.453983072256e-04
"                 619",-5.083001155485e+00,4.442625196534e+01,3.430795952066e-06,-4.822752281042e+00,4.445870684985e+01,-1.005830352124e-03,2.602488744432e-01,3.245488451111e-02,-1.009261148076e-03
"                 620",-5.085337202178e+00,4.444359260786e+01,-9.055515349080e-07,-4.825318071464e+00,4.447600621030e+01,-1.062872282449e-03,2.600191307143e-01,3.241360244352e-02,-1.061966730914e-03
"                 621",-5.087507591018e+00,4.445723051506e+01,-4.396577252194e-06,-4.827708793062e+00,4.448960362318e+01,-1.102990709429e-03,2.597987979560e-01,3.237310812028e-02,-1.098594132177e-03
"                 622",-5.089728111682e+00,4.447157779259e+01,-6.884717347568e-06,-4.830156284057e+00,4.450391099638e+01,-1.121623917989e-03,2.595718276253e-01,3.233320379175e-02,-1.114739200641e-03
"                 623",-5.091619125978e+00,4.448941001489e+01,-8.545956608934e-06,-4.832286615024e+00,4.452170181462e+01,-1.118371394672e-03,2.593325109542e-01,3.229179972566e-02,-1.109825438063e-03
"                 624",-5.092957492527e+00,4.450764143140e+01,-9.745928596321e-06,-4.833881555800e+00,4.453988280038e+01,-1.094412285108e-03,2.590759367271e-01,3.224136897829e-02,-1.084666356511e-03
"                 625",-5.094356356008e+00,4.452364908609e+01,-1.036599999493e-05,-4.835538287128e+00,4.455583796164e+01,-1.052325005369e-03,2.588180688797e-01,3.218887554677e-02,-1.041959005374e-03
"                 626",-5.096126479185e+00,4.453676026828e+01,-1.054630676641e-05,-4.837556329487e+00,4.456889982886e+01,-9.950328614944e-04,2.585701496975e-01,3.213956057786e-02,-9.844865547279e-04
"                 627",-5.097936336659e+00,4.454976925515e+01,-1.069989925049e-05,-4.839620961486e+00,4.458186513932e+01,-9.268332950047e-04,2.583153751727e-01,3.209588417860e-02,-9.161333957542e-04
"                 628",-5.098884226334e+00,4.456368481321e+01,-1.078572326297e-05,-4.840835765796e+00,4.459573577673e+01,-8.535159582620e-04,2.580484605385e-01,3.205096351398e-02,-8.427302349990e-04
"                 629",-5.099800096404e+00,4.457977622128e+01,-1.093097553946e-05,-4.842024804458e+00,4.461178891606e+01,-7.817003860213e-04,2.577752919463e-01,3.201269477961e-02,-7.707694104818e-04
"                 630",-5.101216770373e+00,4.459360426318e+01,-1.114006130976e-05,-4.843707357575e+00,4.462559039982e+01,-7.100818394477e-04,2.575094127971e-01,3.198613663818e-02,-6.989417781380e-04
"                 631",-5.102233439380e+00,4.460370679954e+01,-1.079104168470e-05,-4.844988596042e+00,4.463566793426e+01,-6.338664709210e-04,2.572448433382e-01,3.196113472595e-02,-6.230754292363e-04
"                 632",-5.102211511424e+00,4.461330319505e+01,-9.886575441511e-06,-4.845244189203e+00,4.464523584263e+01,-5.605598589931e-04,2.569673222207e-01,3.193264757868e-02,-5.506732835516e-04
"                 633",-5.102034548184e+00,4.462739757013e+01,-9.057510049753e-06,-4.845370166700e+00,4.465930642601e+01,-4.973921028018e-04,2.566643814844e-01,3.190885588283e-02,-4.883345927521e-04
"                 634",-5.101776067054e+00,4.464091809484e+01,-8.363750594650e-06,-4.845416475405e+00,4.467281300931e+01,-4.447383437839e-04,2.563595916493e-01,3.189491446933e-02,-4.363745931892e-04
"                 635",-5.101293600347e+00,4.464872412596e+01,-8.112832723500e-06,-4.845240076541e+00,4.468060492642e+01,-3.959720305048e-04,2.560535238058e-01,3.188080045148e-02,-3.878591977813e-04
"                 636",-5.100738648010e+00,4.465310512029e+01,-8.382920244243e-06,-4.844997767645e+00,4.468496877677e+01,-3.533193402742e-04,2.557408803657e-01,3.186365648231e-02,-3.449364200299e-04
"                 637",-5.100306368388e+00,4.465721408258e+01,-8.746798857101e-06,-4.844887959043e+00,4.468905331000e+01,-3.239918678691e-04,2.554184093450e-01,3.183922741257e-02,-3.152450690120e-04
"                 638",-5.099872707043e+00,4.466502762356e+01,-9.081424016874e-06,-4.844789421847e+00,4.469684004255e+01,-3.135667047540e-04,2.550832851965e-01,3.181241898636e-02,-3.044852807371e-04
"                 639",-5.099935200802e+00,4.467450723406e+01,-9.791838597752e-06,-4.845180987093e+00,4.470630156658e+01,-3.188787185161e-04,2.547542137094e-01,3.179433252364e-02,-3.090868799184e-04
"                 640",-5.100589811177e+00,4.468275396973e+01,-1.076597406852e-05,-4.846152755645e+00,4.471453362332e+01,-3.388629790176e-04,2.544370555313e-01,3.177965358795e-02,-3.280970049491e-04
"                 641",-5.101169133122e+00,4.468755507897e+01,-1.152316526527e-05,-4.847042086944e+00,4.471932116959e+01,-3.710468459014e-04,2.541270461776e-01,3.176609061904e-02,-3.595236806361e-04
"                 642",-5.101244874353e+00,4.468899999004e+01,-1.184407907306e-05,-4.847415488591e+00,4.472075018668e+01,-4.086312657371e-04,2.538293857623e-01,3.175019663706e-02,-3.967871866640e-04
"                 643",-5.101306346166e+00,4.468839309223e+01,-1.194104265299e-05,-4.847770363150e+00,4.472011953180e+01,-4.478734701186e-04,2.535359830157e-01,3.172643957082e-02,-4.359324274656e-04
"                 644",-5.101965309230e+00,4.468807603327e+01,-1.220013036840e-05,-4.848733599483e+00,4.471977428442e+01,-4.923766553431e-04,2.532317097469e-01,3.169825114917e-02,-4.801765249747e-04
"                 645",-5.103190508735e+00,4.468948753615e+01,-1.293323457770e-05,-4.850273110726e+00,4.472115457169e+01,-5.440385830544e-04,2.529173980091e-01,3.166703554885e-02,-5.311053484767e-04
"                 646",-5.104480042198e+00,4.469235859992e+01,-1.382414230538e-05,-4.851888435795e+00,4.472397933406e+01,-5.985436835784e-04,2.525916064029e-01,3.162073414185e-02,-5.847195412730e-04
"                 647",-5.105653580874e+00,4.469658165363e+01,-1.472167754581e-05,-4.853380236732e+00,4.472814972170e+01,-6.505189232774e-04,2.522733441416e-01,3.156806807175e-02,-6.357972457316e-04
"                 648",-5.106776756749e+00,4.469925271791e+01,-1.551209551817e-05,-4.854809773581e+00,4.473075618809e+01,-6.978357933485e-04,2.519669831683e-01,3.150347017711e-02,-6.823236978303e-04
"                 649",-5.107261441968e+00,4.469881903390e+01,-1.610386733454e-05,-4.855601171166e+00,4.473025176864e+01,-7.425254643478e-04,2.516602708024e-01,3.143273474594e-02,-7.264215970133e-04
"                 650",-5.108300048738e+00,4.469848967556e+01,-1.668815274696e-05,-4.856935343123e+00,4.472986505655e+01,-7.826951217936e-04,2.513647056150e-01,3.137538098523e-02,-7.660069690467e-04
"                 651",-5.109665196143e+00,4.469931560408e+01,-1.747017884454e-05,-4.858566650774e+00,4.473065584726e+01,-8.141564929621e-04,2.510985453691e-01,3.134024318066e-02,-7.966863141175e-04
"                 652",-5.110985385985e+00,4.469796807109e+01,-1.799145950492e-05,-4.860113611483e+00,4.472928950162e+01,-8.412345041997e-04,2.508717745017e-01,3.132143052711e-02,-8.232430446948e-04
"                 653",-5.111509785112e+00,4.469302657624e+01,-1.863642024158e-05,-4.860824597238e+00,4.472433607470e+01,-8.702076735183e-04,2.506851878741e-01,3.130949845652e-02,-8.515712532767e-04
"                 654",-5.112023179626e+00,4.468927605502e+01,-1.953319441848e-05,-4.861514793241e+00,4.472057609305e+01,-8.997545694026e-04,2.505083863851e-01,3.130003802816e-02,-8.802213749841e-04
"                 655",-5.112119825267e+00,4.468526536821e+01,-2.033950529649e-05,-4.861786900653e+00,4.471655550061e+01,-9.290871780509e-04,2.503329246138e-01,3.129013240025e-02,-9.087476727544e-04
"                 656",-5.111816743567e+00,4.467960141197e+01,-2.072524805027e-05,-4.861652367014e+00,4.471088879275e+01,-9.572492123484e-04,2.501643765530e-01,3.128738077757e-02,-9.365239642982e-04
"                 657",-5.111350191502e+00,4.467212717040e+01,-2.110111928738e-05,-4.861335628970e+00,4.470342127851e+01,-9.846881748352e-04,2.500145625314e-01,3.129410810629e-02,-9.635870555478e-04
"                 658",-5.111280231711e+00,4.466520665898e+01,-2.082901157974e-05,-4.861401431103e+00,4.469652155119e+01,-1.013053989559e-03,2.498788006088e-01,3.131489220632e-02,-9.922249779796e-04
"                 659",-5.111055835270e+00,4.465799800246e+01,-2.007326721443e-05,-4.861304324125e+00,4.468934162952e+01,-1.048743901863e-03,2.497515111455e-01,3.134362705665e-02,-1.028670634649e-03
"                 660",-5.109597697615e+00,4.464847370041e+01,-1.985676694738e-05,-4.859976186373e+00,4.467984091446e+01,-1.093197297316e-03,2.496215112416e-01,3.136721404731e-02,-1.073340530368e-03
"                 661",-5.108198201307e+00,4.463810390963e+01,-1.988824156917e-05,-4.858694489699e+00,4.466949419418e+01,-1.147056610509e-03,2.495037116085e-01,3.139028454833e-02,-1.127168368940e-03
"                 662",-5.107577615265e+00,4.462826104756e+01,-1.983885507491e-05,-4.858192017910e+00,4.465967486740e+01,-1.206567809179e-03,2.493855973556e-01,3.141381984058e-02,-1.186728954104e-03
"                 663",-5.107238880993e+00,4.462046341021e+01,-1.925636215082e-05,-4.857980983794e+00,4.465190088316e+01,-1.269886299964e-03,2.492578971993e-01,3.143747295203e-02,-1.250629937814e-03
"                 664",-5.106641688556e+00,4.461404998619e+01,-1.811580817899e-05,-4.857522703864e+00,4.464551411011e+01,-1.335090366932e-03,2.491189846925e-01,3.146412392547e-02,-1.316974558753e-03
"                 665",-5.106555044113e+00,4.460987443948e+01,-1.741278082915e-05,-4.857589772237e+00,4.464135605165e+01,-1.400753043766e-03,2.489652718762e-01,3.148161217161e-02,-1.383340262936e-03
"                 666",-5.106454793187e+00,4.460393535964e+01,-1.748918080573e-05,-4.857636533171e+00,4.463543192087e+01,-1.463590630385e-03,2.488182600160e-01,3.149656123628e-02,-1.446101449580e-03
"                 667",-5.105973818754e+00,4.459447947340e+01,-1.770345484378e-05,-4.857288450456e+00,4.462599232662e+01,-1.523206172819e-03,2.486853682973e-01,3.151285321264e-02,-1.505502717975e-03
"                 668",-5.105405941369e+00,4.458631724301e+01,-1.745781747753e-05,-4.856851780174e+00,4.461784177636e+01,-1.589351088700e-03,2.485541611950e-01,3.152453334292e-02,-1.571893271223e-03
"                 669",-5.103887354623e+00,4.457907943947e+01,-1.671340700720e-05,-4.855479468118e+00,4.461060244019e+01,-1.670657504465e-03,2.484078865054e-01,3.152300071844e-02,-1.653944097458e-03
"                 670",-5.102952679592e+00,4.457572400507e+01,-1.523622994840e-05,-4.854723011918e+00,4.460723896735e+01,-1.764444486291e-03,2.482296676735e-01,3.151496228635e-02,-1.749208256343e-03
"                 671",-5.103426840813e+00,4.457660616666e+01,-1.334615952555e-05,-4.855374068291e+00,4.460811803298e+01,-1.859560918438e-03,2.480527725223e-01,3.151186631807e-02,-1.846214758913e-03
"                 672",-5.105157583707e+00,4.457915084496e+01,-1.147877779472e-05,-4.857268505705e+00,4.461065826172e+01,-1.948066128836e-03,2.478890780020e-01,3.150741676011e-02,-1.936587351042e-03
"                 673",-5.106485359649e+00,4.458004387037e+01,-9.947614726194e-06,-4.858759412647e+00,4.461154450255e+01,-2.022124187855e-03,2.477259470016e-01,3.150063218035e-02,-2.012176573129e-03
"                 674",-5.106582793689e+00,4.457950971929e+01,-8.448594031363e-06,-4.859026156341e+00,4.461099145942e+01,-2.077440779891e-03,2.475566373477e-01,3.148174013352e-02,-2.068992185860e-03
"                 675",-5.105830453812e+00,4.457892174270e+01,-6.734561957205e-06,-4.858454626757e+00,4.461037999825e+01,-2.110200931812e-03,2.473758270549e-01,3.145825555461e-02,-2.103466369855e-03
"                 676",-5.105093787455e+00,4.457829832683e+01,-5.034821824824e-06,-4.857905432069e+00,4.460973270834e+01,-2.122098788351e-03,2.471883553855e-01,3.143438150376e-02,-2.117063966526e-03
"                 677",-5.104470728265e+00,4.457917765254e+01,-3.722994599099e-06,-4.857489986266e+00,4.461058762603e+01,-2.104037277339e-03,2.469807419990e-01,3.140997348771e-02,-2.100314282740e-03
"                 678",-5.103430981818e+00,4.457736303799e+01,-2.711723815823e-06,-4.856670545846e+00,4.460874403472e+01,-2.061659808476e-03,2.467604359725e-01,3.138099672360e-02,-2.058948084660e-03
"                 679",-5.101629829813e+00,4.457224023432e+01,-1.669444816960e-06,-4.855100004345e+00,4.460359171676e+01,-2.007878968132e-03,2.465298254681e-01,3.135148244030e-02,-2.006209523315e-03
"                 680",-5.100091521126e+00,4.456789288866e+01,-3.098595383408e-07,-4.853809480632e+00,4.459921989350e+01,-1.939162167251e-03,2.462820404937e-01,3.132700483241e-02,-1.938852307713e-03
"                 681",-5.098680497585e+00,4.456701492933e+01,6.290675734951e-07,-4.852689757825e+00,4.459831850039e+01,-1.853147203599e-03,2.459907397600e-01,3.130357106181e-02,-1.853776271172e-03
"                 682",-5.098043047928e+00,4.456830332398e+01,1.256603179126e-06,-4.852363721416e+00,4.459958194738e+01,-1.751988190516e-03,2.456793265125e-01,3.127862339075e-02,-1.753244793695e-03
"                 683",-5.096985469569e+00,4.456489933575e+01,1.718112917221e-06,-4.851602262190e+00,4.459614086127e+01,-1.635629796305e-03,2.453832073794e-01,3.124152552326e-02,-1.637347909222e-03
"                 684",-5.095327737528e+00,4.455496426336e+01,2.376260819318e-06,-4.850220603222e+00,4.458616223662e+01,-1.507117713895e-03,2.451071343064e-01,3.119797326664e-02,-1.509493974714e-03
"                 685",-5.093791370788e+00,4.454261648931e+01,3.135350185509e-06,-4.848945092781e+00,4.457378278031e+01,-1.367891756802e-03,2.448462780076e-01,3.116629100058e-02,-1.371027106988e-03
"                 686",-5.092519935542e+00,4.452989495050e+01,4.049528071410e-06,-4.847929327906e+00,4.456103926439e+01,-1.222918183639e-03,2.445906076362e-01,3.114431389503e-02,-1.226967711710e-03
"                 687",-5.091246829085e+00,4.451755834616e+01,4.639637630958e-06,-4.846921470409e+00,4.454868925595e+01,-1.077372619944e-03,2.443253586761e-01,3.113090979482e-02,-1.082012257575e-03
"                 688",-5.089421323875e+00,4.450481137964e+01,4.843913667898e-06,-4.845365118547e+00,4.453592722205e+01,-9.295260899528e-04,2.440562053287e-01,3.111584240205e-02,-9.343700036207e-04
"                 689",-5.087544312745e+00,4.448790905193e+01,5.010817436194e-06,-4.843742491028e+00,4.451900215112e+01,-7.835050944881e-04,2.438018217168e-01,3.109309918811e-02,-7.885159119243e-04
"                 690",-5.086313109649e+00,4.446805742061e+01,5.412599447799e-06,-4.842726202334e+00,4.449913636597e+01,-6.434511165788e-04,2.435869073154e-01,3.107894535415e-02,-6.488637160266e-04
"                 691",-5.085675018810e+00,4.444648302330e+01,6.158933480757e-06,-4.842260809024e+00,4.447756813189e+01,-5.119599963791e-04,2.434142097860e-01,3.108510859183e-02,-5.181189298599e-04
"                 692",-5.085034433310e+00,4.442681819036e+01,6.982854890631e-06,-4.841758518717e+00,4.445793056005e+01,-3.908069762006e-04,2.432759145929e-01,3.111236969216e-02,-3.977898310912e-04
"                 693",-5.083879130434e+00,4.440739470163e+01,7.751738035686e-06,-4.840714558600e+00,4.443853060568e+01,-2.850152147805e-04,2.431645718340e-01,3.113590404653e-02,-2.927669528162e-04
"                 694",-5.082757424038e+00,4.438751438486e+01,8.049063327368e-06,-4.839680369183e+00,4.441867294275e+01,-1.998422196203e-04,2.430770548550e-01,3.115855789355e-02,-2.078912829477e-04
"                 695",-5.082326605890e+00,4.436948684425e+01,8.555859751401e-06,-4.839325312244e+00,4.440066684792e+01,-1.363071454848e-04,2.430012936461e-01,3.118000366758e-02,-1.448630052362e-04
"                 696",-5.082534229722e+00,4.435684509419e+01,9.397964235419e-06,-4.839601642224e+00,4.438805507520e+01,-9.308011268621e-05,2.429325874981e-01,3.120998100558e-02,-1.024780769216e-04
"                 697",-5.082447923978e+00,4.434348517099e+01,9.972039500646e-06,-4.839547641291e+00,4.437473247811e+01,-8.058027896131e-05,2.429002826867e-01,3.124730711768e-02,-9.055231846195e-05
"                 698",-5.081909837943e+00,4.432562422875e+01,1.018634102328e-05,-4.839003764082e+00,4.435691880038e+01,-1.002094656669e-04,2.429060738610e-01,3.129457162790e-02,-1.103958066902e-04
"                 699",-5.081272270122e+00,4.430736936820e+01,1.012892719552e-05,-4.838325255882e+00,4.433872668928e+01,-1.420632314842e-04,2.429470142401e-01,3.135732108076e-02,-1.521921586798e-04
"                 700",-5.081440872126e+00,4.429387869039e+01,9.928064079088e-06,-4.838423297602e+00,4.432531984566e+01,-1.892849421963e-04,2.430175745240e-01,3.144115527192e-02,-1.992130062754e-04
"                 701",-5.082237328418e+00,4.428810064884e+01,9.200109348806e-06,-4.839140158430e+00,4.431961896451e+01,-2.396357716825e-04,2.430971699878e-01,3.151831567621e-02,-2.488358810313e-04
"                 702",-5.082103600652e+00,4.428358000992e+01,7.704831286297e-06,-4.838939740117e+00,4.431516144818e+01,-3.003837184756e-04,2.431638605352e-01,3.158143826420e-02,-3.080885497619e-04
"                 703",-5.081155878903e+00,4.427509463141e+01,5.678720210197e-06,-4.837923770509e+00,4.430672823733e+01,-3.610582769719e-04,2.432321083942e-01,3.163360592966e-02,-3.667369971821e-04
"                 704",-5.079738269007e+00,4.426298103198e+01,3.850257129073e-06,-4.836439734485e+00,4.429466797320e+01,-4.147255749708e-04,2.432985345220e-01,3.168694121888e-02,-4.185758320998e-04
"                 705",-5.078185223706e+00,4.425263446052e+01,2.384126522804e-06,-4.834840200983e+00,4.428437185898e+01,-4.676313389076e-04,2.433450227230e-01,3.173739845528e-02,-4.700154654304e-04
"                 706",-5.076032110278e+00,4.424252270518e+01,8.597359597395e-07,-4.832650742896e+00,4.427430630900e+01,-5.238728202405e-04,2.433813673826e-01,3.178360382873e-02,-5.247325562002e-04
"                 707",-5.074122138610e+00,4.423352243294e+01,-8.596722252766e-07,-4.830712107177e+00,4.426535610651e+01,-5.754780150089e-04,2.434100314332e-01,3.183367356845e-02,-5.746183427836e-04
"                 708",-5.073095650909e+00,4.422806801646e+01,-2.685538521314e-06,-4.829670382688e+00,4.425995413745e+01,-6.200850849329e-04,2.434252682207e-01,3.188612099337e-02,-6.173995464116e-04
"                 709",-5.072499939417e+00,4.422579913036e+01,-4.142704446723e-06,-4.829079524916e+00,4.425774323098e+01,-6.692526742003e-04,2.434204145011e-01,3.194410061712e-02,-6.651099697536e-04
"                 710",-5.072019177447e+00,4.422330879793e+01,-4.909876145004e-06,-4.828614068517e+00,4.425530688208e+01,-7.116648783873e-04,2.434051089301e-01,3.199808414969e-02,-7.067550022423e-04
"                 711",-5.070840082128e+00,4.421934458570e+01,-5.455980237331e-06,-4.827459199956e+00,4.425138400142e+01,-7.398945089959e-04,2.433808821725e-01,3.203941572581e-02,-7.344385287586e-04
"                 712",-5.068634546677e+00,4.421606206323e+01,-6.087002239515e-06,-4.825293790405e+00,4.424813028636e+01,-7.546189914552e-04,2.433407562717e-01,3.206822313635e-02,-7.485319892157e-04
"                 713",-5.066166373531e+00,4.421538578035e+01,-6.341711761918e-06,-4.822897041843e+00,4.424748445757e+01,-7.503374498584e-04,2.432693316879e-01,3.209867721663e-02,-7.439957380965e-04
"                 714",-5.063824825107e+00,4.421581549611e+01,-6.155157616749e-06,-4.820649174247e+00,4.424794290278e+01,-7.317376598256e-04,2.431756508595e-01,3.212740667132e-02,-7.255825022089e-04
"                 715",-5.061957915017e+00,4.421856931177e+01,-5.779861529031e-06,-4.818892055783e+00,4.425071969955e+01,-6.999669052381e-04,2.430658592334e-01,3.215038778471e-02,-6.941870437091e-04
"                 716",-5.060380600655e+00,4.422265912367e+01,-5.289470608024e-06,-4.817431654296e+00,4.425483360972e+01,-6.476353250911e-04,2.429489463582e-01,3.217448605880e-02,-6.423458544831e-04
"                 717",-5.057422564152e+00,4.422245622618e+01,-4.467625139792e-06,-4.814600794143e+00,4.425464144984e+01,-5.816126773634e-04,2.428217700096e-01,3.218522366518e-02,-5.771450522236e-04
"                 718",-5.053516301970e+00,4.421853140790e+01,-3.150521445970e-06,-4.810846213862e+00,4.425070345045e+01,-5.106420581120e-04,2.426700881085e-01,3.217204254626e-02,-5.074915366660e-04
"                 719",-5.049582933022e+00,4.421387869994e+01,-1.702782090418e-06,-4.807091816823e+00,4.424602892233e+01,-4.408728651719e-04,2.424911161993e-01,3.215022238624e-02,-4.391700830815e-04
"                 720",-5.046495143070e+00,4.421088425084e+01,-8.468421769885e-07,-4.804212746953e+00,4.424301503176e+01,-3.785225847031e-04,2.422823961170e-01,3.213078092435e-02,-3.776757425261e-04
"                 721",-5.044191156814e+00,4.421186351474e+01,-7.387569972350e-07,-4.802139990927e+00,4.424397196882e+01,-3.260585518500e-04,2.420511658871e-01,3.210845407589e-02,-3.253197948527e-04
"                 722",-5.041782972361e+00,4.421359878048e+01,-9.218719984799e-07,-4.799989818020e+00,4.424567357785e+01,-2.790750418522e-04,2.417931543416e-01,3.207479737095e-02,-2.781531698537e-04
"                 723",-5.039230317472e+00,4.421452525145e+01,-7.719612486847e-07,-4.797710229299e+00,4.424655257776e+01,-2.484518461736e-04,2.415200881729e-01,3.202732630575e-02,-2.476798849249e-04
"                 724",-5.035824518474e+00,4.421236517038e+01,-4.128637249573e-07,-4.794599508890e+00,4.424432471198e+01,-2.408872276002e-04,2.412250095833e-01,3.195954160633e-02,-2.404743638752e-04
"                 725",-5.031649621998e+00,4.420158606103e+01,6.300847113564e-08,-4.790735925630e+00,4.423346407703e+01,-2.518001779407e-04,2.409136963677e-01,3.187801599989e-02,-2.518631864119e-04
"                 726",-5.027956445494e+00,4.418694327616e+01,1.133260023346e-06,-4.787369550024e+00,4.421874069960e+01,-2.693352095938e-04,2.405868954705e-01,3.179742344449e-02,-2.704684696172e-04
"                 727",-5.025441587315e+00,4.417251728776e+01,3.005392083888e-06,-4.785186199540e+00,4.420425912924e+01,-2.961809509058e-04,2.402553877753e-01,3.174184148183e-02,-2.991863429897e-04
"                 728",-5.023316994073e+00,4.415859798359e+01,4.950725332635e-06,-4.783405983392e+00,4.419028460947e+01,-3.339330928334e-04,2.399110106811e-01,3.168662587996e-02,-3.388838181661e-04
"                 729",-5.020201908643e+00,4.414749062402e+01,6.701400789274e-06,-4.780671230251e+00,4.417910726693e+01,-3.760381904862e-04,2.395306783918e-01,3.161664291474e-02,-3.827395912755e-04
"                 730",-5.016829346131e+00,4.413837277781e+01,8.228437319661e-06,-4.777664573501e+00,4.416992455574e+01,-4.290406093505e-04,2.391647726306e-01,3.155177792527e-02,-4.372690466701e-04
"                 731",-5.013939003197e+00,4.412495194178e+01,9.474339425436e-06,-4.775102719833e+00,4.415645317092e+01,-4.894567259638e-04,2.388362833647e-01,3.150122913469e-02,-4.989310653893e-04
"                 732",-5.011466338165e+00,4.410394530520e+01,1.058030926240e-05,-4.772922683975e+00,4.413540144003e+01,-5.522758660630e-04,2.385436541909e-01,3.145613482374e-02,-5.628561753254e-04
"                 733",-5.008735735568e+00,4.407813896029e+01,1.182752480416e-05,-4.770439990719e+00,4.410956305575e+01,-6.131237952380e-04,2.382957448482e-01,3.142409545862e-02,-6.249513200422e-04
"                 734",-5.005691896601e+00,4.405560758352e+01,1.293379139577e-05,-4.767618797448e+00,4.408702043512e+01,-6.699016803562e-04,2.380730991528e-01,3.141285159905e-02,-6.828354717520e-04
"                 735",-5.002602404440e+00,4.403823019943e+01,1.378866416920e-05,-4.764735867437e+00,4.406964061463e+01,-7.242571362621e-04,2.378665370031e-01,3.141041519912e-02,-7.380458004313e-04
"                 736",-4.999409550314e+00,4.401937381161e+01,1.442876873046e-05,-4.761718839658e+00,4.405077915162e+01,-7.757289294928e-04,2.376907106556e-01,3.140534001123e-02,-7.901576982233e-04
"                 737",-4.995974376585e+00,4.399302354680e+01,1.517614473355e-05,-4.758424167949e+00,4.402441842007e+01,-8.201988273621e-04,2.375502086360e-01,3.139487327062e-02,-8.353749720957e-04
"                 738",-4.993182254893e+00,4.396543715149e+01,1.668164195792e-05,-4.755744153479e+00,4.399683588335e+01,-8.603958231099e-04,2.374381014141e-01,3.139873185756e-02,-8.770774650678e-04
"                 739",-4.990749170381e+00,4.394404552413e+01,1.864277884406e-05,-4.753420204961e+00,4.397546598374e+01,-9.015750844769e-04,2.373289654206e-01,3.142045960993e-02,-9.202178633209e-04
"                 740",-4.987686722672e+00,4.392871853318e+01,2.049275669515e-05,-4.750465040053e+00,4.396016123415e+01,-9.466001286031e-04,2.372216826195e-01,3.144270097016e-02,-9.670928852983e-04
"                 741",-4.984235965524e+00,4.391618307161e+01,2.229246148578e-05,-4.747107716571e+00,4.394763989624e+01,-9.943508787012e-04,2.371282489529e-01,3.145682462825e-02,-1.016643340187e-03
"                 742",-4.980789499965e+00,4.390104967727e+01,2.455181953891e-05,-4.743724793643e+00,4.393252433873e+01,-1.031298632960e-03,2.370647063219e-01,3.147466146141e-02,-1.055850452499e-03
"                 743",-4.977286783065e+00,4.388403694875e+01,2.718240487575e-05,-4.740261070473e+00,4.391552139910e+01,-1.033301063473e-03,2.370257125912e-01,3.148445034286e-02,-1.060483468349e-03
"                 744",-4.974063452991e+00,4.386821778786e+01,2.982648356436e-05,-4.737063664369e+00,4.389973391372e+01,-9.938875251144e-04,2.369997886215e-01,3.151612585458e-02,-1.023714008679e-03
"                 745",-4.971317704777e+00,4.385915051436e+01,3.214390589410e-05,-4.734370232048e+00,4.389072517177e+01,-9.218430024707e-04,2.369474727286e-01,3.157465740814e-02,-9.539869083648e-04
"                 746",-4.968548218816e+00,4.385447707555e+01,3.384538470065e-05,-4.731667354378e+00,4.388610784416e+01,-8.185389790971e-04,2.368808644379e-01,3.163076860613e-02,-8.523843637977e-04
"                 747",-4.964672724932e+00,4.384468890525e+01,3.558842172290e-05,-4.727852090100e+00,4.387637179817e+01,-6.910094722249e-04,2.368206348315e-01,3.168289291978e-02,-7.265978939478e-04
"                 748",-4.961004188821e+00,4.383268763360e+01,3.699008122426e-05,-4.724238058821e+00,4.386441648000e+01,-5.491018910853e-04,2.367661299995e-01,3.172884639940e-02,-5.860919723096e-04
"                 749",-4.958204467753e+00,4.382425214671e+01,3.927107851369e-05,-4.721497447665e+00,4.385602838575e+01,-4.015393170905e-04,2.367070200879e-01,3.177623903518e-02,-4.408103956042e-04
"                 750",-4.955470677852e+00,4.382158639537e+01,4.182475609800e-05,-4.718829279633e+00,4.385340985670e+01,-2.487042131504e-04,2.366413982187e-01,3.182346132692e-02,-2.905289692484e-04
"                 751",-4.952480770704e+00,4.381970696040e+01,4.365310465994e-05,-4.715891423002e+00,4.385158106612e+01,-9.157783006212e-05,2.365893477019e-01,3.187410571722e-02,-1.352309347221e-04
"                 752",-4.948571009786e+00,4.381379914380e+01,4.496657001900e-05,-4.712040068723e+00,4.384572074482e+01,6.655985436144e-05,2.365309410629e-01,3.192160101936e-02,2.159328434244e-05
"                 753",-4.944088871605e+00,4.380275978208e+01,4.599470030152e-05,-4.707617552968e+00,4.383472517757e+01,2.127565795182e-04,2.364713186378e-01,3.196539549486e-02,1.667618792167e-04
"                 754",-4.940149854348e+00,4.378870081384e+01,4.677508498997e-05,-4.703713852948e+00,4.382071947259e+01,3.506541553862e-04,2.364360014005e-01,3.201865875432e-02,3.038790703962e-04
"                 755",-4.937181511750e+00,4.377486429211e+01,4.714378404098e-05,-4.700743092926e+00,4.380694880071e+01,4.853227571339e-04,2.364384188246e-01,3.208450859261e-02,4.381789730930e-04
"                 756",-4.934031948302e+00,4.376327780898e+01,4.742572028504e-05,-4.697593472857e+00,4.379543631748e+01,6.088642620100e-04,2.364384754447e-01,3.215850849378e-02,5.614385417249e-04
"                 757",-4.930347854021e+00,4.375179901951e+01,4.783115841052e-05,-4.693911439335e+00,4.378404080825e+01,7.211630520569e-04,2.364364146858e-01,3.224178874501e-02,6.733318936464e-04
"                 758",-4.926952606553e+00,4.374064256930e+01,4.847448172482e-05,-4.690526769431e+00,4.377298078843e+01,8.184582364489e-04,2.364258371221e-01,3.233821912808e-02,7.699837547241e-04
"                 759",-4.924020797448e+00,4.372812773383e+01,4.895888353526e-05,-4.687620541237e+00,4.376057046639e+01,8.970944559788e-04,2.364002562106e-01,3.244273255895e-02,8.481355724435e-04
"                 760",-4.919950861893e+00,4.371437036768e+01,4.907931914975e-05,-4.683596407932e+00,4.374690950530e+01,9.593251525588e-04,2.363544539600e-01,3.253913761926e-02,9.102458334090e-04
"                 761",-4.914983193860e+00,4.369936231909e+01,4.914457039376e-05,-4.678692020546e+00,4.373198975204e+01,1.014287399511e-03,2.362911733144e-01,3.262743294840e-02,9.651428291170e-04
"                 762",-4.910426240162e+00,4.368476229918e+01,4.930521150764e-05,-4.674210786192e+00,4.371746958537e+01,1.065504666340e-03,2.362154539704e-01,3.270728619280e-02,1.016199454832e-03
"                 763",-4.907047306668e+00,4.367205501620e+01,4.941118260064e-05,-4.670888404221e+00,4.370482804965e+01,1.104606351752e-03,2.361589024471e-01,3.277303345620e-02,1.055195169151e-03
"                 764",-4.903354579959e+00,4.365660700263e+01,4.934285677192e-05,-4.667220741591e+00,4.368944408303e+01,1.130432540089e-03,2.361338383676e-01,3.283708040028e-02,1.081089683317e-03
"                 765",-4.898100774082e+00,4.363303319749e+01,4.889012400250e-05,-4.661971476853e+00,4.366593165138e+01,1.148911369382e-03,2.361292972281e-01,3.289845389131e-02,1.100021245380e-03
"                 766",-4.891855256107e+00,4.361071511186e+01,4.820309257631e-05,-4.655741637286e+00,4.364367290596e+01,1.162103797095e-03,2.361136188215e-01,3.295779410175e-02,1.113900704519e-03
"                 767",-4.886147396857e+00,4.359493455308e+01,4.743758522181e-05,-4.650063882262e+00,4.362794948587e+01,1.166785891403e-03,2.360835145947e-01,3.301493278700e-02,1.119348306181e-03
"                 768",-4.881683329353e+00,4.358438920947e+01,4.632229113683e-05,-4.645651463771e+00,4.361746896549e+01,1.159669137418e-03,2.360318655822e-01,3.307975601474e-02,1.113346846281e-03
"                 769",-4.877803738924e+00,4.357458795726e+01,4.491443123747e-05,-4.641849485026e+00,4.360773380000e+01,1.140390340563e-03,2.359542538983e-01,3.314584273617e-02,1.095475909325e-03
"                 770",-4.873630104696e+00,4.356269993692e+01,4.355573586195e-05,-4.637744076479e+00,4.359590550968e+01,1.110866806862e-03,2.358860282168e-01,3.320557275979e-02,1.067311071000e-03
"                 771",-4.868971614791e+00,4.354655860893e+01,4.219830653852e-05,-4.633131821905e+00,4.357981042214e+01,1.071082399521e-03,2.358397928858e-01,3.325181320893e-02,1.028884092983e-03
"                 772",-4.864291032279e+00,4.352436898636e+01,4.039390076784e-05,-4.628480866159e+00,4.355764393036e+01,1.014671471870e-03,2.358101661194e-01,3.327494400001e-02,9.742775711022e-04
"                 773",-4.859482447640e+00,4.350565770104e+01,3.780493256569e-05,-4.623709449830e+00,4.353894459137e+01,9.392524164636e-04,2.357729978099e-01,3.328689033157e-02,9.014474838979e-04
"                 774",-4.854788820017e+00,4.349314874188e+01,3.455653032376e-05,-4.619061083664e+00,4.352644748899e+01,8.476265321402e-04,2.357277363535e-01,3.329874711810e-02,8.130700018164e-04
"                 775",-4.850439089640e+00,4.347924937123e+01,3.122421086605e-05,-4.614766445987e+00,4.351255749055e+01,7.520000727826e-04,2.356726436527e-01,3.330811932373e-02,7.207758619166e-04
"                 776",-4.846115819461e+00,4.346100274290e+01,2.793724083679e-05,-4.610531392134e+00,4.349429487031e+01,6.510024674051e-04,2.355844273278e-01,3.329212741177e-02,6.230652265683e-04
"                 777",-4.841628309494e+00,4.343600915256e+01,2.472267312906e-05,-4.606152410271e+00,4.346926279612e+01,5.515015252193e-04,2.354758992226e-01,3.325364355989e-02,5.267788520903e-04
"                 778",-4.836509399474e+00,4.340548453335e+01,2.159501373579e-05,-4.601163208972e+00,4.343867882633e+01,4.691838563072e-04,2.353461905016e-01,3.319429298087e-02,4.475888425714e-04
"                 779",-4.830999914203e+00,4.337304340083e+01,1.863245431293e-05,-4.595779689396e+00,4.340616397215e+01,4.085548990489e-04,2.352202248073e-01,3.312057132312e-02,3.899224447359e-04
"                 780",-4.825296241039e+00,4.333113897492e+01,1.640130699117e-05,-4.590174286778e+00,4.336418975317e+01,3.599887901147e-04,2.351219542612e-01,3.305077824661e-02,3.435874831235e-04
"                 781",-4.819556700669e+00,4.328470928758e+01,1.498297478668e-05,-4.584539868003e+00,4.331768407247e+01,3.176227851445e-04,2.350168326662e-01,3.297478488421e-02,3.026398103578e-04
"                 782",-4.814091533987e+00,4.323481268769e+01,1.404993845683e-05,-4.579166998184e+00,4.326770854375e+01,2.777563896102e-04,2.349245358032e-01,3.289585606420e-02,2.637064511533e-04
"                 783",-4.809147089365e+00,4.318411441376e+01,1.345094645296e-05,-4.574306420555e+00,4.321694186353e+01,2.362797540745e-04,2.348406688102e-01,3.282744976707e-02,2.228288076216e-04
"                 784",-4.804316064549e+00,4.312701495758e+01,1.284795673153e-05,-4.569540997151e+00,4.315979208220e+01,1.981620307058e-04,2.347750673988e-01,3.277712462558e-02,1.853140739743e-04
"                 785",-4.799754450421e+00,4.306077579798e+01,1.252552626889e-05,-4.565022770760e+00,4.309350346036e+01,1.584537810382e-04,2.347316796606e-01,3.272766238143e-02,1.459282547693e-04
"                 786",-4.795342056473e+00,4.298682216935e+01,1.258105249942e-05,-4.560621027283e+00,4.301949819351e+01,1.117457068892e-04,2.347210291891e-01,3.267602415588e-02,9.916465438978e-05
"                 787",-4.790769444519e+00,4.290825082944e+01,1.319840046724e-05,-4.556035657724e+00,4.294087943147e+01,5.659499022490e-05,2.347337867950e-01,3.262860203701e-02,4.339658975765e-05
"                 788",-4.785657210923e+00,4.282861153248e+01,1.410625697296e-05,-4.550878886093e+00,4.286120382957e+01,-1.923284703357e-06,2.347783248302e-01,3.259229709906e-02,-1.602954167632e-05
"                 789",-4.780943506637e+00,4.274640368335e+01,1.513783541430e-05,-4.546080462775e+00,4.277898499454e+01,-5.754263547863e-05,2.348630438617e-01,3.258131119869e-02,-7.268047089293e-05
"                 790",-4.777122394828e+00,4.266252571504e+01,1.614185769719e-05,-4.542158253417e+00,4.269511507703e+01,-1.141537147509e-04,2.349641414106e-01,3.258936198490e-02,-1.302955724481e-04
"                 791",-4.774846849123e+00,4.257785013188e+01,1.696941077910e-05,-4.539763993678e+00,4.261044594196e+01,-1.774136323482e-04,2.350828554456e-01,3.259581008025e-02,-1.943830431273e-04
"                 792",-4.772456796662e+00,4.249158422265e+01,1.770182305518e-05,-4.537233828487e+00,4.252417078720e+01,-2.476219554263e-04,2.352229681747e-01,3.258656454530e-02,-2.653237784815e-04
"                 793",-4.768972346202e+00,4.240389707212e+01,1.849178732278e-05,-4.533583165155e+00,4.243646893065e+01,-3.161824830148e-04,2.353891810466e-01,3.257185853410e-02,-3.346742703376e-04
"                 794",-4.765778711261e+00,4.232030444722e+01,1.982211769619e-05,-4.530228960659e+00,4.235288384920e+01,-3.779585273628e-04,2.355497506018e-01,3.257940198038e-02,-3.977806450590e-04
"                 795",-4.763714990195e+00,4.224722546921e+01,2.124110958796e-05,-4.528019712263e+00,4.227985061564e+01,-4.392678628853e-04,2.356952779329e-01,3.262514643202e-02,-4.605089724733e-04
"                 796",-4.761791957579e+00,4.218145054804e+01,2.259020969860e-05,-4.525978579539e+00,4.221412909356e+01,-4.943280350242e-04,2.358133780398e-01,3.267854551343e-02,-5.169182447228e-04
"                 797",-4.758825473463e+00,4.212531108827e+01,2.396495658341e-05,-4.522944018818e+00,4.215803256236e+01,-5.289399114880e-04,2.358814546453e-01,3.272147408894e-02,-5.529048680714e-04
"                 798",-4.754758097337e+00,4.208073356841e+01,2.574294150924e-05,-4.518851304139e+00,4.211347869746e+01,-5.507623299529e-04,2.359067931978e-01,3.274512905008e-02,-5.765052714622e-04
"                 799",-4.750798474884e+00,4.204618179303e+01,2.744165353948e-05,-4.514889560836e+00,4.207894513994e+01,-5.576899082570e-04,2.359089140478e-01,3.276334691029e-02,-5.851315617965e-04
"                 800",-4.748344510512e+00,4.202514172920e+01,2.823147536410e-05,-4.512461161570e+00,4.205792578943e+01,-5.468283337682e-04,2.358833489421e-01,3.278406023009e-02,-5.750598091323e-04
"                 801",-4.746234310081e+00,4.201403904574e+01,2.764460938758e-05,-4.510403156184e+00,4.204684724646e+01,-5.221241903111e-04,2.358311538978e-01,3.280820072213e-02,-5.497687996987e-04
"                 802",-4.743767721919e+00,4.201040275767e+01,2.640646826461e-05,-4.508011022972e+00,4.204323256982e+01,-4.949725878344e-04,2.357566989462e-01,3.282981214660e-02,-5.213790560991e-04
"                 803",-4.740068290173e+00,4.201692577791e+01,2.532716113782e-05,-4.504421391486e+00,4.204975911499e+01,-4.638779027067e-04,2.356468986873e-01,3.283333708465e-02,-4.892050638445e-04
"                 804",-4.736316466353e+00,4.203008177322e+01,2.459334304153e-05,-4.500777170130e+00,4.206290746812e+01,-4.345721892387e-04,2.355392962224e-01,3.282569489826e-02,-4.591655322802e-04
"                 805",-4.733624277581e+00,4.204325028428e+01,2.483300888326e-05,-4.498202017799e+00,4.207607630175e+01,-4.009796899699e-04,2.354222597824e-01,3.282601746213e-02,-4.258126988531e-04
"                 806",-4.731217710299e+00,4.205404427555e+01,2.574248966624e-05,-4.495934829801e+00,4.208687023297e+01,-3.633846382060e-04,2.352828804978e-01,3.282595741621e-02,-3.891271278722e-04
"                 807",-4.727335726739e+00,4.206476771944e+01,2.645182621780e-05,-4.492206475184e+00,4.209759683849e+01,-3.163236893409e-04,2.351292515544e-01,3.282911904974e-02,-3.427755155587e-04
"                 808",-4.721881334412e+00,4.207789545525e+01,2.682665130292e-05,-4.486912003933e+00,4.211073981782e+01,-2.595242366479e-04,2.349693304784e-01,3.284436257175e-02,-2.863508879508e-04
"                 809",-4.715943319708e+00,4.209491239399e+01,2.729638186277e-05,-4.481126451308e+00,4.212777780614e+01,-1.967640093917e-04,2.348168683997e-01,3.286541215054e-02,-2.240603912544e-04
"                 810",-4.710001043042e+00,4.211510719648e+01,2.769944055534e-05,-4.475322195820e+00,4.214798694398e+01,-1.334485543265e-04,2.346788472224e-01,3.287974750207e-02,-1.611479948818e-04
"                 811",-4.704215429125e+00,4.213207293897e+01,2.794719261761e-05,-4.469647871823e+00,4.216496650743e+01,-7.432711520618e-05,2.345675573018e-01,3.289356846603e-02,-1.022743078238e-04
"                 812",-4.698539697304e+00,4.214961225071e+01,2.850870866116e-05,-4.464070516954e+00,4.218253978929e+01,-1.899381727594e-05,2.344691803500e-01,3.292753857821e-02,-4.750252593710e-05
"                 813",-4.692785068770e+00,4.216972664353e+01,2.899313315970e-05,-4.458403801467e+00,4.220271655287e+01,3.227788498825e-05,2.343812673032e-01,3.298990934770e-02,3.284751828550e-06
"                 814",-4.686912156612e+00,4.218976216809e+01,2.923712511086e-05,-4.452617919330e+00,4.222282895995e+01,8.224799351112e-05,2.342942372815e-01,3.306679185421e-02,5.301086840025e-05
"                 815",-4.680360763457e+00,4.220695063551e+01,2.916018723488e-05,-4.446159817165e+00,4.224008844301e+01,1.324140776210e-04,2.342009462918e-01,3.313780749707e-02,1.032538903862e-04
"                 816",-4.673170401773e+00,4.221846725366e+01,2.881470096644e-05,-4.439049788046e+00,4.225165044502e+01,1.875279535334e-04,2.341206137268e-01,3.318319136265e-02,1.587132525670e-04
"                 817",-4.666244576892e+00,4.222352734033e+01,2.844587218632e-05,-4.432182348877e+00,4.225673624368e+01,2.372372646208e-04,2.340622280153e-01,3.320890335392e-02,2.087913924345e-04
"                 818",-4.659922488021e+00,4.222299942855e+01,2.839384556324e-05,-4.425882471049e+00,4.225622620210e+01,2.726100536915e-04,2.340400169721e-01,3.322677355005e-02,2.442162081282e-04
"                 819",-4.652823551274e+00,4.221487080916e+01,2.846692124598e-05,-4.418772448112e+00,4.224811749614e+01,3.008112680679e-04,2.340511031625e-01,3.324668698346e-02,2.723443468220e-04
"                 820",-4.645386025530e+00,4.220224309332e+01,2.844913235496e-05,-4.411295097449e+00,4.223551679331e+01,3.146554810615e-04,2.340909280811e-01,3.327369999515e-02,2.862063487065e-04
"                 821",-4.638263798086e+00,4.218759023237e+01,2.829584370701e-05,-4.404116514082e+00,4.222088873277e+01,3.090645433864e-04,2.341472840038e-01,3.329850040286e-02,2.807686996794e-04
"                 822",-4.632562700699e+00,4.217427285240e+01,2.813780767127e-05,-4.398342457245e+00,4.220759519465e+01,2.791442467671e-04,2.342202434536e-01,3.332234225254e-02,2.510064390958e-04
"                 823",-4.628712173090e+00,4.216161272670e+01,2.776405686825e-05,-4.394392740521e+00,4.219496188949e+01,2.338712775887e-04,2.343194325691e-01,3.334916278180e-02,2.061072207205e-04
"                 824",-4.624884764074e+00,4.213869969533e+01,2.735448736346e-05,-4.390419359466e+00,4.217206816328e+01,1.761453811378e-04,2.344654046079e-01,3.336846794604e-02,1.487908937744e-04
"                 825",-4.619652781559e+00,4.210066155806e+01,2.663319774889e-05,-4.385013865117e+00,4.213402916798e+01,1.064602495241e-04,2.346389164419e-01,3.336760992103e-02,7.982705177520e-05
"                 826",-4.613927811971e+00,4.205755291387e+01,2.523909847166e-05,-4.379118525870e+00,4.209092362487e+01,2.476010605783e-05,2.348092861009e-01,3.337071099567e-02,-4.789924138275e-07
"                 827",-4.608991966581e+00,4.201598925504e+01,2.353418792586e-05,-4.374005980587e+00,4.204937682027e+01,-6.760703042246e-05,2.349859859942e-01,3.338756523367e-02,-9.114121834832e-05
"                 828",-4.605637296609e+00,4.197718671192e+01,2.193768080389e-05,-4.370458790729e+00,4.201059272983e+01,-1.675868682796e-04,2.351785058800e-01,3.340601791017e-02,-1.895245490835e-04
"                 829",-4.603116139527e+00,4.193397406414e+01,2.066641071804e-05,-4.367728241700e+00,4.196737961326e+01,-2.657523207273e-04,2.353878978276e-01,3.340554911974e-02,-2.864187314453e-04
"                 830",-4.600253885172e+00,4.187971512042e+01,1.927703096074e-05,-4.364622442194e+00,4.191309282633e+01,-3.599988904929e-04,2.356314429779e-01,3.337770590534e-02,-3.792759214536e-04
"                 831",-4.597566503651e+00,4.181725778292e+01,1.802482512040e-05,-4.361666306723e+00,4.185060916723e+01,-4.535445499901e-04,2.359001969278e-01,3.335138431350e-02,-4.715693751105e-04
"                 832",-4.594863521693e+00,4.174993278099e+01,1.747716780891e-05,-4.358669727574e+00,4.178327551689e+01,-5.551567910945e-04,2.361937941187e-01,3.334273590297e-02,-5.726339589034e-04
"                 833",-4.592310768900e+00,4.168211991054e+01,1.753349419301e-05,-4.355826829746e+00,4.171545617527e+01,-6.658033287858e-04,2.364839391539e-01,3.333626473380e-02,-6.833368229788e-04
"                 834",-4.590406655131e+00,4.161790129997e+01,1.792551429377e-05,-4.353645106409e+00,4.165121721598e+01,-7.821012028347e-04,2.367615487226e-01,3.331591601338e-02,-8.000267171285e-04
"                 835",-4.588735798086e+00,4.155495266433e+01,1.871392065260e-05,-4.351693402769e+00,4.158823424586e+01,-8.960979060352e-04,2.370423953171e-01,3.328158152925e-02,-9.148118266878e-04
"                 836",-4.586838997480e+00,4.148560382375e+01,1.946764847966e-05,-4.349487717139e+00,4.151884589477e+01,-1.011988881315e-03,2.373512803418e-01,3.324207101875e-02,-1.031456529795e-03
"                 837",-4.584529314636e+00,4.141001187723e+01,2.021513793283e-05,-4.346854911942e+00,4.144321301781e+01,-1.128106865222e-03,2.376744026939e-01,3.320114057391e-02,-1.148322003155e-03
"                 838",-4.582209610887e+00,4.133282190600e+01,2.097076721856e-05,-4.344220789679e+00,4.136599886223e+01,-1.236643746903e-03,2.379888212081e-01,3.317695623457e-02,-1.257614514122e-03
"                 839",-4.580505475748e+00,4.125991664401e+01,2.184954053901e-05,-4.342211468147e+00,4.129309359008e+01,-1.332804258659e-03,2.382940076011e-01,3.317694606360e-02,-1.354653799198e-03
"                 840",-4.579149708703e+00,4.119054175889e+01,2.368359521979e-05,-4.340555050135e+00,4.122372546742e+01,-1.404965107315e-03,2.385946585680e-01,3.318370852968e-02,-1.428648702535e-03
"                 841",-4.577275922938e+00,4.112446515597e+01,2.597888313450e-05,-4.338381485248e+00,4.115764846113e+01,-1.459955146485e-03,2.388944376899e-01,3.318330516044e-02,-1.485934029619e-03
"                 842",-4.574659904384e+00,4.106116763367e+01,2.825339282738e-05,-4.335473849795e+00,4.109434892691e+01,-1.495671836929e-03,2.391860545892e-01,3.318129324254e-02,-1.523925229756e-03
"                 843",-4.572253492069e+00,4.100762584936e+01,3.076906779178e-05,-4.332795557082e+00,4.104080348104e+01,-1.510998349257e-03,2.394579349868e-01,3.317763167797e-02,-1.541767417049e-03
"                 844",-4.569915126736e+00,4.096587249209e+01,3.334448789903e-05,-4.330216417669e+00,4.099904634524e+01,-1.513336815983e-03,2.396987090670e-01,3.317385314858e-02,-1.546681303882e-03
"                 845",-4.567597864953e+00,4.093612934182e+01,3.565622839467e-05,-4.327679291810e+00,4.096930469690e+01,-1.503763296143e-03,2.399185731434e-01,3.317535508407e-02,-1.539419524538e-03
"                 846",-4.565410369304e+00,4.091417373996e+01,3.759625408648e-05,-4.325272518672e+00,4.094735757092e+01,-1.479660211716e-03,2.401378506316e-01,3.318383096009e-02,-1.517256465802e-03
"                 847",-4.563203737703e+00,4.089582881028e+01,3.912215757475e-05,-4.322855688202e+00,4.092902045223e+01,-1.443211901433e-03,2.403480495003e-01,3.319164195113e-02,-1.482334059007e-03
"                 848",-4.560865098819e+00,4.088087811239e+01,4.066168280162e-05,-4.320320944970e+00,4.091407687683e+01,-1.396330373555e-03,2.405441538487e-01,3.319876444121e-02,-1.436992056356e-03
"                 849",-4.559009690108e+00,4.087502335954e+01,4.228930862117e-05,-4.318291269245e+00,4.090824269641e+01,-1.343112514615e-03,2.407184208630e-01,3.321933687188e-02,-1.385401823236e-03
"                 850",-4.557775710028e+00,4.087609368955e+01,4.443562500709e-05,-4.316901821648e+00,4.090934067242e+01,-1.288201604517e-03,2.408738883801e-01,3.324698286603e-02,-1.332637229524e-03
"                 851",-4.556559107019e+00,4.087760959960e+01,4.652399455142e-05,-4.315549057558e+00,4.091087841347e+01,-1.229685170223e-03,2.410100494609e-01,3.326881386432e-02,-1.276209164774e-03
"                 852",-4.555041749800e+00,4.087798985596e+01,4.875705253047e-05,-4.313928216531e+00,4.091127276042e+01,-1.168980707680e-03,2.411135332685e-01,3.328290445991e-02,-1.217737760210e-03
"                 853",-4.553812903457e+00,4.087917554581e+01,5.138018701489e-05,-4.312621143431e+00,4.091247480264e+01,-1.117158649964e-03,2.411917600260e-01,3.329925682764e-02,-1.168538836979e-03
"                 854",-4.552741035596e+00,4.088067095515e+01,5.353365452435e-05,-4.311485532056e+00,4.091398028358e+01,-1.077613599285e-03,2.412555035400e-01,3.330932843963e-02,-1.131147253809e-03
"                 855",-4.551903427064e+00,4.088380315336e+01,5.483631079850e-05,-4.310587723911e+00,4.091711743002e+01,-1.065319441292e-03,2.413157031524e-01,3.331427666339e-02,-1.120155752091e-03
"                 856",-4.551532338948e+00,4.088728364967e+01,5.553135778615e-05,-4.310143269369e+00,4.092061096265e+01,-1.079935562211e-03,2.413890695793e-01,3.332731298400e-02,-1.135466919997e-03
"                 857",-4.550827105777e+00,4.089793672305e+01,5.605544506529e-05,-4.309375941058e+00,4.093129911919e+01,-1.099593455696e-03,2.414511647191e-01,3.336239614111e-02,-1.155648900761e-03
"                 858",-4.549263755659e+00,4.091963259656e+01,5.667792025443e-05,-4.307759044303e+00,4.095304502530e+01,-1.114578521759e-03,2.415047113560e-01,3.341242874444e-02,-1.171256442013e-03
"                 859",-4.547168205141e+00,4.094658685486e+01,5.789815573812e-05,-4.305606092799e+00,4.098004004596e+01,-1.124415954844e-03,2.415621123420e-01,3.345319109872e-02,-1.182314110582e-03
"                 860",-4.545336480418e+00,4.097263623463e+01,5.999378169915e-05,-4.303713596172e+00,4.100612572359e+01,-1.135433003815e-03,2.416228842462e-01,3.348948896225e-02,-1.195426785514e-03
"                 861",-4.543609473417e+00,4.099706227827e+01,6.234661877980e-05,-4.301939979362e+00,4.103059488062e+01,-1.147011357958e-03,2.416694940547e-01,3.353260235328e-02,-1.209357976738e-03
"                 862",-4.541400590304e+00,4.101992222449e+01,6.373642765141e-05,-4.299671364438e+00,4.105352379236e+01,-1.164335391062e-03,2.417292258663e-01,3.360156786589e-02,-1.228071818713e-03
"                 863",-4.539170755174e+00,4.103904456932e+01,6.453752085702e-05,-4.297339018295e+00,4.107272866568e+01,-1.184530120243e-03,2.418317368790e-01,3.368409636523e-02,-1.249067641100e-03
"                 864",-4.536364839162e+00,4.105543230663e+01,6.518139155712e-05,-4.294439931166e+00,4.108917959732e+01,-1.203601107541e-03,2.419249079966e-01,3.374729068854e-02,-1.268782499099e-03
"                 865",-4.532861248573e+00,4.107206686022e+01,6.575058485886e-05,-4.290855089034e+00,4.110586033676e+01,-1.220217355038e-03,2.420061595385e-01,3.379347654441e-02,-1.285967939897e-03
"                 866",-4.529329759398e+00,4.109131068428e+01,6.600445956797e-05,-4.287225389991e+00,4.112515483211e+01,-1.238771432777e-03,2.421043694072e-01,3.384414783111e-02,-1.304775892345e-03
"                 867",-4.526574715868e+00,4.111206832573e+01,6.597489570672e-05,-4.284345432517e+00,4.114596249655e+01,-1.256421313257e-03,2.422292833513e-01,3.389417081573e-02,-1.322396208963e-03
"                 868",-4.524308257278e+00,4.113566327961e+01,6.645415828347e-05,-4.281959863185e+00,4.116959837125e+01,-1.270321877795e-03,2.423483940924e-01,3.393509163992e-02,-1.336776036078e-03
"                 869",-4.521506921209e+00,4.116337520028e+01,6.696515448541e-05,-4.279061388612e+00,4.119735388908e+01,-1.282943730329e-03,2.424455325974e-01,3.397868880174e-02,-1.349908884815e-03
"                 870",-4.517343779142e+00,4.119236208920e+01,6.720568473802e-05,-4.274823801090e+00,4.122638285407e+01,-1.295003634650e-03,2.425199780517e-01,3.402076487175e-02,-1.362209319388e-03
"                 871",-4.512877669201e+00,4.122034067638e+01,6.795831896190e-05,-4.270300279624e+00,4.125439550316e+01,-1.304392771277e-03,2.425773895770e-01,3.405482677769e-02,-1.372351090239e-03
"                 872",-4.509308955165e+00,4.124564792467e+01,6.913162566698e-05,-4.266672858956e+00,4.127971922623e+01,-1.312039052040e-03,2.426360962087e-01,3.407130155930e-02,-1.381170677707e-03
"                 873",-4.506733186745e+00,4.126609669005e+01,7.019932061838e-05,-4.264019697727e+00,4.130016338307e+01,-1.319933903040e-03,2.427134890173e-01,3.406669301743e-02,-1.390133223659e-03
"                 874",-4.503564237671e+00,4.127921876218e+01,7.079578513720e-05,-4.260748528078e+00,4.131324578730e+01,-1.322319651262e-03,2.428157095936e-01,3.402702512272e-02,-1.393115436399e-03
"                 875",-4.499710741202e+00,4.128573018583e+01,7.058765168248e-05,-4.256776015201e+00,4.131971267059e+01,-1.315007931438e-03,2.429347260007e-01,3.398248475587e-02,-1.385595583121e-03
"                 876",-4.495603576724e+00,4.128374560541e+01,7.023254611179e-05,-4.252532594110e+00,4.131770284264e+01,-1.290260816378e-03,2.430709826141e-01,3.395723722861e-02,-1.360493362490e-03
"                 877",-4.492133209866e+00,4.127389892615e+01,7.021871964016e-05,-4.248897465403e+00,4.130785562907e+01,-1.253951778389e-03,2.432357444635e-01,3.395670292352e-02,-1.324170498029e-03
"                 878",-4.489275835934e+00,4.125847236442e+01,7.082825141216e-05,-4.245864842127e+00,4.129245736711e+01,-1.217305830968e-03,2.434109938066e-01,3.398500268883e-02,-1.288134082380e-03
"                 879",-4.487169464982e+00,4.123948068817e+01,7.185243315254e-05,-4.243555628215e+00,4.127351372329e+01,-1.181464317414e-03,2.436138367679e-01,3.403303512138e-02,-1.253316750566e-03
"                 880",-4.485009853074e+00,4.121770035731e+01,7.263417365815e-05,-4.241193513521e+00,4.125177965177e+01,-1.149309264095e-03,2.438163395533e-01,3.407929446520e-02,-1.221943437753e-03
"                 881",-4.482740479237e+00,4.119960315354e+01,7.257245864672e-05,-4.238734530552e+00,4.123370358413e+01,-1.120287855123e-03,2.440059486848e-01,3.410043058511e-02,-1.192860313769e-03
"                 882",-4.480541603419e+00,4.118327770007e+01,7.235391163157e-05,-4.236344520875e+00,4.121739206640e+01,-1.090697062035e-03,2.441970825440e-01,3.411436632349e-02,-1.163050973666e-03
"                 883",-4.478332058951e+00,4.116455714164e+01,7.280744931212e-05,-4.233935279435e+00,4.119867075433e+01,-1.061994757138e-03,2.443967795156e-01,3.411361268620e-02,-1.134802206451e-03
"                 884",-4.476638678473e+00,4.114284936590e+01,7.376590293291e-05,-4.232052361693e+00,4.117696846958e+01,-1.045245305014e-03,2.445863167805e-01,3.411910368560e-02,-1.119011207947e-03
"                 885",-4.475853710896e+00,4.112190695874e+01,7.498816532311e-05,-4.231080648576e+00,4.115604176503e+01,-1.035531947591e-03,2.447730623193e-01,3.413480628861e-02,-1.110520112914e-03
"                 886",-4.475575797865e+00,4.110592572710e+01,7.591888266149e-05,-4.230611889509e+00,4.114009243198e+01,-1.029150303857e-03,2.449639083556e-01,3.416670487816e-02,-1.105069186518e-03
"                 887",-4.475264806099e+00,4.109467868408e+01,7.599431221624e-05,-4.230116929755e+00,4.112888925716e+01,-1.030622929426e-03,2.451478763444e-01,3.421057308331e-02,-1.106617241642e-03
"                 888",-4.474190637964e+00,4.108320792048e+01,7.538770300243e-05,-4.228873787301e+00,4.111744449237e+01,-1.050818354129e-03,2.453168506628e-01,3.423657188512e-02,-1.126206057131e-03
"                 889",-4.472494498396e+00,4.107090963678e+01,7.469530238431e-05,-4.227003730032e+00,4.110516289286e+01,-1.087088323435e-03,2.454907683641e-01,3.425325608040e-02,-1.161783625819e-03
"                 890",-4.470383545875e+00,4.105779129511e+01,7.360068849878e-05,-4.224717406249e+00,4.109206496604e+01,-1.139130246523e-03,2.456661396259e-01,3.427367092734e-02,-1.212730935022e-03
"                 891",-4.468410025639e+00,4.104488322978e+01,7.191067716140e-05,-4.222576923920e+00,4.107918619765e+01,-1.202591863133e-03,2.458331017192e-01,3.430296787430e-02,-1.274502540294e-03
"                 892",-4.466511253299e+00,4.103736861695e+01,7.008292348463e-05,-4.220545781519e+00,4.107170281244e+01,-1.266173181997e-03,2.459654717805e-01,3.433419548854e-02,-1.336256105482e-03
"                 893",-4.464494265450e+00,4.103655326896e+01,6.784440976980e-05,-4.218426820913e+00,4.107090833703e+01,-1.325374456594e-03,2.460674445373e-01,3.435506807197e-02,-1.393218866364e-03
"                 894",-4.463085510316e+00,4.104029108974e+01,6.557755044306e-05,-4.216919093699e+00,4.107465198772e+01,-1.384287904425e-03,2.461664166171e-01,3.436089798020e-02,-1.449865454869e-03
"                 895",-4.462127193653e+00,4.104365675601e+01,6.326159263260e-05,-4.215845137125e+00,4.107803101436e+01,-1.440774050241e-03,2.462820565278e-01,3.437425835642e-02,-1.504035642874e-03
"                 896",-4.460814200104e+00,4.104513046480e+01,6.132359465961e-05,-4.214403682134e+00,4.107953089134e+01,-1.500651741160e-03,2.464105179702e-01,3.440042653889e-02,-1.561975335820e-03
"                 897",-4.458340264320e+00,4.104571219376e+01,6.017912498170e-05,-4.211818402446e+00,4.108013927840e+01,-1.557853662627e-03,2.465218618739e-01,3.442708463831e-02,-1.618032787609e-03
"                 898",-4.455068424272e+00,4.104761116107e+01,5.963538813315e-05,-4.208462574851e+00,4.108205996517e+01,-1.605859873681e-03,2.466058494209e-01,3.444880409903e-02,-1.665495261814e-03
"                 899",-4.452189688325e+00,4.105336553743e+01,5.949533969227e-05,-4.205505165598e+00,4.108783396106e+01,-1.651671171051e-03,2.466845227271e-01,3.446842363140e-02,-1.711166510744e-03
"                 900",-4.450153876584e+00,4.106282650021e+01,5.952949854736e-05,-4.203394580394e+00,4.109730143228e+01,-1.697924668969e-03,2.467592961900e-01,3.447493206445e-02,-1.757454167516e-03
"                 901",-4.448450493254e+00,4.107386218888e+01,5.981238620386e-05,-4.201616077812e+00,4.110834149017e+01,-1.734723109824e-03,2.468344154422e-01,3.447930128256e-02,-1.794535496028e-03
"                 902",-4.447027146850e+00,4.108435777935e+01,6.007403100007e-05,-4.200108873781e+00,4.111885099399e+01,-1.759123140356e-03,2.469182730692e-01,3.449321464214e-02,-1.819197171356e-03
"                 903",-4.445068222793e+00,4.109121871091e+01,5.963860648583e-05,-4.198064553731e+00,4.112573212997e+01,-1.769016833896e-03,2.470036690613e-01,3.451341906616e-02,-1.828655440382e-03
"                 904",-4.441811252565e+00,4.109643682882e+01,5.885369013659e-05,-4.194751585211e+00,4.113096319110e+01,-1.757400959461e-03,2.470596673540e-01,3.452636228141e-02,-1.816254649597e-03
"                 905",-4.438573382542e+00,4.110452862479e+01,5.723763478508e-05,-4.191465984480e+00,4.113906339397e+01,-1.729815221646e-03,2.471073980626e-01,3.453476917543e-02,-1.787052856431e-03
"                 906",-4.436062444013e+00,4.111544354250e+01,5.472371876152e-05,-4.188898031308e+00,4.114997757932e+01,-1.692468710030e-03,2.471644127053e-01,3.453403682062e-02,-1.747192428792e-03
"                 907",-4.433345623530e+00,4.112750729373e+01,5.253538341169e-05,-4.186122575616e+00,4.116202283419e+01,-1.655696052146e-03,2.472230479139e-01,3.451554046894e-02,-1.708231435557e-03
"                 908",-4.429751064597e+00,4.113846428833e+01,5.112312984845e-05,-4.182456710198e+00,4.117294823516e+01,-1.622170806518e-03,2.472943543987e-01,3.448394683230e-02,-1.673293936366e-03
"                 909",-4.426185521909e+00,4.114781530792e+01,5.011516566910e-05,-4.178812483435e+00,4.118227814155e+01,-1.584837547687e-03,2.473730384744e-01,3.446283363090e-02,-1.634952713356e-03
"                 910",-4.422804234303e+00,4.115783689854e+01,4.915507628484e-05,-4.175358062971e+00,4.119228419052e+01,-1.546861100644e-03,2.474461713320e-01,3.444729197940e-02,-1.596016176928e-03
"                 911",-4.419773420748e+00,4.116647496017e+01,4.881514021721e-05,-4.172235579648e+00,4.120089950570e+01,-1.512539653514e-03,2.475378410995e-01,3.442454553928e-02,-1.561354793731e-03
"                 912",-4.417719296237e+00,4.117281660315e+01,4.928247177002e-05,-4.170084439195e+00,4.120722099879e+01,-1.486426496459e-03,2.476348570414e-01,3.440439563305e-02,-1.535708968229e-03
"                 913",-4.416055167163e+00,4.117818101553e+01,4.932083368571e-05,-4.168333262871e+00,4.121256556908e+01,-1.469151495177e-03,2.477219042924e-01,3.438455355180e-02,-1.518472328862e-03
"                 914",-4.414287758765e+00,4.118143855860e+01,4.872946340927e-05,-4.166479328463e+00,4.121579903707e+01,-1.447737346361e-03,2.478084303018e-01,3.436047846468e-02,-1.496466809770e-03
"                 915",-4.412588482423e+00,4.117993576769e+01,4.726709890916e-05,-4.164685401982e+00,4.121427299609e+01,-1.417263024950e-03,2.479030804411e-01,3.433722839888e-02,-1.464530123859e-03
"                 916",-4.411372625365e+00,4.117201930547e+01,4.553875542017e-05,-4.163365864019e+00,4.120633936107e+01,-1.378557574500e-03,2.480067613456e-01,3.432005559725e-02,-1.424096329920e-03
"                 917",-4.410237694352e+00,4.115729288726e+01,4.404681524067e-05,-4.162120915726e+00,4.119159051696e+01,-1.331951773676e-03,2.481167786258e-01,3.429762969947e-02,-1.375998588917e-03
"                 918",-4.409035233361e+00,4.113928371036e+01,4.274113093071e-05,-4.160809322394e+00,4.117354505529e+01,-1.274909515798e-03,2.482259109673e-01,3.426134493241e-02,-1.317650646729e-03
"                 919",-4.408792720010e+00,4.111856803536e+01,4.163642317371e-05,-4.160442117028e+00,4.115279383562e+01,-1.208636690147e-03,2.483506029820e-01,3.422580025857e-02,-1.250273113321e-03
"                 920",-4.409667118013e+00,4.109230604138e+01,4.138915537748e-05,-4.161158013641e+00,4.112651260992e+01,-1.131575050973e-03,2.485091043724e-01,3.420656854310e-02,-1.172964206351e-03
"                 921",-4.410410097699e+00,4.105886170407e+01,4.102617567484e-05,-4.161734236953e+00,4.109304589122e+01,-1.045878064475e-03,2.486758607457e-01,3.418418714180e-02,-1.086904240150e-03
"                 922",-4.410453716027e+00,4.102154359867e+01,4.036178923675e-05,-4.161622810813e+00,4.105570016790e+01,-9.557590752185e-04,2.488309052137e-01,3.415656923343e-02,-9.961208644552e-04
"                 923",-4.410694592855e+00,4.098424818402e+01,3.921433598787e-05,-4.161724818179e+00,4.101837949182e+01,-8.613494508296e-04,2.489697746760e-01,3.413130779694e-02,-9.005637868175e-04
"                 924",-4.410903099308e+00,4.095057454559e+01,3.821372178900e-05,-4.161804429354e+00,4.098468065950e+01,-7.666111306868e-04,2.490986699543e-01,3.410611390493e-02,-8.048248524758e-04
"                 925",-4.411738764083e+00,4.092044966914e+01,3.759685588696e-05,-4.162509737827e+00,4.095453570704e+01,-6.761602412681e-04,2.492290262554e-01,3.408603790043e-02,-7.137570971551e-04
"                 926",-4.413178489894e+00,4.089037003167e+01,3.707907919902e-05,-4.163808892427e+00,4.092444159956e+01,-5.939772897349e-04,2.493695974672e-01,3.407156788694e-02,-6.310563689339e-04
"                 927",-4.414648072212e+00,4.085968035763e+01,3.643799895098e-05,-4.165131256738e+00,4.089373599277e+01,-5.173237036134e-04,2.495168154740e-01,3.405563514453e-02,-5.537617025644e-04
"                 928",-4.415782338812e+00,4.083354996412e+01,3.542189131392e-05,-4.166113092267e+00,4.086758924242e+01,-4.462527822717e-04,2.496692465448e-01,3.403927830074e-02,-4.816746735856e-04
"                 929",-4.417368466001e+00,4.081250093518e+01,3.385786399254e-05,-4.167525182918e+00,4.084653793445e+01,-3.841210243773e-04,2.498432830827e-01,3.403699926793e-02,-4.179788883699e-04
"                 930",-4.419453963945e+00,4.079214078436e+01,3.154874879397e-05,-4.169429066871e+00,4.082618556387e+01,-3.391132610507e-04,2.500248970738e-01,3.404477950616e-02,-3.706620098447e-04
"                 931",-4.421828370546e+00,4.077384045038e+01,2.939577414103e-05,-4.171641987911e+00,4.080791573190e+01,-3.098969233460e-04,2.501863826351e-01,3.407528151831e-02,-3.392926974871e-04
"                 932",-4.424252675535e+00,4.076175151944e+01,2.752940457512e-05,-4.173925131357e+00,4.079587012827e+01,-2.960387524568e-04,2.503275441778e-01,3.411860882781e-02,-3.235681570319e-04
"                 933",-4.427038479619e+00,4.075733680022e+01,2.549843965244e-05,-4.176586945426e+00,4.079149414678e+01,-2.939470512738e-04,2.504515341934e-01,3.415734655284e-02,-3.194454909262e-04
"                 934",-4.430156866878e+00,4.075895532033e+01,2.295516118719e-05,-4.179592492293e+00,4.079314352294e+01,-3.074648330754e-04,2.505643745848e-01,3.418820260432e-02,-3.304199942626e-04
"                 935",-4.432746441010e+00,4.076270101628e+01,2.018205783787e-05,-4.182073767311e+00,4.079692623569e+01,-3.362013696276e-04,2.506726736984e-01,3.422521941423e-02,-3.563834274654e-04
"                 936",-4.434035523494e+00,4.077010772563e+01,1.775637156032e-05,-4.183228368228e+00,4.080437578976e+01,-3.759947964415e-04,2.508071552661e-01,3.426806413112e-02,-3.937511680018e-04
"                 937",-4.435016634491e+00,4.078035808029e+01,1.596208841839e-05,-4.184065601715e+00,4.081468748812e+01,-4.262682522733e-04,2.509510327757e-01,3.432940782903e-02,-4.422303406917e-04
"                 938",-4.436335913374e+00,4.080020376120e+01,1.490739438007e-05,-4.185284647652e+00,4.083459496303e+01,-4.846163089252e-04,2.510512657219e-01,3.439120183259e-02,-4.995237033053e-04
"                 939",-4.437935123862e+00,4.083035389407e+01,1.444727605082e-05,-4.186822097559e+00,4.086480829370e+01,-5.388569747132e-04,2.511130263032e-01,3.445439962663e-02,-5.533042507640e-04
"                 940",-4.439289056661e+00,4.086219131043e+01,1.387659009017e-05,-4.188135337251e+00,4.089669829983e+01,-5.898580417118e-04,2.511537194102e-01,3.450698939185e-02,-6.037346318019e-04
"                 941",-4.440770192415e+00,4.088734557145e+01,1.248334232529e-05,-4.189572981922e+00,4.092190394547e+01,-6.449578539167e-04,2.511972104926e-01,3.455837401907e-02,-6.574411962420e-04
"                 942",-4.442294037160e+00,4.090792273633e+01,1.086291793179e-05,-4.191056623460e+00,4.094252995102e+01,-7.056573165302e-04,2.512374136995e-01,3.460721468785e-02,-7.165202344620e-04
"                 943",-4.442234405622e+00,4.093016364390e+01,9.235933451519e-06,-4.190955259695e+00,4.096480675937e+01,-7.694245583726e-04,2.512791459268e-01,3.464311546862e-02,-7.786604918241e-04
"                 944",-4.440795357083e+00,4.095421513602e+01,7.631070880605e-06,-4.189451800790e+00,4.098889200171e+01,-8.320623784990e-04,2.513435562933e-01,3.467686569367e-02,-8.396934493796e-04
"                 945",-4.439553983928e+00,4.097788724728e+01,5.990658427685e-06,-4.188128738864e+00,4.101259897664e+01,-8.932878517156e-04,2.514252450640e-01,3.471172936178e-02,-8.992785101432e-04
"                 946",-4.439089512764e+00,4.099893701291e+01,4.430820039289e-06,-4.187581033043e+00,4.103368338244e+01,-9.520119409783e-04,2.515084797209e-01,3.474636953320e-02,-9.564427610176e-04
"                 947",-4.439238851739e+00,4.101511557812e+01,3.766456493901e-06,-4.187645447626e+00,4.104989803561e+01,-9.989935219187e-04,2.515934041135e-01,3.478245749013e-02,-1.002759978413e-03
"                 948",-4.438952918227e+00,4.102967775672e+01,4.080233775346e-06,-4.187273844915e+00,4.106449286827e+01,-1.042754797807e-03,2.516790733118e-01,3.481511155131e-02,-1.046835031582e-03
"                 949",-4.437653199477e+00,4.104561386565e+01,5.279072856369e-06,-4.185894731868e+00,4.108044945815e+01,-1.087815717075e-03,2.517584676088e-01,3.483559250219e-02,-1.093094789931e-03
"                 950",-4.435587652671e+00,4.106428450443e+01,5.714186954622e-06,-4.183765957754e+00,4.109913102186e+01,-1.124676593933e-03,2.518216949164e-01,3.484651743375e-02,-1.130390780888e-03
"                 951",-4.433353361116e+00,4.108870471133e+01,6.125876815710e-06,-4.181479919538e+00,4.112355677875e+01,-1.149102227535e-03,2.518734415782e-01,3.485206742091e-02,-1.155228104351e-03
"                 952",-4.431475586478e+00,4.111648995854e+01,6.833734291188e-06,-4.179548507103e+00,4.115134213437e+01,-1.167018046259e-03,2.519270793749e-01,3.485217582787e-02,-1.173851780551e-03
"                 953",-4.429574024950e+00,4.114511515802e+01,7.511579378624e-06,-4.177593541967e+00,4.117995463340e+01,-1.181383287670e-03,2.519804829838e-01,3.483947538323e-02,-1.188894867049e-03
"                 954",-4.427810244996e+00,4.117505818624e+01,7.499309906965e-06,-4.175773533569e+00,4.120987979015e+01,-1.185853819035e-03,2.520367114274e-01,3.482160391565e-02,-1.193353128942e-03
"                 955",-4.425802662542e+00,4.120529010140e+01,7.685712411242e-06,-4.173714798884e+00,4.124008643213e+01,-1.181253918461e-03,2.520878636577e-01,3.479633072803e-02,-1.188939630873e-03
"                 956",-4.423426819543e+00,4.123448705955e+01,7.388711403859e-06,-4.171299333396e+00,4.126926011088e+01,-1.170755662049e-03,2.521274861471e-01,3.477305132745e-02,-1.178144373452e-03
"                 957",-4.421158469658e+00,4.125914346513e+01,6.538692435173e-06,-4.168983026157e+00,4.129390021645e+01,-1.169572832198e-03,2.521754435019e-01,3.475675131809e-02,-1.176111524633e-03
"                 958",-4.418884581662e+00,4.127756854150e+01,5.499962815103e-06,-4.166664658535e+00,4.131229572280e+01,-1.178223650669e-03,2.522199231274e-01,3.472718130278e-02,-1.183723613484e-03
"                 959",-4.416616937855e+00,4.129278430097e+01,5.258426499693e-06,-4.164357628801e+00,4.132747739349e+01,-1.185286443402e-03,2.522593090535e-01,3.469309252495e-02,-1.190544869902e-03
"                 960",-4.414773406269e+00,4.130250258967e+01,5.416695974409e-06,-4.162446388779e+00,4.133716647141e+01,-1.196688948491e-03,2.523270174909e-01,3.466388173416e-02,-1.202105644466e-03
"                 961",-4.412882867554e+00,4.130629036655e+01,5.293520164099e-06,-4.160459835377e+00,4.134091998871e+01,-1.211949524997e-03,2.524230321776e-01,3.462962216152e-02,-1.217243045162e-03
"                 962",-4.411090464927e+00,4.130451652831e+01,5.248942864137e-06,-4.158524640569e+00,4.133911375782e+01,-1.226723163206e-03,2.525658243585e-01,3.459722950656e-02,-1.231972106070e-03
"                 963",-4.409726297620e+00,4.129442307281e+01,5.879264279392e-06,-4.156958889928e+00,4.132900567585e+01,-1.243555175161e-03,2.527674076912e-01,3.458260303869e-02,-1.249434439440e-03
"                 964",-4.408349008844e+00,4.127901739149e+01,7.179736656374e-06,-4.155373846186e+00,4.131358401499e+01,-1.260981694257e-03,2.529751626578e-01,3.456662350684e-02,-1.268161430913e-03
"                 965",-4.406337639260e+00,4.126639938226e+01,8.776267285428e-06,-4.153173924523e+00,4.130094595902e+01,-1.273127877110e-03,2.531637147363e-01,3.454657675554e-02,-1.281904144395e-03
"                 966",-4.405396585899e+00,4.125841866413e+01,9.494462879166e-06,-4.152045353648e+00,4.129295568005e+01,-1.272067396394e-03,2.533512322515e-01,3.453701591933e-02,-1.281561859273e-03
"                 967",-4.405822263861e+00,4.124675298830e+01,9.748478420479e-06,-4.152279891883e+00,4.128127828182e+01,-1.252426422744e-03,2.535423719785e-01,3.452529352151e-02,-1.262174901164e-03
"                 968",-4.406158164717e+00,4.122489353328e+01,9.844880062299e-06,-4.152406463699e+00,4.125939361016e+01,-1.216653669140e-03,2.537517010183e-01,3.450007688084e-02,-1.226498549202e-03
"                 969",-4.405779260383e+00,4.119357836839e+01,1.041434150845e-05,-4.151786049635e+00,4.122805885276e+01,-1.167228582948e-03,2.539932107478e-01,3.448048437353e-02,-1.177642924456e-03
"                 970",-4.405533534874e+00,4.116065924880e+01,1.181771462335e-05,-4.151269253675e+00,4.119514302480e+01,-1.107949084123e-03,2.542642811991e-01,3.448377599527e-02,-1.119766798746e-03
"                 971",-4.406232229312e+00,4.113004185395e+01,1.350627395530e-05,-4.151678025442e+00,4.116454245362e+01,-1.037748474492e-03,2.545542038700e-01,3.450059967306e-02,-1.051254748447e-03
"                 972",-4.407574290152e+00,4.109967114511e+01,1.494450054192e-05,-4.152733982847e+00,4.113419312071e+01,-9.612794772994e-04,2.548403073055e-01,3.452197559876e-02,-9.762239778413e-04
"                 973",-4.408840187083e+00,4.106719270424e+01,1.604872940836e-05,-4.153731344547e+00,4.110172331511e+01,-8.822059202791e-04,2.551088425356e-01,3.453061087182e-02,-8.982546496875e-04
"                 974",-4.410092764003e+00,4.103145359699e+01,1.684125174431e-05,-4.154717443766e+00,4.106598512971e+01,-8.064898368625e-04,2.553753202379e-01,3.453153271521e-02,-8.233310886068e-04
"                 975",-4.412332098278e+00,4.099475964116e+01,1.759204391302e-05,-4.156673721839e+00,4.102930404222e+01,-7.412609222790e-04,2.556583764394e-01,3.454440106243e-02,-7.588529661920e-04
"                 976",-4.414601532164e+00,4.095551338740e+01,1.820466174521e-05,-4.158641582157e+00,4.099008249571e+01,-6.839088053039e-04,2.559599500069e-01,3.456910831437e-02,-7.021134670491e-04
"                 977",-4.417481340031e+00,4.091815146505e+01,1.845950519835e-05,-4.161201068973e+00,4.095275337379e+01,-6.373459807295e-04,2.562802710579e-01,3.460190874004e-02,-6.558054859279e-04
"                 978",-4.420879152299e+00,4.088654485685e+01,1.864552919482e-05,-4.164282606806e+00,4.092118463834e+01,-6.081699498859e-04,2.565965454932e-01,3.463978148991e-02,-6.268154790807e-04
"                 979",-4.424174550204e+00,4.086312190298e+01,1.873561731491e-05,-4.167274291881e+00,4.089780170787e+01,-6.034872969341e-04,2.569002583225e-01,3.467980488992e-02,-6.222229142490e-04
"                 980",-4.427852852089e+00,4.084287011470e+01,1.876839590469e-05,-4.170673260210e+00,4.087757827987e+01,-6.092029937163e-04,2.571795918797e-01,3.470816516822e-02,-6.279713896210e-04
"                 981",-4.432510187974e+00,4.082813937828e+01,1.857709750563e-05,-4.175068774680e+00,4.086287423562e+01,-6.177396095238e-04,2.574414132940e-01,3.473485734715e-02,-6.363167070294e-04
"                 982",-4.437729170116e+00,4.081679496039e+01,1.808145837591e-05,-4.180023264547e+00,4.085155272462e+01,-6.277223962489e-04,2.577059055692e-01,3.475776422914e-02,-6.458038546248e-04
"                 983",-4.442357613102e+00,4.080987228903e+01,1.748481182124e-05,-4.184418929639e+00,4.084465673301e+01,-6.377278307838e-04,2.579386834627e-01,3.478444398155e-02,-6.552126426051e-04
"                 984",-4.446381088459e+00,4.081055460146e+01,1.677120736293e-05,-4.188254556709e+00,4.084536075498e+01,-6.504703004151e-04,2.581265317498e-01,3.480615352070e-02,-6.672415077780e-04
"                 985",-4.450446966730e+00,4.081915278878e+01,1.573130541104e-05,-4.192162025479e+00,4.085397655677e+01,-6.569623214400e-04,2.582849412505e-01,3.482376799296e-02,-6.726936268510e-04
"                 986",-4.454612898439e+00,4.083092414131e+01,1.423764095380e-05,-4.196195191692e+00,4.086575953431e+01,-6.501521564684e-04,2.584177067464e-01,3.483539299974e-02,-6.643897974222e-04
"                 987",-4.458774730916e+00,4.084389895968e+01,1.257217866427e-05,-4.200254521700e+00,4.087875135775e+01,-6.314180145914e-04,2.585202092156e-01,3.485239807109e-02,-6.439901932557e-04
"                 988",-4.462145952701e+00,4.085896470012e+01,1.105097993036e-05,-4.203557306358e+00,4.089383902871e+01,-5.980359793565e-04,2.585886463430e-01,3.487432858927e-02,-6.090869592868e-04
"                 989",-4.464959352309e+00,4.087745711514e+01,9.546258849205e-06,-4.206332663356e+00,4.091235765993e+01,-5.493114358634e-04,2.586266889530e-01,3.490054479772e-02,-5.588576947126e-04
"                 990",-4.467163160291e+00,4.090189771557e+01,8.202706608762e-06,-4.208531672662e+00,4.093681514962e+01,-4.910951127669e-04,2.586314876285e-01,3.491743405174e-02,-4.992978193756e-04
"                 991",-4.468783081826e+00,4.093202379895e+01,7.318411189764e-06,-4.210161643508e+00,4.096694378957e+01,-4.276792029233e-04,2.586214383184e-01,3.491999062538e-02,-4.349976141131e-04
"                 992",-4.470012515006e+00,4.096397553960e+01,6.642520769110e-06,-4.211398537015e+00,4.099890109328e+01,-3.640303189894e-04,2.586139779912e-01,3.492555367711e-02,-3.706728397585e-04
"                 993",-4.471031160189e+00,4.099791880357e+01,6.071293892357e-06,-4.212445368349e+00,4.103286260895e+01,-2.997037248235e-04,2.585857918402e-01,3.494380538826e-02,-3.057750187158e-04
"                 994",-4.471708656421e+00,4.103486009492e+01,5.730784268575e-06,-4.213175189743e+00,4.106982334689e+01,-2.375329075236e-04,2.585334666776e-01,3.496325196856e-02,-2.432636917922e-04
"                 995",-4.471936333675e+00,4.107415033797e+01,5.617674868371e-06,-4.213455945759e+00,4.110913198353e+01,-1.808465139899e-04,2.584803879159e-01,3.498164555568e-02,-1.864641888583e-04
"                 996",-4.472025875613e+00,4.111325520517e+01,5.520755412670e-06,-4.213582533567e+00,4.114824412728e+01,-1.315921464355e-04,2.584433420460e-01,3.498892210472e-02,-1.371129018482e-04
"                 997",-4.471699875069e+00,4.115108764181e+01,5.299006859467e-06,-4.213291657270e+00,4.118608902624e+01,-9.315917588279e-05,2.584082177987e-01,3.500138442873e-02,-9.845818274225e-05
"                 998",-4.471062608604e+00,4.118694389887e+01,5.049521584113e-06,-4.212683342515e+00,4.122196905503e+01,-6.451422542034e-05,2.583792660899e-01,3.502515616020e-02,-6.956374700445e-05
"                 999",-4.470438303679e+00,4.122285046474e+01,4.947680592717e-06,-4.212102700207e+00,4.125790053874e+01,-4.243061088019e-05,2.583356034718e-01,3.505007399619e-02,-4.737829147291e-05
"                1000",-4.470157503630e+00,4.126072725976e+01,4.950789761362e-06,-4.211881069645e+00,4.129580359469e+01,-3.892489216885e-05,2.582764339848e-01,3.507633492792e-02,-4.387568193021e-05
