Time (s),PRESSURE_FORCE_X,PRESSURE_FORCE_Y,PRESSURE_FORCE_Z,TOTAL_FORCE_X,TOTAL_FORCE_Y,TOTAL_FORCE_Z,VISCOUS_FORCE_X,VISCOUS_FORCE_Y,VISCOUS_FORCE_Z
"                   1",4.287600248123e+01,1.931280895911e+02,-6.468477685705e-05,4.439503114062e+01,1.932548429244e+02,-6.375753756968e-05,1.519028659390e+00,1.267533332991e-01,9.272392873661e-07
"                   2",2.606416796609e+01,1.307909770933e+02,-4.371442785749e-05,2.728046390471e+01,1.308182065254e+02,-3.810261893297e-05,1.216295938618e+00,2.722943203914e-02,5.611808924520e-06
"                   3",-9.587047147664e+00,-2.413027367444e+01,-6.825830532273e-06,-8.572173172577e+00,-2.414536621950e+01,1.119096251605e-06,1.014873975087e+00,-1.509254505465e-02,7.944926783878e-06
"                   4",-2.482131569864e+01,-9.290953012774e+01,1.217118366018e-05,-2.390080733914e+01,-9.292396032577e+01,1.886680204778e-05,9.205083594981e-01,-1.443019802899e-02,6.695618387599e-06
"                   5",-1.246032851548e+01,-3.903081642300e+01,1.326245730896e-05,-1.163599507609e+01,-3.901756243182e+01,1.449800311031e-05,8.243334393937e-01,1.325399118442e-02,1.235545801354e-06
"                   6",6.913195792799e+00,4.355251902754e+01,1.083001048785e-06,7.675652608145e+00,4.358811454777e+01,5.433863529186e-08,7.624568153459e-01,3.559552023193e-02,-1.028662413493e-06
"                   7",1.335849812307e+01,6.916560743961e+01,-7.764732851527e-06,1.406570758263e+01,6.920414710541e+01,-6.630162116496e-06,7.072094595615e-01,3.853966579401e-02,1.134570735030e-06
"                   8",5.339173380544e+00,3.399599387920e+01,-7.995913648059e-06,5.980088999471e+00,3.401704206463e+01,-4.581407485020e-06,6.409156189274e-01,2.104818543372e-02,3.414506163038e-06
"                   9",-4.877575187333e+00,-7.187862167189e+00,-4.633553938511e-06,-4.308675428550e+00,-7.178303523245e+00,-1.523454753248e-06,5.688997587832e-01,9.558643943931e-03,3.110099185263e-06
"                  10",-7.350765490739e+00,-1.378373993091e+01,-2.439914993050e-06,-6.849582738830e+00,-1.377721277400e+01,-1.270790328891e-06,5.011827519088e-01,6.527156912021e-03,1.169124664160e-06
"                  11",-2.542233828824e+00,7.940308251714e+00,-3.212085872372e-06,-2.094278401611e+00,7.950841160745e+00,-3.001880862419e-06,4.479554272135e-01,1.053290903128e-02,2.102050099527e-07
"                  12",2.838453690218e+00,2.879455126425e+01,-4.589374749344e-06,3.253562511489e+00,2.880951765283e+01,-3.926938870319e-06,4.151088212714e-01,1.496638858237e-02,6.624358790253e-07
"                  13",3.764790858546e+00,3.001955281752e+01,-4.737684695014e-06,4.158612678515e+00,3.003644835829e+01,-2.642374431025e-06,3.938218199685e-01,1.689554077427e-02,2.095310263990e-06
"                  14",8.714187492929e-01,1.739424912972e+01,-3.798418815393e-06,1.243773484643e+00,1.741079433049e+01,-1.588743396483e-06,3.723547353498e-01,1.654520076627e-02,2.209675418910e-06
"                  15",-2.090782060151e+00,7.196577715597e+00,-2.829993266743e-06,-1.742375300483e+00,7.212830089231e+00,-1.618698416032e-06,3.484067596675e-01,1.625237363393e-02,1.211294850710e-06
"                  16",-2.527964662550e+00,8.271591300712e+00,-2.671670356903e-06,-2.200067750381e+00,8.288495177946e+00,-2.099798512110e-06,3.278969121696e-01,1.690387723365e-02,5.718718447926e-07
"                  17",-8.873128867009e-01,1.594879538436e+01,-3.182723163841e-06,-5.732585909209e-01,1.596681395218e+01,-2.192245952754e-06,3.140542957800e-01,1.801856782305e-02,9.904772110869e-07
"                  18",7.530808953843e-01,2.122614868371e+01,-3.587398342245e-06,1.058049361142e+00,2.124518119266e+01,-1.930984210283e-06,3.049684657574e-01,1.903250894417e-02,1.656414131962e-06
"                  19",9.880226714740e-01,2.020282503784e+01,-3.513134650532e-06,1.285842715312e+00,2.022215322345e+01,-2.361389799314e-06,2.978200438382e-01,1.932818560574e-02,1.151744851219e-06
"                  20",1.948868077260e-02,1.595042445918e+01,-3.094315391332e-06,3.077241731247e-01,1.596966689007e+01,-3.466794926162e-06,2.882354923521e-01,1.924243088533e-02,-3.724795348294e-07
"                  21",-9.797688654526e-01,1.365375790002e+01,-2.816816916941e-06,-7.023659649735e-01,1.367303053731e+01,-4.305931434989e-06,2.774029004791e-01,1.927263728760e-02,-1.489114518048e-06
"                  22",-1.171672334932e+00,1.500119020799e+01,-2.800865507751e-06,-9.029955529636e-01,1.502079084664e+01,-3.945384851571e-06,2.686767819684e-01,1.960063865465e-02,-1.144519343820e-06
"                  23",-6.437831918461e-01,1.768945069755e+01,-2.903387218981e-06,-3.804783518648e-01,1.770941108909e+01,-2.800362957873e-06,2.633048399813e-01,1.996039154616e-02,1.030242611079e-07
"                  24",-5.786211822918e-02,1.896680191347e+01,-2.890519491087e-06,2.017120499962e-01,1.898705137471e+01,-1.560162597326e-06,2.595741682254e-01,2.024946124538e-02,1.330356893760e-06
"                  25",5.902571004672e-02,1.828923422586e+01,-2.709617391941e-06,3.142156436470e-01,1.830953018042e+01,-1.043097135033e-06,2.551899336003e-01,2.029595456060e-02,1.666520256908e-06
"                  26",-2.731419522422e-01,1.706910860539e+01,-2.488700948514e-06,-2.349338080834e-02,1.708943862451e+01,-1.552882162071e-06,2.496485714338e-01,2.033001911707e-02,9.358187864424e-07
"                  27",-6.560249801527e-01,1.672961950185e+01,-2.361169426451e-06,-4.126145074526e-01,1.675027049940e+01,-2.620211533906e-06,2.434104727000e-01,2.065099755057e-02,-2.590421074550e-07
"                  28",-7.553161896083e-01,1.745185379755e+01,-2.353709745610e-06,-5.172139402386e-01,1.747289448650e+01,-3.119986397592e-06,2.381022493698e-01,2.104068894909e-02,-7.662766519822e-07
"                  29",-5.848897937398e-01,1.838436854083e+01,-2.372164085692e-06,-3.502732641644e-01,1.840584554179e+01,-2.924316775747e-06,2.346165295754e-01,2.147700096450e-02,-5.521526900554e-07
"                  30",-3.696345629895e-01,1.877049623496e+01,-2.326052203050e-06,-1.377865899984e-01,1.879241119655e+01,-2.472884604089e-06,2.318479729910e-01,2.191496159093e-02,-1.468324010394e-07
"                  31",-3.112701602210e-01,1.859935332375e+01,-2.216805128692e-06,-8.257924285220e-02,1.862147889938e+01,-2.485922474557e-06,2.286909173688e-01,2.212557562470e-02,-2.691173458649e-07
"                  32",-4.196030156387e-01,1.836046377666e+01,-2.075132790820e-06,-1.948257875532e-01,1.838267971565e+01,-3.146266863527e-06,2.247772280855e-01,2.221593898208e-02,-1.071134072707e-06
"                  33",-5.724593976215e-01,1.844779328769e+01,-1.943468390982e-06,-3.517530137722e-01,1.847012384695e+01,-3.760682293201e-06,2.207063838493e-01,2.233055925596e-02,-1.817213902219e-06
"                  34",-6.440115475150e-01,1.876598348700e+01,-1.846083773388e-06,-4.269056257587e-01,1.878853583995e+01,-3.582935018368e-06,2.171059217563e-01,2.255235294861e-02,-1.736851244981e-06
"                  35",-6.082972467914e-01,1.909399494853e+01,-1.756068947437e-06,-3.939636281396e-01,1.911683578458e+01,-2.371881973910e-06,2.143336186519e-01,2.284083605345e-02,-6.158130264731e-07
"                  36",-5.465988229075e-01,1.929310024071e+01,-1.668720094507e-06,-3.347631001247e-01,1.931624437626e+01,-7.717838146372e-07,2.118357227828e-01,2.314413555232e-02,8.969362798697e-07
"                  37",-5.324623488701e-01,1.935224648223e+01,-1.585167215530e-06,-3.233591577913e-01,1.937567262237e+01,3.622541272260e-07,2.091031910788e-01,2.342614013544e-02,1.947421342756e-06
"                  38",-5.796418857921e-01,1.940457344865e+01,-1.503538528325e-06,-3.734054597419e-01,1.942817323130e+01,4.250489643090e-07,2.062364260502e-01,2.359978265096e-02,1.928587492634e-06
"                  39",-6.425599528833e-01,1.954511022031e+01,-1.402476406931e-06,-4.388094230857e-01,1.956882845389e+01,-9.014586357483e-08,2.037505297976e-01,2.371823358236e-02,1.312330543356e-06
"                  40",-6.783233704876e-01,1.977900258503e+01,-1.289253314112e-06,-4.767038645377e-01,1.980283979289e+01,-5.762018137309e-07,2.016195059499e-01,2.383720785817e-02,7.130515003811e-07
"                  41",-6.734759372676e-01,2.000695791951e+01,-1.170996692815e-06,-4.735194650793e-01,2.003102925504e+01,-7.735720959053e-07,1.999564721883e-01,2.407133553129e-02,3.974245969093e-07
"                  42",-6.517127805818e-01,2.013147530967e+01,-1.058210754627e-06,-4.531686281672e-01,2.015591070509e+01,-9.301377885624e-07,1.985441524147e-01,2.443539542272e-02,1.280729660646e-07
"                  43",-6.460514230658e-01,2.016383385516e+01,-9.573924127647e-07,-4.491297321389e-01,2.018867487112e+01,-9.097179017824e-07,1.969216909270e-01,2.484101596172e-02,4.767451098229e-08
"                  44",-6.688982479210e-01,2.020461606916e+01,-8.716210806304e-07,-4.737950675170e-01,2.022974314348e+01,-6.925750157915e-07,1.951031804040e-01,2.512707431949e-02,1.790460648388e-07
"                  45",-7.064223659840e-01,2.032629856378e+01,-7.958370542697e-07,-5.128770769928e-01,2.035162266958e+01,-4.348631570489e-07,1.935452889912e-01,2.532410580275e-02,3.609738972208e-07
"                  46",-7.378933304122e-01,2.049294752031e+01,-7.114566455159e-07,-5.455656413802e-01,2.051840393504e+01,-3.904694252932e-07,1.923276890320e-01,2.545641473049e-02,3.209872202226e-07
"                  47",-7.511628637161e-01,2.064011610077e+01,-6.253252420947e-07,-5.598136226268e-01,2.066565045472e+01,-6.674703361679e-07,1.913492410893e-01,2.553435395312e-02,-4.214509407316e-08
"                  48",-7.507281492332e-01,2.074383350624e+01,-5.397161815396e-07,-5.599953817618e-01,2.076951679689e+01,-1.079574989997e-06,1.907327674714e-01,2.568329064899e-02,-5.398588084579e-07
"                  49",-7.501746059330e-01,2.082847773343e+01,-4.568758484011e-07,-5.600159102138e-01,2.085445114880e+01,-1.199295433557e-06,1.901586957192e-01,2.597341536617e-02,-7.424195851557e-07
"                  50",-7.565350373121e-01,2.091844965476e+01,-3.709682064895e-07,-5.669020080667e-01,2.094481208696e+01,-1.098649395077e-06,1.896330292454e-01,2.636243219389e-02,-7.276811885876e-07
"                  51",-7.705801997260e-01,2.103022483999e+01,-2.868228740945e-07,-5.813496163092e-01,2.105699936611e+01,-8.151930812960e-07,1.892305834167e-01,2.677452611412e-02,-5.283702072014e-07
"                  52",-7.865455156300e-01,2.113878758581e+01,-2.125797777360e-07,-5.975382194959e-01,2.116593244779e+01,-5.157318884186e-07,1.890072961342e-01,2.714486197622e-02,-3.031521106826e-07
"                  53",-8.006145333526e-01,2.123671465723e+01,-1.470791168634e-07,-6.113734497039e-01,2.126420428803e+01,-2.430091363988e-07,1.892410836488e-01,2.748963080501e-02,-9.593001953536e-08
"                  54",-8.124106842410e-01,2.132676413898e+01,-8.309467938826e-08,-6.225320769742e-01,2.135463229647e+01,-4.568343822826e-08,1.898786072668e-01,2.786815749154e-02,3.741124116000e-08
"                  55",-8.230211233474e-01,2.140881451404e+01,-1.454168977085e-08,-6.323716572787e-01,2.143710848312e+01,-1.242584112907e-07,1.906494660688e-01,2.829396908500e-02,-1.097167215198e-07
"                  56",-8.331881552637e-01,2.148704295720e+01,6.119385475895e-08,-6.416992304477e-01,2.151572659753e+01,-3.439854957891e-07,1.914889248160e-01,2.868364032650e-02,-4.051793505480e-07
"                  57",-8.438780342968e-01,2.156810314908e+01,1.352009666802e-07,-6.514018056412e-01,2.159709522787e+01,-3.628770461725e-07,1.924762286556e-01,2.899207879006e-02,-4.980780128527e-07
"                  58",-8.539337921963e-01,2.166228428095e+01,2.020844902465e-07,-6.602710448956e-01,2.169157168108e+01,-2.845769971395e-07,1.936627473006e-01,2.928740012663e-02,-4.866614873859e-07
"                  59",-8.630862219231e-01,2.176610375208e+01,2.645713083352e-07,-6.678415404857e-01,2.179570737982e+01,-2.116733172524e-07,1.952446814374e-01,2.960362773294e-02,-4.762446255876e-07
"                  60",-8.712301527918e-01,2.186818635942e+01,3.250189306028e-07,-6.739954547277e-01,2.189813163653e+01,-2.438220741234e-07,1.972346980641e-01,2.994527711764e-02,-5.688410047262e-07
"                  61",-8.772199388101e-01,2.194323413246e+01,3.837689021806e-07,-6.777745598625e-01,2.197356377800e+01,-2.646988865087e-07,1.994453789476e-01,3.032964553366e-02,-6.484677886893e-07
"                  62",-8.834677222187e-01,2.199026323363e+01,4.460144348712e-07,-6.817978739747e-01,2.202099814637e+01,-3.658989729881e-08,2.016698482439e-01,3.073491274298e-02,-4.826043321700e-07
"                  63",-8.920341304465e-01,2.203367186436e+01,5.116987060485e-07,-6.882047826362e-01,2.206478493510e+01,2.732425856183e-07,2.038293478104e-01,3.111307074254e-02,-2.384561204302e-07
"                  64",-9.026673276154e-01,2.209824566835e+01,5.779548206350e-07,-6.967145637478e-01,2.212966937626e+01,5.323820790895e-07,2.059527638676e-01,3.142370790663e-02,-4.557274154544e-08
"                  65",-9.125602892712e-01,2.218594700110e+01,6.408400311430e-07,-7.045493718555e-01,2.221763450172e+01,9.421832258461e-07,2.080109174158e-01,3.168750061531e-02,3.013431947031e-07
"                  66",-9.201337256231e-01,2.228684413458e+01,7.018240997071e-07,-7.100425817136e-01,2.231878119262e+01,1.425513010856e-06,2.100911439095e-01,3.193705803790e-02,7.236889111492e-07
"                  67",-9.254057319411e-01,2.237936973653e+01,7.616215157491e-07,-7.132136397067e-01,2.241153949001e+01,1.830064881264e-06,2.121920922344e-01,3.216975348807e-02,1.068443365515e-06
"                  68",-9.298989036165e-01,2.244806380922e+01,8.181335310657e-07,-7.156457289961e-01,2.248046044556e+01,1.988358851055e-06,2.142531746204e-01,3.239663633708e-02,1.170225319990e-06
"                  69",-9.351034830698e-01,2.249243277991e+01,8.737166425284e-07,-7.188926203018e-01,2.252506738192e+01,2.061285703254e-06,2.162108627680e-01,3.263460201123e-02,1.187569060725e-06
"                  70",-9.414582469695e-01,2.252359522393e+01,9.281103976878e-07,-7.233796109877e-01,2.255648645525e+01,2.211201990361e-06,2.180786359818e-01,3.289123132135e-02,1.283091592673e-06
"                  71",-9.483411510296e-01,2.256388701599e+01,9.796126768286e-07,-7.283935778874e-01,2.259706224022e+01,2.408010379814e-06,2.199475731422e-01,3.317522423359e-02,1.428397702985e-06
"                  72",-9.553243346536e-01,2.262405364205e+01,1.028180555406e-06,-7.334793607686e-01,2.265752321536e+01,2.575830624599e-06,2.218449738851e-01,3.346957330978e-02,1.547650069192e-06
"                  73",-9.618870117855e-01,2.270127112743e+01,1.077297048678e-06,-7.380955587223e-01,2.273499836457e+01,2.699075719728e-06,2.237914530632e-01,3.372723714279e-02,1.621778671050e-06
"                  74",-9.676966171994e-01,2.278021716295e+01,1.124966456441e-06,-7.418705863380e-01,2.281413973071e+01,2.688864938808e-06,2.258260308615e-01,3.392256776548e-02,1.563898482367e-06
"                  75",-9.730469877408e-01,2.284820818194e+01,1.171425959572e-06,-7.451284887981e-01,2.288230192421e+01,2.686836124193e-06,2.279184989427e-01,3.409374226417e-02,1.515410164621e-06
"                  76",-9.784603835965e-01,2.290490314347e+01,1.219399552973e-06,-7.483846053878e-01,2.293918044043e+01,2.933661527942e-06,2.300757782088e-01,3.427729696158e-02,1.714261974969e-06
"                  77",-9.840883978871e-01,2.295153227876e+01,1.267608637924e-06,-7.518266988812e-01,2.298600289395e+01,3.296730421077e-06,2.322616990059e-01,3.447061519220e-02,2.029121783154e-06
"                  78",-9.899711904080e-01,2.299855173340e+01,1.314030040576e-06,-7.555120853259e-01,2.303322288045e+01,3.624123883680e-06,2.344591050821e-01,3.467114705244e-02,2.310093843104e-06
"                  79",-9.956783582712e-01,2.305279129770e+01,1.357495803661e-06,-7.590147495140e-01,2.308766197688e+01,3.740654777023e-06,2.366636087571e-01,3.487067917110e-02,2.383158973362e-06
"                  80",-1.000581319315e+00,2.311124985122e+01,1.398036983148e-06,-7.616903440428e-01,2.314633340656e+01,3.621856165998e-06,2.388909752723e-01,3.508355533723e-02,2.223819182850e-06
"                  81",-1.004812407191e+00,2.317018887282e+01,1.437729619795e-06,-7.636628389288e-01,2.320549614781e+01,3.557269595806e-06,2.411495682620e-01,3.530727498981e-02,2.119539976011e-06
"                  82",-1.008956732352e+00,2.322792596888e+01,1.470723711186e-06,-7.655070364818e-01,2.326344314630e+01,3.499688138360e-06,2.434496958705e-01,3.551717741986e-02,2.028964427174e-06
"                  83",-1.013273982158e+00,2.328268655189e+01,1.497656063236e-06,-7.674931537682e-01,2.331839071411e+01,3.425240324473e-06,2.457808283902e-01,3.570416221621e-02,1.927584261237e-06
"                  84",-1.017606088468e+00,2.333336495167e+01,1.520564911086e-06,-7.694761603591e-01,2.336924493045e+01,3.345345441408e-06,2.481299281093e-01,3.587997877415e-02,1.824780530322e-06
"                  85",-1.021614700680e+00,2.337758871459e+01,1.539219632165e-06,-7.711347719448e-01,2.341364899168e+01,3.312875064344e-06,2.504799287349e-01,3.606027709285e-02,1.773655432180e-06
"                  86",-1.025276062775e+00,2.341644422698e+01,1.555592713404e-06,-7.724400270520e-01,2.345267870619e+01,3.427120442248e-06,2.528360357225e-01,3.623447920556e-02,1.871527728844e-06
"                  87",-1.028802384579e+00,2.345457637871e+01,1.577325417567e-06,-7.736239707220e-01,2.349096322534e+01,3.575491457024e-06,2.551784138568e-01,3.638684663145e-02,1.998166039457e-06
"                  88",-1.032088951131e+00,2.349672096515e+01,1.602463418815e-06,-7.745933832982e-01,2.353322383851e+01,3.600797567767e-06,2.574955678324e-01,3.650287336219e-02,1.998334148952e-06
"                  89",-1.034934633716e+00,2.354338857655e+01,1.626176312960e-06,-7.751223160058e-01,2.358000288376e+01,3.474303153989e-06,2.598123177104e-01,3.661430721035e-02,1.848126841030e-06
"                  90",-1.037379016873e+00,2.359203034885e+01,1.647192118524e-06,-7.752732007124e-01,2.362881031295e+01,3.351924959015e-06,2.621058161602e-01,3.677996410415e-02,1.704732840491e-06
"                  91",-1.039561672519e+00,2.363888387732e+01,1.663078420561e-06,-7.751940640690e-01,2.367591383167e+01,3.302769683653e-06,2.643676084503e-01,3.702995434357e-02,1.639691263092e-06
"                  92",-1.041753396192e+00,2.368071348399e+01,1.679622750530e-06,-7.751472836778e-01,2.371804770066e+01,3.359505830010e-06,2.666061125142e-01,3.733421667165e-02,1.679883079481e-06
"                  93",-1.044364859591e+00,2.371827514635e+01,1.701116022947e-06,-7.755547173504e-01,2.375591861673e+01,3.485915082613e-06,2.688101422404e-01,3.764347038409e-02,1.784799059666e-06
"                  94",-1.047490413799e+00,2.375318471815e+01,1.722753586607e-06,-7.765225475393e-01,2.379111614827e+01,3.620697815590e-06,2.709678662599e-01,3.793143012530e-02,1.897944228983e-06
"                  95",-1.050870001356e+00,2.378614287027e+01,1.747717509560e-06,-7.777868942298e-01,2.382432872949e+01,3.667440174086e-06,2.730831071264e-01,3.818585921855e-02,1.919722664526e-06
"                  96",-1.054268591026e+00,2.381725927890e+01,1.785963862385e-06,-7.791084132426e-01,2.385566383200e+01,3.857796797392e-06,2.751601777834e-01,3.840455309572e-02,2.071832935007e-06
"                  97",-1.057681023866e+00,2.384703359118e+01,1.823690459193e-06,-7.804740989029e-01,2.388561487580e+01,4.049838371636e-06,2.772069249635e-01,3.858128461969e-02,2.226147912443e-06
"                  98",-1.061112002457e+00,2.387617379980e+01,1.850392204751e-06,-7.818856501110e-01,2.391489310036e+01,4.030756416387e-06,2.792263523464e-01,3.871930056477e-02,2.180364211636e-06
"                  99",-1.064418460553e+00,2.390386751304e+01,1.869984442586e-06,-7.831902647799e-01,2.394269945655e+01,3.736695202243e-06,2.812281957731e-01,3.883194351366e-02,1.866710759657e-06
"                 100",-1.067275271404e+00,2.392896495153e+01,1.888974813013e-06,-7.840538492846e-01,2.396791326052e+01,3.433965784633e-06,2.832214221195e-01,3.894830899293e-02,1.544990971619e-06
"                 101",-1.069521817959e+00,2.395123764471e+01,1.921257832283e-06,-7.843361504366e-01,2.399031630622e+01,3.256144863525e-06,2.851856675220e-01,3.907866150912e-02,1.334887031242e-06
"                 102",-1.071232388539e+00,2.397165204868e+01,1.964141362909e-06,-7.840988210338e-01,2.401087967346e+01,2.850038894362e-06,2.871335675053e-01,3.922762478024e-02,8.858975314533e-07
"                 103",-1.072669837356e+00,2.399206195555e+01,2.013164577858e-06,-7.835855321514e-01,2.403143537065e+01,2.457074156213e-06,2.890843052050e-01,3.937341509707e-02,4.439095783558e-07
"                 104",-1.073859172132e+00,2.401639866816e+01,2.056647435256e-06,-7.827927525988e-01,2.405588643851e+01,2.643600092375e-06,2.910664195334e-01,3.948777035445e-02,5.869526571190e-07
"                 105",-1.074894602011e+00,2.404636858899e+01,2.088604983218e-06,-7.817977264120e-01,2.408593620494e+01,3.922614136681e-06,2.930968755987e-01,3.956761594297e-02,1.834009153463e-06
"                 106",-1.076034635680e+00,2.407811613692e+01,2.099691572090e-06,-7.808534963304e-01,2.411773911266e+01,5.059734720934e-06,2.951811393497e-01,3.962297574324e-02,2.960043148844e-06
"                 107",-1.077711912679e+00,2.410242605390e+01,2.083831411179e-06,-7.804134368597e-01,2.414209871245e+01,4.118483143427e-06,2.972984758196e-01,3.967265855557e-02,2.034651732248e-06
"                 108",-1.080398104493e+00,2.411262171229e+01,2.051566954764e-06,-7.809854001582e-01,2.415235423876e+01,1.299896144464e-06,2.994127043353e-01,3.973252646660e-02,-7.516708102995e-07
"                 109",-1.084153536157e+00,2.410794075589e+01,2.020754891873e-06,-7.826619903218e-01,2.414774737635e+01,-2.508296787527e-06,3.014915458356e-01,3.980662045934e-02,-4.529051679400e-06
"                 110",-1.088543901429e+00,2.409315595515e+01,2.000034092261e-06,-7.850425790207e-01,2.413304043451e+01,-5.978210642100e-06,3.035013224080e-01,3.988447936266e-02,-7.978244734361e-06
"                 111",-1.093011993871e+00,2.407681796446e+01,1.993486942316e-06,-7.876123124588e-01,2.411678951181e+01,-7.678189473114e-06,3.053996814127e-01,3.997154735390e-02,-9.671676415431e-06
"                 112",-1.097159490664e+00,2.406788435526e+01,2.001781890748e-06,-7.899552786897e-01,2.410796281651e+01,-7.096020797445e-06,3.072042119740e-01,4.007846125790e-02,-9.097802688193e-06
"                 113",-1.100776596773e+00,2.407287324886e+01,2.036292815924e-06,-7.918272917732e-01,2.411306391584e+01,-4.494822958612e-06,3.089493050003e-01,4.019066698434e-02,-6.531115774536e-06
"                 114",-1.103597802134e+00,2.409516878252e+01,2.087152021666e-06,-7.929468107412e-01,2.413546364740e+01,-4.413585152740e-07,3.106509913931e-01,4.029486487524e-02,-2.528510536940e-06
"                 115",-1.105444226510e+00,2.413287455777e+01,2.142766216449e-06,-7.931272707091e-01,2.417326094316e+01,3.424961191975e-06,3.123169558008e-01,4.038638538893e-02,1.282194975526e-06
"                 116",-1.106463966459e+00,2.418078430881e+01,2.193897966682e-06,-7.925084390758e-01,2.422125056888e+01,7.283643207035e-06,3.139555273830e-01,4.046626007334e-02,5.089745240353e-06
"                 117",-1.107211442899e+00,2.423399413376e+01,2.237458476660e-06,-7.916486447249e-01,2.427453524757e+01,1.081096962387e-05,3.155627981738e-01,4.054111381000e-02,8.573511147211e-06
"                 118",-1.108201351574e+00,2.428821518127e+01,2.269537321053e-06,-7.910831971238e-01,2.432883428035e+01,1.328303633999e-05,3.171181544500e-01,4.061909908180e-02,1.101349901893e-05
"                 119",-1.109721708200e+00,2.433823783735e+01,2.282170092012e-06,-7.911056401867e-01,2.437894652293e+01,1.497860513249e-05,3.186160680136e-01,4.070868558026e-02,1.269643504048e-05
"                 120",-1.111374467370e+00,2.438460917032e+01,2.273413035707e-06,-7.912992726744e-01,2.442540955148e+01,1.581035949524e-05,3.200751946960e-01,4.080038115988e-02,1.353694645953e-05
"                 121",-1.112762958900e+00,2.443012181408e+01,2.255629986464e-06,-7.912555445818e-01,2.447098616717e+01,1.614775383733e-05,3.215074143186e-01,4.086435308888e-02,1.389212385086e-05
"                 122",-1.114164243533e+00,2.446945108286e+01,2.233612437979e-06,-7.912242315437e-01,2.451035328532e+01,1.610035963687e-05,3.229400119896e-01,4.090220245660e-02,1.386674719889e-05
"                 123",-1.115575554563e+00,2.450059730099e+01,2.216996498673e-06,-7.912058178691e-01,2.454153344381e+01,1.561046867088e-05,3.243697366939e-01,4.093614282023e-02,1.339347217221e-05
"                 124",-1.117200498817e+00,2.452100331367e+01,2.208278231352e-06,-7.914220339420e-01,2.456196978453e+01,1.489220181020e-05,3.257784648751e-01,4.096647085886e-02,1.268392357885e-05
"                 125",-1.118938196603e+00,2.453129980658e+01,2.208072000121e-06,-7.917579624954e-01,2.457228611226e+01,1.411314610078e-05,3.271802341078e-01,4.098630567975e-02,1.190507410065e-05
"                 126",-1.121146239681e+00,2.452920806388e+01,2.207240364654e-06,-7.925439516603e-01,2.457020163469e+01,1.312120178235e-05,3.286022880205e-01,4.099357080996e-02,1.091396141770e-05
"                 127",-1.123410516536e+00,2.451834193844e+01,2.211245241724e-06,-7.933705598977e-01,2.455931329991e+01,1.208643325605e-05,3.300399566385e-01,4.097136146527e-02,9.875188014323e-06
"                 128",-1.125814657173e+00,2.449796775326e+01,2.214769892162e-06,-7.943175680110e-01,2.453891671231e+01,1.127539198061e-05,3.314970891619e-01,4.094895904467e-02,9.060622088447e-06
"                 129",-1.128330583508e+00,2.447304185906e+01,2.224604246548e-06,-7.953469297916e-01,2.451396563395e+01,1.027930002413e-05,3.329836537159e-01,4.092377488442e-02,8.054695777584e-06
"                 130",-1.130289837305e+00,2.445547635841e+01,2.244417890689e-06,-7.958378749149e-01,2.449638140158e+01,9.370236546004e-06,3.344519623900e-01,4.090504316875e-02,7.125818655314e-06
"                 131",-1.131917943238e+00,2.444129124071e+01,2.279119519909e-06,-7.960540188275e-01,2.448221863848e+01,8.942890751669e-06,3.358639244110e-01,4.092739777428e-02,6.663771231759e-06
"                 132",-1.134000522829e+00,2.441833329809e+01,2.304354670224e-06,-7.967473574461e-01,2.445930179788e+01,8.050727477040e-06,3.372531653826e-01,4.096849979360e-02,5.746372806815e-06
"                 133",-1.137166960462e+00,2.437123774473e+01,2.304218802076e-06,-7.985100553327e-01,2.441225470649e+01,6.587933404223e-06,3.386569051297e-01,4.101696175630e-02,4.283714602147e-06
"                 134",-1.139805116097e+00,2.431242801258e+01,2.285428228159e-06,-7.996513142673e-01,2.435348153081e+01,4.170852589012e-06,3.401538018298e-01,4.105351822401e-02,1.885424360853e-06
"                 135",-1.141384611935e+00,2.425104325975e+01,2.258025054491e-06,-7.996410345976e-01,2.429209582571e+01,1.432449798669e-06,3.417435773379e-01,4.105256595629e-02,-8.255752558219e-07
"                 136",-1.143820420768e+00,2.417282463705e+01,2.203230707331e-06,-8.004407737760e-01,2.421387333367e+01,-4.682782991853e-09,3.433796469916e-01,4.104869661116e-02,-2.207913490322e-06
"                 137",-1.148812059513e+00,2.406493887986e+01,2.135868321950e-06,-8.037645749977e-01,2.410598703093e+01,-9.224094942075e-07,3.450474845149e-01,4.104815106938e-02,-3.058277816158e-06
"                 138",-1.156285932798e+00,2.392213236495e+01,2.060463682269e-06,-8.096530589300e-01,2.396317236278e+01,-2.161568942178e-06,3.466328738683e-01,4.103999782602e-02,-4.222032624447e-06
"                 139",-1.165087634963e+00,2.375111632836e+01,1.983738624779e-06,-8.169946686784e-01,2.379214270459e+01,-4.250847903224e-06,3.480929662846e-01,4.102637622809e-02,-6.234586528003e-06
"                 140",-1.171918253641e+00,2.358629244482e+01,1.901122601238e-06,-8.224356392937e-01,2.362733249117e+01,-6.789432097215e-06,3.494826143469e-01,4.104004634797e-02,-8.690554698453e-06
"                 141",-1.174418333817e+00,2.347072826916e+01,1.829847264545e-06,-8.235704248647e-01,2.351176504581e+01,-9.229651896825e-06,3.508479089524e-01,4.103677665132e-02,-1.105949916137e-05
"                 142",-1.174567825118e+00,2.341059128362e+01,1.787970256474e-06,-8.224018506253e-01,2.345162469467e+01,-1.056236772105e-05,3.521659744927e-01,4.103341104766e-02,-1.235033797752e-05
"                 143",-1.174600381982e+00,2.339982530988e+01,1.799677586370e-06,-8.211584280158e-01,2.344085584188e+01,-1.061851732987e-05,3.534419539659e-01,4.103053200082e-02,-1.241819491624e-05
"                 144",-1.174418061170e+00,2.343955359632e+01,1.876055000049e-06,-8.197318755723e-01,2.348057489754e+01,-1.004718220471e-05,3.546861855978e-01,4.102130121822e-02,-1.192323720476e-05
"                 145",-1.173897260129e+00,2.351987364455e+01,2.020842232405e-06,-8.180991765517e-01,2.356090919335e+01,-8.499226369132e-06,3.557980835769e-01,4.103554880138e-02,-1.052006860154e-05
"                 146",-1.173201763627e+00,2.361970494802e+01,2.208673961209e-06,-8.165085964934e-01,2.366075978531e+01,-7.224652342022e-06,3.566931671336e-01,4.105483729033e-02,-9.433326303231e-06
"                 147",-1.171746039080e+00,2.372683249627e+01,2.408795864832e-06,-8.143357740171e-01,2.376787088745e+01,-8.471346891486e-06,3.574102650626e-01,4.103839117606e-02,-1.088014275632e-05
"                 148",-1.170085613637e+00,2.382648270280e+01,2.594555471134e-06,-8.120287860204e-01,2.386751537152e+01,-8.607511797865e-06,3.580568276171e-01,4.103266871979e-02,-1.120206726900e-05
"                 149",-1.168959592065e+00,2.390530364643e+01,2.704952570315e-06,-8.102417387837e-01,2.394633512676e+01,-9.518683422801e-06,3.587178532810e-01,4.103148032418e-02,-1.222363599312e-05
"                 150",-1.167240745478e+00,2.395906382722e+01,2.736682768865e-06,-8.077552250515e-01,2.400010592803e+01,-1.091854643330e-05,3.594855204265e-01,4.104210081261e-02,-1.365522920217e-05
"                 151",-1.164117022254e+00,2.399223784263e+01,2.724363831246e-06,-8.036093748237e-01,2.403326635030e+01,-1.274510547692e-05,3.605076474303e-01,4.102850766792e-02,-1.546946930816e-05
"                 152",-1.160940697384e+00,2.400721827985e+01,2.688397099384e-06,-7.992210277199e-01,2.404819571425e+01,-1.244678370837e-05,3.617196696645e-01,4.097743440001e-02,-1.513518080776e-05
"                 153",-1.159384540809e+00,2.401080340953e+01,2.652239584290e-06,-7.963754048852e-01,2.405171665880e+01,-1.096256927074e-05,3.630091359236e-01,4.091324927415e-02,-1.361480885503e-05
"                 154",-1.159961717247e+00,2.400333652030e+01,2.628593741042e-06,-7.956321690796e-01,2.404419958485e+01,-9.158338062638e-06,3.643295481674e-01,4.086306454796e-02,-1.178693180368e-05
"                 155",-1.162643035106e+00,2.396972801486e+01,2.632793662874e-06,-7.970141242239e-01,2.401054767575e+01,-6.948500810054e-06,3.656289108825e-01,4.081966088455e-02,-9.581294472928e-06
"                 156",-1.166450661676e+00,2.390289309759e+01,2.654065960533e-06,-7.995751964495e-01,2.394367115763e+01,-4.965537631012e-06,3.668754652269e-01,4.077806004520e-02,-7.619603591545e-06
"                 157",-1.170557695049e+00,2.380827746725e+01,2.697509162392e-06,-8.024760167432e-01,2.384902191308e+01,-2.471143430601e-06,3.680816783059e-01,4.074444582620e-02,-5.168652592993e-06
"                 158",-1.174247763396e+00,2.370225102799e+01,2.751746551593e-06,-8.049498306806e-01,2.374297090344e+01,1.201561157306e-07,3.692979327154e-01,4.071987545296e-02,-2.631590435863e-06
"                 159",-1.177220260995e+00,2.360680555474e+01,2.809977715748e-06,-8.066579542252e-01,2.364749124586e+01,1.922529946513e-06,3.705623067702e-01,4.068569112486e-02,-8.874477692350e-07
"                 160",-1.179662648674e+00,2.352582768449e+01,2.857827899862e-06,-8.078035025599e-01,2.356645923092e+01,4.755516616392e-06,3.718591461136e-01,4.063154642958e-02,1.897688716531e-06
"                 161",-1.181421657695e+00,2.345942965262e+01,2.886704444780e-06,-8.082587240349e-01,2.349997977828e+01,8.438036058253e-06,3.731629336606e-01,4.055012565890e-02,5.551331613473e-06
"                 162",-1.183073146524e+00,2.340623281260e+01,2.886844651140e-06,-8.086649273880e-01,2.344669824446e+01,1.144810190462e-05,3.744082191356e-01,4.046543185689e-02,8.561257253483e-06
"                 163",-1.185040213875e+00,2.336879506855e+01,2.854648032473e-06,-8.095060118160e-01,2.340919480466e+01,1.287990948990e-05,3.755342020587e-01,4.039973610971e-02,1.002526145743e-05
"                 164",-1.187149905701e+00,2.335109227623e+01,2.782979286017e-06,-8.105879308855e-01,2.339145742399e+01,1.313270310407e-05,3.765619748151e-01,4.036514775366e-02,1.034972381806e-05
"                 165",-1.188408288417e+00,2.335458459498e+01,2.682817546768e-06,-8.108821529308e-01,2.339494744787e+01,1.126659108196e-05,3.775261354859e-01,4.036285288154e-02,8.583773535192e-06
"                 166",-1.188448248498e+00,2.337233981306e+01,2.575348875382e-06,-8.100007680312e-01,2.341270534264e+01,8.019316799391e-06,3.784474804669e-01,4.036552957944e-02,5.443967924009e-06
"                 167",-1.187754311844e+00,2.339789782908e+01,2.487267389770e-06,-8.084071967794e-01,2.343824494094e+01,4.509785250565e-06,3.793471150649e-01,4.034711185564e-02,2.022517860795e-06
"                 168",-1.187020661496e+00,2.342544783427e+01,2.420416830001e-06,-8.067817688868e-01,2.346575054595e+01,2.938726834966e-06,3.802388926089e-01,4.030271167973e-02,5.183100049656e-07
"                 169",-1.186892426621e+00,2.344451718262e+01,2.381080588510e-06,-8.057724579762e-01,2.348475246259e+01,1.229769392236e-06,3.811199686445e-01,4.023527997786e-02,-1.151311196273e-06
"                 170",-1.187425180077e+00,2.344608089618e+01,2.358523178940e-06,-8.054210113283e-01,2.348624187903e+01,-1.260249363706e-06,3.820041687491e-01,4.016098284954e-02,-3.618772542646e-06
"                 171",-1.188122208248e+00,2.342977815080e+01,2.353981158184e-06,-8.052021097989e-01,2.346987361189e+01,-4.309666622743e-06,3.829200984493e-01,4.009546109299e-02,-6.663647780927e-06
"                 172",-1.188618829409e+00,2.340290574066e+01,2.361069067582e-06,-8.047175246425e-01,2.344293452701e+01,-6.522257203258e-06,3.839013047667e-01,4.002878635101e-02,-8.883326270840e-06
"                 173",-1.189248836447e+00,2.337167060147e+01,2.384014604200e-06,-8.042877937398e-01,2.341164114146e+01,-8.028719775151e-06,3.849610427071e-01,3.997053999763e-02,-1.041273437935e-05
"                 174",-1.190257791037e+00,2.333732303658e+01,2.423397700896e-06,-8.041855389834e-01,2.337724148108e+01,-9.301043128411e-06,3.860722520540e-01,3.991844450005e-02,-1.172444082931e-05
"                 175",-1.191564918653e+00,2.329682460103e+01,2.465216159119e-06,-8.043745726937e-01,2.333668771061e+01,-9.810584995865e-06,3.871903459597e-01,3.986310957685e-02,-1.227580115498e-05
"                 176",-1.193072825214e+00,2.325087369791e+01,2.501556321106e-06,-8.047854050861e-01,2.329067215120e+01,-8.654341436229e-06,3.882874201275e-01,3.979845329107e-02,-1.115589775733e-05
"                 177",-1.194588233991e+00,2.320551784225e+01,2.525621852098e-06,-8.052423672954e-01,2.324524966973e+01,-6.271073023860e-06,3.893458666951e-01,3.973182747946e-02,-8.796694875958e-06
"                 178",-1.195789475559e+00,2.316881489443e+01,2.538972523973e-06,-8.054488786337e-01,2.320848243145e+01,-3.555841295059e-06,3.903405969254e-01,3.966753702303e-02,-6.094813819032e-06
"                 179",-1.196546536982e+00,2.314508230355e+01,2.547450827347e-06,-8.053164435923e-01,2.318468905405e+01,-8.179460268166e-07,3.912300933900e-01,3.960675049592e-02,-3.365396854164e-06
"                 180",-1.196950920551e+00,2.313736745869e+01,2.552860323919e-06,-8.049152228935e-01,2.317692066911e+01,1.392942000922e-06,3.920356976577e-01,3.955321041629e-02,-1.159918322997e-06
"                 181",-1.196978594220e+00,2.314797351671e+01,2.555481347132e-06,-8.041968705561e-01,2.318748082803e+01,3.289027167337e-06,3.927817236638e-01,3.950731131755e-02,7.335458202048e-07
"                 182",-1.196422722701e+00,2.317613913276e+01,2.552012870755e-06,-8.029405993316e-01,2.321560377640e+01,5.233079424749e-06,3.934821233693e-01,3.946464363991e-02,2.681066553994e-06
"                 183",-1.195381049383e+00,2.321450780909e+01,2.535871363540e-06,-8.012193815021e-01,2.325393112338e+01,6.719659003819e-06,3.941616678809e-01,3.942331429084e-02,4.183787640278e-06
"                 184",-1.194197947146e+00,2.325429562722e+01,2.509061036965e-06,-7.993564267089e-01,2.329367798704e+01,7.012543403760e-06,3.948415204372e-01,3.938235981225e-02,4.503482366794e-06
"                 185",-1.193123136216e+00,2.329052175847e+01,2.486048763168e-06,-7.975835651659e-01,2.332985993277e+01,6.113985613593e-06,3.955395710505e-01,3.933817429901e-02,3.627936850425e-06
"                 186",-1.192361525889e+00,2.331812222725e+01,2.472288197928e-06,-7.961013123852e-01,2.335741715106e+01,4.680949820712e-06,3.962602135042e-01,3.929492380649e-02,2.208661622784e-06
"                 187",-1.192016961909e+00,2.333528522920e+01,2.467103814299e-06,-7.950167265609e-01,2.337454093599e+01,3.113973996903e-06,3.970002353484e-01,3.925570679054e-02,6.468701826037e-07
"                 188",-1.192035841260e+00,2.334398248787e+01,2.466962654027e-06,-7.942743191508e-01,2.338320277007e+01,1.541235383622e-06,3.977615221095e-01,3.922028219558e-02,-9.257272704048e-07
"                 189",-1.192255719555e+00,2.334772800858e+01,2.469734694421e-06,-7.937151376680e-01,2.338691038384e+01,-1.520432923909e-07,3.985405818867e-01,3.918237525876e-02,-2.621777986812e-06
"                 190",-1.192532239361e+00,2.334906309724e+01,2.469706414688e-06,-7.932032153344e-01,2.338819889711e+01,-1.611284313837e-06,3.993290240263e-01,3.913579987775e-02,-4.080990728525e-06
"                 191",-1.192792231668e+00,2.334850487520e+01,2.464571655600e-06,-7.926741777852e-01,2.338758851593e+01,-2.813156987675e-06,4.001180538830e-01,3.908364073326e-02,-5.277728643275e-06
"                 192",-1.193033119451e+00,2.334593681549e+01,2.453981267964e-06,-7.921315967312e-01,2.338496943993e+01,-3.626064557630e-06,4.009015227195e-01,3.903262443529e-02,-6.080045825594e-06
"                 193",-1.193328129028e+00,2.334248626172e+01,2.443810100771e-06,-7.916503785821e-01,2.338147182728e+01,-3.694921714097e-06,4.016777504460e-01,3.898556556108e-02,-6.138731814869e-06
"                 194",-1.193666703182e+00,2.333961405402e+01,2.435512790890e-06,-7.912198807991e-01,2.337855558491e+01,-3.005257249207e-06,4.024468223833e-01,3.894153088760e-02,-5.440770040098e-06
"                 195",-1.194034842931e+00,2.333829577426e+01,2.429684307450e-06,-7.908274772003e-01,2.337719424907e+01,-1.943595874354e-06,4.032073657310e-01,3.889847481642e-02,-4.373280181804e-06
"                 196",-1.194324650210e+00,2.333836206527e+01,2.421325493163e-06,-7.903707805823e-01,2.337721759615e+01,-7.837312557493e-07,4.039538696275e-01,3.885553087923e-02,-3.205056748913e-06
"                 197",-1.194522167362e+00,2.333940559308e+01,2.407809865718e-06,-7.898370713337e-01,2.337821454344e+01,2.073099292724e-07,4.046850960285e-01,3.880895036328e-02,-2.200499936446e-06
"                 198",-1.194700487828e+00,2.334140316729e+01,2.392972401725e-06,-7.892985948381e-01,2.338016071588e+01,9.808691542281e-07,4.054018929896e-01,3.875754859116e-02,-1.412103247497e-06
"                 199",-1.194862309306e+00,2.334433927819e+01,2.382163328026e-06,-7.887521961086e-01,2.338304645143e+01,1.688288234990e-06,4.061101131975e-01,3.870717323355e-02,-6.938750930356e-07
"                 200",-1.195057860591e+00,2.334861880265e+01,2.378111012928e-06,-7.882489823559e-01,2.338727733034e+01,2.209115421125e-06,4.068088782350e-01,3.865852769489e-02,-1.689955918029e-07
"                 201",-1.195301551625e+00,2.335459947488e+01,2.381167010805e-06,-7.878064813848e-01,2.339320949159e+01,2.385346255049e-06,4.074950702399e-01,3.861001671186e-02,4.179244243917e-09
"                 202",-1.195541025972e+00,2.336223020781e+01,2.386258934573e-06,-7.873735305625e-01,2.340079088328e+01,2.109552011887e-06,4.081674954097e-01,3.856067546451e-02,-2.767069226863e-07
"                 203",-1.195704282226e+00,2.337114533798e+01,2.387551174895e-06,-7.868758642897e-01,2.340965702940e+01,1.900800179677e-06,4.088284179362e-01,3.851169142036e-02,-4.867509952175e-07
"                 204",-1.195850742289e+00,2.338149514871e+01,2.385494797115e-06,-7.863716117348e-01,2.341996010947e+01,1.940715063227e-06,4.094791305544e-01,3.846496076129e-02,-4.447797338880e-07
"                 205",-1.196061439358e+00,2.339352042602e+01,2.382909161531e-06,-7.859437114983e-01,2.343194293636e+01,2.094220767207e-06,4.101177278602e-01,3.842251033857e-02,-2.886883943236e-07
"                 206",-1.196310630597e+00,2.340708897489e+01,2.380170915419e-06,-7.855662524890e-01,2.344546867020e+01,2.243563441441e-06,4.107443781082e-01,3.837969531925e-02,-1.366074739773e-07
"                 207",-1.196596740561e+00,2.342193060782e+01,2.376866167391e-06,-7.852318403220e-01,2.346026497615e+01,2.420743706144e-06,4.113649002391e-01,3.833436832903e-02,4.387753875249e-08
"                 208",-1.196824162317e+00,2.343745779144e+01,2.373061539808e-06,-7.848416377269e-01,2.347574786784e+01,2.317694089428e-06,4.119825245901e-01,3.829007640750e-02,-5.536745038064e-08
"                 209",-1.196977748299e+00,2.345345249406e+01,2.367450469358e-06,-7.843829201382e-01,2.349169992332e+01,1.831835486462e-06,4.125948281605e-01,3.824742926708e-02,-5.356149828962e-07
"                 210",-1.197043896759e+00,2.346980404135e+01,2.360447742750e-06,-7.838455288025e-01,2.350800995751e+01,1.250422325134e-06,4.131983679569e-01,3.820591615918e-02,-1.110025417617e-06
"                 211",-1.196989455167e+00,2.348612181013e+01,2.355804524109e-06,-7.831979115407e-01,2.352428691002e+01,7.183560850989e-07,4.137915436259e-01,3.816509988823e-02,-1.637448439010e-06
"                 212",-1.196861659220e+00,2.350223712975e+01,2.353872513689e-06,-7.824872060435e-01,2.354036237958e+01,2.409308346170e-07,4.143744531762e-01,3.812524983342e-02,-2.112941679072e-06
"                 213",-1.196821817981e+00,2.351851894523e+01,2.354588010889e-06,-7.818716831046e-01,2.355660673209e+01,-2.634541381418e-07,4.149501348762e-01,3.808778685372e-02,-2.618042149031e-06
"                 214",-1.196955252282e+00,2.353513396339e+01,2.356422007709e-06,-7.814312896033e-01,2.357318650277e+01,-5.768956390319e-07,4.155239626790e-01,3.805253938681e-02,-2.933317646741e-06
"                 215",-1.197213767346e+00,2.355193552568e+01,2.358996621934e-06,-7.811178423083e-01,2.358995205532e+01,-5.315248328372e-07,4.160959250378e-01,3.801652963560e-02,-2.890521454772e-06
"                 216",-1.197553101822e+00,2.356887571938e+01,2.367696948965e-06,-7.808893297897e-01,2.360685733674e+01,-3.902352031716e-07,4.166637720323e-01,3.798161735465e-02,-2.757932152137e-06
"                 217",-1.198003680617e+00,2.358607430294e+01,2.384285133155e-06,-7.807775608722e-01,2.362402287754e+01,-3.843106048880e-07,4.172261197445e-01,3.794857459465e-02,-2.768595738043e-06
"                 218",-1.198466941269e+00,2.360307182370e+01,2.402586825686e-06,-7.806843936617e-01,2.364098585041e+01,-4.986483438155e-07,4.177825476070e-01,3.791402670488e-02,-2.901235169501e-06
"                 219",-1.198826483583e+00,2.361942634348e+01,2.416916138302e-06,-7.804964479273e-01,2.365730599377e+01,-6.640004694192e-07,4.183300356560e-01,3.787965029159e-02,-3.080916607721e-06
"                 220",-1.199156785955e+00,2.363556399715e+01,2.425443075184e-06,-7.802880158948e-01,2.367341427731e+01,-9.508606868637e-07,4.188687700599e-01,3.785028015799e-02,-3.376303762048e-06
"                 221",-1.199519729994e+00,2.365192745461e+01,2.428135839390e-06,-7.801185821529e-01,2.368975212378e+01,-1.536656940793e-06,4.194011478410e-01,3.782466916959e-02,-3.964792780182e-06
"                 222",-1.199947731560e+00,2.366875000045e+01,2.426323416624e-06,-7.800220774408e-01,2.370654691294e+01,-2.113546872016e-06,4.199256541191e-01,3.779691249682e-02,-4.539870288640e-06
"                 223",-1.200418569239e+00,2.368590179809e+01,2.420431886751e-06,-7.799755233118e-01,2.372366749694e+01,-2.475937525878e-06,4.204430459272e-01,3.776569884990e-02,-4.896369412629e-06
"                 224",-1.200820018539e+00,2.370277089831e+01,2.410787288448e-06,-7.798672892577e-01,2.374050541565e+01,-2.563699023675e-06,4.209527292808e-01,3.773451734021e-02,-4.974486312123e-06
"                 225",-1.201215436217e+00,2.371947685999e+01,2.400330455307e-06,-7.797609960099e-01,2.375717951920e+01,-2.522708582868e-06,4.214544402074e-01,3.770265920951e-02,-4.923039038175e-06
"                 226",-1.201592743092e+00,2.373607938406e+01,2.391946244702e-06,-7.796414181682e-01,2.377374818291e+01,-2.273098530571e-06,4.219513249242e-01,3.766879884440e-02,-4.665044775272e-06
"                 227",-1.201976028203e+00,2.375282637311e+01,2.386669531557e-06,-7.795321118677e-01,2.379046341578e+01,-1.908319286082e-06,4.224439163354e-01,3.763704266766e-02,-4.294988817639e-06
"                 228",-1.202377005145e+00,2.376986120012e+01,2.382638800506e-06,-7.794448637830e-01,2.380747136729e+01,-1.572137549292e-06,4.229321413624e-01,3.761016716856e-02,-3.954776349798e-06
"                 229",-1.202888613412e+00,2.378765560930e+01,2.378895418349e-06,-7.794733934793e-01,2.382524324003e+01,-1.229967876299e-06,4.234152199323e-01,3.758763072736e-02,-3.608863294649e-06
"                 230",-1.203507234664e+00,2.380605731398e+01,2.376480952463e-06,-7.796108406714e-01,2.384362660928e+01,-9.401703859874e-07,4.238963939927e-01,3.756929529849e-02,-3.316651338450e-06
"                 231",-1.204056334306e+00,2.382399682291e+01,2.378652997409e-06,-7.796831758956e-01,2.386154788907e+01,-7.644660722405e-07,4.243731584099e-01,3.755106615664e-02,-3.143119069649e-06
"                 232",-1.204502697895e+00,2.384117001250e+01,2.385586390426e-06,-7.796614263591e-01,2.387869691141e+01,-6.145155989994e-07,4.248412715360e-01,3.752689890936e-02,-3.000101989425e-06
"                 233",-1.204917679091e+00,2.385810687589e+01,2.394795942918e-06,-7.796181770109e-01,2.389560397042e+01,-5.029139822654e-07,4.252995020804e-01,3.749709452942e-02,-2.897709925183e-06
"                 234",-1.205370806948e+00,2.387536589006e+01,2.405307078858e-06,-7.796226947799e-01,2.391283225348e+01,-5.712371998431e-07,4.257481121676e-01,3.746636342333e-02,-2.976544278701e-06
"                 235",-1.205879167592e+00,2.389304535373e+01,2.415407519415e-06,-7.796910902237e-01,2.393048404910e+01,-8.456200337002e-07,4.261880773679e-01,3.743869536367e-02,-3.261027553115e-06
"                 236",-1.206437771338e+00,2.391101338563e+01,2.422934135458e-06,-7.798177184432e-01,2.394842794796e+01,-1.239880865775e-06,4.266200528951e-01,3.741456233019e-02,-3.662815001232e-06
"                 237",-1.207023526835e+00,2.392910498725e+01,2.427702103442e-06,-7.799779967782e-01,2.396649686192e+01,-1.733067787609e-06,4.270455300563e-01,3.739187466488e-02,-4.160769891051e-06
"                 238",-1.207678777723e+00,2.394743440663e+01,2.430190198473e-06,-7.802114953996e-01,2.398480331575e+01,-2.051664464112e-06,4.274672823237e-01,3.736890911893e-02,-4.481854662584e-06
"                 239",-1.208405850179e+00,2.396594815524e+01,2.432727340795e-06,-7.805175879360e-01,2.400329553854e+01,-1.964980809130e-06,4.278882622427e-01,3.734738329183e-02,-4.397708149925e-06
"                 240",-1.209191984920e+00,2.398455382107e+01,2.436754498401e-06,-7.808828307340e-01,2.402188152956e+01,-1.800394944231e-06,4.283091541860e-01,3.732770848594e-02,-4.237149442631e-06
"                 241",-1.209950033852e+00,2.400291922954e+01,2.443150568022e-06,-7.812219697188e-01,2.404022848571e+01,-1.674128775780e-06,4.287280641331e-01,3.730925616710e-02,-4.117279343802e-06
"                 242",-1.210669013408e+00,2.402096155199e+01,2.454087701332e-06,-7.815266986043e-01,2.405825332430e+01,-1.629039560323e-06,4.291423148036e-01,3.729177231071e-02,-4.083127261654e-06
"                 243",-1.211414386721e+00,2.403890093599e+01,2.471108310423e-06,-7.818659707595e-01,2.407617725745e+01,-1.647867765386e-06,4.295484159611e-01,3.727632146510e-02,-4.118976075810e-06
"                 244",-1.212265737702e+00,2.405706922879e+01,2.495358655861e-06,-7.823207960809e-01,2.409433037401e+01,-1.670013284624e-06,4.299449416214e-01,3.726114521236e-02,-4.165371940485e-06
"                 245",-1.213115567630e+00,2.407505535932e+01,2.523594889741e-06,-7.827823474053e-01,2.411229782296e+01,-1.792209511149e-06,4.303332202248e-01,3.724246363586e-02,-4.315804400890e-06
"                 246",-1.213887883497e+00,2.409260579313e+01,2.549868299013e-06,-7.831753038538e-01,2.412982830344e+01,-2.201520125109e-06,4.307125796432e-01,3.722251031439e-02,-4.751388424121e-06
"                 247",-1.214664990003e+00,2.411008548036e+01,2.566566199358e-06,-7.835810884241e-01,2.414729111661e+01,-2.906361077206e-06,4.310839015794e-01,3.720563625633e-02,-5.472927276564e-06
"                 248",-1.215564607105e+00,2.412794909128e+01,2.571761775529e-06,-7.841184318333e-01,2.416514086098e+01,-3.600292120794e-06,4.314461752716e-01,3.719176970085e-02,-6.172053896323e-06
"                 249",-1.216505007632e+00,2.414584632935e+01,2.567268663875e-06,-7.847036660510e-01,2.418302419844e+01,-3.961607481373e-06,4.318013415813e-01,3.717786909316e-02,-6.528876145248e-06
"                 250",-1.217316040926e+00,2.416312560166e+01,2.555557365528e-06,-7.851647636800e-01,2.420028590051e+01,-3.961041317675e-06,4.321512772457e-01,3.716029884520e-02,-6.516598683204e-06
"                 251",-1.217901898439e+00,2.417940039845e+01,2.539930146778e-06,-7.854041821531e-01,2.421653660765e+01,-3.795053857219e-06,4.324977162857e-01,3.713620919582e-02,-6.334984003998e-06
"                 252",-1.218429519398e+00,2.419534292986e+01,2.525116085386e-06,-7.855882029274e-01,2.423245045680e+01,-3.231361684730e-06,4.328413164707e-01,3.710752693850e-02,-5.756477770116e-06
"                 253",-1.219017769044e+00,2.421146572755e+01,2.514180178574e-06,-7.858368782533e-01,2.424854521795e+01,-2.430733561054e-06,4.331808907908e-01,3.707949040196e-02,-4.944913739628e-06
"                 254",-1.219735982337e+00,2.422800981129e+01,2.506423890957e-06,-7.862207748282e-01,2.426506675733e+01,-1.992937960759e-06,4.335152075085e-01,3.705694603875e-02,-4.499361851715e-06
"                 255",-1.220580525989e+00,2.424497209967e+01,2.500325581515e-06,-7.867372336322e-01,2.428201306664e+01,-2.054342848980e-06,4.338432923564e-01,3.704096696922e-02,-4.554668430495e-06
"                 256",-1.221511590240e+00,2.426217385118e+01,2.497013378926e-06,-7.873430202285e-01,2.429920222118e+01,-2.369063619591e-06,4.341685700117e-01,3.702836999869e-02,-4.866076998517e-06
"                 257",-1.222475384169e+00,2.427936065183e+01,2.497857887195e-06,-7.879833212646e-01,2.431637749958e+01,-2.620496871064e-06,4.344920629049e-01,3.701684774750e-02,-5.118354758259e-06
"                 258",-1.223370623132e+00,2.429615174568e+01,2.502343301650e-06,-7.885590685828e-01,2.433315702315e+01,-2.644853884536e-06,4.348115545492e-01,3.700527746628e-02,-5.147197186186e-06
"                 259",-1.224210516539e+00,2.431256490356e+01,2.509302579505e-06,-7.890845666366e-01,2.434955986132e+01,-2.521488145324e-06,4.351259499022e-01,3.699495775852e-02,-5.030790724829e-06
"                 260",-1.225010242292e+00,2.432866174712e+01,2.517411648137e-06,-7.895763508416e-01,2.436564647150e+01,-2.468925661972e-06,4.354338914506e-01,3.698472437824e-02,-4.986337310109e-06
"                 261",-1.225787600416e+00,2.434458514907e+01,2.524166278948e-06,-7.900509004987e-01,2.438155799798e+01,-2.678516350882e-06,4.357366999171e-01,3.697284890356e-02,-5.202682629829e-06
"                 262",-1.226547588159e+00,2.436033549439e+01,2.529285604403e-06,-7.905116133037e-01,2.439729707555e+01,-2.954366179020e-06,4.360359748551e-01,3.696158116144e-02,-5.483651783423e-06
"                 263",-1.227313073568e+00,2.437593666891e+01,2.532386356703e-06,-7.909811170080e-01,2.441288816028e+01,-2.936411642884e-06,4.363319565602e-01,3.695149137118e-02,-5.468797999587e-06
"                 264",-1.228147546567e+00,2.439161984607e+01,2.535835747690e-06,-7.915243870323e-01,2.442856210071e+01,-2.671867557829e-06,4.366231595342e-01,3.694225464336e-02,-5.207703305519e-06
"                 265",-1.229057982492e+00,2.440737297583e+01,2.541151451343e-06,-7.921458529332e-01,2.444430852231e+01,-2.315711789336e-06,4.369121295584e-01,3.693554648332e-02,-4.856863240680e-06
"                 266",-1.229992664029e+00,2.442301352620e+01,2.550418595894e-06,-7.927908501157e-01,2.445994762074e+01,-1.993492971261e-06,4.372018139135e-01,3.693409453409e-02,-4.543911567155e-06
"                 267",-1.230923980380e+00,2.443847194462e+01,2.566540329326e-06,-7.934342979210e-01,2.447540603045e+01,-1.797814588086e-06,4.374896824589e-01,3.693408582411e-02,-4.364354917412e-06
"                 268",-1.231831160275e+00,2.445371588875e+01,2.591783650578e-06,-7.940572513066e-01,2.449064823715e+01,-1.831637148053e-06,4.377739089683e-01,3.693234839458e-02,-4.423420798631e-06
"                 269",-1.232737252085e+00,2.446883845261e+01,2.620316765655e-06,-7.946848492070e-01,2.450576422271e+01,-2.112515943713e-06,4.380524028785e-01,3.692577009827e-02,-4.732832709368e-06
"                 270",-1.233653805183e+00,2.448386192915e+01,2.645941940804e-06,-7.953310500449e-01,2.452077818240e+01,-2.603762122984e-06,4.383227551381e-01,3.691625324784e-02,-5.249704063788e-06
"                 271",-1.234597723328e+00,2.449875238042e+01,2.665997891549e-06,-7.960109365826e-01,2.453566040494e+01,-3.144550811677e-06,4.385867867459e-01,3.690802452670e-02,-5.810548703226e-06
"                 272",-1.235575594517e+00,2.451355687104e+01,2.678161320169e-06,-7.967303209064e-01,2.455046147400e+01,-3.341232032301e-06,4.388452736108e-01,3.690460295953e-02,-6.019393352470e-06
"                 273",-1.236585705543e+00,2.452836998954e+01,2.677478383001e-06,-7.974857731987e-01,2.456527470910e+01,-3.243671012070e-06,4.390999323441e-01,3.690471956676e-02,-5.921149395071e-06
"                 274",-1.237567459871e+00,2.454302244057e+01,2.660187229217e-06,-7.982153789750e-01,2.457992789886e+01,-2.968504651867e-06,4.393520808958e-01,3.690545829849e-02,-5.628691881084e-06
"                 275",-1.238455308561e+00,2.455726307695e+01,2.636298099145e-06,-7.988540376141e-01,2.459417034444e+01,-2.496145324072e-06,4.396012709469e-01,3.690726748780e-02,-5.132443423217e-06
"                 276",-1.239259437996e+00,2.457098871484e+01,2.617046286883e-06,-7.994106173791e-01,2.460789729896e+01,-1.984081999138e-06,4.398488206168e-01,3.690858411957e-02,-4.601128286021e-06
"                 277",-1.240006665095e+00,2.458425195849e+01,2.602844156846e-06,-7.999127449033e-01,2.462115615517e+01,-1.500690044101e-06,4.400939201919e-01,3.690419667830e-02,-4.103534200947e-06
"                 278",-1.240745996700e+00,2.459732435035e+01,2.592457279644e-06,-8.004124030010e-01,2.463421777663e+01,-1.392465040120e-06,4.403335936991e-01,3.689342627721e-02,-3.984922319764e-06
"                 279",-1.241498382122e+00,2.461030622095e+01,2.587591709341e-06,-8.009299024859e-01,2.464719183500e+01,-1.679534127582e-06,4.405684796359e-01,3.688561404605e-02,-4.267125836923e-06
"                 280",-1.242263216408e+00,2.462310953582e+01,2.590178997590e-06,-8.014638080052e-01,2.465998964076e+01,-2.125706185344e-06,4.407994084023e-01,3.688010493816e-02,-4.715885182934e-06
"                 281",-1.243070084215e+00,2.463589877388e+01,2.598864796731e-06,-8.020458263270e-01,2.467277363099e+01,-2.577218113990e-06,4.410242578878e-01,3.687485710833e-02,-5.176082910721e-06
"                 282",-1.243964294064e+00,2.464886524825e+01,2.611272069897e-06,-8.027204601404e-01,2.468573637874e+01,-3.094878904536e-06,4.412438339239e-01,3.687113048670e-02,-5.706150974432e-06
"                 283",-1.244919449392e+00,2.466194923046e+01,2.621569239424e-06,-8.034617099248e-01,2.469881664328e+01,-3.485973723938e-06,4.414577394670e-01,3.686741282030e-02,-6.107542963363e-06
"                 284",-1.245780666689e+00,2.467445712544e+01,2.626008702736e-06,-8.041145558156e-01,2.471131863519e+01,-3.557708829864e-06,4.416661108737e-01,3.686150974447e-02,-6.183717532600e-06
"                 285",-1.246563747363e+00,2.468639798130e+01,2.625999549115e-06,-8.046952383018e-01,2.472325378386e+01,-3.237541531937e-06,4.418685090616e-01,3.685580255818e-02,-5.863541081052e-06
"                 286",-1.247340716582e+00,2.469811514854e+01,2.627265001765e-06,-8.052738743687e-01,2.473496536388e+01,-2.689615472984e-06,4.420668422134e-01,3.685021534817e-02,-5.316880474749e-06
"                 287",-1.248185360562e+00,2.470999720984e+01,2.630057561356e-06,-8.059224895580e-01,2.474684046442e+01,-2.262447865167e-06,4.422628710039e-01,3.684325458029e-02,-4.892505426523e-06
"                 288",-1.249121990094e+00,2.472213920508e+01,2.629762535734e-06,-8.066643671543e-01,2.475897664360e+01,-2.014572020865e-06,4.424576229397e-01,3.683743851752e-02,-4.644334556599e-06
"                 289",-1.250091362169e+00,2.473421688367e+01,2.626345502000e-06,-8.074382425530e-01,2.477105175644e+01,-1.760210019136e-06,4.426531196164e-01,3.683487276999e-02,-4.386555521136e-06
"                 290",-1.251021280433e+00,2.474586849132e+01,2.622988067192e-06,-8.081738306110e-01,2.478270494185e+01,-1.458078678445e-06,4.428474498217e-01,3.683645052424e-02,-4.081066745637e-06
"                 291",-1.251876564857e+00,2.475698702668e+01,2.625367114898e-06,-8.088369734943e-01,2.479382661819e+01,-9.723737331588e-07,4.430395913625e-01,3.683959151481e-02,-3.597740848057e-06
"                 292",-1.252706770374e+00,2.476792469092e+01,2.636924916335e-06,-8.094767241857e-01,2.480476688969e+01,-4.133323906635e-07,4.432300461881e-01,3.684219877285e-02,-3.050257306999e-06
"                 293",-1.253581211685e+00,2.477903248340e+01,2.660389471997e-06,-8.101596365412e-01,2.481587609077e+01,-8.738820772743e-08,4.434215751440e-01,3.684360736906e-02,-2.747777679725e-06
"                 294",-1.254456428175e+00,2.479007197998e+01,2.692050905812e-06,-8.108430942989e-01,2.482691771878e+01,-1.259517520554e-07,4.436133338759e-01,3.684573880629e-02,-2.818002657868e-06
"                 295",-1.255243522924e+00,2.480058132226e+01,2.728117029497e-06,-8.114402386828e-01,2.483742759877e+01,-5.387933585659e-07,4.438032842413e-01,3.684627650929e-02,-3.266910388063e-06
"                 296",-1.255953189195e+00,2.481055172805e+01,2.764378747354e-06,-8.119623278710e-01,2.484739333354e+01,-1.142956820858e-06,4.439908613238e-01,3.684160549664e-02,-3.907335568212e-06
"                 297",-1.256649116609e+00,2.482032691198e+01,2.793742958986e-06,-8.124760730423e-01,2.485716248514e+01,-1.701327416024e-06,4.441730435664e-01,3.683557315507e-02,-4.495070375010e-06
"                 298",-1.257425616255e+00,2.483038418943e+01,2.808674930229e-06,-8.130766072116e-01,2.486721873158e+01,-2.132255255353e-06,4.443490090433e-01,3.683454215237e-02,-4.940930185582e-06
"                 299",-1.258303886474e+00,2.484073858971e+01,2.809543444260e-06,-8.137811413791e-01,2.487757737212e+01,-2.385539731802e-06,4.445227450954e-01,3.683878240319e-02,-5.195083176062e-06
"                 300",-1.259184984926e+00,2.485088529135e+01,2.799387240465e-06,-8.144895656955e-01,2.488773117477e+01,-2.233010901472e-06,4.446954192304e-01,3.684588342239e-02,-5.032398141936e-06
"                 301",-1.260022315795e+00,2.486061366468e+01,2.780146027165e-06,-8.151549539752e-01,2.489746771011e+01,-2.012195230269e-06,4.448673618202e-01,3.685404542835e-02,-4.792341257434e-06
"                 302",-1.260771862852e+00,2.486986087906e+01,2.755600719299e-06,-8.157343610559e-01,2.490672139862e+01,-1.909066785130e-06,4.450375017964e-01,3.686051955735e-02,-4.664667504429e-06
"                 303",-1.261442433576e+00,2.487873259126e+01,2.729760433290e-06,-8.162365072483e-01,2.491559545167e+01,-1.935391012893e-06,4.452059263280e-01,3.686286041519e-02,-4.665151446183e-06
"                 304",-1.262093706401e+00,2.488744181135e+01,2.705951592798e-06,-8.167238086235e-01,2.492430357524e+01,-2.192942849432e-06,4.453698977777e-01,3.686176389299e-02,-4.898894442230e-06
"                 305",-1.262753943430e+00,2.489605814087e+01,2.686400800810e-06,-8.172238318225e-01,2.493292050379e+01,-2.649130204324e-06,4.455301116073e-01,3.686236291658e-02,-5.335531005134e-06
"                 306",-1.263445969860e+00,2.490463834032e+01,2.672508800412e-06,-8.177596903840e-01,2.494150351753e+01,-3.158355539466e-06,4.456862794759e-01,3.686517721273e-02,-5.830864339878e-06
"                 307",-1.264143767761e+00,2.491310634645e+01,2.668046197016e-06,-8.183052332805e-01,2.494997315894e+01,-3.596332622694e-06,4.458385344808e-01,3.686681248362e-02,-6.264378819710e-06
"                 308",-1.264832868077e+00,2.492146013448e+01,2.669551923290e-06,-8.188469064460e-01,2.495832685296e+01,-3.877668290635e-06,4.459859616314e-01,3.686671848478e-02,-6.547220213925e-06
"                 309",-1.265563767818e+00,2.492990211350e+01,2.674209342331e-06,-8.194340917603e-01,2.496676785311e+01,-3.753727921539e-06,4.461296760574e-01,3.686573960639e-02,-6.427937263871e-06
"                 310",-1.266324323108e+00,2.493837587791e+01,2.678465847553e-06,-8.200539830775e-01,2.497523903367e+01,-3.249826519609e-06,4.462703400307e-01,3.686315575784e-02,-5.928292367162e-06
"                 311",-1.267042967036e+00,2.494652409403e+01,2.678788014889e-06,-8.206316739979e-01,2.498338569480e+01,-2.373502094480e-06,4.464112930383e-01,3.686160077322e-02,-5.052290109369e-06
"                 312",-1.267717196577e+00,2.495433347985e+01,2.674316923703e-06,-8.211656121071e-01,2.499119562027e+01,-1.046612271079e-06,4.465515844697e-01,3.686214042063e-02,-3.720929194782e-06
"                 313",-1.268410272338e+00,2.496213057964e+01,2.665196094856e-06,-8.217196808068e-01,2.499899420898e+01,2.962882780247e-07,4.466905915316e-01,3.686362933990e-02,-2.368907816831e-06
"                 314",-1.269140867190e+00,2.497003134236e+01,2.653664385260e-06,-8.223126921899e-01,2.500689825480e+01,1.198747784788e-06,4.468281750002e-01,3.686691244661e-02,-1.454916600472e-06
"                 315",-1.269877602330e+00,2.497784998160e+01,2.644630204613e-06,-8.229139198993e-01,2.501472149117e+01,1.748027770638e-06,4.469636824307e-01,3.687150957550e-02,-8.966024339757e-07
"                 316",-1.270581194981e+00,2.498533314600e+01,2.642729766431e-06,-8.234813514202e-01,2.502220902717e+01,2.308424030350e-06,4.470998435607e-01,3.687588117078e-02,-3.343057360809e-07
"                 317",-1.271253867015e+00,2.499248140953e+01,2.647835159690e-06,-8.240171716947e-01,2.502936038716e+01,2.850530501524e-06,4.472366953205e-01,3.687897762819e-02,2.026953418347e-07
"                 318",-1.271916884566e+00,2.499948893562e+01,2.660199051009e-06,-8.245428777563e-01,2.503637161351e+01,3.066799420822e-06,4.473740068099e-01,3.688267788371e-02,4.066003698126e-07
"                 319",-1.272607795118e+00,2.500650071106e+01,2.681096648277e-06,-8.250952616728e-01,2.504339012578e+01,2.875634425900e-06,4.475125334451e-01,3.688941472013e-02,1.945377776230e-07
"                 320",-1.273342657648e+00,2.501362158261e+01,2.707955654962e-06,-8.256931101690e-01,2.505051899434e+01,2.535688261498e-06,4.476495474790e-01,3.689741172465e-02,-1.722673934639e-07
"                 321",-1.274064225366e+00,2.502062093586e+01,2.739331920167e-06,-8.262779432823e-01,2.505752665933e+01,2.364172535393e-06,4.477862820832e-01,3.690572346871e-02,-3.751593847743e-07
"                 322",-1.274740201026e+00,2.502729935150e+01,2.773430917038e-06,-8.268195562492e-01,2.506421219192e+01,2.487051076299e-06,4.479206447767e-01,3.691284042717e-02,-2.863798407385e-07
"                 323",-1.275339388386e+00,2.503359029046e+01,2.804365526781e-06,-8.272891136014e-01,2.507050892697e+01,2.712571860847e-06,4.480502747849e-01,3.691863651630e-02,-9.179366593435e-08
"                 324",-1.275840965927e+00,2.503945404115e+01,2.824228916330e-06,-8.276676429048e-01,2.507637783165e+01,2.774819319779e-06,4.481733230225e-01,3.692379050073e-02,-4.940959655034e-08
"                 325",-1.276240402636e+00,2.504482935231e+01,2.827536558166e-06,-8.279485245079e-01,2.508175889203e+01,2.808107021277e-06,4.482918781282e-01,3.692953971498e-02,-1.942953688873e-08
"                 326",-1.276672146228e+00,2.505017702272e+01,2.817120753860e-06,-8.282626303313e-01,2.508711337727e+01,2.748844627710e-06,4.484095158970e-01,3.693635455444e-02,-6.827612614974e-08
"                 327",-1.277281594659e+00,2.505610220145e+01,2.801701103851e-06,-8.287541525809e-01,2.509304123640e+01,2.626745662018e-06,4.485274420780e-01,3.693903495141e-02,-1.749554418332e-07
"                 328",-1.278081333649e+00,2.506270670284e+01,2.785089223967e-06,-8.294363281298e-01,2.509964342449e+01,2.263066054844e-06,4.486450055187e-01,3.693672165147e-02,-5.220231691221e-07
"                 329",-1.278874540797e+00,2.506920617434e+01,2.766992079875e-06,-8.301108203242e-01,2.510614322024e+01,1.784288366357e-06,4.487637204728e-01,3.693704590245e-02,-9.827037135184e-07
"                 330",-1.279523923717e+00,2.507497902747e+01,2.746964754563e-06,-8.306420919558e-01,2.511192097732e+01,1.400751800105e-06,4.488818317614e-01,3.694194985092e-02,-1.346212954458e-06
"                 331",-1.280039370947e+00,2.508011018390e+01,2.727545338873e-06,-8.310436201664e-01,2.511705923426e+01,1.620052917755e-06,4.489957507802e-01,3.694905035188e-02,-1.107492421118e-06
"                 332",-1.280515857580e+00,2.508516565778e+01,2.712192516082e-06,-8.314134568045e-01,2.512212094132e+01,2.272081862941e-06,4.491024007757e-01,3.695528354675e-02,-4.401106531410e-07
"                 333",-1.281012232733e+00,2.509036151525e+01,2.705571324012e-06,-8.318071460109e-01,2.512732049435e+01,3.095537459692e-06,4.492050867217e-01,3.695897909770e-02,3.899661356800e-07
"                 334",-1.281533039491e+00,2.509558125523e+01,2.706417269268e-06,-8.322263321170e-01,2.513253995287e+01,3.654862807325e-06,4.493067073744e-01,3.695869764123e-02,9.484455380567e-07
"                 335",-1.282043486312e+00,2.510055416572e+01,2.709632364318e-06,-8.326338684653e-01,2.513750842905e+01,4.180654444033e-06,4.494096178468e-01,3.695426332298e-02,1.471022079715e-06
"                 336",-1.282506899401e+00,2.510518149422e+01,2.709183256189e-06,-8.329949938619e-01,2.514213141450e+01,4.650149272992e-06,4.495119055394e-01,3.694992028124e-02,1.940966016803e-06
"                 337",-1.282973759499e+00,2.510979559435e+01,2.707462426517e-06,-8.333611995600e-01,2.514674220708e+01,5.326318796936e-06,4.496125599392e-01,3.694661272693e-02,2.618856370419e-06
"                 338",-1.283481132089e+00,2.511458242116e+01,2.705817332353e-06,-8.337700196766e-01,2.515152755985e+01,6.136236362941e-06,4.497111124127e-01,3.694513868468e-02,3.430419030588e-06
"                 339",-1.284011117253e+00,2.511936454047e+01,2.705110736166e-06,-8.342031393460e-01,2.515631301985e+01,7.077565201418e-06,4.498079779071e-01,3.694847938381e-02,4.372454465252e-06
"                 340",-1.284548676633e+00,2.512403303372e+01,2.706779691655e-06,-8.346455812220e-01,2.516098725021e+01,7.864832797243e-06,4.499030954113e-01,3.695421648672e-02,5.158053105588e-06
"                 341",-1.285057170953e+00,2.512858222923e+01,2.713732675945e-06,-8.350609795022e-01,2.516553780425e+01,8.420299679389e-06,4.499961914511e-01,3.695557502641e-02,5.706567003443e-06
"                 342",-1.285490633386e+00,2.513293372921e+01,2.726955633241e-06,-8.354005633349e-01,2.516988859849e+01,8.576533340263e-06,4.500900700515e-01,3.695486928429e-02,5.849577707022e-06
"                 343",-1.285843628359e+00,2.513694980228e+01,2.745167254610e-06,-8.356551655651e-01,2.517390490690e+01,8.560189904180e-06,4.501884627934e-01,3.695510461939e-02,5.815022649570e-06
"                 344",-1.286175773343e+00,2.514070510459e+01,2.764968615790e-06,-8.358873385771e-01,2.517765949659e+01,8.442157194997e-06,4.502884347655e-01,3.695439200108e-02,5.677188579206e-06
"                 345",-1.286541554841e+00,2.514440986714e+01,2.783019806577e-06,-8.361549527021e-01,2.518136173501e+01,8.583716389051e-06,4.503866021392e-01,3.695186787371e-02,5.800696582475e-06
"                 346",-1.286986919520e+00,2.514835620074e+01,2.799483182080e-06,-8.365047982070e-01,2.518530505613e+01,8.674529674477e-06,4.504821213134e-01,3.694885538771e-02,5.875046492397e-06
"                 347",-1.287489238924e+00,2.515253854944e+01,2.816204079166e-06,-8.369138652602e-01,2.518948487533e+01,8.565554882713e-06,4.505753736639e-01,3.694632589416e-02,5.749350803547e-06
"                 348",-1.288024665270e+00,2.515682440381e+01,2.835079438250e-06,-8.373588723299e-01,2.519377114530e+01,8.253570325802e-06,4.506657929403e-01,3.694674149523e-02,5.418490887552e-06
"                 349",-1.288541794662e+00,2.516095969700e+01,2.855735107772e-06,-8.377893660128e-01,2.519791097219e+01,8.126680134010e-06,4.507524286493e-01,3.695127518906e-02,5.270945026238e-06
"                 350",-1.289038284869e+00,2.516491886871e+01,2.874330565799e-06,-8.381991047193e-01,2.520187787854e+01,8.026217697399e-06,4.508391801493e-01,3.695900982941e-02,5.151887131600e-06
"                 351",-1.289478218592e+00,2.516861908666e+01,2.888650871034e-06,-8.385513359211e-01,2.520558563348e+01,7.970182217434e-06,4.509268826713e-01,3.696654682148e-02,5.081531346401e-06
"                 352",-1.289801647277e+00,2.517187103996e+01,2.895170189468e-06,-8.387872083409e-01,2.520884426802e+01,7.723305808394e-06,4.510144389359e-01,3.697322806233e-02,4.828135618926e-06
"                 353",-1.290065484261e+00,2.517489993251e+01,2.890926709661e-06,-8.389658207840e-01,2.521187800135e+01,7.583833433750e-06,4.510996634772e-01,3.697806884678e-02,4.692906724089e-06
"                 354",-1.290358293610e+00,2.517799789080e+01,2.878814275714e-06,-8.391716026622e-01,2.521497919017e+01,7.397432484102e-06,4.511866909482e-01,3.698129937089e-02,4.518618208389e-06
"                 355",-1.290751365820e+00,2.518137997009e+01,2.866976349053e-06,-8.394750038516e-01,2.521836344098e+01,7.445183476008e-06,4.512763619686e-01,3.698347089726e-02,4.578207126956e-06
"                 356",-1.291195454629e+00,2.518488664992e+01,2.859104327521e-06,-8.398295960590e-01,2.522186918878e+01,7.859836096966e-06,4.513658585695e-01,3.698253886366e-02,5.000731769446e-06
"                 357",-1.291700567230e+00,2.518861416270e+01,2.854737723884e-06,-8.402463326525e-01,2.522559560909e+01,8.499924657753e-06,4.514542345779e-01,3.698144639032e-02,5.645186933868e-06
"                 358",-1.292233820963e+00,2.519244553506e+01,2.850750326503e-06,-8.406909353067e-01,2.522943045580e+01,8.876260801849e-06,4.515428856567e-01,3.698492074765e-02,6.025510475345e-06
"                 359",-1.292748507826e+00,2.519615132577e+01,2.849166781067e-06,-8.411184751606e-01,2.523314387009e+01,8.859409133664e-06,4.516300326652e-01,3.699254432438e-02,6.010242352597e-06
"                 360",-1.293167601854e+00,2.519942794061e+01,2.848657178660e-06,-8.414536616335e-01,2.523642711971e+01,8.489691836263e-06,4.517139402200e-01,3.699917909994e-02,5.641034657604e-06
"                 361",-1.293599182295e+00,2.520268255558e+01,2.848504627518e-06,-8.418037698817e-01,2.523968638729e+01,8.201574502783e-06,4.517954124130e-01,3.700383170164e-02,5.353069875265e-06
"                 362",-1.294170477678e+00,2.520646836101e+01,2.848982840403e-06,-8.422947383840e-01,2.524347620987e+01,7.911967997202e-06,4.518757392943e-01,3.700784886000e-02,5.062985156799e-06
"                 363",-1.294733102475e+00,2.521019355454e+01,2.851114420395e-06,-8.427760097663e-01,2.524720585080e+01,7.719183866518e-06,4.519570927092e-01,3.701229625846e-02,4.868069446123e-06
"                 364",-1.295087547746e+00,2.521300550419e+01,2.856350376746e-06,-8.430490210125e-01,2.525002262398e+01,7.504728067903e-06,4.520385267339e-01,3.701711978113e-02,4.648377691158e-06
"                 365",-1.295229578038e+00,2.521498425145e+01,2.860008392889e-06,-8.431132504767e-01,2.525200633375e+01,7.765704301579e-06,4.521163275616e-01,3.702208230290e-02,4.905695908691e-06
"                 366",-1.295294120098e+00,2.521682097746e+01,2.861441512487e-06,-8.431021595669e-01,2.525384552299e+01,8.481328421393e-06,4.521919605307e-01,3.702454552469e-02,5.619886908906e-06
"                 367",-1.295419316329e+00,2.521897059866e+01,2.860257869118e-06,-8.431499081144e-01,2.525599338554e+01,9.454743253440e-06,4.522694082143e-01,3.702278688244e-02,6.594485384322e-06
"                 368",-1.295619051945e+00,2.522142692005e+01,2.864747092987e-06,-8.432729516879e-01,2.525844267412e+01,1.007811949826e-05,4.523461002567e-01,3.701575406786e-02,7.213372405270e-06
"                 369",-1.295902400390e+00,2.522410304984e+01,2.879619773611e-06,-8.434803494892e-01,2.526111068364e+01,1.013167835128e-05,4.524220509007e-01,3.700763380433e-02,7.252058577671e-06
"                 370",-1.296197361744e+00,2.522668858904e+01,2.903338264803e-06,-8.437022334723e-01,2.526369142500e+01,9.269484562743e-06,4.524951282715e-01,3.700283596315e-02,6.366146297940e-06
"                 371",-1.296456184040e+00,2.522908541983e+01,2.923398097407e-06,-8.438915696108e-01,2.526608810359e+01,8.003070453297e-06,4.525646144293e-01,3.700268376052e-02,5.079672355890e-06
"                 372",-1.296687799304e+00,2.523141894645e+01,2.934003316993e-06,-8.440566338273e-01,2.526842368234e+01,7.056701579481e-06,4.526311654767e-01,3.700473588404e-02,4.122698262488e-06
"                 373",-1.296984852185e+00,2.523398302150e+01,2.942267592392e-06,-8.442871180691e-01,2.527099029999e+01,6.857387191703e-06,4.526977341162e-01,3.700727848913e-02,3.915119599311e-06
"                 374",-1.297356391460e+00,2.523675276501e+01,2.949970278356e-06,-8.445894038885e-01,2.527376290884e+01,6.800284315025e-06,4.527669875717e-01,3.701014383560e-02,3.850314036669e-06
"                 375",-1.297715232417e+00,2.523942137699e+01,2.957285425415e-06,-8.448760860226e-01,2.527643547857e+01,6.669481516542e-06,4.528391463943e-01,3.701410157705e-02,3.712196091126e-06
"                 376",-1.297988804714e+00,2.524172797116e+01,2.963938837911e-06,-8.450755213586e-01,2.527874766138e+01,6.415463765568e-06,4.529132833551e-01,3.701969022182e-02,3.451524927657e-06
"                 377",-1.298227808742e+00,2.524391986962e+01,2.968802647382e-06,-8.452406033789e-01,2.528094209093e+01,6.160161521487e-06,4.529872053629e-01,3.702222131708e-02,3.191358874105e-06
"                 378",-1.298445315053e+00,2.524610926751e+01,2.970883339015e-06,-8.453871481046e-01,2.528312799085e+01,5.892596264703e-06,4.530581669486e-01,3.701872334120e-02,2.921712925688e-06
"                 379",-1.298657852728e+00,2.524828011613e+01,2.972609503093e-06,-8.455298032923e-01,2.528529380265e+01,5.624896120671e-06,4.531280494356e-01,3.701368652132e-02,2.652286617578e-06
"                 380",-1.298875450006e+00,2.525034679789e+01,2.974526273584e-06,-8.456773128547e-01,2.528735854788e+01,5.120405805441e-06,4.531981371514e-01,3.701174998250e-02,2.145879531857e-06
"                 381",-1.299112754240e+00,2.525241329633e+01,2.978765035363e-06,-8.458455148240e-01,2.528942585981e+01,4.586632163713e-06,4.532672394156e-01,3.701256347711e-02,1.607867128350e-06
"                 382",-1.299355936733e+00,2.525455661697e+01,2.986365852522e-06,-8.460215118574e-01,2.529157084888e+01,3.977835496874e-06,4.533344248757e-01,3.701423191015e-02,9.914696443521e-07
"                 383",-1.299641350883e+00,2.525698613891e+01,3.000271635131e-06,-8.462422866681e-01,2.529400241543e+01,3.760500937865e-06,4.533990642153e-01,3.701627652136e-02,7.602293027342e-07
"                 384",-1.299961405204e+00,2.525957656895e+01,3.016965285153e-06,-8.464975203349e-01,2.529659394032e+01,3.853440193811e-06,4.534638848694e-01,3.701737137168e-02,8.364749086582e-07
"                 385",-1.300266134850e+00,2.526195057140e+01,3.031842853241e-06,-8.467358935993e-01,2.529896770868e+01,4.277002776953e-06,4.535302412511e-01,3.701713728025e-02,1.245159923713e-06
"                 386",-1.300506688772e+00,2.526399292572e+01,3.039957983105e-06,-8.469135247066e-01,2.530100707262e+01,4.757244853344e-06,4.535931640654e-01,3.701414690041e-02,1.717286870239e-06
"                 387",-1.300688947347e+00,2.526582096441e+01,3.035967083600e-06,-8.470347700475e-01,2.530282760533e+01,5.125929398301e-06,4.536541772999e-01,3.700664092249e-02,2.089962314700e-06
"                 388",-1.300885713421e+00,2.526772640160e+01,3.020937058861e-06,-8.471713398291e-01,2.530472382305e+01,5.139724696396e-06,4.537143735917e-01,3.699742145171e-02,2.118787637535e-06
"                 389",-1.301192487073e+00,2.527003045557e+01,3.001084970851e-06,-8.474176109810e-01,2.530702088725e+01,4.933068798992e-06,4.537748760921e-01,3.699043168466e-02,1.931983828142e-06
"                 390",-1.301581091375e+00,2.527264519011e+01,2.979572541001e-06,-8.477446198937e-01,2.530963293229e+01,4.536391449534e-06,4.538364714812e-01,3.698774218524e-02,1.556818908533e-06
"                 391",-1.301922321177e+00,2.527503283529e+01,2.956938405440e-06,-8.480219422488e-01,2.531202198129e+01,4.271467713450e-06,4.539003789280e-01,3.698914600364e-02,1.314529308009e-06
"                 392",-1.302128753019e+00,2.527685989152e+01,2.934588339124e-06,-8.481649288070e-01,2.531385380579e+01,4.076911723669e-06,4.539638242125e-01,3.699391426642e-02,1.142323384545e-06
"                 393",-1.302221189896e+00,2.527827418756e+01,2.918934153568e-06,-8.481969498489e-01,2.531527348439e+01,4.141124633966e-06,4.540242400474e-01,3.699929682987e-02,1.222190480398e-06
"                 394",-1.302264442707e+00,2.527956744311e+01,2.913818819013e-06,-8.481822719751e-01,2.531656934462e+01,4.294395489356e-06,4.540821707322e-01,3.700190150476e-02,1.380576670342e-06
"                 395",-1.302248795250e+00,2.528069360661e+01,2.917914801732e-06,-8.481086020631e-01,2.531769523112e+01,4.449541653850e-06,4.541401931873e-01,3.700162450771e-02,1.531626852118e-06
"                 396",-1.302250058326e+00,2.528190895132e+01,2.928420198063e-06,-8.480529576167e-01,2.531890541222e+01,4.401343118467e-06,4.541971007098e-01,3.699646090059e-02,1.472922920404e-06
"                 397",-1.302357077983e+00,2.528359517988e+01,2.939352615690e-06,-8.481076615939e-01,2.532058093798e+01,4.392511760319e-06,4.542494163894e-01,3.698575810602e-02,1.453159144629e-06
"                 398",-1.302571229413e+00,2.528569894446e+01,2.946951551204e-06,-8.482721345127e-01,2.532267346558e+01,4.264546882565e-06,4.542990949002e-01,3.697452111976e-02,1.317595331361e-06
"                 399",-1.302851952832e+00,2.528792644089e+01,2.953523704212e-06,-8.485036067704e-01,2.532489375587e+01,4.198289374687e-06,4.543483460618e-01,3.696731497558e-02,1.244765670475e-06
"                 400",-1.303097812626e+00,2.528984058528e+01,2.957207601527e-06,-8.487005409368e-01,2.532680328405e+01,4.191676990316e-06,4.543972716887e-01,3.696269876876e-02,1.234469388789e-06
"                 401",-1.303243690890e+00,2.529136735829e+01,2.960854107518e-06,-8.487988967527e-01,2.532832661508e+01,4.299244178641e-06,4.544447941377e-01,3.695925679423e-02,1.338390071123e-06
"                 402",-1.303347191229e+00,2.529286506364e+01,2.964273169644e-06,-8.488555860704e-01,2.532982179524e+01,4.295767501793e-06,4.544916051588e-01,3.695673159823e-02,1.331494332149e-06
"                 403",-1.303521813534e+00,2.529476545811e+01,2.970497141744e-06,-8.489835165834e-01,2.533172033993e+01,4.238394556699e-06,4.545382969502e-01,3.695488182233e-02,1.267897414956e-06
"                 404",-1.303810568554e+00,2.529707378892e+01,2.977502861975e-06,-8.492244897745e-01,2.533402655829e+01,3.957214138064e-06,4.545860787795e-01,3.695276936275e-02,9.797112760889e-07
"                 405",-1.304183058039e+00,2.529948009316e+01,2.985536078069e-06,-8.495454644722e-01,2.533643304519e+01,3.673304971994e-06,4.546375935663e-01,3.695295202845e-02,6.877688939254e-07
"                 406",-1.304559225655e+00,2.530175963885e+01,2.994906264178e-06,-8.498676040692e-01,2.533871513089e+01,3.586116124414e-06,4.546916215854e-01,3.695549203354e-02,5.912098602356e-07
"                 407",-1.304868369625e+00,2.530385627767e+01,3.007239265674e-06,-8.501211922639e-01,2.534081472582e+01,3.604469443714e-06,4.547471773612e-01,3.695844815343e-02,5.972301780400e-07
"                 408",-1.305073673719e+00,2.530569104089e+01,3.018303569919e-06,-8.502729122235e-01,2.534265171202e+01,3.495233981280e-06,4.548007614957e-01,3.696067112881e-02,4.769304113615e-07
"                 409",-1.305189729705e+00,2.530726835144e+01,3.027851569130e-06,-8.503399699303e-01,2.534422976202e+01,3.550447553730e-06,4.548497597744e-01,3.696141057118e-02,5.225959845995e-07
"                 410",-1.305309219609e+00,2.530879065886e+01,3.036483183607e-06,-8.504115859324e-01,2.534575352117e+01,3.669050675051e-06,4.548976336770e-01,3.696286230847e-02,6.325674914442e-07
"                 411",-1.305461985396e+00,2.531031277260e+01,3.045800438686e-06,-8.505137608328e-01,2.534727963127e+01,3.941513514432e-06,4.549482245634e-01,3.696685867725e-02,8.957130757455e-07
"                 412",-1.305638215438e+00,2.531191471399e+01,3.055354255244e-06,-8.506373651148e-01,2.534888715822e+01,3.974054773699e-06,4.550008503232e-01,3.697244423296e-02,9.187005184552e-07
"                 413",-1.305810971395e+00,2.531367003764e+01,3.062994076014e-06,-8.507561587186e-01,2.535064807035e+01,3.893877226893e-06,4.550548126768e-01,3.697803271134e-02,8.308831508792e-07
"                 414",-1.305994887080e+00,2.531553711946e+01,3.063008298664e-06,-8.508836232045e-01,2.535251881125e+01,3.537183627064e-06,4.551112638754e-01,3.698169178974e-02,4.741753284003e-07
"                 415",-1.306159389910e+00,2.531721213648e+01,3.055051301226e-06,-8.509924163770e-01,2.535419457890e+01,2.991275786832e-06,4.551669735328e-01,3.698244241919e-02,-6.377551439336e-08
"                 416",-1.306252824129e+00,2.531848854006e+01,3.042589081962e-06,-8.510308416826e-01,2.535546921461e+01,2.274294651002e-06,4.552219824468e-01,3.698067454756e-02,-7.682944309605e-07
"                 417",-1.306331911939e+00,2.531975732323e+01,3.029582397101e-06,-8.510553370772e-01,2.535673652517e+01,1.841836668515e-06,4.552765748617e-01,3.697920194502e-02,-1.187745728586e-06
"                 418",-1.306537089259e+00,2.532163238753e+01,3.015495805531e-06,-8.512065303157e-01,2.535861186319e+01,1.578310610750e-06,4.553305589433e-01,3.697947565837e-02,-1.437185194781e-06
"                 419",-1.306856189575e+00,2.532393111838e+01,2.999487706358e-06,-8.514707923730e-01,2.536090983549e+01,1.233473113408e-06,4.553853972022e-01,3.697871710965e-02,-1.766014592950e-06
"                 420",-1.307128751254e+00,2.532594389835e+01,2.982894662501e-06,-8.516898891603e-01,2.536292100696e+01,6.685463586462e-07,4.554388620942e-01,3.697710861200e-02,-2.314348303855e-06
"                 421",-1.307214823943e+00,2.532722184977e+01,2.973969775322e-06,-8.517258707874e-01,2.536419600372e+01,2.701928057781e-07,4.554889531557e-01,3.697415395770e-02,-2.703776969544e-06
"                 422",-1.307116265913e+00,2.532787151871e+01,2.975095500765e-06,-8.515795717009e-01,2.536484049820e+01,2.841860152349e-08,4.555366942120e-01,3.696897948779e-02,-2.946676899242e-06
"                 423",-1.306972951058e+00,2.532840258324e+01,2.983821268980e-06,-8.513917276092e-01,2.536536301718e+01,8.578481391937e-08,4.555812234493e-01,3.696043393760e-02,-2.898036455060e-06
"                 424",-1.306932358657e+00,2.532930701108e+01,2.991299618655e-06,-8.513083505261e-01,2.536625746670e+01,1.656342296905e-07,4.556240081309e-01,3.695045562463e-02,-2.825665388964e-06
"                 425",-1.307052309701e+00,2.533080578473e+01,2.995310217311e-06,-8.513860734044e-01,2.536774752607e+01,1.211782398538e-07,4.556662362967e-01,3.694174134296e-02,-2.874131977458e-06
"                 426",-1.307347579974e+00,2.533298473262e+01,2.995278714552e-06,-8.516402777296e-01,2.536991878663e+01,-8.876089474457e-08,4.557073022448e-01,3.693405401442e-02,-3.084039609296e-06
"                 427",-1.307695065270e+00,2.533536513820e+01,2.995289683217e-06,-8.519469601081e-01,2.537229536949e+01,-3.479865930231e-07,4.557481051619e-01,3.693023129084e-02,-3.343276276240e-06
"                 428",-1.307910342129e+00,2.533716341252e+01,2.995470750418e-06,-8.521212359921e-01,2.537409541374e+01,-6.260773799630e-07,4.557891061365e-01,3.693200122658e-02,-3.621548130381e-06
"                 429",-1.307984319077e+00,2.533836228802e+01,2.994690542327e-06,-8.521551108469e-01,2.537529877531e+01,-5.668700585806e-07,4.558292082299e-01,3.693648728813e-02,-3.561560600908e-06
"                 430",-1.307972894299e+00,2.533921565919e+01,2.991202557178e-06,-8.521054060950e-01,2.537615360065e+01,-3.909447727647e-07,4.558674882040e-01,3.693794146942e-02,-3.382147329943e-06
"                 431",-1.307938581112e+00,2.534001549805e+01,2.987135714748e-06,-8.520364047974e-01,2.537695072015e+01,-9.898756652898e-08,4.559021763146e-01,3.693522210085e-02,-3.086123281277e-06
"                 432",-1.308024112495e+00,2.534135459153e+01,2.989925790879e-06,-8.520888635756e-01,2.537828542849e+01,1.686931242489e-07,4.559352489195e-01,3.693083695897e-02,-2.821232666630e-06
"                 433",-1.308247048885e+00,2.534333149218e+01,3.002426330242e-06,-8.522800461897e-01,2.538025704023e+01,6.855145374160e-07,4.559670026957e-01,3.692554805073e-02,-2.316911792826e-06
"                 434",-1.308517189598e+00,2.534550930888e+01,3.016785406030e-06,-8.525164347504e-01,2.538243020032e+01,1.180290700849e-06,4.560007548480e-01,3.692089143196e-02,-1.836494705181e-06
"                 435",-1.308704391614e+00,2.534724184741e+01,3.029234970105e-06,-8.526653356498e-01,2.538416263840e+01,1.755956885768e-06,4.560390559644e-01,3.692079098599e-02,-1.273278084337e-06
"                 436",-1.308779697051e+00,2.534831203194e+01,3.037762273824e-06,-8.526981221834e-01,2.538523518699e+01,2.273365942274e-06,4.560815748681e-01,3.692315505192e-02,-7.643963315506e-07
"                 437",-1.308818551338e+00,2.534914944089e+01,3.044917842800e-06,-8.526939343459e-01,2.538607327445e+01,2.672486746306e-06,4.561246169925e-01,3.692383356044e-02,-3.724310964943e-07
"                 438",-1.308959958684e+00,2.535055276803e+01,3.052968966920e-06,-8.527945488293e-01,2.538747625764e+01,2.713982856441e-06,4.561654098544e-01,3.692348960657e-02,-3.389861104794e-07
"                 439",-1.309244313451e+00,2.535276947370e+01,3.061767189956e-06,-8.530409856810e-01,2.538969171348e+01,2.547587540003e-06,4.562033277698e-01,3.692223978620e-02,-5.141796499526e-07
"                 440",-1.309544220538e+00,2.535505822503e+01,3.068524583440e-06,-8.533023669156e-01,2.539197887924e+01,1.998954736705e-06,4.562418536224e-01,3.692065420713e-02,-1.069569846735e-06
"                 441",-1.309747508689e+00,2.535675402242e+01,3.070549286000e-06,-8.534669019619e-01,2.539367302684e+01,1.278703507400e-06,4.562806067276e-01,3.691900442388e-02,-1.791845778600e-06
"                 442",-1.309886458666e+00,2.535804277925e+01,3.068322024985e-06,-8.535676916625e-01,2.539496057294e+01,4.574358506659e-07,4.563187670034e-01,3.691779368974e-02,-2.610886174319e-06
"                 443",-1.310058088017e+00,2.535951588345e+01,3.066497030126e-06,-8.537020513014e-01,2.539642988639e+01,-1.610384691281e-07,4.563560367154e-01,3.691400293711e-02,-3.227535499254e-06
"                 444",-1.310233249548e+00,2.536117021770e+01,3.064138044932e-06,-8.538410562050e-01,2.539807925827e+01,-8.687518208415e-07,4.563921933429e-01,3.690904057018e-02,-3.932889865774e-06
"                 445",-1.310340381449e+00,2.536259435570e+01,3.059669324147e-06,-8.539103129135e-01,2.539950014196e+01,-1.403458985559e-06,4.564300685357e-01,3.690578625816e-02,-4.463128309706e-06
"                 446",-1.310408813539e+00,2.536374224038e+01,3.053311015923e-06,-8.539369212267e-01,2.540064672234e+01,-1.672733493829e-06,4.564718923119e-01,3.690448195699e-02,-4.726044509752e-06
"                 447",-1.310475416228e+00,2.536483300822e+01,3.048003459911e-06,-8.539595471824e-01,2.540173563288e+01,-1.706538014120e-06,4.565158690461e-01,3.690262466611e-02,-4.754541474031e-06
"                 448",-1.310564574831e+00,2.536609996389e+01,3.046172807286e-06,-8.540038808563e-01,2.540300084051e+01,-1.993550997992e-06,4.565606939749e-01,3.690087661439e-02,-5.039723805278e-06
"                 449",-1.310622520704e+00,2.536730131087e+01,3.048277870595e-06,-8.540172676237e-01,2.540420196417e+01,-2.317910856005e-06,4.566052530805e-01,3.690065330718e-02,-5.366188726599e-06
"                 450",-1.310624242067e+00,2.536827475000e+01,3.050180658214e-06,-8.539780328707e-01,2.540517600631e+01,-2.731179098149e-06,4.566462091963e-01,3.690125631521e-02,-5.781359756363e-06
"                 451",-1.310647949018e+00,2.536931473544e+01,3.049130153059e-06,-8.539650652534e-01,2.540621616245e+01,-2.946021506768e-06,4.566828837644e-01,3.690142701594e-02,-5.995151659828e-06
"                 452",-1.310759990093e+00,2.537067850879e+01,3.046382178502e-06,-8.540454259524e-01,2.540757866150e+01,-3.105946918330e-06,4.567145641406e-01,3.690015270688e-02,-6.152329096832e-06
"                 453",-1.310889423843e+00,2.537209170428e+01,3.044343362417e-06,-8.541466477967e-01,2.540898994659e+01,-3.120714559253e-06,4.567427760461e-01,3.689824231154e-02,-6.165057921670e-06
"                 454",-1.311003425809e+00,2.537336963791e+01,3.041805294056e-06,-8.542301086774e-01,2.541026789332e+01,-3.067848588312e-06,4.567733171315e-01,3.689825541076e-02,-6.109653882368e-06
"                 455",-1.311111399487e+00,2.537458346309e+01,3.038213646835e-06,-8.543039419523e-01,2.541148428043e+01,-2.935075967461e-06,4.568074575351e-01,3.690081734313e-02,-5.973289614295e-06
"                 456",-1.311220015182e+00,2.537587271359e+01,3.031968153224e-06,-8.543782852800e-01,2.541277506509e+01,-2.915522916298e-06,4.568417299022e-01,3.690235149622e-02,-5.947491069523e-06
"                 457",-1.311279827979e+00,2.537708469567e+01,3.022492847466e-06,-8.544038031926e-01,2.541398424529e+01,-2.945028695820e-06,4.568760247860e-01,3.689954961888e-02,-5.967521543286e-06
"                 458",-1.311258387460e+00,2.537800841611e+01,3.015926348612e-06,-8.543491737854e-01,2.541490197181e+01,-3.177643616906e-06,4.569092136748e-01,3.689355569981e-02,-6.193569965518e-06
"                 459",-1.311181605075e+00,2.537865537659e+01,3.018851077580e-06,-8.542424915533e-01,2.541554321084e+01,-3.168907285191e-06,4.569391135218e-01,3.688783425329e-02,-6.187758362770e-06
"                 460",-1.311161836465e+00,2.537948645533e+01,3.029600126684e-06,-8.541958833289e-01,2.541636948776e+01,-2.898002494720e-06,4.569659531361e-01,3.688303243033e-02,-5.927602621403e-06
"                 461",-1.311293458646e+00,2.538092250669e+01,3.044279654810e-06,-8.543012900536e-01,2.541780247115e+01,-2.388435647277e-06,4.569921685922e-01,3.687996446190e-02,-5.432715302088e-06
"                 462",-1.311543091947e+00,2.538283676903e+01,3.061060834179e-06,-8.545234338615e-01,2.541971562975e+01,-1.967918759914e-06,4.570196580853e-01,3.687886071846e-02,-5.028979594093e-06
"                 463",-1.311815272394e+00,2.538477776189e+01,3.079127035640e-06,-8.547661171896e-01,2.542165629504e+01,-1.466805784667e-06,4.570491552041e-01,3.687853314356e-02,-4.545932820307e-06
"                 464",-1.312026714197e+00,2.538633655637e+01,3.099118462850e-06,-8.549457566893e-01,2.542321650236e+01,-1.142879515485e-06,4.570809575078e-01,3.687994599788e-02,-4.241997978336e-06
"                 465",-1.312144206669e+00,2.538747358242e+01,3.120525895112e-06,-8.550315556940e-01,2.542435523151e+01,-8.285129480979e-07,4.571126509751e-01,3.688164909367e-02,-3.949038843210e-06
"                 466",-1.312182910309e+00,2.538843311459e+01,3.139321687862e-06,-8.550396495869e-01,2.542531340244e+01,-7.305607542783e-07,4.571432607224e-01,3.688028785369e-02,-3.869882442140e-06
"                 467",-1.312222121395e+00,2.538957636082e+01,3.150627812875e-06,-8.550493878377e-01,2.542645280010e+01,-8.931358413721e-07,4.571727335569e-01,3.687643927908e-02,-4.043763654247e-06
"                 468",-1.312318943016e+00,2.539098694646e+01,3.153859813627e-06,-8.551184214512e-01,2.542786032861e+01,-1.450139856978e-06,4.572005215651e-01,3.687338215494e-02,-4.603999670605e-06
"                 469",-1.312461871749e+00,2.539249922576e+01,3.151917135722e-06,-8.552344640536e-01,2.542937107778e+01,-2.170860287997e-06,4.572274076952e-01,3.687185202893e-02,-5.322777423719e-06
"                 470",-1.312627015967e+00,2.539390745570e+01,3.146354281903e-06,-8.553692096643e-01,2.543078050012e+01,-3.031160918064e-06,4.572578063032e-01,3.687304442795e-02,-6.177515199967e-06
"                 471",-1.312749617034e+00,2.539504906939e+01,3.137511416452e-06,-8.554577130089e-01,2.543192334040e+01,-3.738923869490e-06,4.572919040249e-01,3.687427101529e-02,-6.876435285942e-06
"                 472",-1.312811887610e+00,2.539604031569e+01,3.123606013461e-06,-8.554850227288e-01,2.543291371277e+01,-4.305295747037e-06,4.573268648815e-01,3.687339708133e-02,-7.428901760499e-06
"                 473",-1.312855018645e+00,2.539705877130e+01,3.107791565131e-06,-8.554945870572e-01,2.543392828935e+01,-4.807601049937e-06,4.573604315879e-01,3.686951804513e-02,-7.915392615068e-06
"                 474",-1.312894958734e+00,2.539813885711e+01,3.093003094695e-06,-8.555036706222e-01,2.543500071661e+01,-5.670353776962e-06,4.573912881117e-01,3.686185950191e-02,-8.763356871657e-06
"                 475",-1.312888151106e+00,2.539902562800e+01,3.078461721391e-06,-8.554650382049e-01,2.543588045092e+01,-6.330837804405e-06,4.574231129014e-01,3.685482291861e-02,-9.409299525796e-06
"                 476",-1.312872382652e+00,2.539977795359e+01,3.067323627748e-06,-8.554148785317e-01,2.543662906319e+01,-6.657534882323e-06,4.574575041201e-01,3.685110960407e-02,-9.724858510071e-06
"                 477",-1.312922963677e+00,2.540073146466e+01,3.060892545055e-06,-8.554316089287e-01,2.543758154698e+01,-6.751108025367e-06,4.574913547487e-01,3.685008232064e-02,-9.812000570421e-06
"                 478",-1.313067098484e+00,2.540208014178e+01,3.058424158981e-06,-8.555448640125e-01,2.543892939859e+01,-6.993253536815e-06,4.575222344715e-01,3.684925680954e-02,-1.005167769580e-05
"                 479",-1.313248042076e+00,2.540364155623e+01,3.057806012499e-06,-8.556992884897e-01,2.544048942832e+01,-7.195821586060e-06,4.575487535860e-01,3.684787209107e-02,-1.025362759856e-05
"                 480",-1.313416110275e+00,2.540511515258e+01,3.056836145170e-06,-8.558419727273e-01,2.544196447487e+01,-7.497014440726e-06,4.575741375473e-01,3.684932228979e-02,-1.055385058590e-05
"                 481",-1.313555717958e+00,2.540633341646e+01,3.055378706336e-06,-8.559560391610e-01,2.544318714387e+01,-7.538632277760e-06,4.575996787973e-01,3.685372740430e-02,-1.059401098410e-05
"                 482",-1.313648454447e+00,2.540731086994e+01,3.051360207825e-06,-8.560229951901e-01,2.544417032470e+01,-7.381210620489e-06,4.576254592567e-01,3.685945476000e-02,-1.043257082831e-05
"                 483",-1.313705963671e+00,2.540826892713e+01,3.045128743947e-06,-8.560532511966e-01,2.544513342390e+01,-7.007374547646e-06,4.576527124745e-01,3.686449676436e-02,-1.005250329159e-05
"                 484",-1.313716631115e+00,2.540919524353e+01,3.035912109279e-06,-8.560359421603e-01,2.544606063144e+01,-6.766684791410e-06,4.576806889545e-01,3.686538791205e-02,-9.802596900689e-06
"                 485",-1.313697257920e+00,2.541003983070e+01,3.029299082824e-06,-8.559927752019e-01,2.544690173681e+01,-6.429190064229e-06,4.577044827180e-01,3.686190610787e-02,-9.458489147053e-06
"                 486",-1.313681038750e+00,2.541082311751e+01,3.027802006855e-06,-8.559555695759e-01,2.544767879612e+01,-6.054887735067e-06,4.577254691739e-01,3.685567861225e-02,-9.082689741922e-06
"                 487",-1.313746067829e+00,2.541192109455e+01,3.033053344083e-06,-8.560016699411e-01,2.544876880179e+01,-5.602772969997e-06,4.577443978884e-01,3.684770723488e-02,-8.635826314080e-06
"                 488",-1.313938604700e+00,2.541351456084e+01,3.043404471500e-06,-8.561745676135e-01,2.545035478234e+01,-5.202234588275e-06,4.577640370865e-01,3.684022149968e-02,-8.245639059776e-06
"                 489",-1.314181660004e+00,2.541527068802e+01,3.059065241467e-06,-8.563964536064e-01,2.545210501528e+01,-4.766948538343e-06,4.577852063977e-01,3.683432726094e-02,-7.826013779810e-06
"                 490",-1.314324889734e+00,2.541658139667e+01,3.078167560130e-06,-8.565174676793e-01,2.545341216612e+01,-4.670658536230e-06,4.578074220544e-01,3.683076944475e-02,-7.748826096360e-06
"                 491",-1.314328244353e+00,2.541728992611e+01,3.097307632610e-06,-8.564983850763e-01,2.545412126142e+01,-4.816985115789e-06,4.578298592770e-01,3.683133531258e-02,-7.914292748399e-06
"                 492",-1.314289933568e+00,2.541779786415e+01,3.109435004658e-06,-8.564380648171e-01,2.545463173050e+01,-5.302063418495e-06,4.578518687513e-01,3.683386634988e-02,-8.411498423153e-06
"                 493",-1.314314683333e+00,2.541859295032e+01,3.116239167821e-06,-8.564428475240e-01,2.545542670157e+01,-5.917081030612e-06,4.578718358094e-01,3.683375125675e-02,-9.033320198433e-06
"                 494",-1.314431639462e+00,2.541985117558e+01,3.119597316905e-06,-8.565415278930e-01,2.545668295130e+01,-6.585116529848e-06,4.578901115690e-01,3.683177571703e-02,-9.704713846753e-06
"                 495",-1.314567060141e+00,2.542123217864e+01,3.121310936980e-06,-8.566591310769e-01,2.545806108075e+01,-7.115879415728e-06,4.579079290638e-01,3.682890211499e-02,-1.023719035271e-05
"                 496",-1.314651831264e+00,2.542233281989e+01,3.121193811222e-06,-8.567242251164e-01,2.545915668648e+01,-7.795085842689e-06,4.579276061472e-01,3.682386658605e-02,-1.091627965391e-05
"                 497",-1.314680533904e+00,2.542305037041e+01,3.115274298481e-06,-8.567308496646e-01,2.545986813507e+01,-8.342710151777e-06,4.579496842397e-01,3.681776466736e-02,-1.145798445026e-05
"                 498",-1.314677651453e+00,2.542357678687e+01,3.101508014676e-06,-8.567040296348e-01,2.546039037459e+01,-8.851229304026e-06,4.579736218183e-01,3.681358771266e-02,-1.195273731870e-05
"                 499",-1.314698000264e+00,2.542424235852e+01,3.085154257514e-06,-8.567008761585e-01,2.546105394173e+01,-9.292976937250e-06,4.579971241058e-01,3.681158320986e-02,-1.237813119476e-05
"                 500",-1.314801107275e+00,2.542531469192e+01,3.069418345389e-06,-8.567799492565e-01,2.546212603087e+01,-9.732598253223e-06,4.580211580186e-01,3.681133894771e-02,-1.280201659861e-05
"                 501",-1.314986543111e+00,2.542675145793e+01,3.055276999110e-06,-8.569393559780e-01,2.546356370198e+01,-9.989279784674e-06,4.580471871333e-01,3.681224405435e-02,-1.304455678378e-05
"                 502",-1.315189938829e+00,2.542824788951e+01,3.045377095539e-06,-8.571171106265e-01,2.546506189410e+01,-1.006921247827e-05,4.580728282030e-01,3.681400459690e-02,-1.311458957381e-05
"                 503",-1.315347059261e+00,2.542949958991e+01,3.041378802784e-06,-8.572509258041e-01,2.546631542085e+01,-9.854512999559e-06,4.580961334574e-01,3.681583093916e-02,-1.289589180234e-05
"                 504",-1.315465229204e+00,2.543055560281e+01,3.042692984549e-06,-8.573462691102e-01,2.546737183674e+01,-9.620338196712e-06,4.581189600940e-01,3.681623393862e-02,-1.266303118126e-05
"                 505",-1.315572047840e+00,2.543159824281e+01,3.047567514607e-06,-8.574296721004e-01,2.546841443396e+01,-9.110872861031e-06,4.581423757399e-01,3.681619115079e-02,-1.215844037564e-05
"                 506",-1.315614379267e+00,2.543249714535e+01,3.052395146920e-06,-8.574504787181e-01,2.546931301939e+01,-8.625087736157e-06,4.581639005494e-01,3.681587404852e-02,-1.167748288308e-05
"                 507",-1.315569040548e+00,2.543311558068e+01,3.054397199893e-06,-8.573853437874e-01,2.546993091065e+01,-8.198370987933e-06,4.581836967608e-01,3.681532997563e-02,-1.125276818783e-05
"                 508",-1.315515404215e+00,2.543366340820e+01,3.053233231678e-06,-8.573126443273e-01,2.547047747728e+01,-7.965012415396e-06,4.582027598876e-01,3.681406908421e-02,-1.101824564707e-05
"                 509",-1.315504899761e+00,2.543428584946e+01,3.053153269176e-06,-8.572801718580e-01,2.547109861609e+01,-7.635701211236e-06,4.582247279030e-01,3.681276662956e-02,-1.068885448041e-05
"                 510",-1.315530254572e+00,2.543503013838e+01,3.051388027036e-06,-8.572827495902e-01,2.547184175461e+01,-7.267491898141e-06,4.582475049816e-01,3.681161622904e-02,-1.031887992518e-05
"                 511",-1.315609428661e+00,2.543600399137e+01,3.044210621634e-06,-8.573393139787e-01,2.547281280882e+01,-6.837534429568e-06,4.582701146822e-01,3.680881744674e-02,-9.881745051202e-06
"                 512",-1.315736630706e+00,2.543718696541e+01,3.036704454994e-06,-8.574444165249e-01,2.547399390473e+01,-6.609864929692e-06,4.582922141810e-01,3.680693931753e-02,-9.646569384686e-06
"                 513",-1.315902099364e+00,2.543844970294e+01,3.036295441789e-06,-8.575886413950e-01,2.547525833082e+01,-6.424972556022e-06,4.583134579687e-01,3.680862787811e-02,-9.461267997811e-06
"                 514",-1.316055242941e+00,2.543957092939e+01,3.044824021834e-06,-8.577229300248e-01,2.547638224632e+01,-6.253179159114e-06,4.583323129162e-01,3.681131693142e-02,-9.298003180947e-06
"                 515",-1.316136440662e+00,2.544041691984e+01,3.059936561765e-06,-8.577873884004e-01,2.547722604485e+01,-5.919020601373e-06,4.583490522615e-01,3.680912501037e-02,-8.978957163138e-06
"                 516",-1.316190671817e+00,2.544126683256e+01,3.075332505595e-06,-8.578282089073e-01,2.547807229561e+01,-5.500642021056e-06,4.583624629100e-01,3.680546305312e-02,-8.575974526651e-06
"                 517",-1.316252294376e+00,2.544221827717e+01,3.088525955965e-06,-8.578783224930e-01,2.547902270420e+01,-5.135630935120e-06,4.583739718828e-01,3.680442702850e-02,-8.224156891085e-06
"                 518",-1.316281654761e+00,2.544304838322e+01,3.097184911198e-06,-8.578966478281e-01,2.547985344923e+01,-5.189365633341e-06,4.583850069329e-01,3.680506601188e-02,-8.286550544539e-06
"                 519",-1.316247722457e+00,2.544359324696e+01,3.102183043310e-06,-8.578495867331e-01,2.548039985160e+01,-5.340585799691e-06,4.583981357236e-01,3.680660463376e-02,-8.442768843001e-06
"                 520",-1.316234951827e+00,2.544417754566e+01,3.105039152350e-06,-8.578194280736e-01,2.548098611792e+01,-5.807899469199e-06,4.584155237535e-01,3.680857225788e-02,-8.912938621549e-06
"                 521",-1.316289699605e+00,2.544505223304e+01,3.106936989337e-06,-8.578530965224e-01,2.548186109534e+01,-6.297170960748e-06,4.584366030829e-01,3.680886230672e-02,-9.404107950084e-06
"                 522",-1.316385291666e+00,2.544617463687e+01,3.103118903421e-06,-8.579274630464e-01,2.548298108413e+01,-6.882672559862e-06,4.584578286200e-01,3.680644726952e-02,-9.985791463283e-06
"                 523",-1.316480330655e+00,2.544730439941e+01,3.091087477426e-06,-8.580018570676e-01,2.548410484047e+01,-7.367081471675e-06,4.584784735879e-01,3.680044105732e-02,-1.045816894910e-05
"                 524",-1.316529842023e+00,2.544818026658e+01,3.074336694701e-06,-8.580315722011e-01,2.548497405692e+01,-7.690748282005e-06,4.584982698217e-01,3.679379034474e-02,-1.076508497671e-05
"                 525",-1.316558233161e+00,2.544888987844e+01,3.059023788661e-06,-8.580407083323e-01,2.548567952591e+01,-7.606431294899e-06,4.585175248288e-01,3.678964746947e-02,-1.066545508356e-05
"                 526",-1.316609527575e+00,2.544965695904e+01,3.046455114000e-06,-8.580741092531e-01,2.548644381338e+01,-7.361178306347e-06,4.585354183221e-01,3.678685433752e-02,-1.040763342035e-05
"                 527",-1.316705066596e+00,2.545058219367e+01,3.033965319178e-06,-8.581534161895e-01,2.548736713897e+01,-6.838862651736e-06,4.585516504067e-01,3.678494529424e-02,-9.872827970914e-06
"                 528",-1.316833805290e+00,2.545164307510e+01,3.021639886635e-06,-8.582673967464e-01,2.548842738624e+01,-6.141904934502e-06,4.585664085433e-01,3.678431114290e-02,-9.163544821137e-06
"                 529",-1.316979590252e+00,2.545271652185e+01,3.020274409389e-06,-8.583983144137e-01,2.548950462435e+01,-5.297930291550e-06,4.585812758384e-01,3.678810250297e-02,-8.318204700939e-06
"                 530",-1.317133125275e+00,2.545374162010e+01,3.032949264490e-06,-8.585361560838e-01,2.549053574250e+01,-4.608309343405e-06,4.585969691915e-01,3.679412240350e-02,-7.641258607895e-06
"                 531",-1.317210603650e+00,2.545452331129e+01,3.052410483632e-06,-8.585966692255e-01,2.549132300886e+01,-4.232067329637e-06,4.586139344248e-01,3.679969756373e-02,-7.284477813269e-06
"                 532",-1.317222764701e+00,2.545514907262e+01,3.066108189380e-06,-8.585896061465e-01,2.549195346316e+01,-4.346773481085e-06,4.586331585548e-01,3.680439053135e-02,-7.412881670465e-06
"                 533",-1.317188564087e+00,2.545564704848e+01,3.071007309629e-06,-8.585343120032e-01,2.549245488476e+01,-4.625545469798e-06,4.586542520839e-01,3.680783628097e-02,-7.696552779427e-06
"                 534",-1.317146540448e+00,2.545611587519e+01,3.068355683383e-06,-8.584719668302e-01,2.549292417506e+01,-4.730248205535e-06,4.586745736179e-01,3.680829987864e-02,-7.798603888918e-06
"                 535",-1.317109283183e+00,2.545658561596e+01,3.063351188023e-06,-8.584166501943e-01,2.549339091518e+01,-4.320554100174e-06,4.586926329885e-01,3.680529921603e-02,-7.383905288198e-06
"                 536",-1.317119174821e+00,2.545724159089e+01,3.058223947527e-06,-8.584082889565e-01,2.549404356347e+01,-3.778711051596e-06,4.587108858641e-01,3.680197258177e-02,-6.836934999123e-06
"                 537",-1.317144896823e+00,2.545795824972e+01,3.052022920061e-06,-8.584139159069e-01,2.549475800489e+01,-3.096057460582e-06,4.587309809157e-01,3.679975517297e-02,-6.148080380644e-06
"                 538",-1.317167147720e+00,2.545860413544e+01,3.043232870167e-06,-8.584177469248e-01,2.549540157221e+01,-2.468674538085e-06,4.587494007956e-01,3.679743677003e-02,-5.511907408251e-06
"                 539",-1.317181772416e+00,2.545919426936e+01,3.034916752077e-06,-8.584154722154e-01,2.549598953985e+01,-1.669974032593e-06,4.587663002002e-01,3.679527048874e-02,-4.704890784670e-06
"                 540",-1.317286270154e+00,2.546013525984e+01,3.031700393537e-06,-8.585036568244e-01,2.549692993042e+01,-9.807232414779e-07,4.587826133300e-01,3.679467057208e-02,-4.012423635015e-06
"                 541",-1.317507824864e+00,2.546155916283e+01,3.035283578086e-06,-8.587108262440e-01,2.549835404245e+01,-5.564065242496e-07,4.587969986203e-01,3.679487961861e-02,-3.591690102336e-06
"                 542",-1.317748514669e+00,2.546300902516e+01,3.043352934095e-06,-8.589395531181e-01,2.549980374035e+01,-3.192658293962e-07,4.588089615508e-01,3.679471518965e-02,-3.362618763491e-06
"                 543",-1.317929664243e+00,2.546413772510e+01,3.051304472530e-06,-8.591105183082e-01,2.550093301980e+01,6.847322475299e-09,4.588191459344e-01,3.679529469340e-02,-3.044457150054e-06
"                 544",-1.318054102774e+00,2.546500121120e+01,3.056796618480e-06,-8.592241227678e-01,2.550179792483e+01,2.126285519931e-07,4.588299800064e-01,3.679671363129e-02,-2.844168066487e-06
"                 545",-1.318153293797e+00,2.546583383509e+01,3.061465197807e-06,-8.593115257343e-01,2.550263145802e+01,2.185060019922e-07,4.588417680623e-01,3.679762293001e-02,-2.842959195815e-06
"                 546",-1.318256734822e+00,2.546677406819e+01,3.068132525605e-06,-8.594023190808e-01,2.550357206858e+01,-6.802117197477e-08,4.588544157410e-01,3.679800038841e-02,-3.136153697579e-06
"                 547",-1.318306326693e+00,2.546755241688e+01,3.076503622699e-06,-8.594390894627e-01,2.550435071999e+01,-4.282363338026e-07,4.588672372300e-01,3.679830310135e-02,-3.504739956501e-06
"                 548",-1.318246736452e+00,2.546790149240e+01,3.083880286867e-06,-8.593654106970e-01,2.550469910724e+01,-9.862101889809e-07,4.588813257546e-01,3.679761484078e-02,-4.070090475848e-06
"                 549",-1.318075990507e+00,2.546779099191e+01,3.088972711554e-06,-8.591807468585e-01,2.550458413012e+01,-1.632039381461e-06,4.588952436487e-01,3.679313820404e-02,-4.721012093015e-06
"                 550",-1.317894773681e+00,2.546767155130e+01,3.092336352390e-06,-8.589876925877e-01,2.550445664400e+01,-2.317467084548e-06,4.589070810928e-01,3.678509270537e-02,-5.409803436937e-06
"                 551",-1.317838041257e+00,2.546809494104e+01,3.099586377765e-06,-8.589208024066e-01,2.550487209550e+01,-2.627481235960e-06,4.589172388502e-01,3.677715445991e-02,-5.727067613725e-06
"                 552",-1.317921787720e+00,2.546910877575e+01,3.108435149730e-06,-8.589967823521e-01,2.550588015541e+01,-2.955368593940e-06,4.589250053680e-01,3.677137966383e-02,-6.063803743670e-06
"                 553",-1.318058375323e+00,2.547024177763e+01,3.109903286569e-06,-8.591254284926e-01,2.550700982963e+01,-3.273367541886e-06,4.589329468306e-01,3.676805200284e-02,-6.383270828455e-06
"                 554",-1.318186412471e+00,2.547120570319e+01,3.100934782922e-06,-8.592461438541e-01,2.550797265713e+01,-3.413295023430e-06,4.589402686170e-01,3.676695393529e-02,-6.514229806352e-06
"                 555",-1.318315140845e+00,2.547211486222e+01,3.086220080027e-06,-8.593673534785e-01,2.550888180463e+01,-3.213698143643e-06,4.589477873665e-01,3.676694241179e-02,-6.299918223670e-06
"                 556",-1.318440831844e+00,2.547297407574e+01,3.069655924440e-06,-8.594829291773e-01,2.550974179659e+01,-3.068189532384e-06,4.589579026671e-01,3.676772085801e-02,-6.137845456824e-06
"                 557",-1.318525059046e+00,2.547365652084e+01,3.053261263139e-06,-8.595524681442e-01,2.551042787821e+01,-2.705944385990e-06,4.589725909018e-01,3.677135736948e-02,-5.759205649130e-06
"                 558",-1.318586734849e+00,2.547426194283e+01,3.035800614489e-06,-8.595967041464e-01,2.551103992798e+01,-2.252218294688e-06,4.589900307022e-01,3.677798515388e-02,-5.288018909177e-06
"                 559",-1.318645168987e+00,2.547495608393e+01,3.018169167199e-06,-8.596392475172e-01,2.551173803427e+01,-1.684387669397e-06,4.590059214696e-01,3.678195034122e-02,-4.702556836596e-06
"                 560",-1.318687169581e+00,2.547570064264e+01,2.999587463268e-06,-8.596661666822e-01,2.551248323407e+01,-1.335462338260e-06,4.590210028985e-01,3.678259142627e-02,-4.335049801528e-06
"                 561",-1.318674339291e+00,2.547625896951e+01,2.979536545445e-06,-8.596383848072e-01,2.551304017119e+01,-1.204179031679e-06,4.590359544841e-01,3.678120168393e-02,-4.183715577124e-06
"                 562",-1.318611683814e+00,2.547655555638e+01,2.960485807289e-06,-8.595608841113e-01,2.551333463343e+01,-1.097818747414e-06,4.590507997029e-01,3.677907704337e-02,-4.058304554702e-06
"                 563",-1.318552144420e+00,2.547680685932e+01,2.948445593635e-06,-8.594891413508e-01,2.551358455925e+01,-7.216265847195e-07,4.590630030689e-01,3.677769992988e-02,-3.670072178355e-06
"                 564",-1.318532162284e+00,2.547726336717e+01,2.943944955129e-06,-8.594606280020e-01,2.551403880516e+01,-1.763584866795e-07,4.590715342817e-01,3.677543799272e-02,-3.120303441809e-06
"                 565",-1.318556452757e+00,2.547797514782e+01,2.949219390891e-06,-8.594786416361e-01,2.551474610128e+01,3.917138769205e-07,4.590778111204e-01,3.677095345344e-02,-2.557505513970e-06
"                 566",-1.318638357522e+00,2.547888084976e+01,2.964033789485e-06,-8.595541499047e-01,2.551564761234e+01,9.412512371588e-07,4.590842076168e-01,3.676676257851e-02,-2.022782552326e-06
"                 567",-1.318797775588e+00,2.547996204047e+01,2.982691921822e-06,-8.597057379115e-01,2.551672617893e+01,1.505488777185e-06,4.590920376760e-01,3.676413846141e-02,-1.477203144637e-06
"                 568",-1.319010954352e+00,2.548111885964e+01,3.000424185844e-06,-8.599091903308e-01,2.551788219172e+01,1.984553902096e-06,4.591017640211e-01,3.676333208198e-02,-1.015870283748e-06
"                 569",-1.319177355549e+00,2.548206811577e+01,3.013140543259e-06,-8.600643324710e-01,2.551883358049e+01,2.458001208846e-06,4.591130230783e-01,3.676546472164e-02,-5.551393344125e-07
"                 570",-1.319211533710e+00,2.548257213525e+01,3.017903153666e-06,-8.600876623596e-01,2.551933994554e+01,2.965765449976e-06,4.591238713508e-01,3.676781028773e-02,-5.213770369081e-08
"                 571",-1.319131145041e+00,2.548274770416e+01,3.013963696161e-06,-8.599981883758e-01,2.551951600692e+01,3.479383154576e-06,4.591329566651e-01,3.676830276285e-02,4.654194584147e-07
"                 572",-1.319035248061e+00,2.548291538634e+01,3.004476461103e-06,-8.598949262292e-01,2.551968187548e+01,3.993839524438e-06,4.591403218317e-01,3.676648913441e-02,9.893630633341e-07
"                 573",-1.318992632470e+00,2.548328727970e+01,2.993702063621e-06,-8.598471694413e-01,2.552005200715e+01,4.330044248348e-06,4.591454630284e-01,3.676472745247e-02,1.336342184726e-06
"                 574",-1.319077082248e+00,2.548408114083e+01,2.984509930273e-06,-8.599239992676e-01,2.552084692711e+01,4.524637485580e-06,4.591530829799e-01,3.676578628795e-02,1.540127555307e-06
"                 575",-1.319255535367e+00,2.548518894977e+01,2.978964275505e-06,-8.600896824816e-01,2.552195611557e+01,4.633921931944e-06,4.591658528855e-01,3.676716579455e-02,1.654957656439e-06
"                 576",-1.319384261502e+00,2.548610924274e+01,2.980307735689e-06,-8.602039370877e-01,2.552287505967e+01,4.575066306175e-06,4.591803244138e-01,3.676581693559e-02,1.594758570486e-06
"                 577",-1.319440811394e+00,2.548682093873e+01,2.986954329162e-06,-8.602498257107e-01,2.552358305980e+01,4.265720252060e-06,4.591909856831e-01,3.676212106388e-02,1.278765922898e-06
"                 578",-1.319438293485e+00,2.548734834863e+01,2.995729251887e-06,-8.602400114468e-01,2.552410543602e+01,3.825134547622e-06,4.591982820381e-01,3.675708738803e-02,8.294052957344e-07
"                 579",-1.319408808542e+00,2.548774764197e+01,3.008125910270e-06,-8.602056121085e-01,2.552450060135e+01,3.619068122137e-06,4.592031964334e-01,3.675295937987e-02,6.109422118676e-07
"                 580",-1.319383313363e+00,2.548812905874e+01,3.023234748667e-06,-8.601749276621e-01,2.552488010181e+01,3.556334565313e-06,4.592083857004e-01,3.675104307419e-02,5.330998166466e-07
"                 581",-1.319389027258e+00,2.548857149905e+01,3.038275736866e-06,-8.601727167037e-01,2.552532324915e+01,3.514111265437e-06,4.592163105542e-01,3.675175009259e-02,4.758355285701e-07
"                 582",-1.319430504862e+00,2.548910385094e+01,3.046657370492e-06,-8.602056468102e-01,2.552585622134e+01,3.605078210251e-06,4.592248580520e-01,3.675237040885e-02,5.584208397587e-07
"                 583",-1.319480709243e+00,2.548972153431e+01,3.046074932009e-06,-8.602472809508e-01,2.552647225322e+01,3.902393498120e-06,4.592334282925e-01,3.675071891327e-02,8.563185661108e-07
"                 584",-1.319505794220e+00,2.549027030730e+01,3.042579427053e-06,-8.602615065025e-01,2.552701797149e+01,4.458700636243e-06,4.592442877175e-01,3.674766418877e-02,1.416121209190e-06
"                 585",-1.319510124938e+00,2.549071171228e+01,3.043133955066e-06,-8.602541167322e-01,2.552745534855e+01,5.084873910804e-06,4.592560082054e-01,3.674363627238e-02,2.041739955737e-06
"                 586",-1.319512100039e+00,2.549109592287e+01,3.044817611983e-06,-8.602437056958e-01,2.552783475173e+01,5.607199358947e-06,4.592683943429e-01,3.673882886062e-02,2.562381746964e-06
"                 587",-1.319538544353e+00,2.549154479420e+01,3.042263549049e-06,-8.602570422292e-01,2.552828187283e+01,6.004803875494e-06,4.592815021236e-01,3.673707862430e-02,2.962540326445e-06
"                 588",-1.319553906788e+00,2.549203543387e+01,3.038477720039e-06,-8.602614792349e-01,2.552877340758e+01,6.461375010774e-06,4.592924275535e-01,3.673797370722e-02,3.422897290735e-06
"                 589",-1.319552131919e+00,2.549256459058e+01,3.043721900349e-06,-8.602520603457e-01,2.552930204835e+01,7.032951499399e-06,4.593000715736e-01,3.673745776785e-02,3.989229599051e-06
"                 590",-1.319536779828e+00,2.549304370074e+01,3.064453829175e-06,-8.602293297050e-01,2.552978084015e+01,7.591586159989e-06,4.593074501230e-01,3.673713940391e-02,4.527132330814e-06
"                 591",-1.319536406515e+00,2.549343698960e+01,3.095025792783e-06,-8.602208346177e-01,2.553017381171e+01,7.796687553293e-06,4.593155718973e-01,3.673682211138e-02,4.701661760510e-06
"                 592",-1.319501848820e+00,2.549361187521e+01,3.123207099923e-06,-8.601806170556e-01,2.553034718047e+01,7.613461174660e-06,4.593212317642e-01,3.673530526205e-02,4.490254074737e-06
"                 593",-1.319487560545e+00,2.549391733035e+01,3.143581464067e-06,-8.601643318028e-01,2.553065018712e+01,7.289222769128e-06,4.593232287427e-01,3.673285676824e-02,4.145641305061e-06
"                 594",-1.319585048707e+00,2.549470381524e+01,3.156173972993e-06,-8.602589112190e-01,2.553143784030e+01,6.725722459620e-06,4.593261374879e-01,3.673402505539e-02,3.569548486627e-06
"                 595",-1.319831568693e+00,2.549605623628e+01,3.163487908311e-06,-8.604989377227e-01,2.553279575096e+01,6.079115340253e-06,4.593326309701e-01,3.673951468054e-02,2.915627431941e-06
"                 596",-1.320082201133e+00,2.549733287014e+01,3.166187326157e-06,-8.607389244461e-01,2.553407828708e+01,5.434412944162e-06,4.593432766873e-01,3.674541693940e-02,2.268225618005e-06
"                 597",-1.320214248219e+00,2.549809572957e+01,3.164022493132e-06,-8.608598717319e-01,2.553484503629e+01,4.913616548618e-06,4.593543764872e-01,3.674930672267e-02,1.749594055486e-06
"                 598",-1.320205762037e+00,2.549836256017e+01,3.157344483802e-06,-8.608410583005e-01,2.553511221281e+01,4.551045593967e-06,4.593647037368e-01,3.674965263608e-02,1.393701110165e-06
"                 599",-1.320081839799e+00,2.549825087960e+01,3.146407288873e-06,-8.607074864295e-01,2.553499720493e+01,4.352942890130e-06,4.593743533698e-01,3.674632532421e-02,1.206535601256e-06
"                 600",-1.319942906247e+00,2.549812697172e+01,3.132071809536e-06,-8.605609668744e-01,2.553486913494e+01,4.183902645683e-06,4.593819393723e-01,3.674216322478e-02,1.051830836147e-06
"                 601",-1.319899191331e+00,2.549839611226e+01,3.117880905449e-06,-8.605122144332e-01,2.553513372086e+01,3.957090764369e-06,4.593869768981e-01,3.673760860102e-02,8.392098589199e-07
"                 602",-1.320010602737e+00,2.549932628368e+01,3.105784399619e-06,-8.606190456458e-01,2.553606204780e+01,3.471510447851e-06,4.593915570907e-01,3.673576412074e-02,3.657260482314e-07
"                 603",-1.320194452869e+00,2.550054169904e+01,3.098568660867e-06,-8.607966752136e-01,2.553727987774e+01,2.805973078944e-06,4.593977776552e-01,3.673817869720e-02,-2.925955819229e-07
"                 604",-1.320305024946e+00,2.550141720313e+01,3.097820050483e-06,-8.608995474827e-01,2.553815821954e+01,2.193431676042e-06,4.594054774629e-01,3.674101641372e-02,-9.043883744403e-07
"                 605",-1.320324681368e+00,2.550186929502e+01,3.100458699095e-06,-8.609120256868e-01,2.553860919220e+01,1.575951094202e-06,4.594126556810e-01,3.673989718373e-02,-1.524507604893e-06
"                 606",-1.320316661214e+00,2.550216469398e+01,3.101841098927e-06,-8.608989585471e-01,2.553890331677e+01,9.942829119791e-07,4.594177026669e-01,3.673862278160e-02,-2.107558186948e-06
"                 607",-1.320315235583e+00,2.550244320628e+01,3.099997683794e-06,-8.608933188989e-01,2.553918085046e+01,5.231272187532e-07,4.594219166843e-01,3.673764418087e-02,-2.576870465040e-06
"                 608",-1.320342783573e+00,2.550282162163e+01,3.094242485107e-06,-8.609167798712e-01,2.553955512101e+01,4.167640068464e-07,4.594260037021e-01,3.673349937449e-02,-2.677478478260e-06
"                 609",-1.320421038611e+00,2.550338476570e+01,3.084746232145e-06,-8.609884307103e-01,2.554011417705e+01,5.507230280604e-07,4.594326079004e-01,3.672941135137e-02,-2.534023204085e-06
"                 610",-1.320509625151e+00,2.550403368353e+01,3.070645413328e-06,-8.610686182978e-01,2.554076392857e+01,7.190755680078e-07,4.594410068529e-01,3.673024504378e-02,-2.351569845320e-06
"                 611",-1.320625963361e+00,2.550477362880e+01,3.052815688251e-06,-8.611754825581e-01,2.554150839901e+01,1.125596208242e-06,4.594504808033e-01,3.673477020863e-02,-1.927219480010e-06
"                 612",-1.320702644527e+00,2.550540309832e+01,3.033759010705e-06,-8.612434853448e-01,2.554214053150e+01,1.845354107116e-06,4.594591591818e-01,3.673743318000e-02,-1.188404903589e-06
"                 613",-1.320706673563e+00,2.550580658141e+01,3.018966133698e-06,-8.612396000121e-01,2.554254296312e+01,2.668935398132e-06,4.594670735506e-01,3.673638170440e-02,-3.500307355668e-07
"                 614",-1.320688890822e+00,2.550614091222e+01,3.015134154131e-06,-8.612150329840e-01,2.554287429495e+01,3.198335041779e-06,4.594738578382e-01,3.673338272935e-02,1.832008876477e-07
"                 615",-1.320714400308e+00,2.550660718015e+01,3.027522642386e-06,-8.612338724649e-01,2.554333923979e+01,3.317781773951e-06,4.594805278433e-01,3.673205964131e-02,2.902591315651e-07
"                 616",-1.320789880481e+00,2.550720353474e+01,3.052443779824e-06,-8.613011941047e-01,2.554393681100e+01,3.102432919638e-06,4.594886863764e-01,3.673327625993e-02,4.998913981442e-08
"                 617",-1.320869494504e+00,2.550775967890e+01,3.077354525693e-06,-8.613707312752e-01,2.554449557881e+01,2.648464365105e-06,4.594987632292e-01,3.673589990880e-02,-4.288901605879e-07
"                 618",-1.320925876160e+00,2.550824595308e+01,3.095845538957e-06,-8.614178078613e-01,2.554498440931e+01,2.099237137605e-06,4.595080682990e-01,3.673845623108e-02,-9.966084013515e-07
"                 619",-1.320893388460e+00,2.550848975507e+01,3.110927510017e-06,-8.613771959162e-01,2.554522902689e+01,1.663900617840e-06,4.595161925443e-01,3.673927181664e-02,-1.447026892178e-06
"                 620",-1.320797582543e+00,2.550855835920e+01,3.127700429356e-06,-8.612766980500e-01,2.554529749835e+01,1.370624289684e-06,4.595208844935e-01,3.673913914801e-02,-1.757076139672e-06
"                 621",-1.320718121813e+00,2.550867965838e+01,3.143575561939e-06,-8.611940355056e-01,2.554541761649e+01,1.264887808378e-06,4.595240863077e-01,3.673795811280e-02,-1.878687753561e-06
"                 622",-1.320694563685e+00,2.550899829238e+01,3.149441013370e-06,-8.611690350807e-01,2.554573382222e+01,1.184486247307e-06,4.595255286039e-01,3.673552984219e-02,-1.964954766063e-06
"                 623",-1.320788211869e+00,2.550980119165e+01,3.143658746120e-06,-8.612621539310e-01,2.554653471285e+01,1.096951999876e-06,4.595260579379e-01,3.673352119711e-02,-2.046706746244e-06
"                 624",-1.320939449298e+00,2.551079367542e+01,3.130847776426e-06,-8.614093231161e-01,2.554752770637e+01,1.060562617686e-06,4.595301261817e-01,3.673403094864e-02,-2.070285158740e-06
"                 625",-1.320957869765e+00,2.551114725625e+01,3.116821832180e-06,-8.614195545361e-01,2.554788255483e+01,9.396367313669e-07,4.595383152288e-01,3.673529858412e-02,-2.177185100813e-06
"                 626",-1.320797492226e+00,2.551071429631e+01,3.105586256723e-06,-8.612507735761e-01,2.554744855672e+01,7.833501821413e-07,4.595467186497e-01,3.673426041153e-02,-2.322236074581e-06
"                 627",-1.320620570498e+00,2.551030129755e+01,3.095599188690e-06,-8.610683548319e-01,2.554702963517e+01,5.129966713751e-07,4.595522156660e-01,3.672833762236e-02,-2.582602517315e-06
"                 628",-1.320553010713e+00,2.551049495413e+01,3.089695447970e-06,-8.609995164291e-01,2.554721612382e+01,3.525378159409e-08,4.595534942835e-01,3.672116969319e-02,-3.054441666376e-06
"                 629",-1.320654857936e+00,2.551143407087e+01,3.088441985850e-06,-8.611022274731e-01,2.554815072990e+01,-5.474233890748e-07,4.595526304634e-01,3.671665902687e-02,-3.635865374924e-06
"                 630",-1.320866332129e+00,2.551271373810e+01,3.090556775588e-06,-8.613138843762e-01,2.554943022499e+01,-1.166318789666e-06,4.595524477525e-01,3.671648688923e-02,-4.256875565254e-06
"                 631",-1.321036655528e+00,2.551365362720e+01,3.092393921205e-06,-8.614802921944e-01,2.555037353326e+01,-1.552653935688e-06,4.595563633338e-01,3.671990606331e-02,-4.645047856893e-06
"                 632",-1.321061217742e+00,2.551394656435e+01,3.096389178506e-06,-8.614971917245e-01,2.555066952336e+01,-1.553850693311e-06,4.595640260178e-01,3.672295900712e-02,-4.650239871817e-06
"                 633",-1.320985542646e+00,2.551393510371e+01,3.104021345610e-06,-8.614158531185e-01,2.555065805396e+01,-1.490039632577e-06,4.595696895275e-01,3.672295025082e-02,-4.594060978187e-06
"                 634",-1.320933006649e+00,2.551408985801e+01,3.111089241037e-06,-8.613608081934e-01,2.555081154023e+01,-1.726119990312e-06,4.595721984553e-01,3.672168221879e-02,-4.837209231349e-06
"                 635",-1.320979467310e+00,2.551458662177e+01,3.110062680074e-06,-8.614062048198e-01,2.555130776557e+01,-2.146945066085e-06,4.595732624897e-01,3.672114379877e-02,-5.257007746158e-06
"                 636",-1.321147077962e+00,2.551540730063e+01,3.099006646579e-06,-8.615698748370e-01,2.555213084468e+01,-2.465485758191e-06,4.595772031253e-01,3.672354404982e-02,-5.564492404770e-06
"                 637",-1.321363395182e+00,2.551635197682e+01,3.083155133377e-06,-8.617781347318e-01,2.555307948584e+01,-2.257131582959e-06,4.595852604506e-01,3.672750902522e-02,-5.340286716336e-06
"                 638",-1.321521831629e+00,2.551717552608e+01,3.068557065172e-06,-8.619269593108e-01,2.555390754764e+01,-1.625126629225e-06,4.595948723179e-01,3.673202156188e-02,-4.693683694397e-06
"                 639",-1.321574293886e+00,2.551766412843e+01,3.060729395143e-06,-8.619699828888e-01,2.555439949776e+01,-9.141492967554e-07,4.596043109975e-01,3.673536933787e-02,-3.974878691898e-06
"                 640",-1.321593932519e+00,2.551800893332e+01,3.064200207077e-06,-8.619806287314e-01,2.555474432770e+01,-3.151524960875e-07,4.596133037879e-01,3.673539437881e-02,-3.379352703164e-06
"                 641",-1.321648895346e+00,2.551844266513e+01,3.075433764988e-06,-8.620269999486e-01,2.555517526218e+01,1.020074175692e-07,4.596218953976e-01,3.673259704658e-02,-2.973426347419e-06
"                 642",-1.321699694700e+00,2.551889998910e+01,3.088703268690e-06,-8.620713400971e-01,2.555562915546e+01,3.208970428697e-07,4.596283546034e-01,3.672916636256e-02,-2.767806225820e-06
"                 643",-1.321722747635e+00,2.551935350581e+01,3.102955636599e-06,-8.620895954821e-01,2.555607832216e+01,2.612263102213e-07,4.596331521532e-01,3.672481634777e-02,-2.841729326378e-06
"                 644",-1.321655176533e+00,2.551956395590e+01,3.117585065571e-06,-8.620176603399e-01,2.555628347696e+01,2.289390195631e-08,4.596375161933e-01,3.671952105304e-02,-3.094691163614e-06
"                 645",-1.321559381554e+00,2.551966340073e+01,3.129253260198e-06,-8.619187430359e-01,2.555637914915e+01,-1.656901703167e-07,4.596406385180e-01,3.671574842426e-02,-3.294943430515e-06
"                 646",-1.321490471306e+00,2.551980165406e+01,3.134291174792e-06,-8.618480208482e-01,2.555651547577e+01,-2.553614388825e-07,4.596424504573e-01,3.671382170714e-02,-3.389652613674e-06
"                 647",-1.321432665623e+00,2.551988757350e+01,3.133365574512e-06,-8.617885775272e-01,2.555660138497e+01,-9.791607411204e-08,4.596440880959e-01,3.671381147352e-02,-3.231281648624e-06
"                 648",-1.321379071879e+00,2.551991576312e+01,3.132671257897e-06,-8.617330091212e-01,2.555663169587e+01,1.615618618669e-07,4.596460627575e-01,3.671593275013e-02,-2.971109396030e-06
"                 649",-1.321325844571e+00,2.551994179176e+01,3.132046497509e-06,-8.616764735782e-01,2.555665910591e+01,1.328925211219e-07,4.596493709931e-01,3.671731415558e-02,-2.999153976387e-06
"                 650",-1.321317071488e+00,2.552015408936e+01,3.124407712737e-06,-8.616638423253e-01,2.555687181075e+01,-3.379719102473e-07,4.596532291625e-01,3.671772138502e-02,-3.462379622984e-06
"                 651",-1.321364856763e+00,2.552063550430e+01,3.109582405239e-06,-8.617093729996e-01,2.555735240404e+01,-8.999715079774e-07,4.596554837634e-01,3.671689973742e-02,-4.009553913216e-06
"                 652",-1.321441864262e+00,2.552125777922e+01,3.093393026024e-06,-8.617843995267e-01,2.555797245336e+01,-1.106391391031e-06,4.596574647357e-01,3.671467413553e-02,-4.199784417055e-06
"                 653",-1.321471172310e+00,2.552165275783e+01,3.084504452978e-06,-8.618101465998e-01,2.555836373264e+01,-8.912688421991e-07,4.596610257100e-01,3.671097481078e-02,-3.975773295177e-06
"                 654",-1.321442803170e+00,2.552179038261e+01,3.084598506625e-06,-8.617773473955e-01,2.555849710274e+01,-7.125528703702e-07,4.596654557745e-01,3.670672013731e-02,-3.797151376995e-06
"                 655",-1.321411494784e+00,2.552194992424e+01,3.088524009993e-06,-8.617439490508e-01,2.555865302549e+01,-7.740280541690e-07,4.596675457337e-01,3.670310125211e-02,-3.862552064162e-06
"                 656",-1.321393623857e+00,2.552224996294e+01,3.092973520556e-06,-8.617278573779e-01,2.555895144830e+01,-1.115757489172e-06,4.596657664792e-01,3.670148536290e-02,-4.208731009727e-06
"                 657",-1.321435009829e+00,2.552276937728e+01,3.098595484590e-06,-8.617708984840e-01,2.555947483726e+01,-1.596539036587e-06,4.596641113448e-01,3.670545997063e-02,-4.695134521177e-06
"                 658",-1.321557128918e+00,2.552351511583e+01,3.103420300296e-06,-8.618925270183e-01,2.556022847645e+01,-1.962380234279e-06,4.596646018993e-01,3.671336061842e-02,-5.065800534575e-06
"                 659",-1.321665889840e+00,2.552416348494e+01,3.108620980214e-06,-8.619975402819e-01,2.556088321794e+01,-2.012720340027e-06,4.596683495580e-01,3.671973300275e-02,-5.121341320242e-06
"                 660",-1.321680098745e+00,2.552448897452e+01,3.112511975914e-06,-8.620054102054e-01,2.556121246541e+01,-1.923839291460e-06,4.596746885393e-01,3.672349088609e-02,-5.036351267374e-06
"                 661",-1.321596872837e+00,2.552443430732e+01,3.114378400232e-06,-8.619136614798e-01,2.556115868432e+01,-1.866736996146e-06,4.596832113577e-01,3.672437700567e-02,-4.981115396378e-06
"                 662",-1.321533726973e+00,2.552446618047e+01,3.115871929308e-06,-8.618436557223e-01,2.556118840673e+01,-1.844697326501e-06,4.596900712507e-01,3.672222626607e-02,-4.960569255809e-06
"                 663",-1.321557838690e+00,2.552486877792e+01,3.116383365302e-06,-8.618644880303e-01,2.556158665208e+01,-1.865784037489e-06,4.596933506594e-01,3.671787415599e-02,-4.982167402790e-06
"                 664",-1.321661014495e+00,2.552556663630e+01,3.115750612955e-06,-8.619655425823e-01,2.556228111771e+01,-2.036709797397e-06,4.596954719125e-01,3.671448141150e-02,-5.152460410351e-06
"                 665",-1.321757892357e+00,2.552615541496e+01,3.115798497748e-06,-8.620588771663e-01,2.556287025925e+01,-2.342855919133e-06,4.596990151904e-01,3.671484428599e-02,-5.458654416882e-06
"                 666",-1.321830210535e+00,2.552655996240e+01,3.117522733169e-06,-8.621268075296e-01,2.556327807257e+01,-2.543641137345e-06,4.597034030053e-01,3.671811016829e-02,-5.661163870513e-06
"                 667",-1.321872975949e+00,2.552691211613e+01,3.121494366647e-06,-8.621668119199e-01,2.556363259805e+01,-2.489025117359e-06,4.597061640290e-01,3.672048191865e-02,-5.610519484006e-06
"                 668",-1.321914167921e+00,2.552733546020e+01,3.131593132561e-06,-8.622054698786e-01,2.556405608938e+01,-2.381560615097e-06,4.597086980426e-01,3.672062918059e-02,-5.513153747658e-06
"                 669",-1.321974197879e+00,2.552783987685e+01,3.148096335994e-06,-8.622616928504e-01,2.556455965149e+01,-2.544805583527e-06,4.597125050290e-01,3.671977463358e-02,-5.692901919521e-06
"                 670",-1.322021909241e+00,2.552825436899e+01,3.164795882113e-06,-8.623037793519e-01,2.556497112632e+01,-3.067997765989e-06,4.597181298893e-01,3.671675732764e-02,-6.232793648102e-06
"                 671",-1.322039046122e+00,2.552855753788e+01,3.176701548067e-06,-8.623170150299e-01,2.556526890694e+01,-3.606751609154e-06,4.597220310919e-01,3.671136906516e-02,-6.783453157221e-06
"                 672",-1.322026127898e+00,2.552879193742e+01,3.182878650903e-06,-8.623033667914e-01,2.556549724689e+01,-3.778670571643e-06,4.597227611069e-01,3.670530946537e-02,-6.961549222546e-06
"                 673",-1.322045340779e+00,2.552913392257e+01,3.184782557593e-06,-8.623224604987e-01,2.556583467752e+01,-3.690381034496e-06,4.597228802803e-01,3.670075494843e-02,-6.875163592089e-06
"                 674",-1.322116307527e+00,2.552961301600e+01,3.180462420283e-06,-8.623915006066e-01,2.556631292391e+01,-3.624954340544e-06,4.597248069208e-01,3.669990790462e-02,-6.805416760827e-06
"                 675",-1.322183379591e+00,2.553006644706e+01,3.169993134469e-06,-8.624561662085e-01,2.556676894271e+01,-3.964304881076e-06,4.597272133824e-01,3.670249564827e-02,-7.134298015545e-06
"                 676",-1.322184309304e+00,2.553032683145e+01,3.153024949924e-06,-8.624552424913e-01,2.556703180921e+01,-4.851886702777e-06,4.597290668127e-01,3.670497776175e-02,-8.004911652701e-06
"                 677",-1.322077989441e+00,2.553023375699e+01,3.131271234126e-06,-8.623471501593e-01,2.556693994608e+01,-5.752322108200e-06,4.597308392821e-01,3.670618909345e-02,-8.883593342326e-06
"                 678",-1.321884517363e+00,2.552983071585e+01,3.109229814164e-06,-8.621538214719e-01,2.556653552038e+01,-6.584072379599e-06,4.597306958910e-01,3.670480453242e-02,-9.693302193763e-06
"                 679",-1.321740969680e+00,2.552960618812e+01,3.092389549552e-06,-8.620119527315e-01,2.556630713342e+01,-7.225963506940e-06,4.597290169481e-01,3.670094530880e-02,-1.031835305649e-05
"                 680",-1.321734551458e+00,2.552982497711e+01,3.080945911621e-06,-8.620055486429e-01,2.556652198209e+01,-7.662601071685e-06,4.597290028151e-01,3.669700498253e-02,-1.074354698331e-05
"                 681",-1.321814456533e+00,2.553026080993e+01,3.076718231509e-06,-8.620848589881e-01,2.556695487623e+01,-8.051096110254e-06,4.597295975451e-01,3.669406629840e-02,-1.112781434176e-05
"                 682",-1.321928028885e+00,2.553083292324e+01,3.080379807363e-06,-8.621996531490e-01,2.556752347461e+01,-8.472007653905e-06,4.597283757360e-01,3.669055136876e-02,-1.155238746127e-05
"                 683",-1.322041499055e+00,2.553151437878e+01,3.089448921795e-06,-8.623140205178e-01,2.556820228894e+01,-8.782865223539e-06,4.597274785373e-01,3.668791015931e-02,-1.187231414533e-05
"                 684",-1.322123988116e+00,2.553215294293e+01,3.101954028906e-06,-8.623981384484e-01,2.556884111154e+01,-9.007340030197e-06,4.597258496676e-01,3.668816861529e-02,-1.210929405910e-05
"                 685",-1.322170458368e+00,2.553257427081e+01,3.115200432691e-06,-8.624460460610e-01,2.556926403512e+01,-9.211520610654e-06,4.597244123070e-01,3.668976431265e-02,-1.232672104335e-05
"                 686",-1.322157029934e+00,2.553262987453e+01,3.127705864244e-06,-8.624329285538e-01,2.556932037441e+01,-9.407221782528e-06,4.597241013805e-01,3.669049987363e-02,-1.253492764677e-05
"                 687",-1.322090895439e+00,2.553247451611e+01,3.138384765323e-06,-8.623670412394e-01,2.556916406020e+01,-9.566937110093e-06,4.597238541992e-01,3.668954408836e-02,-1.270532187542e-05
"                 688",-1.322070233644e+00,2.553262425652e+01,3.146801866424e-06,-8.623463273188e-01,2.556931222460e+01,-9.748165497695e-06,4.597239063254e-01,3.668796807516e-02,-1.289496736412e-05
"                 689",-1.322175536681e+00,2.553332987723e+01,3.153237484763e-06,-8.624504480761e-01,2.557001883841e+01,-9.950754252151e-06,4.597250886049e-01,3.668896118075e-02,-1.310399173691e-05
"                 690",-1.322343686103e+00,2.553417896892e+01,3.157297180446e-06,-8.626150817688e-01,2.557087243873e+01,-1.015996778053e-05,4.597286043343e-01,3.669346980269e-02,-1.331726496098e-05
"                 691",-1.322483592645e+00,2.553478499856e+01,3.159818528011e-06,-8.627497155337e-01,2.557148376312e+01,-1.021548803799e-05,4.597338771110e-01,3.669876455819e-02,-1.337530656600e-05
"                 692",-1.322555076936e+00,2.553510844190e+01,3.160023057951e-06,-8.628139531382e-01,2.557181025342e+01,-1.012405320792e-05,4.597411237981e-01,3.670181152486e-02,-1.328407626587e-05
"                 693",-1.322569380231e+00,2.553530407515e+01,3.155638596042e-06,-8.628188921586e-01,2.557200812580e+01,-9.900587523183e-06,4.597504880724e-01,3.670405065103e-02,-1.305622611922e-05
"                 694",-1.322570864840e+00,2.553556546162e+01,3.152594760066e-06,-8.628115710493e-01,2.557227342057e+01,-9.372683989938e-06,4.597592937905e-01,3.670795895418e-02,-1.252527875000e-05
"                 695",-1.322596092290e+00,2.553590941655e+01,3.156475230659e-06,-8.628308047620e-01,2.557262248718e+01,-8.691294943759e-06,4.597652875283e-01,3.671307063489e-02,-1.184777017442e-05
"                 696",-1.322653130012e+00,2.553627861610e+01,3.166188545294e-06,-8.628830005378e-01,2.557299546277e+01,-8.419333679823e-06,4.597701294744e-01,3.671684667092e-02,-1.158552222512e-05
"                 697",-1.322703576272e+00,2.553657937664e+01,3.176462086404e-06,-8.629273779444e-01,2.557329708932e+01,-8.682422732550e-06,4.597761983276e-01,3.671771268511e-02,-1.185888481895e-05
"                 698",-1.322696505611e+00,2.553674503412e+01,3.183135061355e-06,-8.629147928961e-01,2.557346215432e+01,-9.250872412785e-06,4.597817127147e-01,3.671712020199e-02,-1.243400747414e-05
"                 699",-1.322615081492e+00,2.553675341946e+01,3.186266891031e-06,-8.628296646933e-01,2.557346863576e+01,-9.663937296714e-06,4.597854167985e-01,3.671521629117e-02,-1.285020418774e-05
"                 700",-1.322478909161e+00,2.553657521639e+01,3.185099538604e-06,-8.626916915782e-01,2.557328568238e+01,-9.683360034420e-06,4.597872175828e-01,3.671046598768e-02,-1.286845957302e-05
"                 701",-1.322311775421e+00,2.553623271123e+01,3.178886844633e-06,-8.625259727758e-01,2.557293571298e+01,-9.466917880571e-06,4.597858026448e-01,3.670300174954e-02,-1.264580472520e-05
"                 702",-1.322195159944e+00,2.553602028343e+01,3.166872790069e-06,-8.624128063786e-01,2.557271637100e+01,-9.394116752221e-06,4.597823535653e-01,3.669608756727e-02,-1.256098954229e-05
"                 703",-1.322134768631e+00,2.553599566193e+01,3.149717918281e-06,-8.623569196497e-01,2.557268599281e+01,-9.722731490638e-06,4.597778489813e-01,3.669033087575e-02,-1.287244940892e-05
"                 704",-1.322119977068e+00,2.553612553664e+01,3.129652186829e-06,-8.623448307293e-01,2.557281260274e+01,-1.026434787138e-05,4.597751463388e-01,3.668706610303e-02,-1.339400005821e-05
"                 705",-1.322120057023e+00,2.553627340235e+01,3.111737987072e-06,-8.623434781473e-01,2.557295846927e+01,-1.088652381714e-05,4.597765788753e-01,3.668506692365e-02,-1.399826180421e-05
"                 706",-1.322125775189e+00,2.553643732365e+01,3.097621051025e-06,-8.623448868092e-01,2.557312208336e+01,-1.122616615854e-05,4.597808883796e-01,3.668475971000e-02,-1.432378720956e-05
"                 707",-1.322131892459e+00,2.553657141835e+01,3.088010098102e-06,-8.623446736948e-01,2.557325845399e+01,-1.117992489020e-05,4.597872187643e-01,3.668703564180e-02,-1.426793498830e-05
"                 708",-1.322150995278e+00,2.553672407539e+01,3.086522230974e-06,-8.623576305959e-01,2.557341472959e+01,-1.097413498739e-05,4.597933646817e-01,3.669065420597e-02,-1.406065721836e-05
"                 709",-1.322233943034e+00,2.553715150389e+01,3.093005673276e-06,-8.624367092360e-01,2.557384687286e+01,-1.086715273096e-05,4.597972337978e-01,3.669536896987e-02,-1.396015840424e-05
"                 710",-1.322435380941e+00,2.553806899756e+01,3.103300510600e-06,-8.626362401147e-01,2.557477069294e+01,-1.092156269194e-05,4.597991408260e-01,3.670169537885e-02,-1.402486320254e-05
"                 711",-1.322731501444e+00,2.553941100491e+01,3.116039934214e-06,-8.629330467501e-01,2.557611765611e+01,-1.102574295678e-05,4.597984546940e-01,3.670665120092e-02,-1.414178289100e-05
"                 712",-1.322913006927e+00,2.554030226784e+01,3.129483294972e-06,-8.631161252977e-01,2.557701001193e+01,-1.125247420470e-05,4.597968816292e-01,3.670774409357e-02,-1.438195749967e-05
"                 713",-1.322850288054e+00,2.554013024038e+01,3.141889478895e-06,-8.630566062631e-01,2.557683728229e+01,-1.139050896626e-05,4.597936817909e-01,3.670704190883e-02,-1.453239844515e-05
"                 714",-1.322656299871e+00,2.553940506834e+01,3.151208906368e-06,-8.628669745870e-01,2.557611088411e+01,-1.148236576327e-05,4.597893252842e-01,3.670581576316e-02,-1.463357466964e-05
"                 715",-1.322570596470e+00,2.553924340179e+01,3.156838413165e-06,-8.627851893564e-01,2.557594686497e+01,-1.172874055697e-05,4.597854071137e-01,3.670346317347e-02,-1.488557897014e-05
"                 716",-1.322667238708e+00,2.553995868441e+01,3.158929315907e-06,-8.628822783055e-01,2.557666126219e+01,-1.201966872576e-05,4.597849604022e-01,3.670257777880e-02,-1.517859804167e-05
"                 717",-1.322768203034e+00,2.554070460654e+01,3.157205269908e-06,-8.629793821580e-01,2.557740689579e+01,-1.219213710807e-05,4.597888208761e-01,3.670228925350e-02,-1.534934237798e-05
"                 718",-1.322757553922e+00,2.554089429542e+01,3.153371777065e-06,-8.629629232435e-01,2.557759500460e+01,-1.208603292426e-05,4.597946306786e-01,3.670070918321e-02,-1.523940470133e-05
"                 719",-1.322627635443e+00,2.554053998073e+01,3.150209508090e-06,-8.628274673706e-01,2.557723671240e+01,-1.145838528296e-05,4.598001680722e-01,3.669673166954e-02,-1.460859479105e-05
"                 720",-1.322484957758e+00,2.554015752698e+01,3.143937580450e-06,-8.626796513019e-01,2.557684966532e+01,-1.057515033327e-05,4.598053064558e-01,3.669213834021e-02,-1.371908791372e-05
"                 721",-1.322391109684e+00,2.554000206904e+01,3.138524516541e-06,-8.625808854074e-01,2.557669038555e+01,-9.884924275018e-06,4.598102242763e-01,3.668831651483e-02,-1.302344879156e-05
"                 722",-1.322423744661e+00,2.554032497437e+01,3.139743855188e-06,-8.626098498532e-01,2.557701024598e+01,-9.456169038063e-06,4.598138948082e-01,3.668527161567e-02,-1.259591289325e-05
"                 723",-1.322552095328e+00,2.554095543519e+01,3.150890421196e-06,-8.627384184092e-01,2.557763788961e+01,-9.222845656389e-06,4.598136769186e-01,3.668245441208e-02,-1.237373607759e-05
"                 724",-1.322716325803e+00,2.554168366800e+01,3.168431973966e-06,-8.629072531732e-01,2.557836268356e+01,-9.129497556050e-06,4.598090726295e-01,3.667901555749e-02,-1.229792953002e-05
"                 725",-1.322837653765e+00,2.554223462517e+01,3.185515311971e-06,-8.630348296664e-01,2.557891189673e+01,-9.033719687268e-06,4.598028240981e-01,3.667727155209e-02,-1.221923499924e-05
"                 726",-1.322890304623e+00,2.554252594094e+01,3.196367040410e-06,-8.630942619819e-01,2.557920452891e+01,-9.002456504992e-06,4.597960426413e-01,3.667858797091e-02,-1.219882354540e-05
"                 727",-1.322901097874e+00,2.554265582112e+01,3.197007971537e-06,-8.631108509777e-01,2.557933667360e+01,-9.061220648234e-06,4.597902468964e-01,3.668085247753e-02,-1.225822861977e-05
"                 728",-1.322879458695e+00,2.554267760925e+01,3.188279618213e-06,-8.630933217395e-01,2.557935853152e+01,-9.178158862323e-06,4.597861369558e-01,3.668092227052e-02,-1.236643848054e-05
"                 729",-1.322790222488e+00,2.554247370226e+01,3.174049433451e-06,-8.630064525894e-01,2.557915284543e+01,-9.171167102048e-06,4.597837698985e-01,3.667914316709e-02,-1.234521653550e-05
"                 730",-1.322657441320e+00,2.554215176384e+01,3.157631733375e-06,-8.628757160139e-01,2.557882771386e+01,-9.137911895643e-06,4.597817253063e-01,3.667595001964e-02,-1.229554362902e-05
"                 731",-1.322573055262e+00,2.554206884181e+01,3.140526417179e-06,-8.627949642617e-01,2.557874074452e+01,-9.348204286465e-06,4.597780910006e-01,3.667190270610e-02,-1.248873070364e-05
"                 732",-1.322582993232e+00,2.554238556259e+01,3.124138306746e-06,-8.628100388772e-01,2.557905336589e+01,-9.853238753859e-06,4.597729543544e-01,3.666780330627e-02,-1.297737706061e-05
"                 733",-1.322620275766e+00,2.554281149027e+01,3.108613046909e-06,-8.628513721344e-01,2.557947489921e+01,-1.043397198775e-05,4.597689036312e-01,3.666340893759e-02,-1.354258503466e-05
"                 734",-1.322625631172e+00,2.554302515601e+01,3.096018756941e-06,-8.628576692406e-01,2.557968734539e+01,-1.077957650979e-05,4.597679619318e-01,3.666218937849e-02,-1.387559526673e-05
"                 735",-1.322565429217e+00,2.554285385272e+01,3.094029916735e-06,-8.627970221447e-01,2.557951840052e+01,-1.074513085980e-05,4.597684070719e-01,3.666454780077e-02,-1.383916077654e-05
"                 736",-1.322504949948e+00,2.554269432980e+01,3.104652625612e-06,-8.627376618080e-01,2.557935942733e+01,-1.050512071397e-05,4.597672881403e-01,3.666509753438e-02,-1.360977333958e-05
"                 737",-1.322511324891e+00,2.554289358755e+01,3.119132773150e-06,-8.627461834409e-01,2.557955700388e+01,-1.034195196902e-05,4.597651414501e-01,3.666341632549e-02,-1.346108474217e-05
"                 738",-1.322573283479e+00,2.554331353751e+01,3.132499601803e-06,-8.628099480926e-01,2.557997484594e+01,-1.045803117721e-05,4.597633353867e-01,3.666130842298e-02,-1.359053077901e-05
"                 739",-1.322625651698e+00,2.554360773164e+01,3.144418509652e-06,-8.628646245143e-01,2.558026850801e+01,-1.063140417215e-05,4.597610271834e-01,3.666077636960e-02,-1.377582268180e-05
"                 740",-1.322633670947e+00,2.554365855302e+01,3.154792469963e-06,-8.628746392560e-01,2.558031996212e+01,-1.063333641562e-05,4.597590316910e-01,3.666140910060e-02,-1.378812888558e-05
"                 741",-1.322619216208e+00,2.554365880854e+01,3.162955781719e-06,-8.628614439821e-01,2.558032143461e+01,-1.047810684700e-05,4.597577722264e-01,3.666262607517e-02,-1.364106262872e-05
"                 742",-1.322654860752e+00,2.554392312435e+01,3.168213839470e-06,-8.628975971945e-01,2.558058748789e+01,-1.045964812265e-05,4.597572635572e-01,3.666436354218e-02,-1.362786196211e-05
"                 743",-1.322695908806e+00,2.554423412908e+01,3.168580605434e-06,-8.629386679810e-01,2.558089990278e+01,-1.067585162775e-05,4.597572408250e-01,3.666577369880e-02,-1.384443223318e-05
"                 744",-1.322662980394e+00,2.554421712194e+01,3.163368193008e-06,-8.629042776431e-01,2.558088216522e+01,-1.100848195319e-05,4.597587027510e-01,3.666504328763e-02,-1.417185014620e-05
"                 745",-1.322616037473e+00,2.554410146842e+01,3.154544045516e-06,-8.628557914980e-01,2.558076388814e+01,-1.103619947352e-05,4.597602459750e-01,3.666241972199e-02,-1.419074351904e-05
"                 746",-1.322598136619e+00,2.554413758707e+01,3.149444531859e-06,-8.628361618765e-01,2.558079662791e+01,-1.056209555519e-05,4.597619747428e-01,3.665904084163e-02,-1.371154008705e-05
"                 747",-1.322609274178e+00,2.554433884323e+01,3.150943286719e-06,-8.628452548988e-01,2.558099523235e+01,-9.923357370632e-06,4.597640192797e-01,3.665638911909e-02,-1.307430065735e-05
"                 748",-1.322674886465e+00,2.554472028039e+01,3.152726649980e-06,-8.629092881693e-01,2.558137752265e+01,-9.399673681394e-06,4.597655982953e-01,3.665724226313e-02,-1.255240033137e-05
"                 749",-1.322780976548e+00,2.554515020293e+01,3.155085726280e-06,-8.630133359516e-01,2.558181011727e+01,-9.054205578062e-06,4.597676405965e-01,3.665991433127e-02,-1.220929130434e-05
"                 750",-1.322901420089e+00,2.554558899514e+01,3.161376777602e-06,-8.631330667646e-01,2.558225054213e+01,-8.985807589092e-06,4.597683533248e-01,3.666154698708e-02,-1.214718436669e-05
"                 751",-1.323004420281e+00,2.554598752443e+01,3.171887659070e-06,-8.632352807606e-01,2.558264976000e+01,-8.918676925334e-06,4.597691395205e-01,3.666223557335e-02,-1.209056458440e-05
"                 752",-1.323084035493e+00,2.554632441693e+01,3.184257580414e-06,-8.633146193836e-01,2.558298819249e+01,-8.737709325509e-06,4.597694161092e-01,3.666377556443e-02,-1.192196690592e-05
"                 753",-1.323130637812e+00,2.554655002800e+01,3.193047774722e-06,-8.633614693724e-01,2.558321725211e+01,-8.757676541836e-06,4.597691684395e-01,3.666722411122e-02,-1.195072431656e-05
"                 754",-1.323135345280e+00,2.554659395161e+01,3.193964038440e-06,-8.633662943415e-01,2.558326332242e+01,-9.107477104785e-06,4.597690509384e-01,3.666937080957e-02,-1.230144114322e-05
"                 755",-1.323095773873e+00,2.554648750334e+01,3.187538198052e-06,-8.633285799971e-01,2.558315708924e+01,-9.587121802368e-06,4.597671938759e-01,3.666958589485e-02,-1.277466000042e-05
"                 756",-1.323072977188e+00,2.554653323734e+01,3.175350900133e-06,-8.633092489325e-01,2.558320214913e+01,-1.009875927354e-05,4.597637282558e-01,3.666891178991e-02,-1.327411017367e-05
"                 757",-1.323089465698e+00,2.554683331627e+01,3.160179112147e-06,-8.633290743311e-01,2.558350083253e+01,-1.062405261622e-05,4.597603913667e-01,3.666751625855e-02,-1.378423172836e-05
"                 758",-1.323113377311e+00,2.554715771437e+01,3.141922282551e-06,-8.633542716829e-01,2.558382416531e+01,-1.117997395889e-05,4.597591056284e-01,3.666645094865e-02,-1.432189624144e-05
"                 759",-1.323102071743e+00,2.554728667138e+01,3.122400379434e-06,-8.633431484931e-01,2.558395218993e+01,-1.155691401675e-05,4.597589232495e-01,3.666551855202e-02,-1.467931439618e-05
"                 760",-1.323036720865e+00,2.554715582562e+01,3.104570379111e-06,-8.632766703623e-01,2.558381931728e+01,-1.181379989997e-05,4.597600505024e-01,3.666349166087e-02,-1.491837027908e-05
"                 761",-1.322934100627e+00,2.554685981346e+01,3.092316620229e-06,-8.631718856080e-01,2.558352163405e+01,-1.196698628319e-05,4.597622150186e-01,3.666182058411e-02,-1.505930290342e-05
"                 762",-1.322840518140e+00,2.554661555580e+01,3.088543726261e-06,-8.630774969882e-01,2.558327781410e+01,-1.176574382492e-05,4.597630211515e-01,3.666225830338e-02,-1.485428755118e-05
"                 763",-1.322854367420e+00,2.554680685005e+01,3.094967806748e-06,-8.630905018608e-01,2.558347024400e+01,-1.146720658246e-05,4.597638655595e-01,3.666339395004e-02,-1.456217438921e-05
"                 764",-1.323016678320e+00,2.554751258400e+01,3.110495061648e-06,-8.632499442544e-01,2.558417689583e+01,-1.138775149979e-05,4.597667340652e-01,3.666431183092e-02,-1.449824656143e-05
"                 765",-1.323240164543e+00,2.554835511065e+01,3.132086450928e-06,-8.634718963568e-01,2.558501974201e+01,-1.132837954831e-05,4.597682681861e-01,3.666463136197e-02,-1.446046599924e-05
"                 766",-1.323423420338e+00,2.554901993410e+01,3.152949453817e-06,-8.636543413437e-01,2.558568493033e+01,-1.134777070182e-05,4.597690789948e-01,3.666499623095e-02,-1.450072015563e-05
"                 767",-1.323521972993e+00,2.554939895067e+01,3.170992435675e-06,-8.637511430432e-01,2.558606636070e+01,-1.147632397342e-05,4.597708299499e-01,3.666741002769e-02,-1.464731640909e-05
"                 768",-1.323528491277e+00,2.554947961749e+01,3.186934013880e-06,-8.637552024845e-01,2.558615167150e+01,-1.164881396037e-05,4.597732887929e-01,3.667205400652e-02,-1.483574797425e-05
"                 769",-1.323522882396e+00,2.554951832601e+01,3.200798178828e-06,-8.637456569715e-01,2.558619861485e+01,-1.191125618492e-05,4.597772254247e-01,3.668028884177e-02,-1.511205436375e-05
"                 770",-1.323514817632e+00,2.554949716196e+01,3.211865946130e-06,-8.637325945796e-01,2.558618654578e+01,-1.222438284208e-05,4.597822230525e-01,3.668938381317e-02,-1.543624878821e-05
"                 771",-1.323514598883e+00,2.554948664576e+01,3.221919223823e-06,-8.637266027621e-01,2.558618262928e+01,-1.255295921524e-05,4.597879961206e-01,3.669598352241e-02,-1.577487843906e-05
"                 772",-1.323527374617e+00,2.554958373567e+01,3.230945547971e-06,-8.637329281651e-01,2.558628408030e+01,-1.293298925404e-05,4.597944464516e-01,3.670034462480e-02,-1.616393480201e-05
"                 773",-1.323533232493e+00,2.554972872682e+01,3.235619881790e-06,-8.637298925295e-01,2.558643252749e+01,-1.316305144927e-05,4.598033399632e-01,3.670380067030e-02,-1.639867133106e-05
"                 774",-1.323510966957e+00,2.554978596526e+01,3.232996678301e-06,-8.636979092882e-01,2.558649068662e+01,-1.313562934130e-05,4.598130576686e-01,3.670472135321e-02,-1.636862601960e-05
"                 775",-1.323444106049e+00,2.554966516320e+01,3.225304643109e-06,-8.636234500459e-01,2.558636865298e+01,-1.279035901069e-05,4.598206560027e-01,3.670348978711e-02,-1.601566365380e-05
"                 776",-1.323336869471e+00,2.554938495451e+01,3.217354702388e-06,-8.635117536937e-01,2.558608622282e+01,-1.220057866045e-05,4.598251157770e-01,3.670126831492e-02,-1.541793336283e-05
"                 777",-1.323219111920e+00,2.554905779597e+01,3.210924506347e-06,-8.633931521989e-01,2.558575644323e+01,-1.170640590970e-05,4.598259597207e-01,3.669864725578e-02,-1.491733041605e-05
"                 778",-1.323132790424e+00,2.554885737652e+01,3.207540606798e-06,-8.633089780325e-01,2.558555087436e+01,-1.142825152657e-05,4.598238123919e-01,3.669349784337e-02,-1.463579213336e-05
"                 779",-1.323093253247e+00,2.554881416221e+01,3.204803877882e-06,-8.632738645715e-01,2.558550045605e+01,-1.142609460591e-05,4.598193886752e-01,3.668629383457e-02,-1.463089848379e-05
"                 780",-1.323101242069e+00,2.554893396582e+01,3.199049757109e-06,-8.632874155300e-01,2.558561274416e+01,-1.171126484168e-05,4.598138265386e-01,3.667877834497e-02,-1.491031459879e-05
"                 781",-1.323174312346e+00,2.554929300420e+01,3.189401966717e-06,-8.633665187618e-01,2.558596619125e+01,-1.202253255717e-05,4.598077935844e-01,3.667318704945e-02,-1.521193452389e-05
"                 782",-1.323263961706e+00,2.554967745061e+01,3.177095079878e-06,-8.634618555652e-01,2.558634831543e+01,-1.234158613874e-05,4.598021061410e-01,3.667086482417e-02,-1.551868121862e-05
"                 783",-1.323290262268e+00,2.554978832261e+01,3.163025899656e-06,-8.634924665217e-01,2.558645831584e+01,-1.269056136128e-05,4.597977957462e-01,3.666999323095e-02,-1.585358726094e-05
"                 784",-1.323285713807e+00,2.554978724610e+01,3.148843592972e-06,-8.634898561649e-01,2.558645621104e+01,-1.300009186289e-05,4.597958576417e-01,3.666896494155e-02,-1.614893545587e-05
"                 785",-1.323288509322e+00,2.554986937864e+01,3.136316061610e-06,-8.634926502859e-01,2.558653717321e+01,-1.299521842886e-05,4.597958590358e-01,3.666779456552e-02,-1.613153449047e-05
"                 786",-1.323239538079e+00,2.554975854445e+01,3.125106260846e-06,-8.634424028228e-01,2.558642525771e+01,-1.269817572596e-05,4.597971352566e-01,3.666671326547e-02,-1.582328198680e-05
"                 787",-1.323135674915e+00,2.554947678644e+01,3.116332013225e-06,-8.633399888019e-01,2.558614050084e+01,-1.224699516078e-05,4.597956861135e-01,3.666371439785e-02,-1.536332717400e-05
"                 788",-1.323067495305e+00,2.554937005025e+01,3.112345241235e-06,-8.632727379342e-01,2.558603054709e+01,-1.168907788163e-05,4.597947573703e-01,3.666049683650e-02,-1.480142312286e-05
"                 789",-1.323090031455e+00,2.554959735807e+01,3.113301065305e-06,-8.632948072848e-01,2.558625919766e+01,-1.108806896027e-05,4.597952241702e-01,3.666183958803e-02,-1.420137002557e-05
"                 790",-1.323189553108e+00,2.555005477120e+01,3.119467647206e-06,-8.633931129716e-01,2.558672223178e+01,-1.063721767145e-05,4.597964401361e-01,3.666746058609e-02,-1.375668531865e-05
"                 791",-1.323291907645e+00,2.555042769361e+01,3.130151563710e-06,-8.634946539493e-01,2.558710108097e+01,-1.050173341681e-05,4.597972536962e-01,3.667338735480e-02,-1.363188498052e-05
"                 792",-1.323394638428e+00,2.555076435894e+01,3.143027145181e-06,-8.635981728873e-01,2.558744093345e+01,-1.062974907377e-05,4.597964655407e-01,3.667657451078e-02,-1.377277621896e-05
"                 793",-1.323492802995e+00,2.555113745101e+01,3.155991257066e-06,-8.636989965198e-01,2.558781470402e+01,-1.073370969177e-05,4.597938064756e-01,3.667725300755e-02,-1.388970094884e-05
"                 794",-1.323536853412e+00,2.555139336802e+01,3.166911262324e-06,-8.637470865439e-01,2.558806807657e+01,-1.074912413012e-05,4.597897668685e-01,3.667470855246e-02,-1.391603539245e-05
"                 795",-1.323500549139e+00,2.555140107475e+01,3.178017330004e-06,-8.637149119927e-01,2.558807156968e+01,-1.061128605813e-05,4.597856371462e-01,3.667049492491e-02,-1.378930338813e-05
"                 796",-1.323451883663e+00,2.555132374889e+01,3.190157765588e-06,-8.636695344267e-01,2.558799034576e+01,-1.058769453771e-05,4.597823492363e-01,3.666659686524e-02,-1.377785230330e-05
"                 797",-1.323413934445e+00,2.555123720006e+01,3.201840738362e-06,-8.636334867396e-01,2.558790184838e+01,-1.081992191540e-05,4.597804477050e-01,3.666464831816e-02,-1.402176265376e-05
"                 798",-1.323366154690e+00,2.555106031623e+01,3.210547670433e-06,-8.635856091766e-01,2.558772448094e+01,-1.116654793634e-05,4.597805455134e-01,3.666416471335e-02,-1.437709560677e-05
"                 799",-1.323311620535e+00,2.555081169831e+01,3.215063819212e-06,-8.635295618573e-01,2.558747627882e+01,-1.137267783746e-05,4.597820586778e-01,3.666458050338e-02,-1.458774165667e-05
"                 800",-1.323307787063e+00,2.555077563599e+01,3.216330922996e-06,-8.635233001790e-01,2.558744204895e+01,-1.145267612281e-05,4.597844868839e-01,3.666641295711e-02,-1.466900704581e-05
"                 801",-1.323345077525e+00,2.555096629428e+01,3.214375659616e-06,-8.635578256480e-01,2.558763605407e+01,-1.141816802671e-05,4.597872518772e-01,3.666975978812e-02,-1.463254368633e-05
"                 802",-1.323475650125e+00,2.555153751053e+01,3.210007867952e-06,-8.636831726317e-01,2.558821367762e+01,-1.139166939623e-05,4.597924774936e-01,3.667616709632e-02,-1.460167726418e-05
"                 803",-1.323659403331e+00,2.555229792219e+01,3.205191638378e-06,-8.638591281211e-01,2.558898009089e+01,-1.138928790062e-05,4.598002752096e-01,3.668216870799e-02,-1.459447953900e-05
"                 804",-1.323834830263e+00,2.555301514982e+01,3.201525943703e-06,-8.640258726424e-01,2.558970001386e+01,-1.115194671283e-05,4.598089576207e-01,3.668486404707e-02,-1.435347265653e-05
"                 805",-1.323956755899e+00,2.555352382602e+01,3.200312831954e-06,-8.641412638615e-01,2.559020730044e+01,-1.055961011675e-05,4.598154920378e-01,3.668347441308e-02,-1.375992294870e-05
"                 806",-1.323910069945e+00,2.555341325244e+01,3.202441988192e-06,-8.640946383550e-01,2.559009128768e+01,-1.006258468239e-05,4.598154315899e-01,3.667803523404e-02,-1.326502667058e-05
"                 807",-1.323674083014e+00,2.555261284896e+01,3.208322817129e-06,-8.638653716566e-01,2.558928327753e+01,-9.902149180414e-06,4.598087113574e-01,3.667042857495e-02,-1.311047199754e-05
"                 808",-1.323367466812e+00,2.555152366479e+01,3.213572206878e-06,-8.635682483947e-01,2.558818644311e+01,-9.935584081238e-06,4.597992184178e-01,3.666277832031e-02,-1.314915628812e-05
"                 809",-1.323183650753e+00,2.555088246186e+01,3.216064553796e-06,-8.633939034899e-01,2.558754101487e+01,-1.011294705767e-05,4.597897472635e-01,3.665855301128e-02,-1.332901161146e-05
"                 810",-1.323201575345e+00,2.555100342327e+01,3.214242592391e-06,-8.634186487285e-01,2.558766210963e+01,-1.050658073398e-05,4.597829266164e-01,3.665868635265e-02,-1.372082332637e-05
"                 811",-1.323339560563e+00,2.555159782060e+01,3.207939989294e-06,-8.635603505818e-01,2.558825820578e+01,-1.105632426011e-05,4.597792099810e-01,3.666038517677e-02,-1.426426424940e-05
"                 812",-1.323458801714e+00,2.555212806235e+01,3.198417375187e-06,-8.636813066346e-01,2.558878989868e+01,-1.173371888803e-05,4.597774950795e-01,3.666183633118e-02,-1.493213626322e-05
"                 813",-1.323473097310e+00,2.555221797344e+01,3.187763063656e-06,-8.636969655301e-01,2.558887773519e+01,-1.223780324202e-05,4.597761317797e-01,3.665976175493e-02,-1.542556630568e-05
"                 814",-1.323409079265e+00,2.555198923512e+01,3.178278328269e-06,-8.636351476527e-01,2.558864332645e+01,-1.245641310555e-05,4.597739316123e-01,3.665409132802e-02,-1.563469143382e-05
"                 815",-1.323339511751e+00,2.555179194502e+01,3.171338913040e-06,-8.635680820546e-01,2.558844220243e+01,-1.231717056546e-05,4.597714296964e-01,3.665025741631e-02,-1.548850947850e-05
"                 816",-1.323360985821e+00,2.555196994295e+01,3.167051009873e-06,-8.635897687711e-01,2.558862158227e+01,-1.203172776027e-05,4.597712170501e-01,3.665163932542e-02,-1.519877877014e-05
"                 817",-1.323462041702e+00,2.555242476067e+01,3.163029313480e-06,-8.636887216389e-01,2.558908265171e+01,-1.176950161453e-05,4.597733200627e-01,3.665789103099e-02,-1.493253092801e-05
"                 818",-1.323600281869e+00,2.555299865525e+01,3.157415532490e-06,-8.638241419889e-01,2.558966564746e+01,-1.164762001210e-05,4.597761398802e-01,3.666699220883e-02,-1.480503554459e-05
"                 819",-1.323747604607e+00,2.555354941488e+01,3.150009215460e-06,-8.639686482497e-01,2.559022587444e+01,-1.164697053086e-05,4.597789563568e-01,3.667645955772e-02,-1.479697974632e-05
"                 820",-1.323856388262e+00,2.555390018318e+01,3.145419085753e-06,-8.640750931000e-01,2.559058243630e+01,-1.177279726546e-05,4.597812951619e-01,3.668225312665e-02,-1.491821635121e-05
"                 821",-1.323858057255e+00,2.555381849692e+01,3.143032339093e-06,-8.640736199515e-01,2.559050352671e+01,-1.190510956757e-05,4.597844373033e-01,3.668502979168e-02,-1.504814190667e-05
"                 822",-1.323800729050e+00,2.555356447055e+01,3.143571205288e-06,-8.640128106623e-01,2.559025242445e+01,-1.185728089529e-05,4.597879183872e-01,3.668795390415e-02,-1.500085210057e-05
"                 823",-1.323771984366e+00,2.555356175909e+01,3.148417137478e-06,-8.639814710183e-01,2.559025201827e+01,-1.178056035788e-05,4.597905133475e-01,3.669025917346e-02,-1.492897749536e-05
"                 824",-1.323805769313e+00,2.555386331079e+01,3.159851025528e-06,-8.640132550404e-01,2.559055387303e+01,-1.184754946923e-05,4.597925142725e-01,3.669056224288e-02,-1.500740049476e-05
"                 825",-1.323841969415e+00,2.555409752202e+01,3.177238067392e-06,-8.640472242141e-01,2.559078607132e+01,-1.199599177505e-05,4.597947452008e-01,3.668854929094e-02,-1.517322984245e-05
"                 826",-1.323845429636e+00,2.555413423198e+01,3.197441433946e-06,-8.640492416234e-01,2.559081696128e+01,-1.206168407303e-05,4.597961880123e-01,3.668272929995e-02,-1.525912550698e-05
"                 827",-1.323864305342e+00,2.555422413731e+01,3.218894471941e-06,-8.640654645253e-01,2.559090104126e+01,-1.206319750854e-05,4.597988408168e-01,3.667690395684e-02,-1.528209198048e-05
"                 828",-1.323910914407e+00,2.555443757308e+01,3.233808027806e-06,-8.641068834708e-01,2.559111258222e+01,-1.216493816566e-05,4.598040309364e-01,3.667500914032e-02,-1.539874619346e-05
"                 829",-1.323947683279e+00,2.555464456813e+01,3.239543312717e-06,-8.641374756694e-01,2.559131950770e+01,-1.229021997855e-05,4.598102076099e-01,3.667493957153e-02,-1.552976329127e-05
"                 830",-1.323941089412e+00,2.555469198034e+01,3.239020795722e-06,-8.641263118346e-01,2.559136795488e+01,-1.228331010232e-05,4.598147775775e-01,3.667597454561e-02,-1.552233089804e-05
"                 831",-1.323864990638e+00,2.555442995678e+01,3.236526560056e-06,-8.640478942870e-01,2.559110679641e+01,-1.223596719333e-05,4.598170963505e-01,3.667683963660e-02,-1.547249375338e-05
"                 832",-1.323786343146e+00,2.555411173265e+01,3.236211481905e-06,-8.639678210320e-01,2.559078915342e+01,-1.224195743584e-05,4.598185221140e-01,3.667742077819e-02,-1.547816891775e-05
"                 833",-1.323741601440e+00,2.555395907049e+01,3.235606299760e-06,-8.639241832785e-01,2.559063693286e+01,-1.219502832173e-05,4.598174181615e-01,3.667786236479e-02,-1.543063462149e-05
"                 834",-1.323726064006e+00,2.555397075367e+01,3.232717399643e-06,-8.639144462444e-01,2.559064862451e+01,-1.217404293414e-05,4.598116177620e-01,3.667787083402e-02,-1.540676033378e-05
"                 835",-1.323710461075e+00,2.555397264026e+01,3.226920362770e-06,-8.639058703869e-01,2.559065086153e+01,-1.220282448104e-05,4.598045906880e-01,3.667822126900e-02,-1.542974484381e-05
"                 836",-1.323691686802e+00,2.555390550623e+01,3.217387463243e-06,-8.638933697537e-01,2.559058535728e+01,-1.239577717701e-05,4.597983170485e-01,3.667985105207e-02,-1.561316464025e-05
"                 837",-1.323660410884e+00,2.555376131311e+01,3.203741268646e-06,-8.638661346328e-01,2.559044389462e+01,-1.288629018152e-05,4.597942762512e-01,3.668258150421e-02,-1.609003145016e-05
"                 838",-1.323656856159e+00,2.555373144229e+01,3.186652332278e-06,-8.638645615871e-01,2.559041554326e+01,-1.364432837435e-05,4.597922945717e-01,3.668410097881e-02,-1.683098070662e-05
"                 839",-1.323604612342e+00,2.555354934556e+01,3.166932995947e-06,-8.638125827452e-01,2.559023089671e+01,-1.440245344634e-05,4.597920295965e-01,3.668155114169e-02,-1.756938644228e-05
"                 840",-1.323482569199e+00,2.555315221446e+01,3.149660455464e-06,-8.636912428434e-01,2.558982772759e+01,-1.468728078939e-05,4.597913263556e-01,3.667551313092e-02,-1.783694124485e-05
"                 841",-1.323374862898e+00,2.555287349508e+01,3.141197918965e-06,-8.635862862909e-01,2.558954160788e+01,-1.445190594884e-05,4.597885766070e-01,3.666811280704e-02,-1.759310386780e-05
"                 842",-1.323356644915e+00,2.555299883371e+01,3.143061252441e-06,-8.635715882967e-01,2.558965986958e+01,-1.386749947906e-05,4.597850566187e-01,3.666103586970e-02,-1.701056073151e-05
"                 843",-1.323386595737e+00,2.555328295242e+01,3.148026984491e-06,-8.636046753452e-01,2.558994000102e+01,-1.332110205636e-05,4.597819203915e-01,3.665704859888e-02,-1.646912904085e-05
"                 844",-1.323398185362e+00,2.555340442218e+01,3.151966287497e-06,-8.636192882279e-01,2.559006243250e+01,-1.305638043588e-05,4.597788971338e-01,3.665801032745e-02,-1.620834672338e-05
"                 845",-1.323441248950e+00,2.555355314396e+01,3.155995760035e-06,-8.636627522333e-01,2.559021522257e+01,-1.285657735795e-05,4.597784967165e-01,3.666207861140e-02,-1.601257311798e-05
"                 846",-1.323557082860e+00,2.555393955622e+01,3.161055463703e-06,-8.637755923766e-01,2.559060525904e+01,-1.276803565928e-05,4.597814904834e-01,3.666570282083e-02,-1.592909112298e-05
"                 847",-1.323665169379e+00,2.555430725143e+01,3.165771113172e-06,-8.638796635367e-01,2.559097449086e+01,-1.270465945251e-05,4.597855058426e-01,3.666723942918e-02,-1.587043056568e-05
"                 848",-1.323731710048e+00,2.555454264142e+01,3.170238317776e-06,-8.639444968031e-01,2.559120906661e+01,-1.285182920473e-05,4.597872132448e-01,3.666642519136e-02,-1.602206752251e-05
"                 849",-1.323772370588e+00,2.555470821896e+01,3.175922227008e-06,-8.639850164138e-01,2.559137371753e+01,-1.318220186585e-05,4.597873541746e-01,3.666549857389e-02,-1.635812409286e-05
"                 850",-1.323848030905e+00,2.555502209862e+01,3.184392421428e-06,-8.640584050672e-01,2.559168846551e+01,-1.365422350345e-05,4.597896258379e-01,3.666636689503e-02,-1.683861592488e-05
"                 851",-1.323942052691e+00,2.555539384007e+01,3.197001511471e-06,-8.641465488748e-01,2.559206177184e+01,-1.407759479309e-05,4.597955038166e-01,3.666793176821e-02,-1.727459630456e-05
"                 852",-1.323969166114e+00,2.555550913502e+01,3.211431917039e-06,-8.641683751317e-01,2.559217798015e+01,-1.435346700821e-05,4.598007909827e-01,3.666884513070e-02,-1.756489892525e-05
"                 853",-1.323893953063e+00,2.555523811239e+01,3.225097409479e-06,-8.640907717456e-01,2.559190784018e+01,-1.447641867422e-05,4.598031813176e-01,3.666972779576e-02,-1.770151608370e-05
"                 854",-1.323749708808e+00,2.555467776641e+01,3.234001431996e-06,-8.639442095138e-01,2.559134809863e+01,-1.454250298415e-05,4.598054992947e-01,3.667033222283e-02,-1.777650441614e-05
"                 855",-1.323613654323e+00,2.555416675088e+01,3.240335939180e-06,-8.638049609336e-01,2.559083637753e+01,-1.436021509692e-05,4.598086933892e-01,3.666962664648e-02,-1.760055103610e-05
"                 856",-1.323528083489e+00,2.555390968018e+01,3.245554293298e-06,-8.637152208868e-01,2.559057879706e+01,-1.403489712568e-05,4.598128626026e-01,3.666911688406e-02,-1.728045141898e-05
"                 857",-1.323495466482e+00,2.555389041075e+01,3.249507614113e-06,-8.636779993979e-01,2.559055836361e+01,-1.378389214751e-05,4.598174670845e-01,3.666795286065e-02,-1.703339976163e-05
"                 858",-1.323480180684e+00,2.555391596914e+01,3.251702480498e-06,-8.636590901055e-01,2.559058225856e+01,-1.375047623562e-05,4.598210905781e-01,3.666628941913e-02,-1.700217871611e-05
"                 859",-1.323457299245e+00,2.555384981640e+01,3.249760565372e-06,-8.636336497427e-01,2.559051554215e+01,-1.380160027012e-05,4.598236495023e-01,3.666572574675e-02,-1.705136083549e-05
"                 860",-1.323423323743e+00,2.555368099489e+01,3.244519426130e-06,-8.635988216300e-01,2.559034700964e+01,-1.372696133578e-05,4.598245021132e-01,3.666601475015e-02,-1.697148076191e-05
"                 861",-1.323391341627e+00,2.555348980321e+01,3.237164982289e-06,-8.635693422478e-01,2.559015673227e+01,-1.365071800315e-05,4.598219993789e-01,3.666692906542e-02,-1.688788298544e-05
"                 862",-1.323375308238e+00,2.555340567853e+01,3.228038033318e-06,-8.635593401545e-01,2.559007152527e+01,-1.377695248088e-05,4.598159680832e-01,3.666584673571e-02,-1.700499051419e-05
"                 863",-1.323395797827e+00,2.555351701820e+01,3.218780775193e-06,-8.635864923314e-01,2.559018025739e+01,-1.407464337538e-05,4.598093054961e-01,3.666323919790e-02,-1.729342415058e-05
"                 864",-1.323430282921e+00,2.555369898140e+01,3.209248541738e-06,-8.636259228449e-01,2.559035909581e+01,-1.424282408985e-05,4.598043600764e-01,3.666011440236e-02,-1.745207263159e-05
"                 865",-1.323453308991e+00,2.555383525863e+01,3.199271747846e-06,-8.636537654116e-01,2.559049209201e+01,-1.409540766969e-05,4.597995435795e-01,3.665683337857e-02,-1.729467941754e-05
"                 866",-1.323462681096e+00,2.555394057735e+01,3.189112330161e-06,-8.636693869821e-01,2.559059281901e+01,-1.375421518023e-05,4.597932941138e-01,3.665224165973e-02,-1.694332751040e-05
"                 867",-1.323480068972e+00,2.555412515880e+01,3.179799216629e-06,-8.636934379465e-01,2.559077221738e+01,-1.343806827715e-05,4.597866310253e-01,3.664705858256e-02,-1.661786749378e-05
"                 868",-1.323511802047e+00,2.555436890191e+01,3.175095441070e-06,-8.637317913712e-01,2.559101174444e+01,-1.310474161391e-05,4.597800106754e-01,3.664284253654e-02,-1.627983705497e-05
"                 869",-1.323544080441e+00,2.555457171425e+01,3.176702999521e-06,-8.637700436002e-01,2.559121217774e+01,-1.283733851617e-05,4.597740368405e-01,3.664046349142e-02,-1.601404151570e-05
"                 870",-1.323567895601e+00,2.555471860165e+01,3.180386156907e-06,-8.637984565748e-01,2.559135900731e+01,-1.276617227829e-05,4.597694390264e-01,3.664040565918e-02,-1.594655843520e-05
"                 871",-1.323606189648e+00,2.555492649127e+01,3.183157995712e-06,-8.638402630494e-01,2.559156892593e+01,-1.294642619287e-05,4.597659265984e-01,3.664243465622e-02,-1.612958418858e-05
"                 872",-1.323647692062e+00,2.555511959444e+01,3.183132762306e-06,-8.638834303831e-01,2.559176318860e+01,-1.345998165762e-05,4.597642616793e-01,3.664359415807e-02,-1.664311441993e-05
"                 873",-1.323679172825e+00,2.555521626927e+01,3.183561341549e-06,-8.639143621555e-01,2.559185848703e+01,-1.387803183962e-05,4.597648106698e-01,3.664221775332e-02,-1.706159318116e-05
"                 874",-1.323753374593e+00,2.555542780114e+01,3.187514611384e-06,-8.639872856554e-01,2.559206785120e+01,-1.400041674367e-05,4.597660889373e-01,3.664005006168e-02,-1.718793135505e-05
"                 875",-1.323828751225e+00,2.555563144600e+01,3.194104168967e-06,-8.640615655777e-01,2.559226988112e+01,-1.397563363658e-05,4.597671856468e-01,3.663843512532e-02,-1.716973780555e-05
"                 876",-1.323839763288e+00,2.555560839498e+01,3.200140598169e-06,-8.640718805792e-01,2.559224710279e+01,-1.406851404970e-05,4.597678827086e-01,3.663870780223e-02,-1.726865464787e-05
"                 877",-1.323799967974e+00,2.555539931403e+01,3.203736750105e-06,-8.640300380836e-01,2.559204138804e+01,-1.432339798667e-05,4.597699298902e-01,3.664207401223e-02,-1.752713473677e-05
"                 878",-1.323782405538e+00,2.555525993853e+01,3.207481387215e-06,-8.640083496257e-01,2.559190742578e+01,-1.460728517132e-05,4.597740559127e-01,3.664748724795e-02,-1.781476655853e-05
"                 879",-1.323805437090e+00,2.555525752664e+01,3.213287141588e-06,-8.640247694132e-01,2.559191038821e+01,-1.468914679029e-05,4.597806676772e-01,3.665286157185e-02,-1.790243393187e-05
"                 880",-1.323793745238e+00,2.555511529518e+01,3.217469385653e-06,-8.640063388733e-01,2.559177018918e+01,-1.457449979620e-05,4.597874063647e-01,3.665489399756e-02,-1.779196918186e-05
"                 881",-1.323723761468e+00,2.555481451459e+01,3.215399065736e-06,-8.639313502941e-01,2.559146951435e+01,-1.431536745554e-05,4.597924111737e-01,3.665499976218e-02,-1.753076652128e-05
"                 882",-1.323677539202e+00,2.555466472035e+01,3.211294427746e-06,-8.638808823337e-01,2.559132097695e+01,-1.408764827610e-05,4.597966568685e-01,3.665625660265e-02,-1.729894270384e-05
"                 883",-1.323690793264e+00,2.555475258977e+01,3.209153978691e-06,-8.638882824957e-01,2.559141167229e+01,-1.405957769310e-05,4.598025107687e-01,3.665908251553e-02,-1.726873167179e-05
"                 884",-1.323709849460e+00,2.555480427665e+01,3.210004814742e-06,-8.639015639620e-01,2.559146644534e+01,-1.433028533611e-05,4.598082854976e-01,3.666216868652e-02,-1.754029015086e-05
"                 885",-1.323716244802e+00,2.555479195075e+01,3.215392162095e-06,-8.639056171391e-01,2.559145562684e+01,-1.471946373466e-05,4.598106276627e-01,3.666367608691e-02,-1.793485589675e-05
"                 886",-1.323743564846e+00,2.555494268041e+01,3.224620566764e-06,-8.639341262167e-01,2.559160614044e+01,-1.500905952316e-05,4.598094386291e-01,3.666346002926e-02,-1.823368008993e-05
"                 887",-1.323787920010e+00,2.555518505573e+01,3.235391831237e-06,-8.639788149476e-01,2.559184812587e+01,-1.510229951636e-05,4.598091050620e-01,3.666307014156e-02,-1.833769134760e-05
"                 888",-1.323787368436e+00,2.555521909078e+01,3.244051742051e-06,-8.639780587955e-01,2.559188268176e+01,-1.526018108617e-05,4.598093096404e-01,3.666359098085e-02,-1.850423282822e-05
"                 889",-1.323707204724e+00,2.555490658819e+01,3.248500404624e-06,-8.639007478552e-01,2.559156980094e+01,-1.551252119659e-05,4.598064568693e-01,3.666321275098e-02,-1.876102160122e-05
"                 890",-1.323571476921e+00,2.555437096359e+01,3.248194663391e-06,-8.637716795432e-01,2.559103370521e+01,-1.571186594490e-05,4.597997973776e-01,3.666274162277e-02,-1.896006060830e-05
"                 891",-1.323467715690e+00,2.555398589697e+01,3.243693548496e-06,-8.636758336826e-01,2.559064846568e+01,-1.588630093287e-05,4.597918820072e-01,3.666256870461e-02,-1.912999448136e-05
"                 892",-1.323441979392e+00,2.555392433994e+01,3.235136971823e-06,-8.636570506457e-01,2.559058589802e+01,-1.607127751247e-05,4.597849287462e-01,3.666155808765e-02,-1.930641448429e-05
"                 893",-1.323473857017e+00,2.555406201768e+01,3.224154853487e-06,-8.636939633833e-01,2.559072126389e+01,-1.600874389848e-05,4.597798936337e-01,3.665924621546e-02,-1.923289875197e-05
"                 894",-1.323542379343e+00,2.555434019666e+01,3.212848569199e-06,-8.637673184784e-01,2.559099622170e+01,-1.571291014018e-05,4.597750608650e-01,3.665602504136e-02,-1.892575870938e-05
"                 895",-1.323611384072e+00,2.555462876490e+01,3.202845785337e-06,-8.638408570868e-01,2.559128112913e+01,-1.552949197797e-05,4.597705269856e-01,3.665236423128e-02,-1.873233776331e-05
"                 896",-1.323620158826e+00,2.555467430740e+01,3.196202051070e-06,-8.638526124422e-01,2.559132405945e+01,-1.559290184698e-05,4.597675463841e-01,3.664975204807e-02,-1.878910389805e-05
"                 897",-1.323574287024e+00,2.555450923392e+01,3.194428940734e-06,-8.638088277447e-01,2.559115835428e+01,-1.579753253912e-05,4.597654592792e-01,3.664912035675e-02,-1.899196147985e-05
"                 898",-1.323536261500e+00,2.555442908697e+01,3.198234395003e-06,-8.637723555443e-01,2.559107722568e+01,-1.616252035764e-05,4.597639059558e-01,3.664813871437e-02,-1.936075475264e-05
"                 899",-1.323584276341e+00,2.555466222523e+01,3.206753524971e-06,-8.638193776888e-01,2.559130896022e+01,-1.654422020666e-05,4.597648986523e-01,3.664673498845e-02,-1.975097373163e-05
"                 900",-1.323666656372e+00,2.555494678610e+01,3.215805352729e-06,-8.638985204561e-01,2.559159229098e+01,-1.683533804570e-05,4.597681359157e-01,3.664550488873e-02,-2.005114339843e-05
"                 901",-1.323700298032e+00,2.555495867165e+01,3.221419464077e-06,-8.639280807648e-01,2.559160351055e+01,-1.703415878437e-05,4.597722172673e-01,3.664483889601e-02,-2.025557824845e-05
"                 902",-1.323724050607e+00,2.555495321331e+01,3.223942151943e-06,-8.639481345240e-01,2.559159897197e+01,-1.709527021801e-05,4.597759160827e-01,3.664575866183e-02,-2.031921236995e-05
"                 903",-1.323799747785e+00,2.555522005321e+01,3.224681979739e-06,-8.640172498721e-01,2.559186764123e+01,-1.701978275209e-05,4.597824979134e-01,3.664758802515e-02,-2.024446473183e-05
"                 904",-1.323966913785e+00,2.555585542230e+01,3.222599879288e-06,-8.641753898331e-01,2.559250630289e+01,-1.711228937124e-05,4.597915239518e-01,3.665088058854e-02,-2.033488925053e-05
"                 905",-1.324119639680e+00,2.555641526139e+01,3.216489864199e-06,-8.643195293594e-01,2.559307134669e+01,-1.743870152237e-05,4.598001103209e-01,3.665608529638e-02,-2.065519138657e-05
"                 906",-1.324178085108e+00,2.555655865420e+01,3.206073010259e-06,-8.643712610412e-01,2.559322156159e+01,-1.774733406033e-05,4.598068240672e-01,3.666290739095e-02,-2.095340707059e-05
"                 907",-1.324105585072e+00,2.555615458772e+01,3.194092514405e-06,-8.642937222746e-01,2.559282599956e+01,-1.787325172257e-05,4.598118627974e-01,3.667141184124e-02,-2.106734423698e-05
"                 908",-1.323992739152e+00,2.555563031283e+01,3.184923267182e-06,-8.641767637932e-01,2.559231065306e+01,-1.790290834676e-05,4.598159753588e-01,3.668034023315e-02,-2.108783161394e-05
"                 909",-1.323930864215e+00,2.555542247665e+01,3.180681520562e-06,-8.641097755106e-01,2.559210916947e+01,-1.792790108075e-05,4.598210887041e-01,3.668669282083e-02,-2.110858260131e-05
"                 910",-1.323928415007e+00,2.555554910465e+01,3.180159040910e-06,-8.641011283415e-01,2.559223799480e+01,-1.781824150192e-05,4.598272866654e-01,3.668889015108e-02,-2.099840054284e-05
"                 911",-1.323918814079e+00,2.555564260292e+01,3.179835541398e-06,-8.640859808043e-01,2.559232978765e+01,-1.749070242481e-05,4.598328332747e-01,3.668718473306e-02,-2.067053796621e-05
"                 912",-1.323796679025e+00,2.555526205928e+01,3.182011121120e-06,-8.639615246626e-01,2.559194576642e+01,-1.711620355912e-05,4.598351543625e-01,3.668370714540e-02,-2.029821468024e-05
"                 913",-1.323569172929e+00,2.555446683586e+01,3.190316477451e-06,-8.637344579573e-01,2.559114695863e+01,-1.665492508587e-05,4.598347149718e-01,3.668012277383e-02,-1.984524156332e-05
"                 914",-1.323363385669e+00,2.555377532335e+01,3.204004787793e-06,-8.635316113972e-01,2.559045329079e+01,-1.597117393458e-05,4.598317742722e-01,3.667796743852e-02,-1.917517872237e-05
"                 915",-1.323316432262e+00,2.555371848532e+01,3.220659652388e-06,-8.634897108025e-01,2.559039601204e+01,-1.530095398789e-05,4.598267214599e-01,3.667752671822e-02,-1.852161364028e-05
"                 916",-1.323429620002e+00,2.555422725067e+01,3.236845371398e-06,-8.636091735491e-01,2.559090531601e+01,-1.477354899027e-05,4.598204464527e-01,3.667806533842e-02,-1.801039436167e-05
"                 917",-1.323611977344e+00,2.555489217906e+01,3.253128652574e-06,-8.637962990583e-01,2.559157007670e+01,-1.426185936813e-05,4.598156782859e-01,3.667789764055e-02,-1.751498802071e-05
"                 918",-1.323776421661e+00,2.555540774907e+01,3.265307777044e-06,-8.639624074945e-01,2.559208518281e+01,-1.387207035505e-05,4.598140141666e-01,3.667743374189e-02,-1.713737813209e-05
"                 919",-1.323880336815e+00,2.555572485518e+01,3.269727307967e-06,-8.640692398504e-01,2.559239922960e+01,-1.395463050744e-05,4.598110969647e-01,3.667437441942e-02,-1.722435781540e-05
"                 920",-1.323911228761e+00,2.555587706274e+01,3.266786691977e-06,-8.641055579315e-01,2.559254809291e+01,-1.443688808112e-05,4.598056708291e-01,3.667103016663e-02,-1.770367477310e-05
"                 921",-1.323952000678e+00,2.555615115657e+01,3.258325417532e-06,-8.641546601574e-01,2.559281920934e+01,-1.481532397920e-05,4.597973405211e-01,3.666805277215e-02,-1.807364939673e-05
"                 922",-1.324000614323e+00,2.555645877149e+01,3.246471587737e-06,-8.642107079223e-01,2.559312522165e+01,-1.514177685564e-05,4.597899064003e-01,3.666645016067e-02,-1.838824844338e-05
"                 923",-1.324042129979e+00,2.555667150148e+01,3.232863562044e-06,-8.642563358803e-01,2.559333915895e+01,-1.546068243986e-05,4.597857940984e-01,3.666765747744e-02,-1.869354600190e-05
"                 924",-1.324044874007e+00,2.555667094740e+01,3.218200501503e-06,-8.642597500205e-01,2.559334148472e+01,-1.580078412934e-05,4.597851239870e-01,3.667053731667e-02,-1.901898463084e-05
"                 925",-1.323967232722e+00,2.555635547762e+01,3.204327139966e-06,-8.641787202921e-01,2.559302891644e+01,-1.604301279355e-05,4.597885124303e-01,3.667343881319e-02,-1.924733993352e-05
"                 926",-1.323834511376e+00,2.555584256558e+01,3.193075276732e-06,-8.640391751263e-01,2.559251779213e+01,-1.628674996830e-05,4.597953362494e-01,3.667522655348e-02,-1.947982524503e-05
"                 927",-1.323756310878e+00,2.555554461270e+01,3.186614918552e-06,-8.639507199094e-01,2.559221877367e+01,-1.646799529182e-05,4.598055909682e-01,3.667416097131e-02,-1.965461021037e-05
"                 928",-1.323780276733e+00,2.555565962816e+01,3.186043750204e-06,-8.639622478853e-01,2.559233009959e+01,-1.649681690649e-05,4.598180288477e-01,3.667047142961e-02,-1.968286065669e-05
"                 929",-1.323860205085e+00,2.555602363295e+01,3.190127648512e-06,-8.640326282188e-01,2.559269076213e+01,-1.651969940703e-05,4.598275768659e-01,3.666712918382e-02,-1.970982705554e-05
"                 930",-1.323924788840e+00,2.555632331395e+01,3.197748304951e-06,-8.640930808605e-01,2.559299010007e+01,-1.686423505195e-05,4.598317079791e-01,3.666678611180e-02,-2.006198335690e-05
"                 931",-1.324003207104e+00,2.555657798671e+01,3.206707768324e-06,-8.641706772189e-01,2.559324800513e+01,-1.731803048619e-05,4.598325298851e-01,3.667001842846e-02,-2.052473825452e-05
"                 932",-1.324096489630e+00,2.555681889101e+01,3.213405547706e-06,-8.642642503738e-01,2.559349335773e+01,-1.768343903424e-05,4.598322392561e-01,3.667446672947e-02,-2.089684458194e-05
"                 933",-1.324180797974e+00,2.555700095808e+01,3.215523606453e-06,-8.643459645324e-01,2.559367881713e+01,-1.791429534737e-05,4.598348334420e-01,3.667785904892e-02,-2.112981895383e-05
"                 934",-1.324218664353e+00,2.555701215715e+01,3.212050538859e-06,-8.643780029671e-01,2.559369257767e+01,-1.822187584980e-05,4.598406613859e-01,3.668042052689e-02,-2.143392638866e-05
"                 935",-1.324194943654e+00,2.555686347855e+01,3.204580434063e-06,-8.643484905934e-01,2.559354415096e+01,-1.859318269478e-05,4.598464530605e-01,3.668067241776e-02,-2.179776312884e-05
"                 936",-1.324137221101e+00,2.555670848074e+01,3.197195509185e-06,-8.642862834002e-01,2.559338918841e+01,-1.901347447429e-05,4.598509377006e-01,3.668070767000e-02,-2.221066998348e-05
"                 937",-1.324049811028e+00,2.555650707830e+01,3.193845406546e-06,-8.641958291414e-01,2.559318774640e+01,-1.938798335722e-05,4.598539818863e-01,3.668066809818e-02,-2.258182876376e-05
"                 938",-1.323945086809e+00,2.555620007611e+01,3.194060580183e-06,-8.640896968540e-01,2.559287841016e+01,-1.952296944742e-05,4.598553899546e-01,3.667833404449e-02,-2.271703002760e-05
"                 939",-1.323850156010e+00,2.555589272890e+01,3.193325829176e-06,-8.639953084381e-01,2.559256693593e+01,-1.926271563629e-05,4.598548475714e-01,3.667420702156e-02,-2.245604146547e-05
"                 940",-1.323772053548e+00,2.555567032496e+01,3.188472853572e-06,-8.639202904402e-01,2.559234079264e+01,-1.865806890342e-05,4.598517631081e-01,3.667046768353e-02,-2.184654175699e-05
"                 941",-1.323715724296e+00,2.555553502842e+01,3.184807522977e-06,-8.638675717276e-01,2.559220414092e+01,-1.779579709436e-05,4.598481525688e-01,3.666911250544e-02,-2.098060461734e-05
"                 942",-1.323662852766e+00,2.555536046246e+01,3.187896601129e-06,-8.638180943193e-01,2.559202979374e+01,-1.703814089325e-05,4.598447584465e-01,3.666933127588e-02,-2.022603749438e-05
"                 943",-1.323615041019e+00,2.555516602958e+01,3.196605453364e-06,-8.637746376207e-01,2.559183571323e+01,-1.665297386686e-05,4.598404033981e-01,3.666968364852e-02,-1.984957932023e-05
"                 944",-1.323620987265e+00,2.555515466151e+01,3.205489819592e-06,-8.637871712556e-01,2.559182463588e+01,-1.657593573775e-05,4.598338160091e-01,3.666997436819e-02,-1.978142555735e-05
"                 945",-1.323675853504e+00,2.555533092485e+01,3.214566513194e-06,-8.638492334642e-01,2.559200238024e+01,-1.656883051400e-05,4.598266200397e-01,3.667145538381e-02,-1.978339702719e-05
"                 946",-1.323737046165e+00,2.555553879747e+01,3.225161613762e-06,-8.639176135948e-01,2.559220979310e+01,-1.646279965145e-05,4.598194325698e-01,3.667099563461e-02,-1.968796126521e-05
"                 947",-1.323781700644e+00,2.555572151463e+01,3.233915011922e-06,-8.639699096974e-01,2.559238803395e+01,-1.614980143367e-05,4.598117909462e-01,3.666651932074e-02,-1.938371644560e-05
"                 948",-1.323757226612e+00,2.555571761210e+01,3.239176599944e-06,-8.639542316095e-01,2.559237730124e+01,-1.588988814759e-05,4.598029950026e-01,3.665968914183e-02,-1.912906474753e-05
"                 949",-1.323682896868e+00,2.555558063260e+01,3.240063569225e-06,-8.638891964977e-01,2.559223333226e+01,-1.602419457347e-05,4.597937003707e-01,3.665269966164e-02,-1.926425814269e-05
"                 950",-1.323630339151e+00,2.555554169294e+01,3.236214580093e-06,-8.638458227071e-01,2.559218825707e+01,-1.649348243847e-05,4.597845164439e-01,3.664656413021e-02,-1.972969701856e-05
"                 951",-1.323606990849e+00,2.555559705302e+01,3.227531987860e-06,-8.638309170756e-01,2.559223922924e+01,-1.699037234153e-05,4.597760737730e-01,3.664217621867e-02,-2.021790432939e-05
"                 952",-1.323586597048e+00,2.555561798632e+01,3.215664202942e-06,-8.638163223396e-01,2.559225932165e+01,-1.730360514705e-05,4.597702747086e-01,3.664133532764e-02,-2.051926934999e-05
"                 953",-1.323604275089e+00,2.555568979321e+01,3.204922538157e-06,-8.638351556774e-01,2.559233368692e+01,-1.729222522573e-05,4.597691194115e-01,3.664389370356e-02,-2.049714776388e-05
"                 954",-1.323676384551e+00,2.555589868813e+01,3.198692348667e-06,-8.639023217854e-01,2.559254397646e+01,-1.713393066052e-05,4.597740627652e-01,3.664528832858e-02,-2.033262300919e-05
"                 955",-1.323785132214e+00,2.555625863751e+01,3.195863165875e-06,-8.640024301086e-01,2.559290209122e+01,-1.711891808240e-05,4.597827021050e-01,3.664345370846e-02,-2.031478124828e-05
"                 956",-1.323899269998e+00,2.555665768850e+01,3.194137805675e-06,-8.641071348179e-01,2.559329986775e+01,-1.742003662538e-05,4.597921351804e-01,3.664217924702e-02,-2.061417443105e-05
"                 957",-1.323996742306e+00,2.555699995252e+01,3.192956056775e-06,-8.641958720467e-01,2.559364487259e+01,-1.784345717962e-05,4.598008702591e-01,3.664492007294e-02,-2.103641323639e-05
"                 958",-1.324059360106e+00,2.555718850548e+01,3.193692806684e-06,-8.642507295086e-01,2.559383999957e+01,-1.831910661212e-05,4.598086305977e-01,3.665149409640e-02,-2.151279941881e-05
"                 959",-1.324066022193e+00,2.555715302483e+01,3.195611600473e-06,-8.642501599307e-01,2.559381320483e+01,-1.873792200850e-05,4.598158622621e-01,3.666017999784e-02,-2.193353360897e-05
"                 960",-1.324046943081e+00,2.555702269081e+01,3.198213887430e-06,-8.642243888016e-01,2.559369311433e+01,-1.907895696102e-05,4.598225542791e-01,3.667042351433e-02,-2.227717084845e-05
"                 961",-1.323994929131e+00,2.555675093107e+01,3.200600279185e-06,-8.641674861835e-01,2.559342959740e+01,-1.921776656318e-05,4.598274429479e-01,3.667866633144e-02,-2.241836684237e-05
"                 962",-1.323938280211e+00,2.555647518257e+01,3.201886883950e-06,-8.641090851175e-01,2.559315717096e+01,-1.923073880228e-05,4.598291950935e-01,3.668198838721e-02,-2.243262568623e-05
"                 963",-1.323896238516e+00,2.555633171066e+01,3.203623715583e-06,-8.640679117109e-01,2.559301183326e+01,-1.908934288885e-05,4.598283268051e-01,3.668012259275e-02,-2.229296660443e-05
"                 964",-1.323870800748e+00,2.555637443906e+01,3.205726765213e-06,-8.640433347164e-01,2.559305112770e+01,-1.888318226184e-05,4.598274660318e-01,3.667668863309e-02,-2.208890902705e-05
"                 965",-1.323840790675e+00,2.555644832554e+01,3.207134107614e-06,-8.640116687398e-01,2.559312261639e+01,-1.884634000939e-05,4.598291219351e-01,3.667429084278e-02,-2.205347411701e-05
"                 966",-1.323788882692e+00,2.555635186752e+01,3.205430149043e-06,-8.639548911919e-01,2.559302425626e+01,-1.892985563722e-05,4.598339915005e-01,3.667238873959e-02,-2.213528578627e-05
"                 967",-1.323757422271e+00,2.555625857349e+01,3.199939245937e-06,-8.639186173990e-01,2.559293020454e+01,-1.884802648191e-05,4.598388048715e-01,3.667163104824e-02,-2.204796572785e-05
"                 968",-1.323769246806e+00,2.555631015991e+01,3.192167417116e-06,-8.639260309681e-01,2.559298223728e+01,-1.851229936097e-05,4.598432158381e-01,3.667207737570e-02,-2.170446677809e-05
"                 969",-1.323821704127e+00,2.555645615920e+01,3.187297986824e-06,-8.639735007566e-01,2.559312977885e+01,-1.783867800633e-05,4.598482033702e-01,3.667361964365e-02,-2.102597599316e-05
"                 970",-1.323929089920e+00,2.555679540204e+01,3.187489555277e-06,-8.640804861849e-01,2.559347126189e+01,-1.719175250691e-05,4.598486037352e-01,3.667585985415e-02,-2.037924206219e-05
"                 971",-1.324041863429e+00,2.555718896472e+01,3.191167931831e-06,-8.641965565415e-01,2.559386662014e+01,-1.694121960189e-05,4.598453068874e-01,3.667765541208e-02,-2.013238753372e-05
"                 972",-1.324103991130e+00,2.555740141534e+01,3.196049161729e-06,-8.642626001612e-01,2.559408005862e+01,-1.690459599227e-05,4.598413909683e-01,3.667864328261e-02,-2.010064515400e-05
"                 973",-1.324112691178e+00,2.555740168009e+01,3.202548717836e-06,-8.642732593973e-01,2.559408313028e+01,-1.679192344788e-05,4.598394317803e-01,3.668145019268e-02,-1.999447216572e-05
"                 974",-1.324055791652e+00,2.555714419738e+01,3.210579615410e-06,-8.642160467083e-01,2.559382990799e+01,-1.673886588890e-05,4.598397449439e-01,3.668571060708e-02,-1.994944550431e-05
"                 975",-1.323917961936e+00,2.555664031581e+01,3.219739251133e-06,-8.640794169867e-01,2.559332787011e+01,-1.661459850904e-05,4.598385449496e-01,3.668755429914e-02,-1.983433776018e-05
"                 976",-1.323762157298e+00,2.555614716808e+01,3.227534525665e-06,-8.639273978583e-01,2.559283346148e+01,-1.644935442308e-05,4.598347594395e-01,3.668629339803e-02,-1.967688894874e-05
"                 977",-1.323658839103e+00,2.555587746639e+01,3.231609048231e-06,-8.638293177934e-01,2.559256006152e+01,-1.629395075242e-05,4.598295213091e-01,3.668259512968e-02,-1.952555980065e-05
"                 978",-1.323621257221e+00,2.555583109383e+01,3.231408146166e-06,-8.637969384378e-01,2.559250723122e+01,-1.615097480872e-05,4.598243187827e-01,3.667613739301e-02,-1.938238295489e-05
"                 979",-1.323649250064e+00,2.555597806879e+01,3.228679163816e-06,-8.638277187944e-01,2.559264916571e+01,-1.602501912492e-05,4.598215312698e-01,3.667109692606e-02,-1.925369828874e-05
"                 980",-1.323730189818e+00,2.555633081589e+01,3.225718625615e-06,-8.639097667199e-01,2.559300048651e+01,-1.627593486105e-05,4.598204230979e-01,3.666967062299e-02,-1.950165348666e-05
"                 981",-1.323789435714e+00,2.555662811201e+01,3.223515281373e-06,-8.639685314015e-01,2.559329764075e+01,-1.688339740142e-05,4.598209043123e-01,3.666952874499e-02,-2.010691268279e-05
"                 982",-1.323790001525e+00,2.555671633200e+01,3.220909300017e-06,-8.639687749008e-01,2.559338410227e+01,-1.737289946577e-05,4.598212266245e-01,3.666777027231e-02,-2.059380876579e-05
"                 983",-1.323780829711e+00,2.555670226136e+01,3.216447329386e-06,-8.639579032140e-01,2.559336634322e+01,-1.750610093884e-05,4.598229264966e-01,3.666408185658e-02,-2.072254826823e-05
"                 984",-1.323806401471e+00,2.555666583895e+01,3.211204575051e-06,-8.639791846636e-01,2.559332686502e+01,-1.769645004912e-05,4.598272168074e-01,3.666102607295e-02,-2.090765462417e-05
"                 985",-1.323812684366e+00,2.555645585802e+01,3.204810288904e-06,-8.639802565798e-01,2.559311698779e+01,-1.802967418284e-05,4.598324277862e-01,3.666112976779e-02,-2.123448447174e-05
"                 986",-1.323849913351e+00,2.555643521723e+01,3.198974224763e-06,-8.640118943656e-01,2.559309941839e+01,-1.813352353812e-05,4.598380189858e-01,3.666420116497e-02,-2.133249776289e-05
"                 987",-1.323934397943e+00,2.555673047619e+01,3.195376636134e-06,-8.640889126903e-01,2.559339901237e+01,-1.796983262433e-05,4.598454852522e-01,3.666853618319e-02,-2.116520926046e-05
"                 988",-1.324064112638e+00,2.555723836370e+01,3.193730027841e-06,-8.642110041480e-01,2.559391138604e+01,-1.788090809172e-05,4.598531084895e-01,3.667302233817e-02,-2.107463811956e-05
"                 989",-1.324181819067e+00,2.555768494551e+01,3.192680138020e-06,-8.643214093192e-01,2.559436084577e+01,-1.799983775930e-05,4.598604097481e-01,3.667590026657e-02,-2.119251789732e-05
"                 990",-1.324230041031e+00,2.555780397355e+01,3.191112142064e-06,-8.643640051492e-01,2.559448217663e+01,-1.820472765067e-05,4.598660358814e-01,3.667820307963e-02,-2.139583979273e-05
"                 991",-1.324216571245e+00,2.555768970537e+01,3.189181772796e-06,-8.643476352601e-01,2.559437042101e+01,-1.835769106038e-05,4.598689359849e-01,3.668071564304e-02,-2.154687283318e-05
"                 992",-1.324236921256e+00,2.555775653547e+01,3.189993851433e-06,-8.643662939994e-01,2.559444094865e+01,-1.856133528059e-05,4.598706272561e-01,3.668441318176e-02,-2.175132913202e-05
"                 993",-1.324290047685e+00,2.555800342469e+01,3.195052276436e-06,-8.644181549864e-01,2.559469111935e+01,-1.879974417178e-05,4.598718926989e-01,3.668769466536e-02,-2.199479644821e-05
"                 994",-1.324310428399e+00,2.555812747599e+01,3.201501755183e-06,-8.644392354093e-01,2.559481845155e+01,-1.901948335445e-05,4.598711929895e-01,3.669097556612e-02,-2.222098510963e-05
"                 995",-1.324270239134e+00,2.555800422151e+01,3.207805071750e-06,-8.644044833408e-01,2.559469558783e+01,-1.907757824492e-05,4.598657557930e-01,3.669136632580e-02,-2.228538331667e-05
"                 996",-1.324109763468e+00,2.555748278724e+01,3.213029870783e-06,-8.642527344669e-01,2.559416937671e+01,-1.889323330062e-05,4.598570290016e-01,3.668658947652e-02,-2.210626317141e-05
"                 997",-1.323890502683e+00,2.555672839056e+01,3.217183544946e-06,-8.640401266803e-01,2.559340743148e+01,-1.850137968194e-05,4.598503760024e-01,3.667904091697e-02,-2.171856322688e-05
"                 998",-1.323692430543e+00,2.555602699264e+01,3.219969038717e-06,-8.638471897820e-01,2.559269696706e+01,-1.794833977578e-05,4.598452407606e-01,3.666997442721e-02,-2.116830881450e-05
"                 999",-1.323586348642e+00,2.555564558105e+01,3.220031510006e-06,-8.637470833531e-01,2.559230777622e+01,-1.733911089833e-05,4.598392652892e-01,3.666219516971e-02,-2.055914240834e-05
"                1000",-1.323564993023e+00,2.555559470302e+01,3.218587492360e-06,-8.637318604908e-01,2.559225208350e+01,-1.680897298082e-05,4.598331325318e-01,3.665738047769e-02,-2.002756047318e-05
